{"quality": 0.08177098213445166, "novelty": 0.5378258708536665, "diversity": 1, "efficiency": 0.5054495559117225, "cost": 0.3149367781580149, "score": 0.403311517924709}