{"quality": 0.30344736037306785, "novelty": 0.322840768629852, "diversity": 0.45613696968126183, "efficiency": 0.6559981410517712, "cost": 0.9641126195139991, "score": 0.2649602534120015}