{"quality": 0.6082505693149618, "novelty": 0.008627220110606848, "diversity": 1, "efficiency": 0.5443745184909543, "cost": 0.042789589662515004, "score": 0.4620091946295319}