{"quality": 0.795695386423415, "novelty": 0.7478360522118264, "diversity": 0.09853724286070523, "efficiency": 0.9462118184534491, "cost": 0.6174119580245336, "score": 0.5255656545176861}