{"quality": 0.7086556468078247, "novelty": 0.5543108365255932, "diversity": 0.9160009586523381, "efficiency": 0.4780638547017499, "cost": 0.6947981976389594, "score": 0.5366043533455799}