{"quality": 0.6262304978078355, "novelty": 0.7475011841405267, "diversity": 0.7536182355935153, "efficiency": 1, "cost": 0.3499806381939293, "score": 0.6404700286767925}