{"quality": 0.14118390561928468, "novelty": 1, "diversity": 0.5874703535760752, "efficiency": 0.49071154513468845, "cost": 0.8511748057790847, "score": 0.39833849359329526}