{"quality": 0.9254100934250687, "novelty": 0.8577758664847162, "diversity": 0.3347747606083896, "efficiency": 0.760688651848845, "cost": 1.0}