{"quality": 0.7025148805678146, "novelty": 0.09164239979843092, "diversity": 0.9828070633186202, "efficiency": 0.7196634237507915, "cost": 0.499743451682414, "score": 0.48820164517805353}