{"quality": 0.6026669282990431, "novelty": 0.35600337256136194, "diversity": 0.0007666932070871657, "efficiency": 0.6915688415679577, "cost": 0.667977013758331, "score": 0.30689188513083143}