{"quality": 0.8171491137788963, "novelty": 0.5947469296737404, "diversity": 0.6802718466851997, "efficiency": 0.16247091679051218, "cost": 0.09799589246699333, "score": 0.5444568841610214}