{"quality": 0.7113831603154095, "novelty": 0.08756742810180346, "diversity": 0, "efficiency": 0, "cost": 0.7815088891938538, "score": 0.1571559162006883}