{"quality": 0.7888829568141663, "novelty": 1.0, "diversity": 0.6359799485641727, "efficiency": 0.16723218205347407, "cost": 0.8894682080975607}