{"quality": 0.8381741851955433, "novelty": 0.8157952482059525, "diversity": 0.6172115094600599, "efficiency": 0.7748968925664977, "cost": 0.1391312938857267, "score": 0.681164773998565}