{"quality": 0.4954196582078016, "novelty": 1, "diversity": 0.011162050926037448, "efficiency": 0.8856190739738025, "cost": 0.7434559051907255, "score": 0.45935557822454576}