{"quality": 0.14943840104847692, "novelty": 0.7417295233171959, "diversity": 0.5476625821756334, "efficiency": 0.345753884165995, "cost": 0.45524872354647944, "score": 0.34613462784922}