{"quality": 0.7607919022421697, "novelty": 0.7923836295422841, "diversity": 0.5891508973851713, "efficiency": 1.0, "cost": 1.0}