{"quality": 0.5808939969453559, "novelty": 0.23380878943611466, "diversity": 0.8979718926546103, "efficiency": 0, "cost": 0.6702400286821428, "score": 0.3452907721053432}