{"quality": 0.7585424589433821, "novelty": 0.06032940892993177, "diversity": 0.7066267307978027, "efficiency": 0.3420670306673334, "cost": 0.35173028306451326, "score": 0.4001074623687068}