{"quality": 0.577022533662618, "novelty": 0.9777147494926965, "diversity": 1, "efficiency": 1, "cost": 0.05031560770013255, "score": 0.7625038867019464}