{"quality": 0.8455213296092057, "novelty": 0.1424781653111967, "diversity": 0.9959528210987403, "efficiency": 1, "cost": 0.7097655240229795, "score": 0.567489952028011}