{"quality": 0.48830320447446474, "novelty": 0.5422751506150763, "diversity": 0.28258850932046153, "efficiency": 0.32673286098935334, "cost": 1, "score": 0.28758738000860384}