{"quality": 0.0470244570466912, "novelty": 0.8174020246647128, "diversity": 0.6086713601691335, "efficiency": 0.45997693424957403, "cost": 0.25815631342447853, "score": 0.38337302410900054}