{"quality": 0.5909755123918804, "novelty": 0.3668977635430023, "diversity": 0.050081836657446976, "efficiency": 1.0, "cost": 0.05898345578227393}