{"quality": 0.48286293718295464, "novelty": 0.8315446784572413, "diversity": 0.6527752542076053, "efficiency": 1, "cost": 0.4880626000215772, "score": 0.5844938416085601}