{"quality": 0.4363731000442187, "novelty": 0.8832782886652262, "diversity": 0.6062054418357015, "efficiency": 0.7669456358008475, "cost": 0.2082381185384733, "score": 0.5671906240629923}