{"quality": 0.6919438775612407, "novelty": 0.804953752856467, "diversity": 0, "efficiency": 0.06283500995185193, "cost": 0.33237988944761787, "score": 0.38500886403050494}