{"quality": 0, "novelty": 0.423841634255696, "diversity": 0, "efficiency": 0.11338798311555287, "cost": 0.3337649542370261, "score": 0.08959211060755431}