{"quality": 0.0811408820448738, "novelty": 0.517310832437815, "diversity": 0, "efficiency": 0.5494016757692923, "cost": 0.3837621738005135, "score": 0.19770400670825838}