{"quality": 0.017077378988237107, "novelty": 1, "diversity": 0.09570830987653317, "efficiency": 0.9214204700682476, "cost": 0, "score": 0.4124779461820149}