{"quality": 0.15102938668525845, "novelty": 0.9387718009749085, "diversity": 1, "efficiency": 0.7513606804543828, "cost": 1, "score": 0.4927058683174621}