{"quality": 0.12336055386375461, "novelty": 0.252057693306709, "diversity": 0.41661426548045694, "efficiency": 0.10610275661133056, "cost": 0.16042625191221677, "score": 0.18321823088237293}