{"quality": 0.49445759711118564, "novelty": 0.6513278622696751, "diversity": 0.6769867763828514, "efficiency": 0.6877678617664885, "cost": 0.1941066336575126, "score": 0.5303211158765667}