{"quality": 0.935629052387458, "novelty": 0.6871277402093995, "diversity": 1, "efficiency": 0.5471496221247067, "cost": 0.08108861464987144, "score": 0.7264342326223062}