{"quality": 0.2206574001752009, "novelty": 0.88943143346159, "diversity": 0.3229852702509141, "efficiency": 0.04280450785925749, "cost": 1, "score": 0.25957280864702925}