{"quality": 0.5406102383002417, "novelty": 0.674165190875833, "diversity": 0.6534912650818898, "efficiency": 0.31585755904978297, "cost": 0.5405396547793816, "score": 0.454747290604938}