{"quality": 0.8672582906830437, "novelty": 0.1784593028785575, "diversity": 0, "efficiency": 0.6649509880910311, "cost": 0.13770080578197716, "score": 0.39076488056000946}