{"quality": 0.541248163365405, "novelty": 0.18228985997521518, "diversity": 0.1558833149645116, "efficiency": 1, "cost": 0.6114680745685166, "score": 0.32797676953947597}