{"quality": 0.7613420523783702, "novelty": 0.732442189020349, "diversity": 0.2789552874490156, "efficiency": 0.8268012927287411, "cost": 0.9387578968608317, "score": 0.49744862468162937}