{"quality": 0.08491684573769426, "novelty": 0.4076996452162694, "diversity": 0.5263526470909469, "efficiency": 0.17120793926983768, "cost": 0.9014753460003577, "score": 0.16820415073400485}