{"quality": 0.6281587598754461, "novelty": 0.13001930161833142, "diversity": 0.7627526103355662, "efficiency": 0.8213514426101478, "cost": 0.5693250641452612, "score": 0.439773185411326}