{"quality": 0.7241311924745184, "novelty": 0.15033191954612712, "diversity": 0.8919088551428286, "efficiency": 0.6585122306562488, "cost": 0.5802108878618, "score": 0.4739598544697103}