{"quality": 0.9621652753033263, "novelty": 0.781255429337192, "diversity": 0.08409890786449745, "efficiency": 0.7229862845948283, "cost": 0.7018703953207688, "score": 0.5390441246553428}