{"quality": 0.7617999024068163, "novelty": 0.407514576289273, "diversity": 0.5647940626090524, "efficiency": 0.5297991037350549, "cost": 1, "score": 0.42284729287643186}