{"quality": 0.6355922677530221, "novelty": 0.3278047646009362, "diversity": 0.22951131284963722, "efficiency": 0.44691057849318006, "cost": 0.6619862395463076, "score": 0.31936909686541437}