{"quality": 0.6248353789463152, "novelty": 0.7958603881489829, "diversity": 0.7427995778194787, "efficiency": 0.9315833495979765, "cost": 0.5173758967016119}