{"quality": 1.0, "novelty": 0.30265106326483254, "diversity": 0.698398780596313, "efficiency": 0.43435648439606556, "cost": 0.09475746903621747}