{"quality": 0.7182300199773661, "novelty": 0.46509532631317596, "diversity": 0, "efficiency": 0.7779941895879253, "cost": 0.4829486265245623, "score": 0.40014710335723636}