{"quality": 0.03350984567441781, "novelty": 0.8050461749406479, "diversity": 0.6199083437904385, "efficiency": 0.32903378475709455, "cost": 0, "score": 0.3846512339091392}