{"quality": 0.0160546531087723, "novelty": 0.1413576142030334, "diversity": 0.9398727924866823, "efficiency": 0.8569388822874809, "cost": 0.9422890435222742, "score": 0.2624422859716212}