{"quality": 0.3119950469259992, "novelty": 0.4039285631978481, "diversity": 0.8507422253331552, "efficiency": 0.3434287275749476, "cost": 0.10516398036426472, "score": 0.40572701104370856}