{"quality": 0.8890676476060208, "novelty": 0.33600189800794017, "diversity": 0.6862078982699633, "efficiency": 0.644377294578646, "cost": 0.36148095700293437}