{"quality": 0.40051120848799837, "novelty": 0.8680012996739532, "diversity": 0.5303765179561452, "efficiency": 0.4511133553704744, "cost": 0.8260911302828363, "score": 0.4282868813334043}