{"quality": 0.726183861713808, "novelty": 0.2881684822664548, "diversity": 0.34691614513567703, "efficiency": 0.5774096012910688, "cost": 0.7207166716788787, "score": 0.3738202811336639}