{"quality": 0.13177091247437925, "novelty": 0.620038775469343, "diversity": 0.13161234489025245, "efficiency": 0.001516244962903035, "cost": 0, "score": 0.22109087333213548}