{"quality": 0.7384459465714039, "novelty": 0.7177605554440645, "diversity": 0.8626808529419747, "efficiency": 0.3862944670044464, "cost": 0.40123631679836835, "score": 0.5913306317916625}