{"quality": 0.43750013061206167, "novelty": 0.948230005245726, "diversity": 0.5142283178846081, "efficiency": 0.34659676576223025, "cost": 0.2916782069800562, "score": 0.49397489823830054}