{"quality": 0.5063519528208528, "novelty": 0.5227514729717009, "diversity": 0.3494610919359293, "efficiency": 1, "cost": 0.1690512911257413, "score": 0.48558054336379275}