{"quality": 0, "novelty": 0.7752093515200879, "diversity": 0.8641573934491507, "efficiency": 0.20096943126200464, "cost": 0.8288382358457438, "score": 0.31389540767457846}