{"quality": 0.3231980361145944, "novelty": 0.7512737295283086, "diversity": 0.2676732338550264, "efficiency": 0.48315432298924643, "cost": 0.6307544134007417, "score": 0.34771019709577355}