{"quality": 0.5215411833239072, "novelty": 0.09890153442942215, "diversity": 0.5463404837097365, "efficiency": 0.2252131859147422, "cost": 0.5451068416524362, "score": 0.2697271290684427}