{"quality": 0.8818508056899218, "novelty": 0.977719464762793, "diversity": 0.019271556565751524, "efficiency": 0.838404994809747, "cost": 0.48890601927440824, "score": 0.5897095665048464}