{"quality": 0.5543222536493528, "novelty": 0.027061190481291686, "diversity": 0.9201070937642417, "efficiency": 0.86952057721986, "cost": 0.7654202165923454, "score": 0.41096945739172164}