{"quality": 0.2798815237686182, "novelty": 0.27603442302523984, "diversity": 0.9718841028377814, "efficiency": 0, "cost": 0.19695659496747292, "score": 0.32765422395770444}