{"quality": 0.4434618963496476, "novelty": 0, "diversity": 0.7349945255758876, "efficiency": 0.1644142850917085, "cost": 0.5190627300127337, "score": 0.2527933437825547}