{"quality": 0.834339399739953, "novelty": 0.8724248003228744, "diversity": 0.45360787846512585, "efficiency": 0.5214789591322021, "cost": 0.371366185652781, "score": 0.6002148210002819}