{"quality": 0.5071649539177436, "novelty": 0.09290038249941232, "diversity": 0.9461194153121545, "efficiency": 0.5521670373367198, "cost": 0.22833768797039133}