{"quality": 0.5459435538295808, "novelty": 0.175525729558782, "diversity": 0.70938647009709, "efficiency": 0.4443779961131702, "cost": 0.363893390176026, "score": 0.3798091529573607}