{"quality": 0.17719673529787922, "novelty": 0.9000048055126586, "diversity": 0.820913561696768, "efficiency": 0.2896878922593892, "cost": 0.8587217254910355, "score": 0.39992394559668687}