{"quality": 0.769531051659559, "novelty": 0.9438230311435145, "diversity": 1.0, "efficiency": 0.25634923125899706, "cost": 0.901042371183335}