{"quality": 0.1956937646314894, "novelty": 1, "diversity": 0.7794809956097241, "efficiency": 0.2743616956483776, "cost": 0.7576236836604131, "score": 0.42999621449260694}