{"quality": 0.9158136952414719, "novelty": 0.6387307285296359, "diversity": 0.484960326278312, "efficiency": 0.5608869170281352, "cost": 0.18318818883598426, "score": 0.5972330746311348}