{"quality": 0.15536106163905478, "novelty": 0.8642110703649863, "diversity": 0.22786644403598266, "efficiency": 0.39240094353446636, "cost": 0.27966293850837237, "score": 0.33912822256949227}