{"quality": 0.23324743146794244, "novelty": 0.24186214363742659, "diversity": 0.758084133725652, "efficiency": 0.704571040915043, "cost": 0.18303729956833342, "score": 0.3694385182752929}