{"quality": 0.6548048575679084, "novelty": 0.7275865365836611, "diversity": 0.2801981334972497, "efficiency": 0.9476354216858145, "cost": 0, "score": 0.5765230313686099}