{"quality": 0.32444445199501126, "novelty": 0.5272523800202641, "diversity": 0.6735630306779511, "efficiency": 0.5103415956320989, "cost": 0.6460481874455548, "score": 0.375805457339419}