{"quality": 0.5642983865980759, "novelty": 0.9134263320337729, "diversity": 0.5147265979837903, "efficiency": 0.5831303409635653, "cost": 0.341748283944022, "score": 0.5538861413347567}