{"quality": 0.5737759219883212, "novelty": 0.8502969859532554, "diversity": 0.3791831278811578, "efficiency": 0.5022161428260269, "cost": 1, "score": 0.4358760700849458}