{"quality": 0.41498667499874164, "novelty": 1, "diversity": 0.46589224013448916, "efficiency": 0.6682507541454119, "cost": 0.4956399565165486, "score": 0.5183480679966773}