{"quality": 0.7901721421901986, "novelty": 0.3507055058869904, "diversity": 0.984864065097784, "efficiency": 0.45631798086352465, "cost": 0.49422084513544123}