{"quality": 0.5888633565903307, "novelty": 0.5122377648843013, "diversity": 0.6590932689112586, "efficiency": 0.22597498190616958, "cost": 0.18306107273545705, "score": 0.452127241992806}