{"quality": 0.504799356874327, "novelty": 0.513029164706248, "diversity": 0.18384083870763113, "efficiency": 0.14766889110308012, "cost": 0.3236518425891858, "score": 0.3062504153869298}