{"quality": 0.9565080874188033, "novelty": 0.6360235570014576, "diversity": 0.5662258505591411, "efficiency": 0.9409133238474223, "cost": 0.334030426970393, "score": 0.6669374414679077}