{"quality": 0.6053856751965369, "novelty": 0.38214816569167004, "diversity": 0.11327311583202655, "efficiency": 0.9707486231244226, "cost": 0.07529381142327744}