{"quality": 0.8362765550991431, "novelty": 0.5734101695104883, "diversity": 0.970591026171508, "efficiency": 0.49508188801274156, "cost": 0.5638796308096725, "score": 0.6062280342626105}