{"quality": 1.0, "novelty": 0.3048427447334365, "diversity": 1.0, "efficiency": 0.3694013538377613, "cost": 0.5660073847369067}