{"quality": 0.1896904488498034, "novelty": 0.7244439493118294, "diversity": 0.7147522004643677, "efficiency": 0.3812344534100002, "cost": 0.05761670461144269, "score": 0.43239205962612765}