{"quality": 0.541163499077848, "novelty": 1, "diversity": 0.6890391564044033, "efficiency": 1, "cost": 0.5666498920929257, "score": 0.6434918917949426}