{"quality": 0.9436483668088887, "novelty": 0.6992762313121526, "diversity": 0.5024232301309248, "efficiency": 0.42105496217639277, "cost": 0.5305448117378978, "score": 0.5685019770495588}