{"quality": 0.41141998721674516, "novelty": 0.5910258821894875, "diversity": 0.8271762018831437, "efficiency": 0.34836951155851503, "cost": 0.4259833469848188, "score": 0.4462747991243195}