{"quality": 0.730796685868551, "novelty": 0.35226055022766384, "diversity": 0.9186296791802246, "efficiency": 0.591177067342334, "cost": 0.21035372745345482, "score": 0.5586712665095307}