{"quality": 0.5643287164536457, "novelty": 0.9773212099049268, "diversity": 0.4396126649636193, "efficiency": 0.6476783113039113, "cost": 0.7730508341488456, "score": 0.5213981136857513}