{"quality": 0.1956400423709232, "novelty": 0.9201354142695483, "diversity": 0.8986572972167901, "efficiency": 0.44110981724406123, "cost": 0.8598285002728716}