{"quality": 0.7828530182467928, "novelty": 0.6053095898311777, "diversity": 0.7839303768220417, "efficiency": 0.6541046939097304, "cost": 0.9058057717791386, "score": 0.5505045052047862}