{"quality": 0.7590907272100506, "novelty": 0.26381162299745486, "diversity": 0.5547976122515247, "efficiency": 0.264758665773634, "cost": 0.5563720016304914, "score": 0.3887162460656798}