{"quality": 0.372558500233545, "novelty": 0.2298236100410892, "diversity": 0.7285591351532242, "efficiency": 0.47859806695877927, "cost": 0.67899337135682, "score": 0.31882565251911554}