{"quality": 0.6700952692330759, "novelty": 1, "diversity": 0.1943942989430797, "efficiency": 0.5906323385157531, "cost": 0.256064387262777, "score": 0.552895852609624}