{"quality": 0.15143574613971503, "novelty": 0, "diversity": 0.49852905665538894, "efficiency": 0.28902896873680883, "cost": 0.5673462431270045, "score": 0.13175625617081316}