{"quality": 0.42055323829787794, "novelty": 0.4633303766532463, "diversity": 0.5601072013846659, "efficiency": 0.17876827506868884, "cost": 0.411309518620839, "score": 0.33970429532782753}