{"quality": 0.25925747327971554, "novelty": 0.2343383467243838, "diversity": 0.3999102035729446, "efficiency": 0.6147059008689555, "cost": 0.26788025583941455, "score": 0.28176172892600143}