{"quality": 1, "novelty": 0.9912858685611723, "diversity": 0.1762319666480045, "efficiency": 0.8251955808088631, "cost": 1, "score": 0.6068471975912234}