{"quality": 0.9110619675980832, "novelty": 0.9414420446686165, "diversity": 0.4960862999734451, "efficiency": 0.7051588061698182, "cost": 0.8103901188471649, "score": 0.6326311704820242}