{"quality": 1, "novelty": 0, "diversity": 0.010460948209397053, "efficiency": 0.6623704006298987, "cost": 0.5274644763501075, "score": 0.34870130210135347}