{"quality": 0, "novelty": 0.06667953213465595, "diversity": 0.5787587120330573, "efficiency": 0.4864081832386549, "cost": 0.7891831006482727, "score": 0.1264645428612464}