{"quality": 0.5902143539238472, "novelty": 0.8762432973556207, "diversity": 0.5002555826653446, "efficiency": 0.9347347247163689, "cost": 0.4850002874051731}