{"quality": 0.7076847783258244, "novelty": 0.428065708281779, "diversity": 0.5646347077852387, "efficiency": 0.26527285563026065, "cost": 0.7532353182474703, "score": 0.3967161986450318}