{"quality": 0.4672353663072885, "novelty": 1, "diversity": 0.036329694095597, "efficiency": 0.43789376588547596, "cost": 0.24173416662674768, "score": 0.4389471969314526}