{"quality": 0.4831255410700892, "novelty": 0.9189099659637281, "diversity": 0.5863895743013766, "efficiency": 0.6540751162198122, "cost": 0.7380783583186624, "score": 0.5162465002733397}