{"quality": 0.23602994231496985, "novelty": 0.8655375927005339, "diversity": 0.9126013794905264, "efficiency": 0.7595105775519021, "cost": 0.7207352495413338, "score": 0.5115667184463817}