{"quality": 0.27452734865924167, "novelty": 0.7819818596892969, "diversity": 0.2019898137054554, "efficiency": 0.3808210444736399, "cost": 0.6766461275982478, "score": 0.30771017617240903}