{"quality": 0.4983917341280911, "novelty": 0.5947176359747737, "diversity": 0.6108364029076194, "efficiency": 0.27734945011178014, "cost": 0, "score": 0.4619666273304116}