{"quality": 0.02643521974213714, "novelty": 0.8550139022350292, "diversity": 0.8665372988607685, "efficiency": 0.10922525402467564, "cost": 0, "score": 0.4113752893572534}