{"quality": 0.5865681016325082, "novelty": 0.5644806362955954, "diversity": 0.6518311872928214, "efficiency": 0.010940885525842436, "cost": 0.38219792308295986, "score": 0.410878167542796}