{"quality": 0.34710214756487645, "novelty": 0.7018306029593675, "diversity": 0.8360483073442332, "efficiency": 0.7624758992387639, "cost": 0.7154295195706575, "score": 0.4896263894069003}