{"quality": 0.09726758356296554, "novelty": 0.25128377516769407, "diversity": 0.39992538930270943, "efficiency": 0.629191519159219, "cost": 0.5215320798756529, "score": 0.21421181660767263}