{"quality": 0.8997302047705463, "novelty": 0.7320874263045261, "diversity": 0.08418821080775407, "efficiency": 0.8105278786555388, "cost": 1.0}