{"quality": 0.873233559041135, "novelty": 0.7160738941671521, "diversity": 0.6280192694954896, "efficiency": 0.999919693521642, "cost": 0.5906006990527404, "score": 0.6575202792761987}