{"quality": 1, "novelty": 0.7181729739157456, "diversity": 0, "efficiency": 0.1765162614853006, "cost": 0.8707510077653104, "score": 0.4189455819252005}