{"quality": 0.45903560691554085, "novelty": 0.07354032817625442, "diversity": 0.8336248536224762, "efficiency": 0.4593550880315227, "cost": 0.8996480785390617, "score": 0.3017591901940433}