{"quality": 1, "novelty": 0.8220289236078404, "diversity": 0.3709928585838883, "efficiency": 0.7749474323804544, "cost": 0, "score": 0.695947917475806}