{"quality": 0.6310724280970101, "novelty": 0.16666958397813847, "diversity": 0.21987248197244283, "efficiency": 0.6442951391319316, "cost": 0.8480272107424222, "score": 0.2868051706136737}