{"quality": 1.0, "novelty": 0.6806478012785759, "diversity": 0.5500218777278225, "efficiency": 0.21422399002275583, "cost": 0.15628209520591546}