{"quality": 0.7239825548595196, "novelty": 0.17688915497254162, "diversity": 0, "efficiency": 0.5361485107111652, "cost": 0.4906198661667474, "score": 0.2927773451909913}