{"quality": 0.8066612879008854, "novelty": 0.8825862664243532, "diversity": 0.8170001091834975, "efficiency": 0.50434251301589, "cost": 0.6333599725197288, "score": 0.638360354513464}