{"quality": 0.9307744587602814, "novelty": 0.9359484069060302, "diversity": 0.21896955977367746, "efficiency": 1, "cost": 0.3349578085897769, "score": 0.6735175704503498}