{"quality": 0.33127701142645344, "novelty": 0.2608828927729207, "diversity": 0.22901759333471433, "efficiency": 0.1706870245286778, "cost": 0.7861968340901901, "score": 0.15739071555839174}