{"quality": 0.7169284901024696, "novelty": 0.7587505246236351, "diversity": 0.9255878437644742, "efficiency": 0.4495372366164746, "cost": 0.5338697391490947, "score": 0.6039273585171063}