{"quality": 0.4254394392980725, "novelty": 0, "diversity": 0.47242850263273495, "efficiency": 0.8156966257661713, "cost": 0.5994098199858937, "score": 0.28453104418230507}