{"quality": 0.9085630562253946, "novelty": 0.45832272313555156, "diversity": 0.459695406179502, "efficiency": 0.06576677185508889, "cost": 0.7405683524233112, "score": 0.4148968594233388}