{"quality": 0.06836940901974767, "novelty": 0.5475434537093342, "diversity": 0.8925577435733754, "efficiency": 0.8598187889320226, "cost": 0.44622280519784957, "score": 0.42025877266795136}