{"quality": 0.6924687731229077, "novelty": 0.787427845701324, "diversity": 0.04990883817765568, "efficiency": 0.7272321941299795, "cost": 0.5516015389677957, "score": 0.4685040362204517}