{"quality": 0.2538443637370676, "novelty": 0.312311488751734, "diversity": 0.2757690885518569, "efficiency": 0.11231927334783626, "cost": 0.24376235887618547, "score": 0.20185665413398202}