{"quality": 0.5519331951891404, "novelty": 0, "diversity": 0.4523093094265174, "efficiency": 0.9279869998227825, "cost": 0.7255828846708199, "score": 0.3226815819483809}