{"quality": 0.37384008385380074, "novelty": 0.5015778931679069, "diversity": 0.32025310086456993, "efficiency": 0.6884290672187128, "cost": 0, "score": 0.4048614787038378}