{"quality": 0.7773124955258683, "novelty": 0.32341105902710116, "diversity": 0.19543910077883236, "efficiency": 0.20600503394470332, "cost": 0.5392665415609823, "score": 0.33010843450590943}