{"quality": 0, "novelty": 0.459538021909902, "diversity": 0.08032719043095107, "efficiency": 0.18308421386837448, "cost": 0.23098650094693474, "score": 0.13531392554922841}