{"quality": 0.5165900941107568, "novelty": 0.674847430288734, "diversity": 0, "efficiency": 0.8957389564119219, "cost": 0.969012104710347, "score": 0.3611485187961641}