{"quality": 0.14318541684063832, "novelty": 0.5492713625678507, "diversity": 0.8695532322976829, "efficiency": 0.8060813216588703, "cost": 0.3967377134965747, "score": 0.43542253905286377}