{"quality": 0.5508634555452636, "novelty": 0.6414078990587633, "diversity": 0.2840750391382594, "efficiency": 0.6152717036356357, "cost": 0.3241540099659796, "score": 0.4423013738046691}