{"quality": 0.08526958077116092, "novelty": 0.627047941847515, "diversity": 0.9154470542198632, "efficiency": 0.46554411101637416, "cost": 0, "score": 0.4352638871896558}