{"quality": 0, "novelty": 0.6480836865581692, "diversity": 0.5626638225265133, "efficiency": 0.04511883264598704, "cost": 0, "score": 0.28132151104174297}