{"quality": 0.331913339723611, "novelty": 0.42248352738438594, "diversity": 1, "efficiency": 0.38051690352340894, "cost": 0.7480606114510344, "score": 0.3874663581465877}