{"quality": 0, "novelty": 0.8577065467741554, "diversity": 0.749490040251914, "efficiency": 0.29932977345135386, "cost": 0.6244039818123994, "score": 0.34678371258038476}