{"quality": 0.7766620484283816, "novelty": 0.18204128149930282, "diversity": 0.26261263977861404, "efficiency": 0.5546155693110296, "cost": 0.9840507234152162, "score": 0.3158187259141958}