{"quality": 0.09872256752818065, "novelty": 0, "diversity": 0.6108149073767892, "efficiency": 0.33709346301597964, "cost": 0.2806965764307022, "score": 0.17427411354313876}