{"quality": 0.12957715515880017, "novelty": 1, "diversity": 0.3075492225300798, "efficiency": 0.6956764825734967, "cost": 0.8050879640168814, "score": 0.3742256670379924}