{"quality": 0.4201202465887647, "novelty": 0.32503176208083495, "diversity": 0.6817787568575675, "efficiency": 1, "cost": 0.8944832092358622, "score": 0.4042014449447654}