{"quality": 0.6353136515742492, "novelty": 0.21007624235959188, "diversity": 0.23771511154870412, "efficiency": 0.30245430032257353, "cost": 0.743993480212138, "score": 0.2616249753990858}