{"quality": 0.6520670688104162, "novelty": 0.9001307047580345, "diversity": 0.1807021419587852, "efficiency": 0.29590827966967415, "cost": 0.816434637943031, "score": 0.41953600338053854}