{"quality": 0.21694210283868404, "novelty": 0.6060785399177852, "diversity": 0.047194494799465386, "efficiency": 0.9771278712981971, "cost": 1, "score": 0.2726103454856742}