{"quality": 0.5607348515329743, "novelty": 0.7449297102869538, "diversity": 0.4779547418927068, "efficiency": 0.8959583959069171, "cost": 0.5759407504325531, "score": 0.5268435157529543}