{"quality": 0.3465977279959543, "novelty": 1, "diversity": 0.4392201365339577, "efficiency": 0.38836676877756476, "cost": 0.5375698765896034, "score": 0.4463213733632521}