{"quality": 0.44259310122898066, "novelty": 0.16706758794970067, "diversity": 0.21111857929164068, "efficiency": 0.5441981819583679, "cost": 0.6210649161817066, "score": 0.236291778890032}