{"quality": 0.3080757952656452, "novelty": 0.5046502945346155, "diversity": 0.6925358580696286, "efficiency": 0.7871011963807825, "cost": 0.918445130898656, "score": 0.38331315019452494}