{"quality": 0.7299058817736537, "novelty": 0.5167133903471073, "diversity": 0.31746535744123183, "efficiency": 0.27569760789710507, "cost": 0.7451295909509682, "score": 0.37848486569658824}