{"quality": 0.006317479161502826, "novelty": 1, "diversity": 0.46457691927024924, "efficiency": 0.3799208710006713, "cost": 0.9831802590519938, "score": 0.30348073234740197}