{"quality": 0.2570062110396045, "novelty": 0.22385762106799578, "diversity": 1, "efficiency": 0.10379236644946538, "cost": 1, "score": 0.24863512354630016}