{"quality": 0.8614560154306447, "novelty": 0, "diversity": 0.47004698550249646, "efficiency": 0.29538864592547953, "cost": 0.3751239794693324, "score": 0.35924210067158135}