{"quality": 0.5125281434833077, "novelty": 0.9168521282616284, "diversity": 0.7405824642233345, "efficiency": 0.36514205767399943, "cost": 0, "score": 0.5858592766061662}