{"quality": 0.7354797618190652, "novelty": 0.9897126726233986, "diversity": 1, "efficiency": 0.6553917003210634, "cost": 0.493601999116054, "score": 0.7170206518381232}