{"quality": 0.7941081465828119, "novelty": 0.8020464983266922, "diversity": 1, "efficiency": 0.17202104026077616, "cost": 0.1383695555661114, "score": 0.650710269039022}