{"quality": 0.6369282393642359, "novelty": 0.7395930328556708, "diversity": 0.23502434626025395, "efficiency": 0.3776751170344031, "cost": 0.3831599628660459, "score": 0.4413168705437951}