{"quality": 0.22969680200305614, "novelty": 0, "diversity": 0.10368596244593457, "efficiency": 0.4659643510124249, "cost": 0.02618137221807093, "score": 0.1569227485201604}