{"quality": 0.8911391959912178, "novelty": 0.9336530259631525, "diversity": 0.551336614846073, "efficiency": 0.5659761166425736, "cost": 0.3406058908648493, "score": 0.6618581666672692}