{"quality": 0.3025124255932139, "novelty": 0.33871293632180793, "diversity": 0, "efficiency": 0.7174573592751914, "cost": 0.6444477839125811, "score": 0.2186057872584367}