{"quality": 0.5237281488387246, "novelty": 0.7768711152792303, "diversity": 0.7156681874839874, "efficiency": 0.059072448375004444, "cost": 0.4246096899941178, "score": 0.46086975922506135}