{"quality": 0.48964753967296876, "novelty": 0.3365270904188855, "diversity": 0, "efficiency": 0.08723125232513218, "cost": 0.7363251480298125, "score": 0.17047820755240056}