{"quality": 0, "novelty": 0.07736353360715502, "diversity": 1, "efficiency": 0.3275528376538149, "cost": 0.06773795525568321, "score": 0.2617000135242926}