{"quality": 0.4358506690321363, "novelty": 0.8303053199595589, "diversity": 0.6600812260035724, "efficiency": 0.7386770923403443, "cost": 0.9095117346211357, "score": 0.4901981662891832}