{"quality": 0.9538554988000516, "novelty": 0.27151947558933465, "diversity": 0.5939067018275371, "efficiency": 0.5397595220679293, "cost": 0.9914471038802394, "score": 0.45463707682502197}