{"quality": 0.29192416107644986, "novelty": 0.2201943956882496, "diversity": 0.6420053137654217, "efficiency": 0.7810446066222084, "cost": 0.3007797988872049, "score": 0.3581056211026925}