{"quality": 0.548442107598415, "novelty": 0.22513487509803914, "diversity": 0.8715170506390243, "efficiency": 0.019023864508870142, "cost": 0.4465154848952544, "score": 0.35332179236864425}