{"quality": 0.790426541672554, "novelty": 0.718672067987847, "diversity": 0.694093072555646, "efficiency": 0.10411818310596838, "cost": 0.782372806954736, "score": 0.49299504078027884}