{"quality": 0.23188653589226987, "novelty": 0.6879774431931767, "diversity": 0.12432429972607803, "efficiency": 0.8188351335213504, "cost": 0.5099124264998953, "score": 0.3382592088894037}