{"quality": 0.1828113576717798, "novelty": 0.7594626991722077, "diversity": 0.10954614037121657, "efficiency": 0.19308063324637142, "cost": 0.38911163296074713, "score": 0.2566692418597102}