{"quality": 0.6173866880131729, "novelty": 0.6687797216486602, "diversity": 0.041088502401278704, "efficiency": 0.8005449629492536, "cost": 0.6991721314990198, "score": 0.4107931685888587}