{"quality": 1, "novelty": 0.6239231261404399, "diversity": 0.6413989459907362, "efficiency": 0.8097666856719201, "cost": 0.7316053987268231, "score": 0.6325650337113629}