{"quality": 0.865604572009991, "novelty": 0.5204734267083025, "diversity": 0.8076070258587171, "efficiency": 0.32987615004442594, "cost": 0.17320876448557065}