{"quality": 0, "novelty": 0.4942238858638636, "diversity": 0.7340538898011755, "efficiency": 0.8938442691661126, "cost": 0.047525655785759444, "score": 0.3996908242225419}