{"quality": 0.6844080263552159, "novelty": 1, "diversity": 0.5186859632178114, "efficiency": 0.4836079410980676, "cost": 0.805002455873623, "score": 0.5511005461274749}