{"quality": 0.4737609590413376, "novelty": 0.7825672025134967, "diversity": 0.41597538343001483, "efficiency": 0.4348632292165937, "cost": 1, "score": 0.3861946494092674}