{"quality": 0.8602424337477339, "novelty": 0.4630271367105721, "diversity": 0, "efficiency": 0.7916841704297929, "cost": 0.4059701060561943, "score": 0.45198512926081263}