{"quality": 0.728790756559428, "novelty": 0.748985111207007, "diversity": 0.7993634545501087, "efficiency": 0.3271972962885841, "cost": 0.5587401214598406, "score": 0.5589617779769054}