{"quality": 0.18346861183870178, "novelty": 0.45845065810103114, "diversity": 0, "efficiency": 0.7449275072704369, "cost": 0.6341020653904521, "score": 0.21798216762838862}