{"quality": 0.217660875588218, "novelty": 0.4446424758959304, "diversity": 0.9282079560689669, "efficiency": 0.5930626422307373, "cost": 0.3487805400654667, "score": 0.41618181519230535}