{"quality": 0.014763329961264171, "novelty": 0.8738340507888565, "diversity": 0.033590933039291365, "efficiency": 1, "cost": 0.13712090156353934, "score": 0.3658936081370977}