{"quality": 1, "novelty": 0.20022233814753637, "diversity": 0, "efficiency": 0.11730640514635673, "cost": 0.7580467388219277, "score": 0.2918468714266448}