{"quality": 0, "novelty": 0.8051375683327813, "diversity": 0.3463856063658739, "efficiency": 0.5995116255146999, "cost": 1, "score": 0.26048825718357516}