{"quality": 0.5256325191449225, "novelty": 0.8404016064877704, "diversity": 0.9439243949047648, "efficiency": 0, "cost": 0.5751095803415266, "score": 0.4990640783122196}