{"quality": 0.3242498913835418, "novelty": 0.8903666645733023, "diversity": 1.0, "efficiency": 0.28201359552753225, "cost": 0.8093174324355702}