{"quality": 0.2715921219939729, "novelty": 0.2569348775572536, "diversity": 0.2734332120493985, "efficiency": 0.3494114806333287, "cost": 0.9311831465900328, "score": 0.15969140583338098}