{"quality": 0.4122237321593357, "novelty": 0.11770798670927218, "diversity": 0.9538206362824599, "efficiency": 0.7167889623367917, "cost": 0.41792196703755113, "score": 0.4095843912283744}