{"quality": 0.4273099642665524, "novelty": 0.3557719173314886, "diversity": 0.5147163419268509, "efficiency": 0, "cost": 0.4623238181057491, "score": 0.27384685518763313}