{"quality": 0.7908336139846142, "novelty": 0.9270601187872558, "diversity": 0.5554993555345694, "efficiency": 0.20364499193963465, "cost": 0.33552105654699704, "score": 0.5771096281353576}