{"quality": 0.62035649258694, "novelty": 0.5786178465610068, "diversity": 0.8347062323394536, "efficiency": 0.7090952452170614, "cost": 0.8606275456359416, "score": 0.5180041881031895}