{"quality": 0.968158726706132, "novelty": 0.8180140582852142, "diversity": 0.5496392021671199, "efficiency": 0.6684352665927099, "cost": 0.6698943947658975, "score": 0.6381548235288839}