{"quality": 0.48678199612144774, "novelty": 0.20097589935282745, "diversity": 0.6794028433365332, "efficiency": 0.09753112865561653, "cost": 0.8585715577486457, "score": 0.26093165586542577}