{"quality": 0.43606075802022753, "novelty": 0.7429074792697973, "diversity": 1, "efficiency": 0.3391032737470725, "cost": 0.3253299341883346, "score": 0.5348775948667449}