{"quality": 0.7789968831832741, "novelty": 0.6116297921707203, "diversity": 0.972025482033606, "efficiency": 0.015262303745667144, "cost": 0.7053651337228317, "score": 0.5127644415939505}