{"quality": 0.6565227514339929, "novelty": 0, "diversity": 0.7206649920503219, "efficiency": 0.20199196209473333, "cost": 0.4615289709628727, "score": 0.32523572105818493}