{"quality": 1, "novelty": 0.704631964602246, "diversity": 0.9052135612730872, "efficiency": 1, "cost": 0.22569084598835384, "score": 0.7846316188063436}