{"quality": 0.548857865695876, "novelty": 0.2278898442680138, "diversity": 0.3649257339658414, "efficiency": 0.637022742118666, "cost": 0.3945776258848646, "score": 0.35071061629824807}