{"quality": 0.8471917639633195, "novelty": 0, "diversity": 0.28150815753151787, "efficiency": 1, "cost": 0.2506094308079112, "score": 0.43539821761450836}