{"quality": 0.38143846639156204, "novelty": 1, "diversity": 0.3371279876563973, "efficiency": 0.5965438484502494, "cost": 0.09120256067349986, "score": 0.5122184586489354}