{"quality": 0.017761218992674216, "novelty": 0.4513589129584679, "diversity": 0.1161816822858393, "efficiency": 0.6496577230468157, "cost": 0.8960304380656041, "score": 0.14925004504504902}