{"quality": 0.3958840822554059, "novelty": 0.11779803950657958, "diversity": 0.5971773178601025, "efficiency": 0.6073261249762842, "cost": 0.8339303923485426, "score": 0.2753560776368756}