{"quality": 0.4771299307497684, "novelty": 0, "diversity": 0.4934949370246091, "efficiency": 0.6630458973868342, "cost": 0.4286187254880873, "score": 0.29843297868906876}