{"quality": 0.08137498734889398, "novelty": 0.08431502542617192, "diversity": 0.46559291184522733, "efficiency": 0.6180874744412308, "cost": 0.12383244219878731, "score": 0.21893971187656253}