{"quality": 0.2952698105621637, "novelty": 0.6811079033878176, "diversity": 0.25026897616044946, "efficiency": 0.500194420034079, "cost": 0.77421198782053, "score": 0.3065196784707523}