{"quality": 0.6866617951080678, "novelty": 0.9960332908417815, "diversity": 0, "efficiency": 0.060711238286897506, "cost": 0.6414424830627339, "score": 0.39996929867962694}