{"quality": 0.6649433881899158, "novelty": 0.2797051308876773, "diversity": 0.4043003000643969, "efficiency": 1, "cost": 0, "score": 0.5002693591917734}