{"quality": 0.7976579880591579, "novelty": 0.9033145146853712, "diversity": 0.7165118573666611, "efficiency": 0.09695009319951298, "cost": 1.0}