{"quality": 0.7520771952586416, "novelty": 0.25053256663244683, "diversity": 0.7572714428867588, "efficiency": 0, "cost": 1, "score": 0.33971058881305594}