{"quality": 0.25625620210724737, "novelty": 0.6792520545576587, "diversity": 0.5571099314209025, "efficiency": 0.33426363155893407, "cost": 0.9206102114481444, "score": 0.316190384144795}