{"quality": 0.2392267146680086, "novelty": 0.6882397546154049, "diversity": 0.7852747237131383, "efficiency": 0.6514841208448077, "cost": 0.5100605899551731, "score": 0.4475994569280853}