{"quality": 1, "novelty": 0.058064323385701916, "diversity": 0.4905791112940181, "efficiency": 0.6813938313813771, "cost": 0.9185745315257112, "score": 0.42298352465986455}