{"quality": 0.11119227417068828, "novelty": 0.9708305663891528, "diversity": 0.5135046426192906, "efficiency": 0.6634845736039665, "cost": 0.10563422880744722, "score": 0.4677255155322031}