{"quality": 0.8992506294140662, "novelty": 0.2593503045709115, "diversity": 0.2892885717182502, "efficiency": 0.7860133433349779, "cost": 0.7047470715940911, "score": 0.4398977736514354}