{"quality": 0.0639047460202653, "novelty": 0.5803769293286831, "diversity": 0.12298092865810975, "efficiency": 0.5557100446886631, "cost": 0.23986381951137858, "score": 0.24823196662203392}