{"quality": 0.6944441124794175, "novelty": 0.8944234618399132, "diversity": 0, "efficiency": 1, "cost": 0.2401435915215732, "score": 0.5579247400516463}