{"quality": 0.6380316642305423, "novelty": 0, "diversity": 0.09738639669839963, "efficiency": 0.7662935910009653, "cost": 0.7324506334376415, "score": 0.2525857539152232}