{"quality": 0.7277620240359762, "novelty": 0.20845879067475115, "diversity": 0.07217185339926063, "efficiency": 0.18039735537616958, "cost": 0.6610509739170162, "score": 0.2458321814740566}