{"quality": 0.20731372071343135, "novelty": 0.21128731537862952, "diversity": 0.6977910170584583, "efficiency": 0.5972869770813911, "cost": 0.13775007443465742, "score": 0.33039218758912137}