{"quality": 0.7735269609898558, "novelty": 0.636935327622518, "diversity": 0.43143143980420084, "efficiency": 0.2649791378857707, "cost": 0, "score": 0.5173250788462921}