{"quality": 0.059473749379869933, "novelty": 0.08692968766540471, "diversity": 1, "efficiency": 0.6872711243945528, "cost": 0.7256405049736259, "score": 0.27010116489213254}