{"quality": 0.9298906634609254, "novelty": 0.0, "diversity": 1.0, "efficiency": 0.8056612019622292, "cost": 0.6884135297567402}