{"quality": 0, "novelty": 0.818517121236018, "diversity": 0.5244169102156475, "efficiency": 0.2526098419627948, "cost": 0.507716415223538, "score": 0.2966324971241995}