{"quality": 0.6164896559152104, "novelty": 0.47382804426033803, "diversity": 0.8425856089575213, "efficiency": 0.595793961083241, "cost": 0.6710386470978928, "score": 0.4941862590838488}