{"quality": 0.2904601639173529, "novelty": 0.163854346231881, "diversity": 0.6954821303648127, "efficiency": 0.38231940036255163, "cost": 0.9667300403623866, "score": 0.22787296782428274}