{"quality": 0.6420407973182879, "novelty": 0.3419015041892163, "diversity": 0.5275796276069831, "efficiency": 0.9132366004817769, "cost": 0.5891765962855289, "score": 0.4616713712079007}