{"quality": 0.3562865142073776, "novelty": 0.6069338126675823, "diversity": 0.14722088262096714, "efficiency": 0.17547614731455485, "cost": 0.11973058318699947, "score": 0.30241194773178554}