{"quality": 0.8822764651695898, "novelty": 0.47303273093841647, "diversity": 0.9949994437232716, "efficiency": 0.45700552954261525, "cost": 1, "score": 0.5504918404615277}