{"quality": 0.26269549385092783, "novelty": 0.39904495297109943, "diversity": 0.5916558403681254, "efficiency": 0.4147070382880587, "cost": 0.1892350395989858, "score": 0.34018360625498856}