{"quality": 0.4322153513000028, "novelty": 0.9369476946779516, "diversity": 0.795613420751146, "efficiency": 0.7363488246990628, "cost": 0.16485386991882856, "score": 0.6169911499226947}