{"quality": 0.19651042935192745, "novelty": 0.20372875185355097, "diversity": 0.09258740048173836, "efficiency": 0.23012505925593357, "cost": 0.3146920659547054, "score": 0.13145234915823314}