{"quality": 0.48345864640999253, "novelty": 0.7802883776385181, "diversity": 0.3986653398090738, "efficiency": 0.30225781216393754, "cost": 0.881014411199213, "score": 0.3770799869991114}