{"quality": 0.11475966336238605, "novelty": 0.7187354034077811, "diversity": 0.6621716410096745, "efficiency": 0.03397644745856876, "cost": 0.5872467959239862, "score": 0.29291786558898264}