{"quality": 0.5686544077089768, "novelty": 0.1889270527409474, "diversity": 0.34757950714720803, "efficiency": 1, "cost": 0.22766002255006149, "score": 0.4145779846723654}