{"quality": 0.45945227426222607, "novelty": 0.9973483655259285, "diversity": 0.7384734810765667, "efficiency": 0.38055976628147214, "cost": 0.6336783547977723}