{"quality": 0, "novelty": 0, "diversity": 0.5817858909723136, "efficiency": 0.24891721464847397, "cost": 0.2868394154143491, "score": 0.1250108188502989}