{"quality": 0.736029869569585, "novelty": 0.4486905336828362, "diversity": 0.2124977537171175, "efficiency": 0.7381898721055448, "cost": 0, "score": 0.48620962585083977}