{"quality": 0.7337962434167282, "novelty": 0.26305272798506507, "diversity": 0.4582965764924627, "efficiency": 0, "cost": 0.5436784057809021, "score": 0.323193529741687}