{"quality": 0.8685678345103565, "novelty": 0.8093847587596759, "diversity": 0.5404449301153365, "efficiency": 0.22967505931096266, "cost": 0.5792683375388201, "score": 0.5475299512088556}