{"quality": 0.19125315310143343, "novelty": 0.5713405866379014, "diversity": 0.8389817987384813, "efficiency": 0.6097100891229976, "cost": 0.5301527649577553, "score": 0.40644868921027577}