{"quality": 0.6627617402723689, "novelty": 0.9846925679217473, "diversity": 0.2274926192240374, "efficiency": 0.1465964054818792, "cost": 0.7616531204454887, "score": 0.43632433668468795}