{"quality": 0.7123978719283828, "novelty": 0.6801972532283865, "diversity": 0.5033751446037692, "efficiency": 0.30792984776092835, "cost": 0.1569726815959322}