{"quality": 0.8434814905914484, "novelty": 1, "diversity": 0.8535338387435996, "efficiency": 0.10484116573495783, "cost": 0.3618571580728346, "score": 0.6532916739791146}