{"quality": 0.44833910449067793, "novelty": 0.07103756158140656, "diversity": 0.5734450198115727, "efficiency": 0.9730996718367926, "cost": 0.44251555552075833, "score": 0.36866352092831256}