{"quality": 0.1675385019078845, "novelty": 0.8464007724488419, "diversity": 0.44170162373471467, "efficiency": 0.026706107431215098, "cost": 0.31945693103834716, "score": 0.3222622914423663}