{"quality": 0.17953650823251371, "novelty": 0.8913571124663444, "diversity": 0.6281286093063988, "efficiency": 0.28623203019102006, "cost": 0.5955360039035809, "score": 0.3857071565859148}