{"quality": 0.8110070281071544, "novelty": 0.7808284605877955, "diversity": 1, "efficiency": 0.8224171663031099, "cost": 0.9933393385945157, "score": 0.6625378646651102}