{"quality": 0.4537176736778892, "novelty": 0.28139442849741453, "diversity": 0.5900317153707876, "efficiency": 0.4827208616715627, "cost": 0.8925264841831397, "score": 0.30762573313429836}