{"quality": 0.6081556859799091, "novelty": 0.8806211123638868, "diversity": 0.793313013746402, "efficiency": 0.28852460661463897, "cost": 0.6569660156958652, "score": 0.5388466760568341}