{"quality": 0.6202651381839419, "novelty": 0.4042956133218493, "diversity": 0.8288568975108382, "efficiency": 0.6926170768839219, "cost": 0.43081381240976613, "score": 0.5137360045794243}