{"quality": 0.36811489024155913, "novelty": 0.1775760985267943, "diversity": 0.06187147603118112, "efficiency": 0.16795487760508362, "cost": 0.057338906489632496, "score": 0.18666212790220182}