{"quality": 0.8518475676635342, "novelty": 0.2362075449127214, "diversity": 0.5680891273030539, "efficiency": 0.3149020565175811, "cost": 0.7055652505672052, "score": 0.404902765408768}