{"quality": 0.7275858757735789, "novelty": 0.3733560276969464, "diversity": 1, "efficiency": 0.6793775518980103, "cost": 0.5575481894216057, "score": 0.5577665834988512}