{"quality": 0.739597063664967, "novelty": 0.6109980440940013, "diversity": 0.20627700029575252, "efficiency": 0.8685822062598583, "cost": 0.823900357301271, "score": 0.46378132539099254}