{"quality": 0.36719794299931147, "novelty": 0, "diversity": 0.1662401776264384, "efficiency": 0.5442905830258278, "cost": 0, "score": 0.22505100587895527}