{"quality": 0.07940191623496659, "novelty": 0.5986607778807282, "diversity": 0.3485129119594289, "efficiency": 0.7503864139182562, "cost": 0.68678251603336, "score": 0.28706806221696024}