{"quality": 0.3312801784676277, "novelty": 0.03978608178828291, "diversity": 0.12521530351841167, "efficiency": 0, "cost": 0.12866279494628935, "score": 0.12150735519641243}