{"quality": 0.5412687893251057, "novelty": 0.3862413682758885, "diversity": 0.9299092629471424, "efficiency": 0.6529358550076975, "cost": 0.4163392092954061, "score": 0.5012292887775462}