{"quality": 0.017266034945427416, "novelty": 0.701059339271219, "diversity": 0.7611673425771723, "efficiency": 0.5501434287807465, "cost": 0.7018774412655411, "score": 0.34501188400742533}