{"quality": 1, "novelty": 0.4900696211544117, "diversity": 0.02282964917460989, "efficiency": 0.9597912110356105, "cost": 0.5779089589723491, "score": 0.5132611208816316}