{"quality": 0.2771270871161263, "novelty": 0.4052642192249972, "diversity": 0.7051904624155094, "efficiency": 1, "cost": 0.9660815443259102, "score": 0.3788841189915981}