{"quality": 0.4248231651068965, "novelty": 0.9591892214793294, "diversity": 0.9601311315233607, "efficiency": 0.4499423311371855, "cost": 0.16470264385816574, "score": 0.6102915664913346}