{"quality": 0.5761630359732811, "novelty": 0.19743442773573544, "diversity": 0.3124909914894535, "efficiency": 0.2497020908283905, "cost": 0.5722122715655682, "score": 0.26493980249151067}