{"quality": 0.509557381627886, "novelty": 0.1272938857442524, "diversity": 0.5561110532476428, "efficiency": 0.4201929629024069, "cost": 0.6554887495230097, "score": 0.2933929660570175}