{"quality": 0.5627724425456194, "novelty": 0.7219422584352402, "diversity": 0.4803507816664954, "efficiency": 0.4445164922757855, "cost": 0.5118711179687329, "score": 0.4608778157502894}