{"quality": 0.1598141305421703, "novelty": 0.7825115595743896, "diversity": 0.04267702846764451, "efficiency": 0.734664914281874, "cost": 0.9318046224203327, "score": 0.2691268096500252}