{"quality": 0.57167192085804, "novelty": 0.5742161469217475, "diversity": 0.09416763397318526, "efficiency": 0.7571717161235015, "cost": 0.42916038630018705, "score": 0.4045488585709925}