{"quality": 0.4031285199088068, "novelty": 0.6869539572162344, "diversity": 0.9216288262983656, "efficiency": 0.5693557768003696, "cost": 0.4469868719165272, "score": 0.5177074898647765}