{"quality": 1, "novelty": 0.472226939064153, "diversity": 0.8942741157347507, "efficiency": 0.8544383190681473, "cost": 1, "score": 0.6250773057732104}