{"quality": 0.9714716971850562, "novelty": 0.8828475052396068, "diversity": 0.6189130442955755, "efficiency": 0, "cost": 0.5440424189943791, "score": 0.5815317524250957}