{"quality": 0.7922297260264771, "novelty": 0.4586609749469556, "diversity": 0.12351689706400654, "efficiency": 0.7408088141768144, "cost": 0, "score": 0.4881588630840055}