{"quality": 0.25111224052099906, "novelty": 0.10314739407699944, "diversity": 0.2505651551986604, "efficiency": 0.32049000409888767, "cost": 0.44443764155415083, "score": 0.15486328817469971}