{"quality": 0, "novelty": 0.4837329439474613, "diversity": 0.5520619220890712, "efficiency": 0.9453883461537299, "cost": 0.7344849468902698, "score": 0.29970537763871213}