{"quality": 0.5318121919259682, "novelty": 0.40393329131765854, "diversity": 0.25495411092732456, "efficiency": 0.5808446819116619, "cost": 0.2857875975641774, "score": 0.3700657451230016}