{"quality": 0.15587002751153411, "novelty": 0.6739377070730779, "diversity": 0.07372285385876544, "efficiency": 0.9440597168236022, "cost": 0.6498355813630724, "score": 0.3066154051807159}