{"quality": 0.4141882032608346, "novelty": 0.9857918581377749, "diversity": 0.365069271259561, "efficiency": 0.4112589905825458, "cost": 0.3291006723575599, "score": 0.4724970611162322}