{"quality": 0.6087409564772461, "novelty": 0.28110586835423057, "diversity": 0.4107479264597675, "efficiency": 0.18154135526348275, "cost": 0.9075151000775288, "score": 0.27152803260545444}