{"quality": 0.6831464912970204, "novelty": 0.287267189108056, "diversity": 0.5060474594437487, "efficiency": 0.5235798299585932, "cost": 0, "score": 0.4565072110486588}