{"quality": 0.29252430886478076, "novelty": 0.902582698082882, "diversity": 0.35938820694526485, "efficiency": 0.6198558175266327, "cost": 0.3309385960066725, "score": 0.4451651215975354}