{"quality": 0.5424257101296688, "novelty": 0.7316537697779281, "diversity": 0.7610109222471247, "efficiency": 0.5916062617608995, "cost": 0.9457800499388844, "score": 0.4920062742030541}