{"quality": 0.9907026309997351, "novelty": 0.35252299768653006, "diversity": 0.13287889859262214, "efficiency": 0.8413528255578666, "cost": 0.31004612018883, "score": 0.5071156302548744}