{"quality": 0.19238505376757317, "novelty": 0.6666888050593992, "diversity": 0.7906380376367416, "efficiency": 0.8742921700519616, "cost": 0.3211984930975834, "score": 0.48153930112050597}