{"quality": 0.4333707756618363, "novelty": 0.6094010927793971, "diversity": 0.4885798506853991, "efficiency": 0.9344386736936695, "cost": 0.4471029347481032, "score": 0.47553298360972013}