{"quality": 0.9098027907398061, "novelty": 0.800904410381873, "diversity": 1, "efficiency": 1, "cost": 0.20711487135709616, "score": 0.8024554526817005}