{"quality": 0.2787679474427806, "novelty": 0.4384556702440186, "diversity": 0.46307713232001496, "efficiency": 1, "cost": 1, "score": 0.3358597282578418}