{"quality": 0.25291373106415116, "novelty": 0.9217339183475239, "diversity": 0.8387759570258297, "efficiency": 0.6651162129782492, "cost": 0.38279432931907015, "score": 0.5355507893261225}