{"quality": 1.0, "novelty": 0.47180854859624805, "diversity": 0.5035832016390893, "efficiency": 0.5005272898393001, "cost": 0.3091976378626924}