{"quality": 0.6485695370043056, "novelty": 0.01900007216495822, "diversity": 0.20841006834736384, "efficiency": 0.4832727589816357, "cost": 0.05507156798841162, "score": 0.3079866498604082}