{"quality": 0.6707583842503012, "novelty": 0.37649037466840296, "diversity": 0.5711883377616984, "efficiency": 0.11388560778290208, "cost": 0.5478783703681347, "score": 0.3718827806251527}