{"quality": 0.7620387595653854, "novelty": 0.5552674478683721, "diversity": 0.08806957587284331, "efficiency": 0.7704317755757155, "cost": 0, "score": 0.5006071713476345}