{"quality": 0.4473916961038752, "novelty": 0.7795911456548439, "diversity": 0.2701905060816795, "efficiency": 0.7458347649880359, "cost": 0.8244266039620569, "score": 0.4125859508132091}