{"quality": 0.427584153916409, "novelty": 0.5441193854894675, "diversity": 0.9260908570100346, "efficiency": 0.6393325678926707, "cost": 0.47949241838650264, "score": 0.4974739072945469}