{"quality": 0.6189800804838623, "novelty": 0.4585829383857509, "diversity": 0.2304123293658224, "efficiency": 0.7105122187070279, "cost": 0, "score": 0.45299905742081514}