{"quality": 0.31181814000101404, "novelty": 0.3179923615914395, "diversity": 0, "efficiency": 0.7953771425541338, "cost": 0.6060450605124925, "score": 0.23174559773003486}