{"quality": 0.77577030515728, "novelty": 0, "diversity": 0.6448116498002006, "efficiency": 0.6081572144056141, "cost": 0.09976389210059516, "score": 0.4429406144580067}