{"quality": 0.3541370918370733, "novelty": 0.46727579041382467, "diversity": 0.7396636684650582, "efficiency": 0.8146819182614644, "cost": 0.12477390782529862, "score": 0.4807177058042796}