{"quality": 0.7719497480929518, "novelty": 0.9831239728016233, "diversity": 0.20890370452199647, "efficiency": 0.8472918117661972, "cost": 0.6952608320231303, "score": 0.5767143470953072}