{"quality": 0.4602201624966004, "novelty": 0.12237896546084064, "diversity": 0.6202484450242347, "efficiency": 0.7639867154537539, "cost": 0.17089896048845798, "score": 0.3902185903882545}