{"quality": 0.6295520084247489, "novelty": 0.39330209857187076, "diversity": 0.43635977243726853, "efficiency": 0.7237251440197514, "cost": 1, "score": 0.38302185326080884}