{"quality": 0.5213329393621241, "novelty": 0, "diversity": 1, "efficiency": 0.6106642743566337, "cost": 0.13246751037682858, "score": 0.43475277192444944}