{"quality": 0.4776359242058759, "novelty": 1, "diversity": 0.0653750405442236, "efficiency": 0.3448775324863914, "cost": 0.7394344272319109, "score": 0.3841539725203751}