{"quality": 0, "novelty": 0.44343577605847195, "diversity": 0.46204334939450786, "efficiency": 0.007395969997901403, "cost": 0.22460557795291008, "score": 0.18191645159791375}