{"quality": 0.8971341725967685, "novelty": 0.891680042502216, "diversity": 0.2069589311366879, "efficiency": 0.3420436482328965, "cost": 0.27519612277912714, "score": 0.5572389835889439}