{"quality": 0.7865165040884347, "novelty": 0.7697867385672049, "diversity": 0.40551292875066397, "efficiency": 0.10096335010419064, "cost": 0.16937141554794383, "score": 0.5077115825792986}