{"quality": 0.32239919504141107, "novelty": 0.5434577127894108, "diversity": 0.5525421245997546, "efficiency": 0.006731270022330621, "cost": 0.7587235968632087, "score": 0.26822994244675563}