{"quality": 0.8441771712891551, "novelty": 0.574176690386369, "diversity": 0.010274885195395461, "efficiency": 0.4477709437680363, "cost": 0.9120772755896462, "score": 0.3748102150286587}