{"quality": 0.14433327158165696, "novelty": 0.6782027473972139, "diversity": 0.9439759604836333, "efficiency": 0.6721257348778905, "cost": 0.6165548478927743, "score": 0.4408092358629334}