{"quality": 0.2711125955039112, "novelty": 0.6021571720632756, "diversity": 0.5496105516164556, "efficiency": 0.37847350223397536, "cost": 0.8863877595618719, "score": 0.3099274313691925}