{"quality": 0.6811438330610151, "novelty": 0.8532495408724494, "diversity": 0.9130871745040611, "efficiency": 0.2013420427414517, "cost": 0.3465751192764745, "score": 0.5958167645207995}