{"quality": 0.5964600112339352, "novelty": 0.9263661419258988, "diversity": 0.8078248580330907, "efficiency": 0.6116493174915285, "cost": 0.07160347659438684, "score": 0.656681560422564}