{"quality": 0.2680517200320151, "novelty": 0.05542377292895717, "diversity": 0.6322334635701565, "efficiency": 0.6413385598858585, "cost": 0, "score": 0.3169189359387539}