{"quality": 0.2459883274884333, "novelty": 0.6962209162748673, "diversity": 0.7700608202231147, "efficiency": 0.7729496730445793, "cost": 0.5157906302373022, "score": 0.4662272792928264}