{"quality": 1, "novelty": 0.6818925118767503, "diversity": 0.2271959691907633, "efficiency": 0.28644122369666836, "cost": 0.9236894090790068, "score": 0.46650956445393976}