{"quality": 0.38730731260261914, "novelty": 0.11738149643329987, "diversity": 0.3750472319284074, "efficiency": 0.44236661305438285, "cost": 0.5911403670600572, "score": 0.22778796952694386}