{"quality": 0.39210189132683515, "novelty": 0.9072109895299274, "diversity": 0.4367032339357471, "efficiency": 0.18333935548139613, "cost": 0.8215575946191268, "score": 0.37711910542797855}