{"quality": 0.5351844730960169, "novelty": 0.30623837090579337, "diversity": 0.7214698428504696, "efficiency": 0.11478645488688383, "cost": 0.44323784834079466, "score": 0.35430308662430043}