{"quality": 0.4533878841524126, "novelty": 0.20095972950493823, "diversity": 0.325497660463121, "efficiency": 0.5168031945255183, "cost": 0.4203219973337635, "score": 0.2868441091600339}