{"quality": 0.8259074454252181, "novelty": 0.2156581854333307, "diversity": 0.6055803013375076, "efficiency": 0.49356964907917583, "cost": 0.5377338957433524, "score": 0.4430648980409408}