{"quality": 0.4430138770001153, "novelty": 0, "diversity": 0.616267015830507, "efficiency": 0.18566480586891898, "cost": 0.26874394752175, "score": 0.2571328923942988}