{"quality": 0.7363561066614304, "novelty": 0.06781544869550724, "diversity": 0.31137241110514446, "efficiency": 0.2766325282006952, "cost": 0.5769784302544156, "score": 0.2839322125979975}