{"quality": 0.30069125828020254, "novelty": 0, "diversity": 0.22621989097287148, "efficiency": 0.08322352527488092, "cost": 0.4053564936371303, "score": 0.10739923510615415}