{"quality": 0.4492319862340987, "novelty": 0.8968359748942849, "diversity": 0.05063324720042592, "efficiency": 0.39501900126498246, "cost": 0.2926874644539116, "score": 0.39908934277824215}