{"quality": 0.37957056220366026, "novelty": 0.7977478095477722, "diversity": 1.0, "efficiency": 0.23406890023472574, "cost": 0.1975075193433539}