{"quality": 0.9006536376375096, "novelty": 0.0638789175441212, "diversity": 0.5559018569334246, "efficiency": 0.5616955998104609, "cost": 0.6882596144110841, "score": 0.41277457059442885}