{"quality": 0.7426467643482433, "novelty": 0.17366270602990147, "diversity": 0.5621867518329191, "efficiency": 0.7833992801029233, "cost": 0.8038462122606054, "score": 0.4157723269679101}