{"quality": 0.872286929579847, "novelty": 0, "diversity": 0.30937067793408163, "efficiency": 0.7617013361095214, "cost": 0.19067748651398175, "score": 0.4187476662258004}