{"quality": 0.8650110233760282, "novelty": 0.3187462300017381, "diversity": 0.3607618131537927, "efficiency": 0.35586924014262467, "cost": 0.6711449597771824, "score": 0.39760811718767697}