{"quality": 0.26093049225590514, "novelty": 0.7014328800037679, "diversity": 0.48641315995192247, "efficiency": 0.5447640040267334, "cost": 0.6003506791780076, "score": 0.3725995323543072}