{"quality": 0.36489312604633267, "novelty": 0.8216041923063908, "diversity": 0.4160078948173163, "efficiency": 0.38678504436585276, "cost": 0.4044388554522653, "score": 0.4156444359636121}