{"quality": 0.9022307858918903, "novelty": 1.0, "diversity": 0.5139239719188872, "efficiency": 0.25408718932884067, "cost": 0.6382710613054251}