{"quality": 0.3806937793160877, "novelty": 0.7656538657095914, "diversity": 0.24824645193112163, "efficiency": 0, "cost": 0.20328646968687475, "score": 0.33494224363976105}