{"quality": 0.8656065309773439, "novelty": 0.3624734060870405, "diversity": 0.09531122674365214, "efficiency": 0.3584260777159507, "cost": 0.2546658677570019, "score": 0.3976598810453861}