{"quality": 0.6688596080123888, "novelty": 0.9529143655103814, "diversity": 0.415518022914768, "efficiency": 0, "cost": 1, "score": 0.4219900783642656}