{"quality": 0.5374640506867849, "novelty": 0.4625760413807373, "diversity": 0.772355565926004, "efficiency": 0.9428718518570021, "cost": 0.8617066529780206, "score": 0.48661445121716884}