{"quality": 0.7898668282685533, "novelty": 0.8638144901056047, "diversity": 0.6530915451226765, "efficiency": 0.45724667167124367, "cost": 0.4941883535301399}