{"quality": 0.31324726550816506, "novelty": 0.5734076342951352, "diversity": 0.9078997278085296, "efficiency": 0.2454391110442958, "cost": 0.2734153032118856, "score": 0.428380370123395}