{"quality": 0.646355173509733, "novelty": 0.28441306661387517, "diversity": 0.1294380318793479, "efficiency": 0.20813942398655466, "cost": 0.5111534925144505, "score": 0.27100298942879636}