{"quality": 0.23928555895338685, "novelty": 0.858005897604107, "diversity": 0.5773490939130391, "efficiency": 0.34407801359945783, "cost": 0.14834843988028998, "score": 0.43853381892154025}