{"quality": 0.0845966367690866, "novelty": 0.1744352283505878, "diversity": 0.0157400302603872, "efficiency": 0.4076964030693515, "cost": 0.5363037559181134, "score": 0.07965988903904174}