{"quality": 0, "novelty": 0.6977858634881919, "diversity": 0.5604821454463909, "efficiency": 0, "cost": 0.5349883627814505, "score": 0.23304405868318112}