{"quality": 0.7867459728522044, "novelty": 0.7615690874804241, "diversity": 0.5359331600926038, "efficiency": 0.14962321748708263, "cost": 0.023769208979360412}