{"quality": 0.18172051290954477, "novelty": 1, "diversity": 0.7619591595467388, "efficiency": 0.3180067751032932, "cost": 0.8896685181522074, "score": 0.41564215023248446}