{"quality": 0, "novelty": 0.7980448002394502, "diversity": 0.890388753802978, "efficiency": 0.7906643325647322, "cost": 0.33342734792949386, "score": 0.46284586591221866}