{"quality": 0.3922796437890703, "novelty": 0.36118432959101143, "diversity": 0.834518567965097, "efficiency": 0.38431205453038236, "cost": 0.22825721950847505, "score": 0.4097047753562032}