{"quality": 0.12618290499585494, "novelty": 1, "diversity": 1, "efficiency": 0.5087720385626314, "cost": 0.5955965030566361, "score": 0.5046110269774876}