{"quality": 0.33445914633865603, "novelty": 0.9748710951716463, "diversity": 0.3311384962362811, "efficiency": 0.7230768348791304, "cost": 0.6797216773376646, "score": 0.45077257443986773}