{"quality": 0, "novelty": 0.7024839360568826, "diversity": 0, "efficiency": 0.8103207607384144, "cost": 0.08886880748398227, "score": 0.2882822173765846}