{"quality": 0.18945575156721808, "novelty": 0.625947557741729, "diversity": 1, "efficiency": 0.09190562614933157, "cost": 0.7867945782219825, "score": 0.3484300010057992}