{"quality": 1.0, "novelty": 0.7532236515585297, "diversity": 0.766831941783702, "efficiency": 0.4321833489336925, "cost": 0.0}