{"quality": 0.1485457561322164, "novelty": 0.6238270334297618, "diversity": 0.03008701299478117, "efficiency": 0.6912370780694453, "cost": 0.19879410768516997, "score": 0.2903440387379614}