{"quality": 0.39753780606630224, "novelty": 0.5624870307031296, "diversity": 0.790757845354835, "efficiency": 0.33766856521819216, "cost": 0.6268466071809868, "score": 0.4060002926312702}