{"quality": 0.36483219672937894, "novelty": 0, "diversity": 0.398629462463633, "efficiency": 0.8763423527133756, "cost": 0.5869732108938083, "score": 0.2619295833291657}