{"quality": 0.245958012023755, "novelty": 0.6313744792942971, "diversity": 0.3267457750391811, "efficiency": 0.7272689931945753, "cost": 0.6886464877238638, "score": 0.3372058786453369}