{"quality": 0.9687284256759641, "novelty": 0.7777221005994279, "diversity": 0.4827380240829613, "efficiency": 0.8333291698479329, "cost": 0.6524025222255758, "score": 0.6413557809238709}