{"quality": 0, "novelty": 0.7858339072537726, "diversity": 0.33085480378323673, "efficiency": 0.12232357694495846, "cost": 0.822200487169112, "score": 0.1987579253949231}