{"quality": 1, "novelty": 0.12744805651889948, "diversity": 0.2656643885659541, "efficiency": 0.9305276436154686, "cost": 0.6471442412195276, "score": 0.4598596142632832}