{"quality": 0.7262358099523172, "novelty": 0.9443798814952595, "diversity": 0.9188916082947995, "efficiency": 0.29603549111417365, "cost": 0.32550817911292573, "score": 0.6495985407743035}