{"quality": 0.4670502704769697, "novelty": 0.12230684330752156, "diversity": 0.4391105805393664, "efficiency": 0.41021573554303853, "cost": 0.4909317683814539, "score": 0.27095309157115494}