{"quality": 0.1434625002333944, "novelty": 0.865510387838769, "diversity": 0.829635433146907, "efficiency": 0.262118627812749, "cost": 0.028049088209019635}