{"quality": 0.11071954614627744, "novelty": 0.4366053890889238, "diversity": 0.7156734650354615, "efficiency": 0.722967087195749, "cost": 0, "score": 0.3939469672025689}