{"quality": 0.7787131623873337, "novelty": 0.43167694032180093, "diversity": 0.35417635696661726, "efficiency": 0.7991371565945584, "cost": 0.1470827768252116, "score": 0.5175307509966364}