{"quality": 0.8298002104049467, "novelty": 0.6795147683685379, "diversity": 0.05876107529890853, "efficiency": 0.10374518511739877, "cost": 0.4386098240732702, "score": 0.40227176563368294}