{"quality": 0, "novelty": 0.3130379901760738, "diversity": 0.3074870410731483, "efficiency": 0.8763370987257657, "cost": 0.8917792953677597, "score": 0.18202954103073696}