{"quality": 0.3378121819837088, "novelty": 0.49061699348189225, "diversity": 0.6796167897180722, "efficiency": 0.6180527074707192, "cost": 0.5200646449833124, "score": 0.40062270253147675}