{"quality": 0.44406739056287275, "novelty": 0.8946733755132956, "diversity": 0.7828952943496764, "efficiency": 0.05439715468861281, "cost": 0.7449244800139394, "score": 0.447134745119019}