{"quality": 0.8547928425888491, "novelty": 0.10668896650942608, "diversity": 0.3265957957983873, "efficiency": 0, "cost": 0.4780589629364587, "score": 0.30062335727004286}