{"quality": 0.09502847870677616, "novelty": 0.15539751125930218, "diversity": 0.8313976740601963, "efficiency": 0.8189121659813983, "cost": 0.37974933135000216, "score": 0.3184993480011072}