{"quality": 0, "novelty": 0.18195431256193992, "diversity": 0.5917692567710564, "efficiency": 0.6003363507032673, "cost": 0.7988434397899536, "score": 0.174008538121191}