{"quality": 0.27891009080979967, "novelty": 0.5055431366146304, "diversity": 0.37740167470716224, "efficiency": 0.014140303917696273, "cost": 0.7035221931163989, "score": 0.2173079726140445}