{"quality": 0.6417201174443262, "novelty": 0.5204918792428321, "diversity": 0.05618857176233763, "efficiency": 0.21858550177329794, "cost": 0.5995878947264337, "score": 0.30670575518982474}