{"quality": 0.45379660227189544, "novelty": 0.5201849499216349, "diversity": 0.6240657490430752, "efficiency": 0.4354932297918124, "cost": 0.980925181150268, "score": 0.3582298343243374}