{"quality": 0.6145028903388178, "novelty": 0.3067514635378022, "diversity": 0.9367767410020986, "efficiency": 0.27464118616338595, "cost": 0.9503888153629416, "score": 0.39455137757472936}