{"quality": 0.4539242780385493, "novelty": 0.20849547199477714, "diversity": 0.36063599742941543, "efficiency": 0.0690329014455783, "cost": 0.8765237671555488, "score": 0.183130909397424}