{"quality": 0.5916911161343625, "novelty": 0.9966862937486629, "diversity": 0.5106772317997473, "efficiency": 0.7755156452375961, "cost": 0.785171208599218, "score": 0.5666245805631416}