{"quality": 0.3972098115612633, "novelty": 0.7012688074175016, "diversity": 0.21111247080229223, "efficiency": 0.6519471219564165, "cost": 0.6201467903019713, "score": 0.37248002874647823}