{"quality": 1, "novelty": 0, "diversity": 0.5357710681318941, "efficiency": 0.8484482982590463, "cost": 0.4659534298102179, "score": 0.487826115384214}