{"quality": 0.5050641864301415, "novelty": 0.10680112487473194, "diversity": 0.18333895865187816, "efficiency": 0.590523848232488, "cost": 0.14774685721628972, "score": 0.28869122039134526}