{"quality": 0.9781754406688543, "novelty": 0.3821473223376234, "diversity": 0.8114592899220154, "efficiency": 0.23910779911799673, "cost": 0.35845751646882906}