{"quality": 0.9407194951621467, "novelty": 0.8030273601988238, "diversity": 1, "efficiency": 0.95254801815167, "cost": 0.47072957377644065, "score": 0.7787819339434565}