{"quality": 0.40947332888855736, "novelty": 0.4327627988712498, "diversity": 0.6089423275013035, "efficiency": 0.1739577048406658, "cost": 0, "score": 0.37891481961074025}