{"quality": 0.296603173220067, "novelty": 1.0, "diversity": 0.67918241436428, "efficiency": 0.4933103998358733, "cost": 0.3450531581669706}