{"quality": 0, "novelty": 0.8410835615513867, "diversity": 0.7173105303692358, "efficiency": 0.9096011347460606, "cost": 0.10170136115473266, "score": 0.48000303055812976}