{"quality": 0.7625827988443372, "novelty": 0.38626464565393825, "diversity": 1, "efficiency": 0.7429810695652466, "cost": 0.2694018840396196, "score": 0.6098479730976107}