{"quality": 1, "novelty": 0.5308365638477097, "diversity": 0.26291509522713047, "efficiency": 0.8124569594029581, "cost": 0.8479005022603736, "score": 0.52237065369176}