{"quality": 0.47344871551682155, "novelty": 0.6149530624255309, "diversity": 0.3306308690538247, "efficiency": 0.27175154498302306, "cost": 0.16049005744524075, "score": 0.38661278007512356}