{"quality": 0.9243606843226876, "novelty": 0.7476988605244888, "diversity": 0.879101302719949, "efficiency": 0.9015792594600323, "cost": 0.6862034150818406, "score": 0.7066697283827391}