{"quality": 0.6202343918049309, "novelty": 0.552051047628702, "diversity": 0.40332445781749793, "efficiency": 0, "cost": 1, "score": 0.30474797101215434}