{"quality": 0.6890416311115868, "novelty": 0, "diversity": 0.36377158669698434, "efficiency": 0.9771972966544893, "cost": 0.10044161887410963, "score": 0.41600223928363533}