{"quality": 0.7636385546239222, "novelty": 0.4769328955805612, "diversity": 0.22855767030493473, "efficiency": 0.2841566455924037, "cost": 0.780056641438249, "score": 0.3586541570383395}