{"quality": 0.7523347967071423, "novelty": 0.41762161013466126, "diversity": 0.43696020240089445, "efficiency": 0.6569590360355413, "cost": 0.6762869667132412, "score": 0.448413040759994}