{"quality": 0.6697062962372078, "novelty": 0.7249456791725988, "diversity": 0.3204511791769004, "efficiency": 0.6078123690117146, "cost": 0.4437394933160468, "score": 0.4930364505198447}