{"quality": 0.041059774283646044, "novelty": 0.7948613734320242, "diversity": 0.8251445405237183, "efficiency": 0.26181012647155866, "cost": 0.22104512044237606, "score": 0.3932291906743397}