{"quality": 0.9516053472643108, "novelty": 0.9236418914454122, "diversity": 0.4283514952845683, "efficiency": 0.23554578780502922, "cost": 0.30491722096232654}