{"quality": 0.05014465412348984, "novelty": 0.220843111653058, "diversity": 0.5640279342915702, "efficiency": 0.6282063925042594, "cost": 0.6516747205861699, "score": 0.2121232478256474}