{"quality": 0.6633920988073997, "novelty": 0.36404502582826515, "diversity": 0.8441302317010726, "efficiency": 0, "cost": 0.5903350345690029, "score": 0.3998214289826004}