{"quality": 0.6703999720033916, "novelty": 0, "diversity": 0.08558431121099724, "efficiency": 0.3330030779556613, "cost": 0.9720487922287078, "score": 0.1709824363136953}