{"quality": 0.7277206328935306, "novelty": 0.06627843501240333, "diversity": 0, "efficiency": 0.5856080655928971, "cost": 0, "score": 0.32272700846009456}