{"quality": 0.7768272449750357, "novelty": 0.4863962186266592, "diversity": 0.5025405303444799, "efficiency": 0.19207048295440815, "cost": 0.3483885188663153, "score": 0.4491270547746012}