{"quality": 0.8537394041511005, "novelty": 0.06806035250193855, "diversity": 0.2058353549703486, "efficiency": 0, "cost": 0.39049447638202767, "score": 0.2752545327266817}