{"quality": 0.5558167061381941, "novelty": 0.23272177952841966, "diversity": 0.05169378480814879, "efficiency": 0.4095980347323101, "cost": 0.35833940545602594, "score": 0.26086997834943687}