{"quality": 0, "novelty": 0, "diversity": 0.045167785511372724, "efficiency": 0.32962584401139894, "cost": 0.34315953115563463, "score": 0.024161480588420922}