{"quality": 0.37750121064002745, "novelty": 0.4629647101282245, "diversity": 0.8467863038326642, "efficiency": 0.6783914513379911, "cost": 0.10302750504980171, "score": 0.4898047686863156}