{"quality": 0.441297874893106, "novelty": 0.1014665024061912, "diversity": 1, "efficiency": 0.9419076838040341, "cost": 0.02317092696141633, "score": 0.4967250479439431}