{"quality": 0.4351109384450063, "novelty": 0.6615640660144095, "diversity": 0.8673351234019652, "efficiency": 0.4590616211477071, "cost": 0.36909172588677297, "score": 0.501341393300976}