{"quality": 0.8325380100134339, "novelty": 0.3718623814368788, "diversity": 0.3563946310571545, "efficiency": 0.5932753939455554, "cost": 0.8870913714569824, "score": 0.41428809652081583}