{"quality": 0, "novelty": 0.10315364890994742, "diversity": 0.32531850453421096, "efficiency": 0.37616351397595893, "cost": 0.9831968802537318, "score": 0.04895695220534972}