{"quality": 0.1324773325080372, "novelty": 0.24578387858155554, "diversity": 0.41349408479591543, "efficiency": 0.9247223753875051, "cost": 0.8220111560396413, "score": 0.2403952270611447}