{"quality": 0.505042153975995, "novelty": 0.8970490081243163, "diversity": 0.7481652058128698, "efficiency": 0.9009933184366591, "cost": 0.43832452397904664, "score": 0.6167244847540456}