{"quality": 0.2221429926849182, "novelty": 1, "diversity": 0.7171134186183885, "efficiency": 0.21291850405230905, "cost": 0.8057026137110073, "score": 0.41143309576589876}