{"quality": 1, "novelty": 0, "diversity": 1, "efficiency": 1, "cost": 0.017812474916139853, "score": 0.648218752508386}