{"quality": 0.06604066123921626, "novelty": 0, "diversity": 0.04841118921682319, "efficiency": 0.9862866866744395, "cost": 0.6660568403890739, "score": 0.11083175517738804}