{"quality": 0, "novelty": 0.04674264935517353, "diversity": 0.4245553655023554, "efficiency": 0.882714159116623, "cost": 0.3921377222763603, "score": 0.1897900870791219}