{"quality": 0.13281989302795738, "novelty": 0.7401164009317784, "diversity": 0.5258291048221269, "efficiency": 0.4017079935027732, "cost": 0.3894624015620544, "score": 0.3513508479749677}