{"quality": 0.6703065420638603, "novelty": 0.9835710377184266, "diversity": 0.7171709440337315, "efficiency": 0.01856077611460427, "cost": 0.8143668717819268, "score": 0.5117663400945089}