{"quality": 0.7886477480773059, "novelty": 0.17626122022528168, "diversity": 0.5083525772130426, "efficiency": 0.7111430535614089, "cost": 0.44528455757416596, "score": 0.44447314719891545}