{"quality": 0.9603637767507271, "novelty": 0.4467799183410027, "diversity": 0.2863249725763074, "efficiency": 0, "cost": 0.5345204550299424, "score": 0.403617061622736}