{"quality": 0.6604842701445397, "novelty": 0.3347827483272004, "diversity": 0.5085469671031186, "efficiency": 0.3207919589766579, "cost": 0.6918927266989022, "score": 0.36247988272239423}