{"quality": 0.8789099789748586, "novelty": 0.6198281054798478, "diversity": 0.29566568151975137, "efficiency": 0.5976296074634215, "cost": 0.4260763074021554}