{"quality": 0.8980727538379883, "novelty": 0.27602593913587037, "diversity": 0.46317512202262956, "efficiency": 0.8163282295706795, "cost": 0.536020794726677}