{"quality": 0.6328771343845072, "novelty": 1.0, "diversity": 0.33792841095958087, "efficiency": 0.5357009390412836, "cost": 0.4540491333985893}