{"quality": 0.41325162274555605, "novelty": 1, "diversity": 0.9056429766034794, "efficiency": 0, "cost": 0.7161037351069419, "score": 0.4834937086336685}