{"quality": 0.33662245130770985, "novelty": 0.40174929486332167, "diversity": 0.25734890195458543, "efficiency": 0.10323664997935633, "cost": 0.5401488617907211, "score": 0.21436445081689184}