{"quality": 1, "novelty": 0.2041785376169611, "diversity": 0.2618781556600444, "efficiency": 0.5767903586987617, "cost": 0.5353446593758602, "score": 0.4364043534034774}