{"quality": 0.5116753740951621, "novelty": 0.9389511875371059, "diversity": 0.888963712136166, "efficiency": 0.5554969355273345, "cost": 0.018173998114825562, "score": 0.6475402920576759}