{"quality": 0.649726478869907, "novelty": 0.1978108100813901, "diversity": 0.07062498703334036, "efficiency": 0.961113239637295, "cost": 0.4036432435174222, "score": 0.3622983051818397}