{"quality": 0.6828231412862953, "novelty": 0.9638108820585405, "diversity": 0.06437614180882364, "efficiency": 0.08688051165867006, "cost": 0.3195090882054192, "score": 0.43975605919054706}