{"quality": 0.71075678223994, "novelty": 0.9674813861012905, "diversity": 0.5585202393682611, "efficiency": 0.1103447594459217, "cost": 0.8922765569244705}