{"quality": 0.17733130687322618, "novelty": 0.21629575887815142, "diversity": 0.5240795804592011, "efficiency": 0.5530112596989911, "cost": 0.2032703738030001, "score": 0.2747138994478946}