{"quality": 0.6937609482404288, "novelty": 0, "diversity": 0.47956359503437634, "efficiency": 0.16212369218378503, "cost": 0.8126990461673254, "score": 0.24708965268983912}