{"quality": 0.6394071784471919, "novelty": 0.6918125502791972, "diversity": 0.6304712318254937, "efficiency": 0, "cost": 0.2847832212174785, "score": 0.46239121534730776}