{"quality": 0.9712384122059838, "novelty": 0.9573754674958648, "diversity": 0.4133867946792015, "efficiency": 1, "cost": 0.7385055419710302, "score": 0.6895421952744986}