{"quality": 0.5382553782212582, "novelty": 0.6183078445969814, "diversity": 0.4593373288365266, "efficiency": 0.7781961456572707, "cost": 0.4183734737429296}