{"quality": 0.7935219094390265, "novelty": 0.4897094798715014, "diversity": 0.6350136392687532, "efficiency": 0.8047688106797818, "cost": 0.5977043359254244, "score": 0.5484315586627588}