{"quality": 0.6730730201951933, "novelty": 0.08758731026867533, "diversity": 0.6923198673314186, "efficiency": 0.8753626531995944, "cost": 0.12247510768556916, "score": 0.48133959430339285}