{"quality": 0.685096411089956, "novelty": 0.5837514507063509, "diversity": 0.8980802464148662, "efficiency": 0.720380898963568, "cost": 0.6017225545097776, "score": 0.5789677146801051}