{"quality": 0.3594401913952748, "novelty": 0.1353752340188287, "diversity": 0.26813469311003957, "efficiency": 0.01239453306606711, "cost": 0.7646044407648926, "score": 0.1207015404287183}