{"quality": 0.0755407412254111, "novelty": 0.26034160410568813, "diversity": 0.6818646674284541, "efficiency": 0.5257044427352583, "cost": 0.5239814423526393, "score": 0.250578079054761}