{"quality": 0.9335714573648943, "novelty": 0.8151931065072515, "diversity": 0.28389008968244667, "efficiency": 0.4835874621282788, "cost": 0.480564427470023, "score": 0.56512940834501}