{"quality": 0.5887510040979232, "novelty": 0.9372796091556831, "diversity": 0.3111377333528632, "efficiency": 0.22269022765000226, "cost": 0.18947179697914285, "score": 0.48762910463845643}