{"quality": 0.26294459234285034, "novelty": 0.0035835985265714604, "diversity": 0.5404751323096932, "efficiency": 0.6580819249860218, "cost": 0.32174452588137287, "score": 0.2544121399562026}