{"quality": 0.3795732254082951, "novelty": 0.8781364170062411, "diversity": 0.8402441949618713, "efficiency": 0.6463052968160448, "cost": 0.20598954784410178, "score": 0.5778017506044195}