{"quality": 0.4190008333773511, "novelty": 0.5365868342392692, "diversity": 0.19674660935929933, "efficiency": 0.3597009565516225, "cost": 0.7297388778433768, "score": 0.2801775361432882}