{"quality": 0.431494978793472, "novelty": 0.36048892103109786, "diversity": 0.2143905444997578, "efficiency": 0.8263592393788239, "cost": 0.4165040998436956, "score": 0.3447523087182217}