{"quality": 0.22175678872489946, "novelty": 0.5934147070557865, "diversity": 0.7735877233819641, "efficiency": 0, "cost": 0.26357484956922517, "score": 0.3432407731008868}