{"quality": 0.5567973161286621, "novelty": 0.6760038242142189, "diversity": 0.04910678551486197, "efficiency": 0.4120906926569656, "cost": 0.5104589211254061, "score": 0.35662921978112994}