{"quality": 0.01699468482200156, "novelty": 0.657417397520935, "diversity": 0.18185161369948968, "efficiency": 0.43756136208319335, "cost": 0.6020313791300815, "score": 0.21125414396620298}