{"quality": 0.7279588935867518, "novelty": 0.15753477612744812, "diversity": 0.25833873349315445, "efficiency": 0.9460695351495078, "cost": 0.09222973615006841, "score": 0.44212656546393775}