{"quality": 0.2579680471170648, "novelty": 0.7626068657078274, "diversity": 0.6636971588612748, "efficiency": 0.9239096813287357, "cost": 0.178958136189395, "score": 0.521472200914702}