{"quality": 0.018728108408017696, "novelty": 0.5238452350307958, "diversity": 0.8157164198243247, "efficiency": 0, "cost": 0, "score": 0.29972302524496924}