{"quality": 0.32276883706493814, "novelty": 0.8915185046461318, "diversity": 0.2479023119046521, "efficiency": 0.10547803781365954, "cost": 0.19843919234350835, "score": 0.3652685260996429}