{"quality": 0.7643940692757326, "novelty": 0.6935786498942658, "diversity": 1, "efficiency": 1, "cost": 0.24130439949958726, "score": 0.7285824433063275}