{"quality": 0.8656120872597937, "novelty": 0.6983340236906085, "diversity": 0.324976675905353, "efficiency": 0.6610944678397236, "cost": 0.4455251921627195, "score": 0.5538741182413474}