{"quality": 0.30841938479261943, "novelty": 0.993279725527829, "diversity": 0.46799685210017294, "efficiency": 0.26044001086832147, "cost": 0.21528844006891926, "score": 0.4519822748631339}