{"quality": 0.2010621111328556, "novelty": 0.4296058107463433, "diversity": 0.420636047186996, "efficiency": 0.25293898838348433, "cost": 0.4847110791211728, "score": 0.24131703580924707}