{"quality": 0.34273543508256865, "novelty": 0.5946724975500247, "diversity": 0.7171986156127999, "efficiency": 0.5068742034598238, "cost": 0.5525442200544075, "score": 0.41570518654836963}