{"quality": 0.6935338533276431, "novelty": 0.4324891510607959, "diversity": 0.7099112577909686, "efficiency": 0.7549768582545475, "cost": 0.13660043774772815}