{"quality": 0.48765648106158754, "novelty": 0.4016798017408982, "diversity": 0.8381834991297059, "efficiency": 0.4367482475586226, "cost": 0.591842613835609, "score": 0.42068157032987447}