{"quality": 0.2916468870136427, "novelty": 0.628050958171867, "diversity": 0.4246861668238337, "efficiency": 0.510317983937101, "cost": 0.47759240503194533, "score": 0.3582324960991969}