{"quality": 0.5757109230429369, "novelty": 0.2435771547141419, "diversity": 0.3147232693381654, "efficiency": 0.011600006339321234, "cost": 0.345944306238267, "score": 0.26369778978612113}