{"quality": 0.9838668797917245, "novelty": 0.34532442837842586, "diversity": 0.581616690312475, "efficiency": 0.04486781144077154, "cost": 0.04566863990216033, "score": 0.4999778168205185}