{"quality": 0.7792535843576549, "novelty": 0.6639245996175737, "diversity": 0.7976685097653344, "efficiency": 0.04949232662959971, "cost": 0.2555917067746567, "score": 0.541155605481731}