{"quality": 0.4883477011165272, "novelty": 0.3592795526337561, "diversity": 0.7693190172864237, "efficiency": 0.8561733249018604, "cost": 0.4131191036812404, "score": 0.47730209031783694}