{"quality": 0.34715476825121183, "novelty": 0.11211730214422572, "diversity": 0.9917562291677755, "efficiency": 0.5422190807235415, "cost": 0.15379284537985166, "score": 0.3964805794155212}