{"quality": 0.8770426927673977, "novelty": 0.904799083363321, "diversity": 0.5711195337242314, "efficiency": 0.3637672460325637, "cost": 0, "score": 0.6581015723207804}