{"quality": 0.6302076414483768, "novelty": 0.6623141478390924, "diversity": 0.2609702826824784, "efficiency": 0.20520797053399636, "cost": 0.5574101927651995, "score": 0.38187506223436124}