{"quality": 0.4857701480622788, "novelty": 0.09198933354135219, "diversity": 0.7747099972342195, "efficiency": 0.7148493003600398, "cost": 0.03806644159075062, "score": 0.42709112814579653}