{"quality": 0.9647162611995594, "novelty": 0.14921104297922178, "diversity": 0.0036911126349929713, "efficiency": 0.8396696416609828, "cost": 0.08262233723868145, "score": 0.4451440741569511}