{"quality": 0.3442637022216347, "novelty": 0.3489466649320773, "diversity": 1, "efficiency": 0.41745588396047206, "cost": 0.39771349534911987, "score": 0.4133628099586686}