{"quality": 0, "novelty": 0.394033661428503, "diversity": 0.27920343011557575, "efficiency": 0.08090271501972973, "cost": 0.5167426387296625, "score": 0.1148102447602341}