{"quality": 0.6681318511942267, "novelty": 0.8713273517067233, "diversity": 0.29788181519798507, "efficiency": 0.0, "cost": 0.5820459651369697}