{"quality": 0.8554073322296972, "novelty": 0.8377046081548982, "diversity": 0.5253196954502113, "efficiency": 0.004474113339315924, "cost": 0.7921932787431173, "score": 0.49256407992426166}