{"quality": 0.47004784481688067, "novelty": 0.4716731829483182, "diversity": 0.5777699497203306, "efficiency": 0.3381871962055951, "cost": 0, "score": 0.4252147185570492}