{"quality": 0.8465903642058513, "novelty": 0.8349861580743989, "diversity": 0.8112022944172745, "efficiency": 0.1135777683127902, "cost": 0.6306961221661556, "score": 0.578931160694113}