{"quality": 0.46017736360785694, "novelty": 0.27520262782626226, "diversity": 0.26359783115742397, "efficiency": 0.5446383897072798, "cost": 0.9871165655323471, "score": 0.2425575341732647}