{"quality": 0.7804518078086754, "novelty": 0.6655127811873471, "diversity": 0.9159990729029066, "efficiency": 0.04180528694963315, "cost": 0.298892367515848}