{"quality": 0.5368619020526766, "novelty": 0.0907200997282004, "diversity": 1, "efficiency": 0.2030638415381062, "cost": 0.18242430468725274, "score": 0.39595574130984373}