{"quality": 0.8581803210747316, "novelty": 0.8697697392512598, "diversity": 0.011010592309858819, "efficiency": 0.07481183720201096, "cost": 0.7065217986150443, "score": 0.41766824531600344}