{"quality": 0.8360901596624938, "novelty": 0.5793014193473454, "diversity": 0.17312470662182008, "efficiency": 0.7714826787219107, "cost": 0.6596897274572245, "score": 0.48003077312251263}