{"quality": 0.3779470220294808, "novelty": 0.043514424067018914, "diversity": 0.2254857978749183, "efficiency": 0.025007385706882435, "cost": 0, "score": 0.173110980056615}