{"quality": 0.43104790908197166, "novelty": 0.7715988800624553, "diversity": 0.6417222299902808, "efficiency": 0.42621984675889485, "cost": 0.6026504412397391, "score": 0.4542264716281218}