{"quality": 0.9541684509674191, "novelty": 0, "diversity": 0.9589233149561094, "efficiency": 0.33202087062954816, "cost": 0.30322007086347763, "score": 0.49751632178953203}