{"quality": 0.6072495122842725, "novelty": 0.24876500182284567, "diversity": 0.7807225012042046, "efficiency": 0.8736884057216264, "cost": 0.09053139417032885, "score": 0.5225107258230451}