{"quality": 0.5410900217567576, "novelty": 0.8668818241997984, "diversity": 0.534950507602865, "efficiency": 0.1975351638099735, "cost": 0.8996003978316585, "score": 0.42570779888588}