{"quality": 0.17861159659363388, "novelty": 0.9584896565627913, "diversity": 0.7998083895324412, "efficiency": 0.5767340824754578, "cost": 0.6876050045061952, "score": 0.4709171829459753}