{"quality": 0.2222505928499584, "novelty": 0.8245275786955538, "diversity": 0.010286160745695438, "efficiency": 0.06240522189066347, "cost": 0.3244127612911322, "score": 0.25178381183250137}