{"quality": 0.1851169823401112, "novelty": 0.04923847089289074, "diversity": 0.06842437050779698, "efficiency": 0.962205604091933, "cost": 0.28513780412216055, "score": 0.19734664672838934}