{"quality": 0.16337333847230645, "novelty": 0.08302488181656861, "diversity": 0.387958053708443, "efficiency": 0.42982778955248757, "cost": 0.6727598013078796, "score": 0.14455802103960785}