{"quality": 0.4877314997217716, "novelty": 0.882413118245923, "diversity": 1, "efficiency": 0.3723721602639698, "cost": 0.8130809669795436, "score": 0.5414704568196532}