{"quality": 0.8646387590804561, "novelty": 0.32739221744662733, "diversity": 0.7983370087941374, "efficiency": 0.7148236641372769, "cost": 0.20358680647981967, "score": 0.5877719528172307}