{"quality": 0.30182480526026256, "novelty": 0.7216909371441728, "diversity": 0.7239265720002477, "efficiency": 0.47803135630304916, "cost": 0.18772063974951728, "score": 0.46868812973467716}