{"quality": 0.04712024159142619, "novelty": 0.5270582004199065, "diversity": 1, "efficiency": 0.3090661252369171, "cost": 0.5567498557988813, "score": 0.33658555578805394}