{"quality": 0.23207484588936728, "novelty": 0.8180734093454441, "diversity": 0.7114805616521269, "efficiency": 0.021767005331252087, "cost": 0.7607627772545398, "score": 0.3436256915078304}