{"quality": 0.10646091942675659, "novelty": 0.058206261634348055, "diversity": 0.34998769003192964, "efficiency": 0.5210548166913933, "cost": 0.8012759105933616, "score": 0.11451801068737276}