{"quality": 0.5165318168789681, "novelty": 0.8156205397631024, "diversity": 0.653188485401852, "efficiency": 0.3132714769994769, "cost": 0.3548199829227396, "score": 0.5010111003424841}