{"quality": 0.03551053820923858, "novelty": 0, "diversity": 0.5215955985368143, "efficiency": 0.5002422929941456, "cost": 0, "score": 0.19000862511925626}