{"quality": 0.4386020442531907, "novelty": 0.7527912352566313, "diversity": 0.6694109727212127, "efficiency": 0.14092761208481608, "cost": 0.5272198923797207, "score": 0.42207776920910794}