{"quality": 0.9374665729061702, "novelty": 0.5409967585773938, "diversity": 0.21366766544190874, "efficiency": 0, "cost": 0.15075619230757836, "score": 0.4441470753738234}