{"quality": 0.23547755713164503, "novelty": 0.7512823059067743, "diversity": 0.8767138471246301, "efficiency": 0.9608736678344836, "cost": 0.6317504250944975, "score": 0.5147626207068359}