{"quality": 0.16946806597642658, "novelty": 0.884662552694258, "diversity": 0.8633497702541018, "efficiency": 0.22483630429947, "cost": 0.5597271220439484, "score": 0.4224287454578385}