{"quality": 0.20203050067498357, "novelty": 0.7774960056050847, "diversity": 0.7039039100140083, "efficiency": 0, "cost": 1, "score": 0.29576393360656794}