{"quality": 0.10695016244761066, "novelty": 0.31476878322473417, "diversity": 0.4718778564965802, "efficiency": 0.6364923692518704, "cost": 0.6765263711272109, "score": 0.23297403411484227}