{"quality": 0.3924509505352658, "novelty": 0.1358263365118621, "diversity": 0.7647726024670269, "efficiency": 0.6942743464510918, "cost": 0.5827148943286709, "score": 0.3505160523167474}