{"quality": 0.8714320021366451, "novelty": 0.36718053532366546, "diversity": 0.5018778700154698, "efficiency": 0.3471509982017862, "cost": 0.3403353509464308, "score": 0.47163942311062873}