{"quality": 0.18303801216350046, "novelty": 0.2329675551586551, "diversity": 0.43617758200113194, "efficiency": 0.9141740156821283, "cost": 0.8225464933850983, "score": 0.2552602618527497}