{"quality": 0.789485262274435, "novelty": 0.9229617977871789, "diversity": 0.6930069170332729, "efficiency": 0.2585504018099362, "cost": 0.3211087246428161}