{"quality": 0.4739031359134565, "novelty": 0.2373374967877181, "diversity": 0.8811376013926278, "efficiency": 0.8262107158951939, "cost": 0.49097528225873427, "score": 0.45256691440789765}