{"quality": 0.5451423921252558, "novelty": 0, "diversity": 0.9056247729142752, "efficiency": 0.26046445864197365, "cost": 0.8226896037462603, "score": 0.3014683806421018}