{"quality": 0.8005310931927261, "novelty": 0.304979099318075, "diversity": 0.5668576170011783, "efficiency": 0.7132860814536517, "cost": 0.11400737601255609, "score": 0.5253678008043644}