{"quality": 0.9034020361784039, "novelty": 0.9043030116870068, "diversity": 0.6423034547391957, "efficiency": 1, "cost": 0.6643020675709439, "score": 0.7091268479660175}