{"quality": 0.7223249404019396, "novelty": 0.3330259065953694, "diversity": 0.26690071612366195, "efficiency": 0.5282190125023178, "cost": 0.3910662796958697, "score": 0.3934603258999173}