{"quality": 0.5428084605200592, "novelty": 1, "diversity": 0.11599194702618504, "efficiency": 0.8029745755647945, "cost": 0.8316484442944944, "score": 0.4733222694665245}