{"quality": 0.8119669932582771, "novelty": 0.4206411347535114, "diversity": 0.25492974575126925, "efficiency": 0.9337160623295941, "cost": 0.8468019003959544, "score": 0.4551135501259585}