{"quality": 0.7489678467354729, "novelty": 1, "diversity": 0.5895694640376066, "efficiency": 0.6773104079193841, "cost": 0.8590764041928292, "score": 0.6082931675967879}