{"quality": 0.023949527880377408, "novelty": 0.6598963613747302, "diversity": 1, "efficiency": 0.00677943423697791, "cost": 0.8067209969264675, "score": 0.2925037641506957}