{"quality": 0.12974033460137852, "novelty": 0.4584506583334791, "diversity": 0.1620883895059092, "efficiency": 0.9334844845782767, "cost": 0.7989043564038062, "score": 0.24608467991132604}