{"quality": 0.608861092393877, "novelty": 0.30300127779060265, "diversity": 0.6020174283972664, "efficiency": 0.07808493357627108, "cost": 0.8647610536438782, "score": 0.3040487675173199}