{"quality": 0.02570429510508776, "novelty": 0.45303699980791956, "diversity": 0.738137214629841, "efficiency": 0.44945820127213676, "cost": 0.8425853512507132, "score": 0.25175817647522364}