{"quality": 0.13456921205352243, "novelty": 1, "diversity": 0.27835827835293503, "efficiency": 0.47069103624437664, "cost": 0.24561064472654992, "score": 0.39208501025064524}