{"quality": 0.3156748764593867, "novelty": 0.36250278140242687, "diversity": 0.9656027926163506, "efficiency": 0, "cost": 0.3026133788345432, "score": 0.3481873789282386}