{"quality": 0.843030225745429, "novelty": 0.5695909659248665, "diversity": 0.6377369463173789, "efficiency": 0.32675581329815445, "cost": 0.3049466876144714, "score": 0.5413729017015971}