{"quality": 0.1412746607193997, "novelty": 0.4278523901915609, "diversity": 1, "efficiency": 0.6032324082679162, "cost": 1, "score": 0.33983035700389763}