{"quality": 0.8852551665399697, "novelty": 0.13922863021220216, "diversity": 0, "efficiency": 0.7388103419533029, "cost": 0.9498595140189698, "score": 0.3162193074061399}