{"quality": 0.6827668896464492, "novelty": 0.81882948928829, "diversity": 0.6572858327306583, "efficiency": 0.5694731687668778, "cost": 0.7238262709740593, "score": 0.5540329539797647}