{"quality": 0.38211346649523315, "novelty": 0.4499326910710192, "diversity": 0.49091954276761196, "efficiency": 0.4315611639424371, "cost": 0.46161914475944427, "score": 0.34387338138526824}