{"quality": 0.618257569765398, "novelty": 0.07917077963792998, "diversity": 0.02650608479776162, "efficiency": 0.44526008877208006, "cost": 0.1988665529813236, "score": 0.25747354081633383}