{"quality": 0.8660135763164978, "novelty": 0.184151656906393, "diversity": 0.8438910871157557, "efficiency": 0.968837719181999, "cost": 0, "score": 0.6199458624219986}