{"quality": 0.32171629416510317, "novelty": 0.5873282572428139, "diversity": 0.7797254920997092, "efficiency": 0.08889673187591729, "cost": 0.9619646969164761, "score": 0.31643009106991626}