{"quality": 1, "novelty": 0.843377074408474, "diversity": 0.12006616213672908, "efficiency": 0.9634494189048868, "cost": 0.5570374674635377, "score": 0.6236711671188435}