{"quality": 0, "novelty": 0.37152628754508554, "diversity": 0.8253275106421049, "efficiency": 0.37618931967860025, "cost": 0.7830792052401314, "score": 0.23606755144246927}