{"quality": 0.33378210780037537, "novelty": 0.027178797211587863, "diversity": 0.4118297918547436, "efficiency": 1, "cost": 0.8348113238631667, "score": 0.25581415762764165}