{"quality": 0.3856792474510603, "novelty": 0.7996676281870587, "diversity": 0.08408356038648956, "efficiency": 0.6870210033426947, "cost": 0.7751569994690903, "score": 0.3579748439138758}