{"quality": 0.9927299344728593, "novelty": 0.6515496980715664, "diversity": 0.16629882641954047, "efficiency": 0.2515920977558502, "cost": 0.31611776762481164, "score": 0.5000932080445538}