{"quality": 0.8612305661746702, "novelty": 0.7892513629394446, "diversity": 0.3002435518073237, "efficiency": 0.6004866194780611, "cost": 0.5485108921734462, "score": 0.5509526246530916}