{"quality": 0.4552624400831408, "novelty": 0.5865137321947487, "diversity": 0.6638247557024194, "efficiency": 0, "cost": 0.977202619356166, "score": 0.3182518542784967}