{"quality": 0.938091736965111, "novelty": 0.5130854005556006, "diversity": 0.586660416955462, "efficiency": 0.89484155566694, "cost": 0.8512927393309722, "score": 0.5761279140364696}