{"quality": 0.6472458453059313, "novelty": 0.824916786630858, "diversity": 0.85080012855987, "efficiency": 0.2595451154057661, "cost": 0.4370635511264608, "score": 0.5657883881596867}