{"quality": 0.3355509918163486, "novelty": 0.9534476827617182, "diversity": 0.20682720203581795, "efficiency": 0.0731775471556142, "cost": 0.08391003119616464, "score": 0.38297828759622343}