{"quality": 0.4390288444552753, "novelty": 0.5014900265474929, "diversity": 0.1463507349207277, "efficiency": 0.7374664622856946, "cost": 0.9020341773933809, "score": 0.30676785856111743}