{"quality": 0, "novelty": 0.7608668429050189, "diversity": 0.20295665110243305, "efficiency": 1, "cost": 0.8712845271132027, "score": 0.29367958823542106}