{"quality": 1, "novelty": 1, "diversity": 0.5138989707547881, "efficiency": 0.46963912496377935, "cost": 0.6151920480683954, "score": 0.661706458088685}