{"quality": 0.6842921515768641, "novelty": 0.004862489083539784, "diversity": 0.47505872556093603, "efficiency": 0.45585550716640527, "cost": 0.376029072944043, "score": 0.33229043163668787}