{"quality": 0.26584263896891763, "novelty": 0.82633647638615, "diversity": 0.5890385050214957, "efficiency": 0.6744606218373749, "cost": 0, "score": 0.5053137050671181}