{"quality": 0.29692965135296234, "novelty": 0.3637132024329465, "diversity": 0.08717192778256319, "efficiency": 0.18992802998206743, "cost": 0.5324966235372328, "score": 0.1726811237142248}