{"quality": 0.3707598774859934, "novelty": 0.13655395443137255, "diversity": 1, "efficiency": 0.5910065799577555, "cost": 0.8145290143130048, "score": 0.352564537416004}