{"quality": 0.11133824897475436, "novelty": 0.8598174522094674, "diversity": 0.22383218118718523, "efficiency": 0.6885945897034547, "cost": 0.8118855097507598, "score": 0.3152229114626724}