{"quality": 1, "novelty": 0.7000987865676356, "diversity": 0.7589361617421695, "efficiency": 0.6669757339660409, "cost": 0.8561442226143865, "score": 0.6412438668238102}