{"quality": 1, "novelty": 0.7777262998350511, "diversity": 0.1026187694806808, "efficiency": 0.8478300760868049, "cost": 0.11161942012012521, "score": 0.6309678982559072}