{"quality": 0.7785111991781797, "novelty": 0.9806989080989915, "diversity": 0.6584409049835708, "efficiency": 0.5045473855060233, "cost": 0.7890524396245173}