{"quality": 0.24384070860859858, "novelty": 0.6021854591905738, "diversity": 0.8681072737822639, "efficiency": 0.8783755250731383, "cost": 0.20322721679954853, "score": 0.5087536392176917}