{"quality": 0.8377623869681801, "novelty": 0.8492835515220866, "diversity": 0.1691631194284667, "efficiency": 0.47636331937154214, "cost": 0.7322147667559101, "score": 0.49571524908680925}