{"quality": 0.4354573629962927, "novelty": 0.1612437412512026, "diversity": 0, "efficiency": 0.3737635634512896, "cost": 0, "score": 0.2270126787293819}