{"quality": 0.645806677383548, "novelty": 0.42727886130942383, "diversity": 0.6528261502130966, "efficiency": 0.8682371995258584, "cost": 0.47807938776388004, "score": 0.5135545897375304}