{"quality": 0.28499284791492885, "novelty": 0.3532573311181208, "diversity": 0, "efficiency": 0.3121354001129937, "cost": 0.18328477173880836, "score": 0.2023040199970771}