{"quality": 0.3701700281808324, "novelty": 0.32522480239861384, "diversity": 0.7586534454446896, "efficiency": 0.8142405700143786, "cost": 0.6474328655805603, "score": 0.40148069708694184}