{"quality": 0.42686887549421393, "novelty": 0.633176007902279, "diversity": 1, "efficiency": 0.23225715428599886, "cost": 0.6787391661430664, "score": 0.4533193211524271}