{"quality": 0.9611632502576923, "novelty": 0.578416892421364, "diversity": 0.8242313171697473, "efficiency": 0.6732306399826279, "cost": 0.27554800806025337, "score": 0.671229256807967}