{"quality": 0.49072000304058927, "novelty": 0.5584701523897639, "diversity": 1, "efficiency": 0.6122860202070122, "cost": 0.33772604505286036, "score": 0.5449038375353835}