{"quality": 0.9034164562746057, "novelty": 0.4463520486902427, "diversity": 0.12078938844859216, "efficiency": 0.11423403208422817, "cost": 0.617498636796864, "score": 0.3621560678776087}