{"quality": 0.6753001012189095, "novelty": 1.0, "diversity": 0.7701184426518275, "efficiency": 0.9731791989334728, "cost": 0.34586408665378005}