{"quality": 0.7210022466037178, "novelty": 0.4214927744010781, "diversity": 0.5640403880862783, "efficiency": 0.3643940556311652, "cost": 0.34138961171026966, "score": 0.4550020923722883}