{"quality": 0.6879614496453765, "novelty": 0.6587421086407103, "diversity": 0.5174717461847835, "efficiency": 0.9392479092651265, "cost": 0.8818157923822634, "score": 0.5272739184422899}