{"quality": 0.46761717601993036, "novelty": 0.4374961322823378, "diversity": 0.9254001191438426, "efficiency": 0.639034324179763, "cost": 0.2522432867348504, "score": 0.5053700296588115}