{"quality": 0.1513002856301909, "novelty": 0.8704089888576059, "diversity": 0.119220578462154, "efficiency": 0.37434827845055774, "cost": 0.9923372953412946, "score": 0.24375496082934373}