{"quality": 0.7471976648030723, "novelty": 1, "diversity": 0.04495352980866077, "efficiency": 0, "cost": 0.4078442095688163, "score": 0.44236558444577223}