{"quality": 0.7496843158163878, "novelty": 0.07593740513772398, "diversity": 0.09977519681080328, "efficiency": 0.9813308057374508, "cost": 0.6281293038722155, "score": 0.34823137586490405}