{"quality": 0.5919891142186113, "novelty": 0.30718263306140525, "diversity": 0.4326009843061367, "efficiency": 0.5711737835324995, "cost": 0.28000542111347987, "score": 0.39858811481068895}