{"quality": 1, "novelty": 0.2708519858355277, "diversity": 0.5410883754167999, "efficiency": 0.5958461194667793, "cost": 0, "score": 0.5653075894622588}