{"quality": 0.1949201439263121, "novelty": 0.22082127224939124, "diversity": 0.3916147485892072, "efficiency": 0.6682737798243719, "cost": 0.35550142326553585, "score": 0.2566952356051851}