{"quality": 0.9627128378035065, "novelty": 0.6779448284143375, "diversity": 0.6970688947559657, "efficiency": 0.5944336438426905, "cost": 0, "score": 0.686878883972233}