{"quality": 0.8086884389684669, "novelty": 0.17319263728525447, "diversity": 0.2726225867255326, "efficiency": 0.03152717096441765, "cost": 0, "score": 0.34515828400162285}