{"quality": 1, "novelty": 0.8935227922294402, "diversity": 0.7298699690775302, "efficiency": 0.36360581638437867, "cost": 0.10594361447641325, "score": 0.7133012028828816}