{"quality": 0.5101827207686099, "novelty": 0.3459549081963312, "diversity": 0.3435656507741819, "efficiency": 0.4182628012886844, "cost": 0.38920265039632423, "score": 0.33207582858817236}