{"quality": 0.5039302522251359, "novelty": 1, "diversity": 1, "efficiency": 0.05952581944450297, "cost": 0.34372435901013726, "score": 0.5757355126832026}