{"quality": 0.5397608944283606, "novelty": 0.23392605726676916, "diversity": 0.386360201600997, "efficiency": 0.5150198795196681, "cost": 0.5236332310313214, "score": 0.322571481790218}