{"quality": 0.7102002877818875, "novelty": 0.7083072242222994, "diversity": 0.6765847011380094, "efficiency": 0.21589138372766592, "cost": 0.9105111663941527, "score": 0.4667864235374775}