{"quality": 0.8861181358541905, "novelty": 0.8142209053255232, "diversity": 0.18765260767292857, "efficiency": 0.4448388276540789, "cost": 0.696569626250682, "score": 0.5039900501452673}