{"quality": 0.5207524189320012, "novelty": 0.16450527474656043, "diversity": 0.20439737709278388, "efficiency": 0.6124278452332801, "cost": 0.4003932588720737, "score": 0.29005637068258183}