{"quality": 0.12599218918532096, "novelty": 0.6055803410826899, "diversity": 0.4074188840005366, "efficiency": 0.1377068654370242, "cost": 0.035854121492551794, "score": 0.2877471364926746}