{"quality": 0.6156558857716974, "novelty": 0, "diversity": 0.2838056603671924, "efficiency": 0.7664801552673178, "cost": 0.6354137888252529, "score": 0.29288854221252003}