{"quality": 0.5295103427124779, "novelty": 0.8947479847102349, "diversity": 0.24893574870772267, "efficiency": 0.9744954519578164, "cost": 0.3263388386480849, "score": 0.5458676826617105}