{"quality": 0.7472943913191357, "novelty": 0.21862796809088686, "diversity": 0.6408282372693836, "efficiency": 0.8608934085224574, "cost": 1, "score": 0.4361449681507078}