{"quality": 0.22392148049959087, "novelty": 0.8933494942530769, "diversity": 1, "efficiency": 0.5929378673518408, "cost": 1, "score": 0.47945449781592264}