{"quality": 0.6847479077327374, "novelty": 0.5931777331781758, "diversity": 0, "efficiency": 0.7109043219996881, "cost": 0.7840658389109096, "score": 0.38194787002322744}