{"quality": 0.9796981515771821, "novelty": 0.2718060826537829, "diversity": 0.09307817478278205, "efficiency": 0.8202612485656304, "cost": 0.46926376451502794, "score": 0.4565894119264985}