{"quality": 1, "novelty": 0.9866340629301362, "diversity": 0.09197270925874404, "efficiency": 0.17909519280368197, "cost": 0.4992892237303289, "score": 0.5419884141318023}