{"quality": 0.545322536805779, "novelty": 0.4116206977842754, "diversity": 0.37344929534265403, "efficiency": 0.6630880714897666, "cost": 0.71930486881205, "score": 0.3687245183985933}