{"quality": 0.4581575077653488, "novelty": 0.46867801319228825, "diversity": 0.24670961803531388, "efficiency": 0.640980749096138, "cost": 0.398859829397761, "score": 0.3602198086593841}