{"quality": 0.24656209737460225, "novelty": 0.3497350105764607, "diversity": 0.6234336535067478, "efficiency": 0.30054977457787985, "cost": 0.6342208135206021, "score": 0.2677494973924672}