{"quality": 0.35142995957493495, "novelty": 0.8120973169734216, "diversity": 1, "efficiency": 0.7460223656248647, "cost": 0.7161723616483655, "score": 0.5487394357947291}