{"quality": 0.4414221272449645, "novelty": 0.5123506733690861, "diversity": 1, "efficiency": 0.33052828081215824, "cost": 0.3674402630285123, "score": 0.4733495223347334}