{"quality": 0.3144882534630668, "novelty": 0.2393776742861956, "diversity": 0.9670617125006663, "efficiency": 0.3745069883189638, "cost": 0.9768171407653635, "score": 0.3060975712819104}