{"quality": 0.1662109746874239, "novelty": 0.7113406048175799, "diversity": 0.4083662161619187, "efficiency": 0.3574397128425396, "cost": 0.1120369405865781, "score": 0.351783949710729}