{"quality": 1, "novelty": 0.5908504662084509, "diversity": 0.7809502227642027, "efficiency": 0.10821758332262629, "cost": 0, "score": 0.6201352986033473}