{"quality": 0.33074708801353603, "novelty": 0.658119755176443, "diversity": 0.8102057410259833, "efficiency": 0.7260916186911721, "cost": 0, "score": 0.5347089562070441}