{"quality": 0, "novelty": 0.32323235145565365, "diversity": 0.7450644053981523, "efficiency": 0.6776171226654133, "cost": 0, "score": 0.3314635373433559}