{"quality": 0.9261061789430672, "novelty": 0.32108528563496724, "diversity": 0.8129921923843872, "efficiency": 0.30417926044783244, "cost": 0.9213728616151124, "score": 0.4741912164742031}