{"quality": 0.96650701369702, "novelty": 0.0739066231642781, "diversity": 0.9176026918389397, "efficiency": 0.4736874590064157, "cost": 0.05339907082828749, "score": 0.557662510036097}