{"quality": 0.6946517604755391, "novelty": 0.6675109675512578, "diversity": 0, "efficiency": 0.0023678705699822777, "cost": 0, "score": 0.3756284506159735}