{"quality": 0.03904454395768828, "novelty": 0.3526069938505332, "diversity": 0.12178470508884365, "efficiency": 0.578842098666229, "cost": 0.4530559614041765, "score": 0.1657427713272252}