{"quality": 0.7924648032882389, "novelty": 0.27239237592417676, "diversity": 0.9572322822952894, "efficiency": 0.4431165119014193, "cost": 0.4314184026487907, "score": 0.5206096279469076}