{"quality": 0, "novelty": 0.15949037941425553, "diversity": 0.5829462782359718, "efficiency": 0.31218194796965365, "cost": 0.8744410006549265, "score": 0.11584504263071362}