{"quality": 1.0, "novelty": 0.23061890309258715, "diversity": 0.8314908245920616, "efficiency": 1.0, "cost": 1.0}