{"quality": 0.9273893840086931, "novelty": 0.5935389871707696, "diversity": 0, "efficiency": 0.7754952428064602, "cost": 0.5691673342787367, "score": 0.48600911498839566}