{"quality": 0.13824259880305115, "novelty": 0.7462485554098484, "diversity": 0.07685877356608908, "efficiency": 0.4811219892824059, "cost": 0, "score": 0.3155749715989561}