{"quality": 1, "novelty": 0.2494535477940359, "diversity": 0.8197511971851028, "efficiency": 0.6844629727601219, "cost": 0.2621868327549409, "score": 0.6027643890240537}