{"quality": 0.3351356292544886, "novelty": 0.45910796989261116, "diversity": 0.31043258604570356, "efficiency": 0.16924212813810485, "cost": 0.7445711835379833, "score": 0.22833339932555743}