{"quality": 0.15222141448201063, "novelty": 0.9700623636500619, "diversity": 0.34877330734517586, "efficiency": 0, "cost": 0.5445082365701387, "score": 0.30348585306914}