{"quality": 0.47239462670511906, "novelty": 0.42822590288012763, "diversity": 1, "efficiency": 1, "cost": 0.4130509942989696, "score": 0.5574697643016706}