{"quality": 0.6399705517587866, "novelty": 0.16125984005619234, "diversity": 0.07106134470998415, "efficiency": 0.1633702475634399, "cost": 0.10528678732321184, "score": 0.2604952528858757}