{"quality": 0.22545926121275742, "novelty": 0.850966105963274, "diversity": 1.0, "efficiency": 0.5826409627046316, "cost": 0.7175529070511026}