{"quality": 0.5677579064636394, "novelty": 0.9868189151984245, "diversity": 0.583476039500538, "efficiency": 0.6097351762923238, "cost": 0.8746174089189986, "score": 0.5377258441907543}