{"quality": 0.6324068986068397, "novelty": 0.1909361138407351, "diversity": 0.040916111701711874, "efficiency": 1, "cost": 0.21097527984338724, "score": 0.37454179239823937}