{"quality": 1, "novelty": 0.8612359146036621, "diversity": 0.5420835947257518, "efficiency": 0.7687395426435384, "cost": 0.19379461715243396, "score": 0.7196571672773533}