{"quality": 0.6172784226087368, "novelty": 0, "diversity": 0.5336662969509602, "efficiency": 0.3991447450145233, "cost": 0.9528812389816962, "score": 0.2565003740268219}