{"quality": 0.8343047687066033, "novelty": 0.8690521266946827, "diversity": 0.21958089809912618, "efficiency": 0.18557813957665492, "cost": 0.09273716986902752, "score": 0.5300336458550724}