{"quality": 0.18926197462895153, "novelty": 0.8972981673778376, "diversity": 0.2656558073653001, "efficiency": 0.29833040684795475, "cost": 0.2734545874931754, "score": 0.35163839798408053}