{"quality": 0.5174479281191495, "novelty": 0.8656715093193849, "diversity": 0.6143155215467984, "efficiency": 0.560369566633002, "cost": 0.9103476777788868, "score": 0.4875360272920124}