{"quality": 0.2657701348500605, "novelty": 0.7017569435562261, "diversity": 0.35591044172120134, "efficiency": 0.3273882088170042, "cost": 0.780962500864673, "score": 0.29736434592439825}