{"quality": 0.29252524164371285, "novelty": 0.6931365015088826, "diversity": 0.8680347460929321, "efficiency": 0.7802097993975861, "cost": 0.08906162029793546, "score": 0.5427739549687652}