{"quality": 0, "novelty": 0.666689347411766, "diversity": 0.36459178078163545, "efficiency": 0.803669845157184, "cost": 0.2923729125767837, "score": 0.33090387852516784}