{"quality": 0.5737866745828879, "novelty": 0.3321951733057113, "diversity": 0.9305390178325514, "efficiency": 0.5537521833365396, "cost": 0, "score": 0.5243554267682855}