{"quality": 0.6389152511110129, "novelty": 0.7251234800103068, "diversity": 0.816220504280873, "efficiency": 0, "cost": 0.06191342362517771, "score": 0.5300082038295374}