{"quality": 0.9332001239465197, "novelty": 0.6351338337477368, "diversity": 1, "efficiency": 0.07842972901642456, "cost": 0.8875142487035728, "score": 0.5617565301029966}