{"quality": 0.7368876239415184, "novelty": 0.3222496732629558, "diversity": 0.6857409851052518, "efficiency": 0.1547520158303659, "cost": 0.6111870010540186, "score": 0.4008710047883978}