{"quality": 0.40080926679086326, "novelty": 0.9565359811085933, "diversity": 0.8674911301070547, "efficiency": 0.6967953291907512, "cost": 0.5355201158988748, "score": 0.5838422891245434}