{"quality": 0.8880179266204926, "novelty": 0.6404681523798701, "diversity": 0.059811195902728376, "efficiency": 0.9614380490546806, "cost": 0, "score": 0.582700362619863}