{"quality": 0.4696905205763393, "novelty": 0.09194920399082163, "diversity": 0.6250450489989011, "efficiency": 0.3687153195996903, "cost": 0.8333560180591904, "score": 0.2608751631044219}