{"quality": 0.09641133804497426, "novelty": 0.5029837673450374, "diversity": 0.5411743834444243, "efficiency": 0.6750132364597806, "cost": 0.84291200725737, "score": 0.2798650046818666}