{"quality": 0, "novelty": 0.19229335683570353, "diversity": 0.4699615604236207, "efficiency": 0, "cost": 0.8805681702173427, "score": 0.05400883427191573}