{"quality": 0.5734624744569794, "novelty": 0.13029830805610954, "diversity": 1, "efficiency": 0.4472457902946631, "cost": 0.5145940074271567, "score": 0.420240787152605}