{"quality": 0.9359711123435267, "novelty": 0.7401488036545592, "diversity": 0.4338323037927332, "efficiency": 0.8182997499250533, "cost": 0.30052619352032844, "score": 0.6452873385119695}