{"quality": 0.8394727897929473, "novelty": 0.2105342786227765, "diversity": 0.26060876495422935, "efficiency": 1, "cost": 0.5614630383705281, "score": 0.45045085574737126}