{"quality": 0.40062564809683177, "novelty": 0.7630427340354131, "diversity": 0.35369421409716223, "efficiency": 0.9244488872496394, "cost": 0.7308668074272107, "score": 0.44726787310206007}