{"quality": 0.6476912835714347, "novelty": 0, "diversity": 0.8233257072390566, "efficiency": 0.09732872958706898, "cost": 0.5673026311067031, "score": 0.3168415728466318}