{"quality": 0.0379235827839073, "novelty": 0, "diversity": 0.9394069831627475, "efficiency": 0, "cost": 0.10089314143582795, "score": 0.18916915732413891}