{"quality": 0.7496306112967979, "novelty": 0.028575528969656927, "diversity": 0.734848862121633, "efficiency": 0.6705110058529306, "cost": 0.8259056848949868, "score": 0.39698892044422107}