{"quality": 0.6688289587810986, "novelty": 0.6356031198891378, "diversity": 0.25612146466511765, "efficiency": 0.4040537556748012, "cost": 0.6535373596243089, "score": 0.4060280879284268}