{"quality": 0.2586099427773766, "novelty": 0.5931167231727688, "diversity": 0.3342426228622991, "efficiency": 0.8039418769425236, "cost": 0, "score": 0.4133019697402435}