{"quality": 0.8980911742920751, "novelty": 0.4636469661741411, "diversity": 0.6252713320807503, "efficiency": 0.4028702898962455, "cost": 1.0}