{"quality": 0.12071506520152397, "novelty": 0.5520734911097901, "diversity": 0.3103781996844095, "efficiency": 0, "cost": 0.6326111884991393, "score": 0.17304741342487268}