{"quality": 0.4051531583865445, "novelty": 0.26619892832861747, "diversity": 0, "efficiency": 0.8595765569588631, "cost": 0.3903774978884714, "score": 0.2779944133531}