{"quality": 0.7962539830614865, "novelty": 0.18543764731691098, "diversity": 0.7400205017801771, "efficiency": 0.5616471307173003, "cost": 0.48892430204589016, "score": 0.46859434650671516}