{"quality": 0.14914111505788036, "novelty": 0.7658460691995941, "diversity": 0.7132477984531389, "efficiency": 0.8777814961660808, "cost": 0.6487512925554071, "score": 0.44564550667726177}