{"quality": 0.43057906947456603, "novelty": 0.14810434210808382, "diversity": 0.7549393292208477, "efficiency": 0.1535094432288412, "cost": 0.6144799593611545, "score": 0.27876609276177106}