{"quality": 0.450837603375551, "novelty": 0.42238061753223194, "diversity": 0.4136556229703389, "efficiency": 0, "cost": 0.6727425695308178, "score": 0.25630330303670923}