{"quality": 0.799216526654676, "novelty": 0.1944690301216599, "diversity": 0.07471739413853029, "efficiency": 0.41536124661755197, "cost": 0.9455377787042738, "score": 0.2710761034767292}