{"quality": 0.8583594517210055, "novelty": 0.17353349987015232, "diversity": 0.6049730282311403, "efficiency": 0.3007175892002861, "cost": 0.5650994021044204, "score": 0.4104835142996686}