{"quality": 0.802343666596494, "novelty": 0.20135354375491832, "diversity": 0.539403407537535, "efficiency": 0.3630913368296616, "cost": 0.6477467829544861, "score": 0.3886111896541854}