{"quality": 0.07746858684969762, "novelty": 0.3599491158940231, "diversity": 0.5105226375566806, "efficiency": 0.5583990436286658, "cost": 0.639412010306122, "score": 0.23515103805343882}