{"quality": 0.12271346148554119, "novelty": 0.5426944541179426, "diversity": 0.19608511532898742, "efficiency": 0.8481672200022984, "cost": 0.24140184047960347, "score": 0.31478957399332985}