{"quality": 0.25302810778976204, "novelty": 0.2243397587433693, "diversity": 0.4457978149305228, "efficiency": 0.7659242675689402, "cost": 0.3024632019438902, "score": 0.3057952549498275}