{"quality": 0.9611608769076855, "novelty": 0.43724236802143013, "diversity": 0.6839878098042377, "efficiency": 0.07379701141361195, "cost": 0.4234323611360199}