{"quality": 0.0029516612548904086, "novelty": 0.278651314985832, "diversity": 0.5674262509619268, "efficiency": 0.0991548345842167, "cost": 0.44357261708463824, "score": 0.1545495407944792}