{"quality": 0.25516680408068576, "novelty": 0.19655450555129506, "diversity": 0.49055128878302356, "efficiency": 0.6015346717661342, "cost": 0, "score": 0.3140291261335543}