{"quality": 0.6722355730739727, "novelty": 0.8728050833244906, "diversity": 0.2314309501362608, "efficiency": 0, "cost": 0.5480221509415732, "score": 0.4113559176864093}