{"quality": 1, "novelty": 0.7551207918435824, "diversity": 1, "efficiency": 0.30372456583166313, "cost": 0.4232256685272776, "score": 0.6920163159829174}