{"quality": 0.4991160079409028, "novelty": 0.49626331865670437, "diversity": 0.10543101277113125, "efficiency": 0.5595328943516691, "cost": 0.5066958449209332, "score": 0.32814718426133016}