{"quality": 0.6201624247682844, "novelty": 0.3044035876788134, "diversity": 0.6917898238130488, "efficiency": 0.1613442668085453, "cost": 0.4090985923326847, "score": 0.38379936990081176}