{"quality": 0.8660138747844845, "novelty": 0.5405066135098415, "diversity": 0.7489034891212225, "efficiency": 0.6760124201291833, "cost": 0.7837390155258546, "score": 0.5677394751038423}