{"quality": 0.1911203928228306, "novelty": 0.08316213020929475, "diversity": 0.7436302958644334, "efficiency": 0.3926836315999295, "cost": 0.35819848503586654, "score": 0.2499354058084623}