{"quality": 0.2667659611294648, "novelty": 0.981825394135426, "diversity": 1, "efficiency": 0, "cost": 1, "score": 0.425486136872696}