{"quality": 0.14694047019139606, "novelty": 0.18315412279734455, "diversity": 0.03598543862300024, "efficiency": 0.5236873707561971, "cost": 0.19726816385220147, "score": 0.15589404870956441}