{"quality": 0.21544934309037161, "novelty": 0, "diversity": 0.7745225663260752, "efficiency": 0.4099302057509906, "cost": 0.27351452698611467, "score": 0.25367739435636366}