{"quality": 0.7008812661263775, "novelty": 0.5461395800508813, "diversity": 0, "efficiency": 0.9494782002954536, "cost": 1, "score": 0.3892210048949516}