{"quality": 0.9465493649637928, "novelty": 0.45101696944729963, "diversity": 0.22045661307228817, "efficiency": 0.8768819568415323, "cost": 0.26975075668274906}