{"quality": 0.6953445526268702, "novelty": 0.29844981589214653, "diversity": 0.363951753783786, "efficiency": 0, "cost": 0.4197503305834723, "score": 0.3140311374595077}