{"quality": 0.9050119706567297, "novelty": 0.4510909984833501, "diversity": 0.3347516300202357, "efficiency": 1.0, "cost": 0.31197081892791156}