{"quality": 0.49694974670028724, "novelty": 0.3705400444530421, "diversity": 0.30983918146794603, "efficiency": 0.35754478494213615, "cost": 0.6820691722120129, "score": 0.28911257193705503}