{"quality": 0.12934020355045944, "novelty": 0.13624455046947348, "diversity": 0.13842378392217813, "efficiency": 0.47137306503843507, "cost": 0.8843991900747321, "score": 0.08281399621523389}