{"quality": 0.5614891864467535, "novelty": 0.8992941677317763, "diversity": 0.44958204678575575, "efficiency": 0.44840873821093147, "cost": 0.9242832021870757, "score": 0.45801969773705337}