{"quality": 0.29554579534564324, "novelty": 0.11755554650073488, "diversity": 0.7116110776175867, "efficiency": 0.29057276324460085, "cost": 1, "score": 0.20396075523908416}