{"quality": 0.6547370521597913, "novelty": 0.3077659304880107, "diversity": 0.2606640950168396, "efficiency": 0, "cost": 1, "score": 0.22549541727330794}