{"quality": 0.3471000773377506, "novelty": 0.01660051854549413, "diversity": 0.8677025112560922, "efficiency": 0.6994779266261691, "cost": 0.35189223937035924, "score": 0.35155312014580664}