{"quality": 0.7817443295997809, "novelty": 0.33331197766314724, "diversity": 0.9129729855411906, "efficiency": 0.27185982100342837, "cost": 0.6942955467596599, "score": 0.4717953088785074}