{"quality": 0.6862596881508645, "novelty": 0.7435772127380019, "diversity": 0.49290351104324653, "efficiency": 0.7620888503975277, "cost": 0, "score": 0.6046662393980383}