{"quality": 0.37251556644865863, "novelty": 0.6433809821618797, "diversity": 0.1839770644250675, "efficiency": 0.7792570611018412, "cost": 0.2833067090164281, "score": 0.39795321662371436}