{"quality": 0.3195896562176163, "novelty": 0.8472285165057479, "diversity": 0.9046836882131754, "efficiency": 0.59869545117078, "cost": 0.8452616687818642, "score": 0.4938989144317875}