{"quality": 0.48834580795477633, "novelty": 0.11602540538839284, "diversity": 0.4154988654498589, "efficiency": 0.2336730037574667, "cost": 0.5400492027303037, "score": 0.23965589711409255}