{"quality": 0.7862105014084028, "novelty": 0.7811112932710143, "diversity": 0.15683703589567152, "efficiency": 0.029392428025634146, "cost": 0.40184917537429043, "score": 0.4267323275858248}