{"quality": 0.10313972592990367, "novelty": 0.11262652107249418, "diversity": 0.5154197942649841, "efficiency": 0.6926147965217633, "cost": 0.15876638207637364, "score": 0.2501980881707186}