{"quality": 0.5453189753966565, "novelty": 0.0018923144573739226, "diversity": 0.6883056195808811, "efficiency": 0.5721118435034981, "cost": 0.5066550399999522, "score": 0.33688116767504617}