{"quality": 0.1784636105994165, "novelty": 0.5548334362188707, "diversity": 0.448540831312626, "efficiency": 0.49639856813266686, "cost": 0.5526013069458734, "score": 0.3011552630223805}