{"quality": 1, "novelty": 0.6546872706066472, "diversity": 0.15726553763642925, "efficiency": 0.8106860809763218, "cost": 1, "score": 0.516727837325396}