{"quality": 1, "novelty": 0.5498082751662752, "diversity": 0.38339185647313756, "efficiency": 0.8487849547092126, "cost": 0.3738547170354396, "score": 0.6040627115890342}