{"quality": 0.7023390499992913, "novelty": 0.061756349650750386, "diversity": 0, "efficiency": 0.4409450071853981, "cost": 0, "score": 0.2922825534902847}