{"quality": 0.31712158022941817, "novelty": 0.23708121562475298, "diversity": 0, "efficiency": 0.6658737428948377, "cost": 0.3903235273635689, "score": 0.21525548667288244}