{"quality": 0.9482434969033249, "novelty": 0.14969568759934676, "diversity": 0.7666170040803261, "efficiency": 0.1403154824676873, "cost": 0.5702954472354679, "score": 0.4392381494335057}