{"quality": 0.5956884721972415, "novelty": 0.9675765199764716, "diversity": 0.03535099508265557, "efficiency": 0.1780199709006563, "cost": 0.19335849335485805, "score": 0.4350380169694341}