{"quality": 0.8511332014552011, "novelty": 0.37327528812739735, "diversity": 0.6873248767095037, "efficiency": 0, "cost": 0.010539566156342883, "score": 0.4850698011946761}