{"quality": 0.9307979421813601, "novelty": 0.3599250117375975, "diversity": 0.7209902630724929, "efficiency": 0.6230768225926636, "cost": 0.5099485258692023, "score": 0.5558853590052852}