{"quality": 0.9317909985117385, "novelty": 0.1380527179026626, "diversity": 0, "efficiency": 0, "cost": 0.7043047420861692, "score": 0.24362000482057022}