{"quality": 0.5249344172632793, "novelty": 0.04286427146999751, "diversity": 0.6498998222509809, "efficiency": 0.43780523382847014, "cost": 0.17885640458444912, "score": 0.3459615021125049}