{"quality": 1, "novelty": 0.14433031354136505, "diversity": 0.40106058183739846, "efficiency": 0.49127311594175443, "cost": 0.5417804315829156, "score": 0.43580761898579257}