{"quality": 0.16719738513102692, "novelty": 0.5705195377758754, "diversity": 0.6622948066224114, "efficiency": 0.6492536035607124, "cost": 0.8689126606204912, "score": 0.33574483577981695}