{"quality": 0.8324395737804904, "novelty": 0.5120419529083732, "diversity": 0.7898580625864065, "efficiency": 0.550292464959168, "cost": 0.34531415325136955}