{"quality": 0.18418379599634138, "novelty": 0.19264290796362632, "diversity": 0.9998344957209071, "efficiency": 0.2750206339244877, "cost": 0.6517174383990271, "score": 0.27946411618276085}