{"quality": 0.3857975383633095, "novelty": 0.6535169019325876, "diversity": 0.18269715732794822, "efficiency": 0.27555861537827586, "cost": 0.7906720817050972, "score": 0.27792450259396106}