{"quality": 0.43923417023846734, "novelty": 0.4360756199204544, "diversity": 0.4864529703402539, "efficiency": 0.6590659142836278, "cost": 0.8587072790407013, "score": 0.35106890935817864}