{"quality": 0.5133711767095712, "novelty": 0.8031012246717693, "diversity": 0.03132470757670372, "efficiency": 0.15879872744364046, "cost": 0.436328675865494, "score": 0.3412385422261511}