{"quality": 0.40994608933559834, "novelty": 0.7857026891371847, "diversity": 0.45498680425630106, "efficiency": 0.7724155346946948, "cost": 0.08718612886646693, "score": 0.5175505772537935}