{"quality": 0.3062823895645032, "novelty": 0.838916035585991, "diversity": 0.2067006505841461, "efficiency": 0.2515316403705979, "cost": 0.6644138347540318, "score": 0.3142422184628645}