{"quality": 0.17730016595890685, "novelty": 0.6392554158315504, "diversity": 0.0736065183911474, "efficiency": 0.38864998653074095, "cost": 0.9531305054361316, "score": 0.19070965485978714}