{"quality": 0.9842497966912521, "novelty": 0.388093230081108, "diversity": 0.6348385471344542, "efficiency": 0.5340014319270416, "cost": 0, "score": 0.5993661707435997}