{"quality": 0.25232185840132193, "novelty": 0.5345998626314048, "diversity": 0.2802087781388063, "efficiency": 0.9835502566498415, "cost": 0.885631374477243, "score": 0.3243576798557609}