{"quality": 0.6187489503621781, "novelty": 0.46082597345796633, "diversity": 0.7827439104890552, "efficiency": 0.22393205874063293, "cost": 0.2967397927187133, "score": 0.46129579011017974}