{"quality": 0.5934378683253572, "novelty": 0.8481318476298843, "diversity": 0.9697685962991799, "efficiency": 0.8081727451409706, "cost": 0.7278767004825473, "score": 0.6324562833878051}