{"quality": 1, "novelty": 0.2309704064867779, "diversity": 0.43039113729892436, "efficiency": 0.04790395394364316, "cost": 0.7562008828857745, "score": 0.37538633388444836}