{"quality": 0.07153836163330453, "novelty": 0.46857618777786886, "diversity": 0.30287133790331516, "efficiency": 0.8341971945027037, "cost": 0.10535760587162059, "score": 0.3137736416033651}