{"quality": 0.15709028840897854, "novelty": 0.6916886888503782, "diversity": 0.7469068762599056, "efficiency": 0.06304425194338628, "cost": 0.5952919873468139, "score": 0.3193580730440958}