{"quality": 1.0, "novelty": 0.6750660250367845, "diversity": 0.5555706486600157, "efficiency": 0.14040932055424177, "cost": 0.21171756445920778}