{"quality": 0.4271500739282347, "novelty": 0.7103410414939122, "diversity": 0.9325955546181499, "efficiency": 1, "cost": 0.9928034062333937, "score": 0.5429690528522391}