{"quality": 0.21605054291302492, "novelty": 0.3586858748756197, "diversity": 0.27021551802170923, "efficiency": 0.7918214334549942, "cost": 0.5589402786470847, "score": 0.27140892235069486}