{"quality": 0.6729070638938595, "novelty": 0, "diversity": 0.2595206348302939, "efficiency": 0.9144491486957996, "cost": 0.4646073683989998, "score": 0.34448288159868656}