{"quality": 0.5240116254730744, "novelty": 0.5632897984594973, "diversity": 0.6133500003906351, "efficiency": 0.1784029601888249, "cost": 0.6359588861300955, "score": 0.38386049275023787}