{"quality": 0.15861759520884172, "novelty": 0.6553517543024674, "diversity": 1, "efficiency": 0.6066714713589068, "cost": 0.03631703770843528, "score": 0.49879223407126183}