{"quality": 0.3652328216240987, "novelty": 0.30351522165037714, "diversity": 0.2561451742183668, "efficiency": 0.3584335884383909, "cost": 0.4530294007804571, "score": 0.24513978493121016}