{"quality": 0.7416024407628831, "novelty": 0.9936513539218614, "diversity": 0.9884086213989083, "efficiency": 0, "cost": 0.4320423493495581, "score": 0.6253710600541561}