{"quality": 0.580458063156937, "novelty": 0.3626043239603699, "diversity": 0.8971597664466523, "efficiency": 1, "cost": 0.31422690812071324, "score": 0.5627977624144328}