{"quality": 0.6303735321913364, "novelty": 0, "diversity": 1, "efficiency": 0.21313817947743097, "cost": 0.4211478433466316, "score": 0.3789680022443524}