{"quality": 0.18912526785409964, "novelty": 0.17221017679224337, "diversity": 0.8892380172620733, "efficiency": 0.005244488330059999, "cost": 0.320100920823171, "score": 0.24641430917389728}