{"quality": 0.7716914882637168, "novelty": 0.9197735130928684, "diversity": 0.38339738923216127, "efficiency": 0.6857069657166753, "cost": 0.6031246255902046, "score": 0.5806738848972453}