{"quality": 0.4362397314225228, "novelty": 0.12632805818403864, "diversity": 0.7072700400637536, "efficiency": 1, "cost": 0.3576080709285654, "score": 0.41814713489266064}