{"quality": 0.9985990195015391, "novelty": 0.5561762569758173, "diversity": 0.9239261957594465, "efficiency": 0.4649149455371957, "cost": 0, "score": 0.6931462510768848}