{"quality": 0.2524298838581366, "novelty": 0.6679444401624917, "diversity": 0.060029362545401754, "efficiency": 1, "cost": 0.020162955730303148, "score": 0.402704652134114}