{"quality": 0.18930244673279092, "novelty": 0.55862431836846, "diversity": 0.911437023576406, "efficiency": 0.20352704747947797, "cost": 0.5411273090856223, "score": 0.35515054454059297}