{"quality": 0, "novelty": 0.6322305145448623, "diversity": 0.7920179573072031, "efficiency": 0.6887807737883526, "cost": 0.3433778974667492, "score": 0.3854405464192342}