{"quality": 0, "novelty": 0.7925046913653294, "diversity": 0.8491755236727081, "efficiency": 0.33100583558979046, "cost": 0.17435998593914026, "score": 0.4001761543204285}