{"quality": 0.16342589631581073, "novelty": 0.37616434166492824, "diversity": 0.5295562736941657, "efficiency": 0.3211440036687436, "cost": 0.7279329397791361, "score": 0.22435841562220632}