{"quality": 0.5599858277743259, "novelty": 0.3056770087503826, "diversity": 0.8719796301500766, "efficiency": 0.6276628940847957, "cost": 0.6415909315785588, "score": 0.44880126750477217}