{"quality": 0.1654556164846824, "novelty": 1, "diversity": 1, "efficiency": 0.3610585769234208, "cost": 0.8119573163963287, "score": 0.47259973984428494}