{"quality": 0.8094733220950081, "novelty": 0.7922354909848041, "diversity": 0.7860355099380122, "efficiency": 0.06913135180126195, "cost": 0.3247926223625598, "score": 0.5759984118962392}