{"quality": 0.24671005797934567, "novelty": 0.35142170757890356, "diversity": 0.47817688165377825, "efficiency": 0.1582514350263633, "cost": 0.2979281455801499, "score": 0.2514487213152248}