{"quality": 0.23370828007719302, "novelty": 0.49956279746014587, "diversity": 0.19876838096201893, "efficiency": 0.5015156226931883, "cost": 0.5579254214155627, "score": 0.25419166084302014}