{"quality": 1, "novelty": 0.6848043560923607, "diversity": 0.0746323116460843, "efficiency": 0.39505927388243123, "cost": 0, "score": 0.5453864424346717}