{"quality": 0.1504086141130534, "novelty": 0.8098693086326199, "diversity": 0.7040911382455359, "efficiency": 0.05724005756119099, "cost": 0.6618994994893447, "score": 0.3308041977264224}