{"quality": 0.40318191939600634, "novelty": 0, "diversity": 0.32671336020578473, "efficiency": 0.4295467966412113, "cost": 0.6551404618661412, "score": 0.18521522116952643}