{"quality": 0.551531107381493, "novelty": 0, "diversity": 0.7755173461107312, "efficiency": 0.8687510997125711, "cost": 0.8419736270979865, "score": 0.3666781036836811}