{"quality": 0.061359953063931605, "novelty": 0.5658179079688783, "diversity": 0.09267322778521325, "efficiency": 0.37325748611113363, "cost": 0.12039579498396552, "score": 0.2223461518867152}