{"quality": 0.2518151320467564, "novelty": 0.20793875896810604, "diversity": 0.38306198115523943, "efficiency": 0.17561949116667083, "cost": 0.4470357921604602, "score": 0.18578097004605593}