{"quality": 0.7685802984807795, "novelty": 0.9963276777284105, "diversity": 0.8929170099495619, "efficiency": 0.4669316236962028, "cost": 0.8433088383109285, "score": 0.6439482706895864}