{"quality": 0.8569733667484845, "novelty": 0.9532761617376112, "diversity": 0.34201387810117223, "efficiency": 0.5559977916561802, "cost": 0.8389545615846835, "score": 0.5633180386691413}