{"quality": 0.8222919922343267, "novelty": 0.40404184715182145, "diversity": 0.09653592987901538, "efficiency": 0.44281294655941494, "cost": 0.7704682694820144, "score": 0.3563803604697673}