{"quality": 0.8048457402190885, "novelty": 0.9943933149566542, "diversity": 0.60103927728382, "efficiency": 0.3041421463203546, "cost": 0.08234929016052989, "score": 0.6476462991936544}