{"quality": 0.5223001117211243, "novelty": 0.5306012700008593, "diversity": 0.9571442473683911, "efficiency": 0.18729815307763847, "cost": 0.3230355325638719, "score": 0.47656037019548886}