{"quality": 0.08949614237364484, "novelty": 0.24491376845042978, "diversity": 0.5470879215908668, "efficiency": 0.20468405605355994, "cost": 0.6842922187039227, "score": 0.159768255680516}