{"quality": 0.5014005809468398, "novelty": 0.5353394831045495, "diversity": 0.4996458786842858, "efficiency": 0.25511384176077534, "cost": 0.766066550504283, "score": 0.34584464201073445}