{"quality": 0.9049260773123258, "novelty": 0.7280681751838487, "diversity": 0.8801927996995138, "efficiency": 0.06241557331653924, "cost": 0.8478866310756791, "score": 0.5541070998194757}