{"quality": 0.3997911613106748, "novelty": 0.33248525399416934, "diversity": 0.7731832001214665, "efficiency": 0.6202116697391422, "cost": 0.9663979542349119, "score": 0.35408725695341814}