{"quality": 0.19151766045943772, "novelty": 0.6611479507506646, "diversity": 0.13718171959741637, "efficiency": 0.9436063699713529, "cost": 0.2815190248562452, "score": 0.36356768275505913}