{"quality": 0.3498256956648984, "novelty": 0.6918419826300538, "diversity": 0.27566960096628407, "efficiency": 0.6999575200068151, "cost": 0.8214910478033292, "score": 0.3558866477709291}