{"quality": 0.6057092769961484, "novelty": 0.2821989633797305, "diversity": 1, "efficiency": 0.8044940112888412, "cost": 0.34598537425993275, "score": 0.5383380882111101}