{"quality": 0.7057643295856117, "novelty": 0.734563288773803, "diversity": 0.934088232788723, "efficiency": 0.14408313708823658, "cost": 0.1226765047908156, "score": 0.5915325877110328}