{"quality": 0.31722520301463575, "novelty": 0.9874408615598628, "diversity": 0.706378053789578, "efficiency": 0.711064149977933, "cost": 0.9334434116533318, "score": 0.4966186683836288}