{"quality": 0.5493307252834037, "novelty": 0.85169525721518, "diversity": 0.34940257877959063, "efficiency": 0.3113743318184219, "cost": 0.5621677958393927, "score": 0.4380929178335582}