{"quality": 0.7125046346723612, "novelty": 0.658144843952515, "diversity": 0.43377406734605745, "efficiency": 0.3917594053899617, "cost": 0.8158843183800133, "score": 0.4422178938295416}