{"quality": 0.6139340014729284, "novelty": 0.3294257099285014, "diversity": 0.9978472193542789, "efficiency": 0.39728141778513876, "cost": 0.4572495542838831, "score": 0.47997332903424217}