{"quality": 0.2789968656652616, "novelty": 0.5675458935706865, "diversity": 0.8730088623490542, "efficiency": 0.3151139816017847, "cost": 0.5919877665783022, "score": 0.38825562614449843}