{"quality": 0.03648293717484552, "novelty": 0.7010123935017848, "diversity": 0.5201896093755927, "efficiency": 0.19692638721590439, "cost": 0, "score": 0.319774859485404}