{"quality": 0.823420115098395, "novelty": 0.6842762144676687, "diversity": 0.6027734217128002, "efficiency": 0.1860873059873573, "cost": 1.0}