{"quality": 0.9096777932761237, "novelty": 0.36189091443152344, "diversity": 0.35040355646593124, "efficiency": 0.9512141539295565, "cost": 0.34381748679460156}