{"quality": 0.5517106528394581, "novelty": 0.4908999249207816, "diversity": 0.18961793937056143, "efficiency": 0.4936204008957187, "cost": 0.7570103924275075, "score": 0.3245037858477522}