{"quality": 0.3458431337527406, "novelty": 0.5273085471389364, "diversity": 0.2873726039709734, "efficiency": 0.2476096266715793, "cost": 0.32899029276784386, "score": 0.29729701242870343}