{"quality": 0.3509645529410685, "novelty": 0.8892953869481369, "diversity": 0.35481027281337185, "efficiency": 0.359748048242433, "cost": 0.44890348676192515, "score": 0.40764712574220163}