{"quality": 0.14216236065319804, "novelty": 0.37375718117701867, "diversity": 0.6610301811291246, "efficiency": 0.22318005379500488, "cost": 0.7864662514443028, "score": 0.22312442264085947}