{"quality": 0.9484936099501777, "novelty": 0.5753392683293103, "diversity": 0.6892872826276274, "efficiency": 0.5022081178691012, "cost": 0.3138938439845915}