{"quality": 0.6865496742643287, "novelty": 0.6797044067197119, "diversity": 0.13933757435247632, "efficiency": 0.5616271382105911, "cost": 0.39185665214854765, "score": 0.4488169243464557}