{"quality": 0.1851189871426475, "novelty": 0.5438571625466928, "diversity": 1, "efficiency": 0.3418311360262104, "cost": 0.8732116950198862, "score": 0.3554534876814104}