{"quality": 0.734201677187257, "novelty": 0.8791633511770929, "diversity": 0.22059137590068267, "efficiency": 0.8790452484482372, "cost": 0.2438573602472512, "score": 0.5916406673730973}