{"quality": 0.829349519757433, "novelty": 0, "diversity": 0.9013583269362547, "efficiency": 0.6467139222230225, "cost": 0.47448412334510204, "score": 0.478635197313424}