{"quality": 0, "novelty": 0.8810499775002845, "diversity": 1, "efficiency": 0.8566582905346205, "cost": 0.2632992852861384, "score": 0.5224313094266504}