{"quality": 0.8661702429193778, "novelty": 0.4366353764757935, "diversity": 0.41171380905407035, "efficiency": 0.45990817481628327, "cost": 0.33950874453453117, "score": 0.48638803057456514}