{"quality": 0.610623984068313, "novelty": 0.6271843910910692, "diversity": 0.4829117088789971, "efficiency": 1.0, "cost": 0.5357928929845893}