{"quality": 0.357360861451253, "novelty": 1, "diversity": 0.8203982670377207, "efficiency": 0.6252432748936771, "cost": 0.8591811380240759, "score": 0.529156289274564}