{"quality": 0.42378776661620576, "novelty": 1, "diversity": 0.2738974936521256, "efficiency": 0.5765417572672092, "cost": 0.4227581635543152, "score": 0.4761212759499367}