{"quality": 0.7788771590375666, "novelty": 1, "diversity": 0.09341347206305295, "efficiency": 0.8736393698027776, "cost": 0.4750910837023593, "score": 0.5858826392240613}