{"quality": 0.20424154820577825, "novelty": 0.680612125962057, "diversity": 0.816975617730532, "efficiency": 0.3710269224328612, "cost": 1, "score": 0.35047465786328325}