{"quality": 0.4427572888188617, "novelty": 0.6483562088176205, "diversity": 0.8582033760279334, "efficiency": 0, "cost": 0.5513605855831198, "score": 0.4114208554973383}