{"quality": 0.7560899672561805, "novelty": 0.2589476994575442, "diversity": 0.9308009800482251, "efficiency": 0.3573304030121349, "cost": 0.26955938666058443, "score": 0.5043677328366469}