{"quality": 0.5820318283853452, "novelty": 0.9264930578897448, "diversity": 0.12969718935342725, "efficiency": 0.695262178974669, "cost": 0.3425736373490501, "score": 0.5022042139700205}