{"quality": 0.22052302980528288, "novelty": 0.5629550527059011, "diversity": 0.14078462074739723, "efficiency": 0.28349368584954526, "cost": 0.4187661286059253, "score": 0.23570003628437886}