{"quality": 0.2612984879906197, "novelty": 0.8769545446852968, "diversity": 0.19490280223531187, "efficiency": 0.7884238095737421, "cost": 0.5806888840615332, "score": 0.39680342604548047}