{"quality": 0.09728501601607953, "novelty": 0.6716596934842112, "diversity": 0.24799427865483248, "efficiency": 0.03156092348074539, "cost": 0.05091943201645545, "score": 0.2463414792273094}