{"quality": 0.14172770956008615, "novelty": 0.5165238615897726, "diversity": 0.4453570188338468, "efficiency": 0.8065018101403219, "cost": 0.5802807377965882, "score": 0.32366787977362776}