{"quality": 0.005817992010117262, "novelty": 0.41717868244403716, "diversity": 0.18891133218172607, "efficiency": 0.21659133186533935, "cost": 0, "score": 0.17631103443019058}