{"quality": 0.6108337585486219, "novelty": 0.5923725347938107, "diversity": 0.9864699652160568, "efficiency": 0.9455346833426762, "cost": 0.5322915938496374, "score": 0.6172382974226883}