{"quality": 0.19336449098961567, "novelty": 0.12709600608141844, "diversity": 0.08311774174047627, "efficiency": 0.24278754749572778, "cost": 0.250974251542528, "score": 0.11772760413544096}