{"quality": 0.5590700907754105, "novelty": 1.0, "diversity": 1.0, "efficiency": 0.08883883243182165, "cost": 0.5253855473981525}