{"quality": 0.618822238862297, "novelty": 0.318677453386537, "diversity": 0.2915330466618237, "efficiency": 0.6019227144521535, "cost": 0.15257051020409512, "score": 0.3986540004851016}