{"quality": 0.7336774788124371, "novelty": 0, "diversity": 0.7664534670027505, "efficiency": 0.15087016873365078, "cost": 0.7980881267716067, "score": 0.3162156496771682}