{"quality": 0.5007109664504467, "novelty": 0.18271677046866086, "diversity": 0.579434364110705, "efficiency": 0.7087703644736523, "cost": 0.9677707536654778, "score": 0.32131783467894026}