{"quality": 0.10269830050756276, "novelty": 0.7767889635320978, "diversity": 0.4098062073719914, "efficiency": 0.4504002603222135, "cost": 0.4421381501022156, "score": 0.33031419654780203}