{"quality": 0.8515450882326077, "novelty": 1, "diversity": 0.8027927602871328, "efficiency": 0.40828010572774, "cost": 0.22403115573815374, "score": 0.7048609788125544}