{"quality": 0.2155554109804408, "novelty": 0.03207664037978733, "diversity": 0.1469420940327758, "efficiency": 0.994483401751251, "cost": 0.4247897556403556, "score": 0.2087677368942863}