{"quality": 0.8147622843649778, "novelty": 0.8947412559673167, "diversity": 0.6433516554285642, "efficiency": 0.3123791985317057, "cost": 0.4924883457995481, "score": 0.5943923755868363}