{"quality": 0.6785425641736054, "novelty": 1, "diversity": 0.2819950544787697, "efficiency": 0.889204746809531, "cost": 0.45986379207474226, "score": 0.597356112961791}