{"quality": 0.4577852975613722, "novelty": 0.47091388320786065, "diversity": 0.4589680682526847, "efficiency": 0.17116288319709674, "cost": 0.4724178609001364, "score": 0.32529032011046466}