{"quality": 0.3916253330989407, "novelty": 0.8918179003026485, "diversity": 0.20776375197759397, "efficiency": 0.6620732590104117, "cost": 0.4769423385123251, "score": 0.4336115804011924}