{"quality": 0.38077512373522027, "novelty": 0.9030669064305736, "diversity": 0.2900255943964072, "efficiency": 0.9025959854157573, "cost": 0.6917433366745067, "score": 0.46421944675240384}