{"quality": 0.22452627809966047, "novelty": 0.5547493531521397, "diversity": 0.18027609869317995, "efficiency": 0.357512313537962, "cost": 0.7523790367806309, "score": 0.22048938480920022}