{"quality": 0.30997027098786684, "novelty": 0.3844142362212498, "diversity": 1, "efficiency": 0.6291264257136084, "cost": 0.47517962230938854, "score": 0.4359456419777749}