{"quality": 0.7640748642789383, "novelty": 0.4087762404967759, "diversity": 0.804179671604982, "efficiency": 0.48587625759662767, "cost": 0.19273500568859964, "score": 0.545860391799506}