{"quality": 0.12028133054481321, "novelty": 0.5498618775820803, "diversity": 0.6198686488811647, "efficiency": 0, "cost": 0.6422314710056325, "score": 0.23330045123463372}