{"quality": 0.43704581856272323, "novelty": 0.28559212053315663, "diversity": 0.3543916134441126, "efficiency": 0.2677663937586129, "cost": 0.38483901457906383, "score": 0.2750711559968142}