{"quality": 0.7252523359397878, "novelty": 0.8258410015306031, "diversity": 0.32205330225520434, "efficiency": 0.14972464562483587, "cost": 0, "score": 0.5109053084593534}