{"quality": 0, "novelty": 0.1980974979942124, "diversity": 0.34275369074576145, "efficiency": 0.2794096636050749, "cost": 0.8293301322354453, "score": 0.0770535489649221}