{"quality": 0.3184734855227688, "novelty": 0.5466947938662257, "diversity": 1, "efficiency": 0.8101857776086254, "cost": 0.8026216752661348, "score": 0.47348144323806735}