{"quality": 0.22147371602046823, "novelty": 0.7012506754389478, "diversity": 0.3233708064403821, "efficiency": 1, "cost": 0.22465379153648585, "score": 0.4339635658003052}