{"quality": 0, "novelty": 0.7187967114977188, "diversity": 0.5045094608639371, "efficiency": 0.35315906585813234, "cost": 0.5971639698530751, "score": 0.27385853294062945}