{"quality": 0.11116139230639466, "novelty": 0.4680879885123894, "diversity": 0.3410348658909093, "efficiency": 0.17514101636356455, "cost": 0.445128878207179, "score": 0.2003356526320144}