{"quality": 0.4459174824374093, "novelty": 1, "diversity": 0.35451901742544034, "efficiency": 0.8073009124920179, "cost": 0.5621329355957468, "score": 0.5195608915305389}