{"quality": 0.23408891868295656, "novelty": 0.26699778640662963, "diversity": 0.7874696609574906, "efficiency": 0.30183459454320194, "cost": 0.25326410379281394, "score": 0.3144188332002414}