{"quality": 0.766331730515976, "novelty": 0.6878097918492645, "diversity": 0.5152448985543068, "efficiency": 0.3675764717699951, "cost": 0.3127598919491732, "score": 0.5287614283985521}