{"quality": 0.1405093146352202, "novelty": 0.7199996821509137, "diversity": 0.7157446551179818, "efficiency": 0.6711798134243941, "cost": 0.41969573622396505, "score": 0.42400904434315345}