{"quality": 0.14396935380075399, "novelty": 0.36530067679169914, "diversity": 0.7875112757945059, "efficiency": 0.16273853853479042, "cost": 0.2286789019341634, "score": 0.2935611210838544}