{"quality": 1.0, "novelty": 0.5842850526670693, "diversity": 0.14732965029111197, "efficiency": 0.8651501966332431, "cost": 0.3444832471835505}