{"quality": 0.25012938931870665, "novelty": 0.40382768557038007, "diversity": 1, "efficiency": 0.3188161171347643, "cost": 0.5891396379115617, "score": 0.36490419196726553}