{"quality": 0.13306323723624858, "novelty": 0.788725101435964, "diversity": 0.7720892254871672, "efficiency": 0.16283432737565326, "cost": 0.038289624945937045}