{"quality": 0.40410174165435353, "novelty": 0.719143063749779, "diversity": 0.1095325752923311, "efficiency": 0, "cost": 0.02555714283981239, "score": 0.3203670892082358}