{"quality": 0.27120887950647593, "novelty": 0.3124604841697758, "diversity": 0.8570173099607843, "efficiency": 0.3075261041996306, "cost": 0.16770527747028216, "score": 0.36023963476946}