{"quality": 0.9184300494085391, "novelty": 0.7190492872202944, "diversity": 0.23456627540649283, "efficiency": 0.7577193222240758, "cost": 0.8709577258483354}