{"quality": 0.9775753708200363, "novelty": 0.62777175876152, "diversity": 0.6900877800621013, "efficiency": 1, "cost": 0.4907738507096315, "score": 0.689155721877848}