{"quality": 0.25239851763705384, "novelty": 0.4051778860797455, "diversity": 0.6986204934574898, "efficiency": 0.37308911344053025, "cost": 0.9566705505444439, "score": 0.2770344374641856}