{"quality": 0.8434683252619943, "novelty": 0.3709948382096816, "diversity": 0.18238300664485568, "efficiency": 0.9760203439336222, "cost": 0.45606332540216427, "score": 0.4830625275098167}