{"quality": 0.6266140039439512, "novelty": 0.7324338007623372, "diversity": 0.6943819889038799, "efficiency": 0.296651643871955, "cost": 0.4372012010018463, "score": 0.5107466756351542}