{"quality": 1, "novelty": 0.559707715997886, "diversity": 0.8106700699308408, "efficiency": 0.7773528974077174, "cost": 0.5413344178837068, "score": 0.6645304358084265}