{"quality": 0.6206783576630419, "novelty": 1, "diversity": 0.7853149394863601, "efficiency": 0.33620502695243043, "cost": 0.4947924167513842, "score": 0.5942180075639107}