{"quality": 0.4063960486464728, "novelty": 0.7658130705070223, "diversity": 0.7867331329949441, "efficiency": 0.4494714602763113, "cost": 0.5445523929110577, "score": 0.4836841885700271}