{"quality": 0.5333847085727228, "novelty": 0.8853737860493253, "diversity": 0.5908997140778852, "efficiency": 0.07113799319839831, "cost": 0.6376736779427529, "score": 0.44644213308520964}