{"quality": 0.9321365774610935, "novelty": 0.43986167504193785, "diversity": 0.041469764802758824, "efficiency": 0.8495392307092654, "cost": 0.12164043395883502}