{"quality": 0.2662992559367811, "novelty": 0.5561237554412827, "diversity": 0.0018977809258652056, "efficiency": 0.3676420989107625, "cost": 0.35241116772341696, "score": 0.23920546989080071}