{"quality": 0.38054181332996134, "novelty": 0.7107227143135483, "diversity": 0.6556839004219726, "efficiency": 0.5008544058440156, "cost": 0, "score": 0.4981081635383724}