{"quality": 0.13929830075940008, "novelty": 0.35339989477533235, "diversity": 0.010320274667599966, "efficiency": 0, "cost": 0.08551384167861657, "score": 0.12365213468731143}