{"quality": 0.29175055859367605, "novelty": 0.14041646855237022, "diversity": 0.41968135412302665, "efficiency": 0.7894405008460885, "cost": 0.7270739866012583, "score": 0.25227423200758814}