{"quality": 1, "novelty": 0.3622462181935005, "diversity": 0.8631729534002294, "efficiency": 0.7152217770434401, "cost": 0.3320547701405791, "score": 0.637273934770879}