{"quality": 0.4223919696326835, "novelty": 0.6765746116211224, "diversity": 0.9112073948166279, "efficiency": 1.0, "cost": 0.0}