{"quality": 0.36406000024996593, "novelty": 0.5992601821310892, "diversity": 0.26713909192719615, "efficiency": 0.46915244757734503, "cost": 0.34761863823563666, "score": 0.3480718673062394}