{"quality": 1, "novelty": 1, "diversity": 0.05951959746829069, "efficiency": 1, "cost": 0.16649476200797303, "score": 0.6952544432928609}