{"quality": 0.7045386956907946, "novelty": 0.3844907302009055, "diversity": 0.18474735710246037, "efficiency": 0.9068710871959711, "cost": 0.6754658469275614, "score": 0.4129178410645964}