{"quality": 0.27181884527640743, "novelty": 0.7459190231797632, "diversity": 1, "efficiency": 0.6675707768344268, "cost": 0.5038870645694654, "score": 0.5177723194460806}