{"quality": 0.9071749351261147, "novelty": 0.15300342721080984, "diversity": 1, "efficiency": 0.7296961387689922, "cost": 1, "score": 0.5198577581558858}