{"quality": 0.17810443672160603, "novelty": 0.5667547102752712, "diversity": 0.4385764566695382, "efficiency": 0.8975266814716001, "cost": 0.17659674581005835, "score": 0.3998046275589415}