{"quality": 0.5208826751393609, "novelty": 0.1190214890912133, "diversity": 0.3930285594547668, "efficiency": 0.009583630732695053, "cost": 0.9498680006340917, "score": 0.17107663125206005}