{"quality": 0.3709889693119078, "novelty": 0.24126531990077743, "diversity": 0.8030962587931205, "efficiency": 0.4746091844400951, "cost": 1, "score": 0.3034236501934051}