{"quality": 0.8309248652394183, "novelty": 0.6563751857285112, "diversity": 0.872086796059983, "efficiency": 1, "cost": 0.1477269019493685, "score": 0.7230159250210131}