{"quality": 0.3755294047996115, "novelty": 0.24238087178220488, "diversity": 0.6784914047241416, "efficiency": 0.9674910176507696, "cost": 0.7456221926601687, "score": 0.3795137537118615}