{"quality": 0.7378850924266431, "novelty": 0.4049070899655113, "diversity": 1, "efficiency": 0.24163330010269354, "cost": 0.3012368103391998, "score": 0.5287136142008548}