{"quality": 0.3620385210228379, "novelty": 0.7224696111608773, "diversity": 0.6797172832961572, "efficiency": 0.6575621201617383, "cost": 0.6364233338800835, "score": 0.4601644003925545}