{"quality": 0.32578663988414897, "novelty": 0.7600172859619829, "diversity": 0.2847770323370706, "efficiency": 0.24071690133926577, "cost": 0.818971077046001, "score": 0.29890614741944427}