{"quality": 0.43285371442124293, "novelty": 0.09108254527691577, "diversity": 0.19129218412047083, "efficiency": 0.927127488279216, "cost": 0.25384283224226256, "score": 0.30457002748735207}