{"quality": 0.8978470172014748, "novelty": 0.23753708598273005, "diversity": 0.6372045526497382, "efficiency": 0.47626600379989736, "cost": 0.31226785654467043, "score": 0.4963924021015902}