{"quality": 0.5760931072481017, "novelty": 0.7423236494280896, "diversity": 0.7547790601116839, "efficiency": 0.45829982578396244, "cost": 0.13734669606454797, "score": 0.5643749608149293}