{"quality": 0, "novelty": 0.7173262679068538, "diversity": 0.5608017904889211, "efficiency": 0.8134425954162192, "cost": 0.34803365015579524, "score": 0.378704949371351}