{"quality": 0.21214155505444904, "novelty": 0.302864398919921, "diversity": 0.15507358058285053, "efficiency": 0.2701734832046165, "cost": 0.7469205865896493, "score": 0.1362072461846126}