{"quality": 0.8736061952679578, "novelty": 0.14792313457319156, "diversity": 0.7582739382753488, "efficiency": 0.23198539183885758, "cost": 0.8903954720738165, "score": 0.396475691447202}