{"quality": 0.03979294866836519, "novelty": 0.7845105524557494, "diversity": 0.4502907568222889, "efficiency": 0.13778621131414032, "cost": 0.7506362863903663, "score": 0.24372797713698913}