{"quality": 1, "novelty": 0.8159986768528911, "diversity": 0.32326173613091647, "efficiency": 0.2440617740276529, "cost": 0.15507535420429447, "score": 0.5897537471231244}