{"quality": 0.38567308375644127, "novelty": 0.15970624215852164, "diversity": 0.7534695504968785, "efficiency": 0.6404360348488107, "cost": 1, "score": 0.3023878009932601}