{"quality": 0.5886613248626923, "novelty": 0.6751989917704391, "diversity": 0.03807718994032186, "efficiency": 0.8858034779762218, "cost": 0.555076106892147, "score": 0.43037649439670034}