{"quality": 0.7049148576900397, "novelty": 0.9001425779383135, "diversity": 0.5525396024291267, "efficiency": 0.7748856308177603, "cost": 0.8609967545854491, "score": 0.5771511914415347}