{"quality": 0.45381135424142777, "novelty": 0.32339078675238786, "diversity": 0.6861824902648275, "efficiency": 0.7008862367539679, "cost": 0.6740542611897231, "score": 0.39195511040761366}