{"quality": 0.2552266061166806, "novelty": 0.7259080814411207, "diversity": 0.6873976539797615, "efficiency": 0.535020308563914, "cost": 0.26390941882323693, "score": 0.44938663739350004}