{"quality": 0.7360173587886918, "novelty": 0.04042270465319914, "diversity": 0.8186771035133712, "efficiency": 0.6581643324017565, "cost": 0.6257469568547415, "score": 0.43079625867737087}