{"quality": 0.4836991283929507, "novelty": 0.5778817602058122, "diversity": 0.24923341197078724, "efficiency": 0.7831343294742037, "cost": 0.4454768914163303, "score": 0.4123493212429932}