{"quality": 0.7353686159024623, "novelty": 0.6588885258971986, "diversity": 0.10244556888199871, "efficiency": 0.8079096392498333, "cost": 0.5210313559642311, "score": 0.47490514031248987}