{"quality": 0, "novelty": 0.44444564892495214, "diversity": 0.9922008017363954, "efficiency": 0.7986991138403947, "cost": 0.7481403720860078, "score": 0.3545424024459755}