{"quality": 0.37281236947728114, "novelty": 0.28577726163735684, "diversity": 0.08626380685777474, "efficiency": 0.41370833327562967, "cost": 0.030549858209561354, "score": 0.2595420517944668}