{"quality": 0.8355962816025675, "novelty": 1, "diversity": 0.5750684569334682, "efficiency": 0.2772242475195943, "cost": 0.5977349040694374, "score": 0.5975027225884593}