{"quality": 0.5258551767089618, "novelty": 0.11646687797841232, "diversity": 0.8829505460782868, "efficiency": 0.28553015387037317, "cost": 0.6881993930737945, "score": 0.3374729654961255}