{"quality": 0.22900056986632286, "novelty": 0.22010681761755255, "diversity": 0.7820183395699969, "efficiency": 0.1220340451973681, "cost": 0.3453641428910755, "score": 0.2638992357687821}