{"quality": 0.8116909529177816, "novelty": 0.6766425311570619, "diversity": 0.08277602241072765, "efficiency": 0.7373619103551405, "cost": 0.44762426209267275, "score": 0.49506498349074923}