{"quality": 0.3274456450732962, "novelty": 0.2856341764520675, "diversity": 0.41321913439902513, "efficiency": 0.7862544253205829, "cost": 0.4792112780361172, "score": 0.32230310050928646}