{"quality": 0.6197516001409289, "novelty": 1, "diversity": 0.16024437067223352, "efficiency": 0.6709729943139181, "cost": 0.7688026983213561, "score": 0.4917400334916775}