{"quality": 0.9979737804428155, "novelty": 0.7083824040138427, "diversity": 0.6392310685721271, "efficiency": 0.23036944831117634, "cost": 0.32701297620907516, "score": 0.6061880684764996}