{"quality": 0.4259224692723762, "novelty": 0, "diversity": 1, "efficiency": 0.5902570703883421, "cost": 0.9620255662985258, "score": 0.32011274471011164}