{"quality": 0.5537075321387106, "novelty": 0.4847452856705635, "diversity": 0.08339543195494734, "efficiency": 0.5732542011190305, "cost": 0.6113909158297777, "score": 0.3288267060351203}