{"quality": 0.9700545036429407, "novelty": 1, "diversity": 0.771406051170052, "efficiency": 0.08677857127728464, "cost": 0.4431493620381912, "score": 0.6639994108146663}