{"quality": 0.27923759694608746, "novelty": 0.07336921577258729, "diversity": 0.14829852172472574, "efficiency": 0.24003335966963502, "cost": 0.5951534508048009, "score": 0.1082629462418834}