{"quality": 0.3220312114998447, "novelty": 0.6566243662001554, "diversity": 1.0, "efficiency": 0.0558011761169743, "cost": 0.1777035925066568}