{"quality": 0.3728076919538219, "novelty": 0.4137090940658702, "diversity": 0.4311106844285508, "efficiency": 0.07767038085346567, "cost": 0.9739266869662435, "score": 0.21574960641971982}