{"quality": 0.4566144005342465, "novelty": 0.6375154487062037, "diversity": 0.4037760306231653, "efficiency": 1, "cost": 0.15244428019258166, "score": 0.5118739604421998}