{"quality": 0.5473251730010787, "novelty": 0.19663705998245656, "diversity": 0.1812861875841398, "efficiency": 0.36761696559304025, "cost": 0.4964886327600459, "score": 0.2551077359757172}