{"quality": 0.4462454948493779, "novelty": 0.11850544457643677, "diversity": 0.4970281813397076, "efficiency": 0.41427047168792225, "cost": 0.6991409075596478, "score": 0.2551321258640876}