{"quality": 0.6139059767189128, "novelty": 0.6898388800275892, "diversity": 0.37311833509205394, "efficiency": 0.7160391221972553, "cost": 0.7794042929619394, "score": 0.4607206190743762}