{"quality": 0, "novelty": 0.253932366839989, "diversity": 0.2889174211465745, "efficiency": 0.8915828144781637, "cost": 0.4245642629457503, "score": 0.21254757181646167}