{"quality": 0.23847730240224585, "novelty": 0.9412253286371496, "diversity": 0.624527813944582, "efficiency": 0.5375531315531862, "cost": 0.9003847632854927, "score": 0.4223495790733062}