{"quality": 0.47417150849614215, "novelty": 0.7379349661717476, "diversity": 0.39013283581284586, "efficiency": 0.21916597665186754, "cost": 0.3142641710044762, "score": 0.4062102406516812}