{"quality": 0.44229969840786837, "novelty": 0.9256736096677239, "diversity": 0.6560037116882846, "efficiency": 0.2611977354180619, "cost": 0.0}