{"quality": 0.8849751123428126, "novelty": 0.27917796747751594, "diversity": 0.7719205278469076, "efficiency": 0.5547359953118014, "cost": 0.8196642247492759, "score": 0.49091510796344695}