{"quality": 0.1865707929026477, "novelty": 0.5568333925279064, "diversity": 0.5165346807109767, "efficiency": 0.390138725217437, "cost": 0.5589132757761023}