{"quality": 0.3922856236441665, "novelty": 0.2545189162291459, "diversity": 0.4064411652452044, "efficiency": 0.5272531983722177, "cost": 0.8334423712665532, "score": 0.2583473918287546}