{"quality": 1, "novelty": 0.3762282441597561, "diversity": 1, "efficiency": 0, "cost": 0.16187928176637034, "score": 0.5778691328633019}