{"quality": 0.7848049096596541, "novelty": 0.3248093217247514, "diversity": 0.9674881367708272, "efficiency": 0.5795565375167371, "cost": 0.8269283369822802, "score": 0.5143820776125321}