{"quality": 0.7929358142072641, "novelty": 0.49289632890900686, "diversity": 0.8403990088048704, "efficiency": 0.15190111554200952, "cost": 0.9622543162583718, "score": 0.45574436395586926}