{"quality": 0.6002495252725412, "novelty": 0.9536681596373537, "diversity": 0.7750805720297596, "efficiency": 0.36806683276399604, "cost": 0.45296305931137765, "score": 0.5834217308805143}