{"quality": 0.611518181481663, "novelty": 0.7045755882909339, "diversity": 0, "efficiency": 0.6640997558742886, "cost": 0.7993959474664352, "score": 0.37927472015173214}