{"quality": 0.5802352885474201, "novelty": 0.3310926488061694, "diversity": 0.4270717624170144, "efficiency": 0.8964565200665878, "cost": 0.9055439654209548, "score": 0.386172182717064}