{"quality": 0.32122033856522864, "novelty": 0.3633291699673377, "diversity": 0.9480884750961271, "efficiency": 0.8490897149883838, "cost": 0, "score": 0.5041795463288861}