{"quality": 0.2719019135925813, "novelty": 0.5340764997989274, "diversity": 0.2773440846608338, "efficiency": 0.7006172312957495, "cost": 0.8929922542796003, "score": 0.28635187522607536}