{"quality": 0.6305976793843826, "novelty": 0.1704228324633602, "diversity": 0.5298966545748265, "efficiency": 0.18493740041015203, "cost": 0.756446692450739, "score": 0.289860283662569}