{"quality": 0.6832754769968679, "novelty": 0.8074996409674001, "diversity": 0.2592411818900409, "efficiency": 0.05149092902133434, "cost": 0.644765655256804, "score": 0.40195286354643833}