{"quality": 0.8443659870709872, "novelty": 0.11983600885468706, "diversity": 0.7975771409463843, "efficiency": 1, "cost": 0.616801253523144, "score": 0.5311041011719304}