{"quality": 0.29686217802922804, "novelty": 0.18766034776417329, "diversity": 0.6038722877130347, "efficiency": 0, "cost": 0.2016404176628628, "score": 0.23658415612613243}