{"quality": 0.5032571777401068, "novelty": 0.6854064460799819, "diversity": 0.9412510063128587, "efficiency": 0.17599682800411443, "cost": 0.026647803462885672}