{"quality": 0.3202201350649695, "novelty": 0.952181481744691, "diversity": 0.13135015108400827, "efficiency": 0.17915004416348745, "cost": 0.6194952623907451, "score": 0.32530442155791384}