{"quality": 0.1657636714412255, "novelty": 0.8394548358077878, "diversity": 0.481628735851744, "efficiency": 0.4677624336326293, "cost": 0, "score": 0.4260829225995578}