{"quality": 0.11734467343495611, "novelty": 0, "diversity": 0.025646797872292237, "efficiency": 0.8171310513054506, "cost": 0.6232613952644517, "score": 0.10057627977431768}