{"quality": 0.8352320287910873, "novelty": 0.3907903972144731, "diversity": 0, "efficiency": 0.3305142797698996, "cost": 0.08181435702606935, "score": 0.3896629142038225}