{"quality": 0.35062780806600957, "novelty": 0.2059351333214236, "diversity": 0.13748877133970455, "efficiency": 0.8017166892079611, "cost": 0.274493937874048, "score": 0.276977989611889}