{"quality": 0.3210262413102291, "novelty": 0.859574475853799, "diversity": 0.9298405633769119, "efficiency": 0.39802819158373337, "cost": 0.6866009067948169, "score": 0.4882137420899792}