{"quality": 0.3185715900907092, "novelty": 0.9273905762675874, "diversity": 0.8858482567240233, "efficiency": 0, "cost": 0.6325602689904466, "score": 0.44133274553986956}