{"quality": 0.7685132753233943, "novelty": 0.5933223083924941, "diversity": 0.9876477341251493, "efficiency": 0.08430561437572767, "cost": 0.849251319959186, "score": 0.5041348166806121}