{"quality": 0.7666523696636844, "novelty": 0.13504507320393186, "diversity": 0.8801196689827211, "efficiency": 0.5846866898597478, "cost": 0.4559868754720475, "score": 0.4818852289283899}