{"quality": 0.353672666729134, "novelty": 0.40211002092470693, "diversity": 0.023900897466645643, "efficiency": 0.8704596336797467, "cost": 0.34753182521892534, "score": 0.3072252472733155}