{"quality": 0.2942245303149901, "novelty": 0.6686116781365439, "diversity": 0.2524319872605645, "efficiency": 0.8949515589170319, "cost": 0.11181086061169299, "score": 0.42896832385713135}