{"quality": 0.6740786465472892, "novelty": 0.9958401299163486, "diversity": 0.8052914319922315, "efficiency": 0.26619819151292223, "cost": 0.27988025321851295, "score": 0.6241836162468073}