{"quality": 0.4582030816598691, "novelty": 0.6918050109322174, "diversity": 1, "efficiency": 0.4000431457148679, "cost": 0.4088299689554273, "score": 0.5295356521927025}