{"quality": 0.7214412435094846, "novelty": 0.4414558307966566, "diversity": 0.15079740146314852, "efficiency": 0.18897760730929514, "cost": 0.4838380156335902, "score": 0.3369186505776745}