{"quality": 0, "novelty": 0.9050258074567057, "diversity": 0.9256695345467508, "efficiency": 0.7753914404317351, "cost": 0.28576454863912676, "score": 0.4991226199743741}