{"quality": 0.9064740489946786, "novelty": 0.49536602095995663, "diversity": 0.8155157728389504, "efficiency": 0.06028011900911073, "cost": 0.7610928957133918, "score": 0.49181960278621023}