{"quality": 1, "novelty": 0.7068598177367698, "diversity": 0.46366701783336783, "efficiency": 0.9060604558130958, "cost": 0, "score": 0.7053574263728304}