{"quality": 0.15509679957222458, "novelty": 0.835514649025114, "diversity": 0.13039916333860946, "efficiency": 0.9378232045837065, "cost": 0.9427255659593218, "score": 0.3278884588872915}