{"quality": 0.2987361287335639, "novelty": 0.21135749673716303, "diversity": 0.7094013692758789, "efficiency": 0.8778839182149114, "cost": 0.5645184877584835, "score": 0.3595712256159241}