{"quality": 0.38982804992762404, "novelty": 0.17404280210777506, "diversity": 0.7500293849132255, "efficiency": 0.09102557575140591, "cost": 0.5832018450971204, "score": 0.2657986443408749}