{"quality": 0.7671667284043708, "novelty": 0.6131353850635823, "diversity": 0.4514597260376313, "efficiency": 0, "cost": 0.7540712501360047, "score": 0.3983186849811326}