{"quality": 0.28046130479169823, "novelty": 0.5116100157694039, "diversity": 0.663202119968518, "efficiency": 0, "cost": 0.17058795768529972, "score": 0.3276225236050341}