{"quality": 0.42627241727186427, "novelty": 0.49968102338913967, "diversity": 0.3529652550127861, "efficiency": 0.34293445641025794, "cost": 0.869738665772491, "score": 0.287861333915691}