{"quality": 1, "novelty": 0.666729227981092, "diversity": 0.1225908724756023, "efficiency": 0.5419235373990152, "cost": 0.694217348388169, "score": 0.5030672772614289}