{"quality": 0.7015946927331008, "novelty": 0.4884443923043012, "diversity": 0.6309120926315454, "efficiency": 0.5756792514133213, "cost": 0.762908058460807, "score": 0.4688330062882321}