{"quality": 0.6354443842711974, "novelty": 0.39539679302009534, "diversity": 0.5290646490394484, "efficiency": 0.6204669989619906, "cost": 0.773085751427157, "score": 0.41105691804585565}