{"quality": 0, "novelty": 0.5536291633610506, "diversity": 0.3519047196687417, "efficiency": 0.6738328718462516, "cost": 0.6111912578776322, "score": 0.24874403976318551}