{"quality": 0.8254746862005021, "novelty": 0.5072576881761616, "diversity": 0.6561500335751792, "efficiency": 0.09286266446331283, "cost": 0.24196200893991443, "score": 0.4954200333947323}