{"quality": 0.34893551910919585, "novelty": 0.05384037078402659, "diversity": 0, "efficiency": 0.37649101728584333, "cost": 0.6196294635662302, "score": 0.11265145466501886}