{"quality": 0.7529971376882328, "novelty": 0.43288397955822483, "diversity": 0.7017843583827154, "efficiency": 0.6911178974161176, "cost": 0.6765381362296021, "score": 0.5104908788620265}