{"quality": 0.7553643686207665, "novelty": 0.9137410116614608, "diversity": 0.5267213217539479, "efficiency": 0, "cost": 0.21213313166778996, "score": 0.5391755146856058}