{"quality": 0.5192692699349455, "novelty": 0.31970023722704094, "diversity": 0.2742677073448966, "efficiency": 0.5597116566413123, "cost": 0.6512287434622575, "score": 0.30939325590619426}