{"quality": 1, "novelty": 0.7895871416444873, "diversity": 0.43656333553785376, "efficiency": 0.053948723159335965, "cost": 0.4494341006852976, "score": 0.5478583509240632}