{"quality": 0.6711872383364175, "novelty": 0.7171957137147645, "diversity": 0.8681407726498727, "efficiency": 1, "cost": 0, "score": 0.704283254459591}