{"quality": 0.9120502712192486, "novelty": 0.4001044346048619, "diversity": 0.46667099057259476, "efficiency": 0.9169886557986406, "cost": 0.08085953694593556, "score": 0.5964377328067115}