{"quality": 0.37861234940682675, "novelty": 0.8959043121315703, "diversity": 0.5647972535156625, "efficiency": 0.564047268204513, "cost": 0.3286447463532698, "score": 0.5022618491534231}