{"quality": 0.07133767057122464, "novelty": 0.22158773976383914, "diversity": 0.7751351616256842, "efficiency": 0.1745937634968372, "cost": 0.3938557348974052, "score": 0.21862875947224908}