{"quality": 0.3973079258943899, "novelty": 0.11077397612180717, "diversity": 0.4208468530679302, "efficiency": 0.7384959956791304, "cost": 0.6430843408385463, "score": 0.27752120768036975}