{"quality": 0.5492396490750655, "novelty": 0.03255347746782933, "diversity": 0.7922135616996367, "efficiency": 0.9826946002482475, "cost": 0.7323480290438626, "score": 0.4055223635622552}