{"quality": 0.19148966554253294, "novelty": 0.8159610099737379, "diversity": 0.7912359522725911, "efficiency": 0, "cost": 1, "score": 0.31968434261071255}