{"quality": 0.3425448451846991, "novelty": 0.3580350000572896, "diversity": 0.27367648505634484, "efficiency": 0.8246804738242985, "cost": 0, "score": 0.3707095716546459}