{"quality": 0.20380797049847207, "novelty": 0.27701253894009914, "diversity": 0.416551848207545, "efficiency": 0.6003967884243206, "cost": 0.3764763181814744, "score": 0.26611778197157604}