{"quality": 0.9578774739948284, "novelty": 0.9304351374298802, "diversity": 0.5055695539056175, "efficiency": 0.8834880699495747, "cost": 0.8921754996654163, "score": 0.6643915978629367}