{"quality": 0.889623222633998, "novelty": 0.9539046165970343, "diversity": 0.6632798348316646, "efficiency": 0.6177898853784428, "cost": 0.660571436129755}