{"quality": 0.7483934803214212, "novelty": 0, "diversity": 0.3851192325273336, "efficiency": 0.21371008651571166, "cost": 0.40991384230192146, "score": 0.29260701934905764}