{"quality": 0.5557554650944736, "novelty": 0.5270962783355209, "diversity": 0.6499102861340733, "efficiency": 0.714166974103511, "cost": 0.8041723473249524, "score": 0.45519057772206833}