{"quality": 0.8392441021299359, "novelty": 0.8085645668694434, "diversity": 0.6007835593736146, "efficiency": 0.6975769254794303, "cost": 0.8087160137960365, "score": 0.5978360216733755}