{"quality": 0.22455928794073016, "novelty": 0.1475733177435777, "diversity": 0.8812842762877713, "efficiency": 0.40015466323586957, "cost": 0.7002407969036757, "score": 0.27051709087068065}