{"quality": 0.18715535809907505, "novelty": 0.6635605366700299, "diversity": 0.7437347949873467, "efficiency": 1, "cost": 0.9233915489708363, "score": 0.4284445456976157}