{"quality": 0.554969026103554, "novelty": 0.6788698838520602, "diversity": 0.7369406063450945, "efficiency": 1, "cost": 0.8961128841332732, "score": 0.5439850116497729}