{"quality": 0.42014922801465593, "novelty": 0.4179177942037143, "diversity": 0.8206338999026197, "efficiency": 0.8180021054276414, "cost": 0.5612213446594475, "score": 0.4612291782840507}