{"quality": 0, "novelty": 0.27686050040818533, "diversity": 0.2052464287132199, "efficiency": 0.31338085597034787, "cost": 0.628426443097356, "score": 0.09442889493050691}