{"quality": 0, "novelty": 0.2607407653510173, "diversity": 0.06564466682210898, "efficiency": 0.4331390982630859, "cost": 0.3465062376121408, "score": 0.10863436568042492}