{"quality": 0.6070834025454876, "novelty": 0.7412971843035671, "diversity": 0.9059693444758099, "efficiency": 0.3142988781943776, "cost": 0.9006527019292363, "score": 0.505722747270933}