{"quality": 0.7142169148849989, "novelty": 0.7114104036468385, "diversity": 0.5012609681312257, "efficiency": 0.29509976797551535, "cost": 0.561540221890187, "score": 0.48048081201076304}