{"quality": 0.9796283325559778, "novelty": 0.21640370216013882, "diversity": 0.6231400172049408, "efficiency": 0.25946059536962784, "cost": 0.3108351842928982, "score": 0.4804529996239706}