{"quality": 0.9570185252133815, "novelty": 0.6302182250533951, "diversity": 0.8074752989378077, "efficiency": 0.3227868052119991, "cost": 0.5255865867370718, "score": 0.6020145357230176}