{"quality": 0.1825914633190039, "novelty": 0.7184363710597798, "diversity": 0.8447270635033951, "efficiency": 0.8217970335130032, "cost": 0.8223564769134664, "score": 0.444365851796929}