{"quality": 0.536427730057776, "novelty": 0.3907635853279047, "diversity": 0.7166426459856685, "efficiency": 0.35360096348288467, "cost": 1, "score": 0.35498788906887535}