{"quality": 0.931516439371681, "novelty": 0.9559327941261433, "diversity": 0.14979729648976572, "efficiency": 0.5117538644442556, "cost": 0.828141527352275, "score": 0.5423465165724041}