{"quality": 0.18760121527346024, "novelty": 0.9846311747672958, "diversity": 0.8019587705639422, "efficiency": 0.09136019441145848, "cost": 0.9433992386698874, "score": 0.38219401768138045}