{"quality": 0.8321495335583712, "novelty": 0.30027594810587616, "diversity": 0.6184982817534921, "efficiency": 0.4472290465627472, "cost": 0.13827396151938093, "score": 0.5016704642771528}