{"quality": 0.5663217593508618, "novelty": 0.4510723526983623, "diversity": 0.24607808136194884, "efficiency": 0.9266240622643882, "cost": 0.5310110261190815, "score": 0.417772738979989}