{"quality": 1, "novelty": 0.1684923925451905, "diversity": 0.24187692814652534, "efficiency": 0.7556151153637747, "cost": 0.08366144637895162, "score": 0.49547460643227376}