{"quality": 0.4124994823091795, "novelty": 0, "diversity": 0.48603131281206957, "efficiency": 0.03866453714429867, "cost": 0.4960613615007321, "score": 0.17714965167673935}