{"quality": 0.7780140766800612, "novelty": 0.27560240039861356, "diversity": 0.017086021028425047, "efficiency": 0.37004282989452547, "cost": 0.26767956751063726, "score": 0.33446049504247183}