{"quality": 0.8910572193671605, "novelty": 1, "diversity": 0.8171964394645637, "efficiency": 0.6792643341536941, "cost": 0.8151688971172398, "score": 0.701129214114391}