{"quality": 0.18417913847378287, "novelty": 0.9531893638838308, "diversity": 0.7576570954865209, "efficiency": 0.40127861097174405, "cost": 0, "score": 0.5052742932561584}