{"quality": 0.8065672089075779, "novelty": 0, "diversity": 0.25239226970379197, "efficiency": 0.48482706964410227, "cost": 0.7387282170035467, "score": 0.2912998553592924}