{"quality": 0.4178880631843745, "novelty": 0.5466464885244404, "diversity": 0.8948707436041793, "efficiency": 0.7227434708473353, "cost": 0.03377756392918785, "score": 0.5460359540414397}