{"quality": 0.28473102183355226, "novelty": 0.561440293106689, "diversity": 0.38835539366120997, "efficiency": 0.8179672099376536, "cost": 0.8984122089991673, "score": 0.33630431914971115}