{"quality": 0.6740353373335146, "novelty": 0, "diversity": 0.7476997578831928, "efficiency": 0.45185449133936506, "cost": 0.589626251722984, "score": 0.3605661013052993}