{"quality": 0.6355340561241987, "novelty": 0.7117658869800702, "diversity": 0.49502315397740027, "efficiency": 0.7009861578726142, "cost": 0.6911488854026557, "score": 0.5036393545183837}