{"quality": 0.6248076148827819, "novelty": 0, "diversity": 0.5010876413952314, "efficiency": 0.8086262118630525, "cost": 0.4188959212479275, "score": 0.36706415239854595}