{"quality": 0.5042901735287549, "novelty": 0.12411545840816798, "diversity": 0, "efficiency": 0.31482533135193724, "cost": 0.5998226424600289, "score": 0.16955745211745615}