{"quality": 0.5964425601524347, "novelty": 1.0, "diversity": 0.3327427276200379, "efficiency": 0.27017769369780525, "cost": 0.5230625880953694}