{"quality": 0.9243867945141944, "novelty": 0.4478624052012457, "diversity": 0.8753488120093956, "efficiency": 0.4461182425132799, "cost": 0.1918959823791974}