{"quality": 0.8891163164875637, "novelty": 0.10595205428653282, "diversity": 0.41812849596662305, "efficiency": 0.6365714605945397, "cost": 0.5248168644612985, "score": 0.41985264035427805}