{"quality": 0.8637140721480593, "novelty": 0.7567966732236482, "diversity": 0.9422408235276003, "efficiency": 0.5764617013936616, "cost": 0.8914325271488208, "score": 0.634087557150017}