{"quality": 0.7392645105062694, "novelty": 0.07397776807993262, "diversity": 1, "efficiency": 0.12550610615791966, "cost": 0.3843482074542056, "score": 0.4206648903501313}