{"quality": 0.10608045361080633, "novelty": 0.9110905859016663, "diversity": 1, "efficiency": 0.3098887387405004, "cost": 0.8829898375795051, "score": 0.41778110961178305}