{"quality": 0.8983373221201079, "novelty": 0.16386655335170536, "diversity": 0.6845952868680925, "efficiency": 0.5485664747361825, "cost": 0.17312426349865379, "score": 0.5123594372081391}