{"quality": 1, "novelty": 0.05484033004638335, "diversity": 0.8059039897577513, "efficiency": 0.7147230181224109, "cost": 0.22447512795010632, "score": 0.5596518203864971}