{"quality": 0.5839616555525078, "novelty": 0.05820046979517235, "diversity": 0.842251992574323, "efficiency": 0.8560473757095037, "cost": 0.7629438352606189, "score": 0.4103017354597737}