{"quality": 0.16863929999598254, "novelty": 0.7101963490435077, "diversity": 0.9145536542876472, "efficiency": 0.7654992153252379, "cost": 0.2105113559625144, "score": 0.5048253548197353}