{"quality": 0.15992498927267748, "novelty": 0.7435235050237387, "diversity": 0, "efficiency": 0.6447909286743071, "cost": 0.24345173485121113, "score": 0.30623183885376287}