{"quality": 0.3605557318109335, "novelty": 0.073532939564624, "diversity": 0, "efficiency": 0.6770693791008096, "cost": 0.6233655242017624, "score": 0.16577380887938123}