{"quality": 0.1202876013804888, "novelty": 0.9274914148822546, "diversity": 0.40983424031057253, "efficiency": 0.14685228277103277, "cost": 0.45070210287116574, "score": 0.32688361432536317}