{"quality": 0.18910470168354065, "novelty": 0.8482104956045853, "diversity": 0.2198610958976518, "efficiency": 0.2802089251332705, "cost": 0.8253546299907425, "score": 0.27225212935665516}