{"quality": 0.7619546242908577, "novelty": 0.8318344865407543, "diversity": 0.7002923192391562, "efficiency": 0.8131903112167163, "cost": 0.600716956838808, "score": 0.6385103237689037}