{"quality": 0.9140521309860257, "novelty": 0.3975484135601661, "diversity": 0.09962940772297543, "efficiency": 0.6222377140789566, "cost": 0.41303763071939303, "score": 0.4455605182703485}