{"quality": 0.17569822768169752, "novelty": 0.6619270305230599, "diversity": 0.9774814553206185, "efficiency": 0.9832906305418043, "cost": 0.6289104342671052, "score": 0.4982900681539581}