{"quality": 0.9187512160087535, "novelty": 0.011192935394709808, "diversity": 1, "efficiency": 0.3818349088245371, "cost": 0.40100976632421903, "score": 0.49559785834256215}