{"quality": 1, "novelty": 0.5131521656963294, "diversity": 0.3282454892887747, "efficiency": 0.542145718537405, "cost": 0.8290343969872136, "score": 0.4923555573637267}