{"quality": 0.4669952140071441, "novelty": 0.725514010871353, "diversity": 0.5728035585663704, "efficiency": 0.25030654899476695, "cost": 0.6101580210873702, "score": 0.41256795887373354}