{"quality": 0.312748824296282, "novelty": 0.8576365040412897, "diversity": 0.7988603381104736, "efficiency": 0.30726628253753246, "cost": 0.06114835913110696}