{"quality": 0, "novelty": 0.5431720335935937, "diversity": 0.9654881222313446, "efficiency": 0.41180931516394514, "cost": 0.2451644061531714, "score": 0.366145589503942}