{"quality": 0.07287091309744817, "novelty": 0.6605549705282535, "diversity": 0.14738140783535347, "efficiency": 0.4246261184395357, "cost": 0.6465095248426719, "score": 0.21551926341003166}