{"quality": 0.0576747440246288, "novelty": 0.49976369590097225, "diversity": 0.49823535135027996, "efficiency": 0.8430268358183528, "cost": 0.8953128402977426, "score": 0.2788131587956663}