{"quality": 0.19843400909905873, "novelty": 0.15898736077097497, "diversity": 0.8237055331058656, "efficiency": 0.452706041588797, "cost": 0, "score": 0.33192405578195405}