{"quality": 0.193485612252125, "novelty": 0.9873858002547891, "diversity": 0.46310278409956973, "efficiency": 0.8764262616187914, "cost": 0.5301022322891987, "score": 0.4759664065731475}