{"quality": 0.1515906587457303, "novelty": 0.7751266281995779, "diversity": 0.9972642822754552, "efficiency": 0.8221505205082377, "cost": 0.49968122724162545, "score": 0.5120661664807777}