{"quality": 0.4037246297811299, "novelty": 0.30426903516829246, "diversity": 0, "efficiency": 0.7177936473702473, "cost": 0.9498109823018681, "score": 0.20987259660176238}