{"quality": 0.3240482018480414, "novelty": 0.636104674756825, "diversity": 0.8146841106527406, "efficiency": 0.5435105253628296, "cost": 0.9522296360356184, "score": 0.40548106657502947}