{"quality": 0.5264322078449636, "novelty": 0.9461116189661065, "diversity": 0.46810904808203724, "efficiency": 0.12989169910002368, "cost": 0.7650683243617373, "score": 0.4310562991402529}