{"quality": 0.8664455163618653, "novelty": 0.2628126716348026, "diversity": 0.3615682407174002, "efficiency": 0.1366908771772435, "cost": 0.27120380490815676, "score": 0.3913337220465112}