{"quality": 0.5262074203643968, "novelty": 0.8070286556594684, "diversity": 0.8557297639934072, "efficiency": 0.40465837767370283, "cost": 0.49296557675329433, "score": 0.5421675417985935}