{"quality": 0.7689595295344029, "novelty": 0.5364246298467501, "diversity": 0.7559866817200218, "efficiency": 0.6215246111418853, "cost": 0.40643932489626916, "score": 0.5685761118476685}