{"quality": 0.3519624464678975, "novelty": 0.3507886614033225, "diversity": 0.5666975914549113, "efficiency": 0.8737696915498891, "cost": 0.22985636384080835, "score": 0.4147052349305847}