{"quality": 0.8429385578953733, "novelty": 0.4627468284048046, "diversity": 0.4304122846528492, "efficiency": 0.660246838203498, "cost": 0.4797885726947235, "score": 0.5057088998614354}