{"quality": 0.7202415028470975, "novelty": 0.27178722219302653, "diversity": 0.05568735160641214, "efficiency": 0.47324224267153164, "cost": 0.9394572262662267, "score": 0.27219734049777533}