{"quality": 0.1971575988029311, "novelty": 0.016180838671505465, "diversity": 0.1146634959901369, "efficiency": 0.7058468157993257, "cost": 0.49796410881323483, "score": 0.14220579999535848}