{"quality": 0.41067162892036096, "novelty": 0.6699180880876503, "diversity": 0.3690888663141185, "efficiency": 0.04783062176429098, "cost": 0.8771563138684225, "score": 0.28395774583864597}