{"quality": 0.7688609602145726, "novelty": 0.21047078024305138, "diversity": 0.07209473043656056, "efficiency": 0.47280593344390304, "cost": 0.08396016144796867, "score": 0.36021980308423535}