{"quality": 0.700196065691321, "novelty": 0.38674928356762006, "diversity": 1.0, "efficiency": 0.5946081480824869, "cost": 0.514804793905057}