{"quality": 1, "novelty": 0.33436089785306344, "diversity": 0.759999878002805, "efficiency": 0.4371533603264277, "cost": 0.6694195177531603, "score": 0.534221252337475}