{"quality": 0.5152866178609548, "novelty": 0.959063527979906, "diversity": 0.4530537630134376, "efficiency": 0.12145046368641302, "cost": 0.30460795382842903, "score": 0.4727193941260695}