{"quality": 0.8088319132511659, "novelty": 1, "diversity": 0.5082622435607231, "efficiency": 0.023939512605616803, "cost": 0.6923195781082723, "score": 0.5286609917675097}