{"quality": 1, "novelty": 0.45189350539858797, "diversity": 0, "efficiency": 0.2732937394562491, "cost": 0.9997869115673603, "score": 0.35398874611134834}