{"quality": 0.15535822104117725, "novelty": 0.7624803797057981, "diversity": 1, "efficiency": 0.7182123570867802, "cost": 0.5271405335701533, "score": 0.4922453614448044}