{"quality": 0.5507206537750973, "novelty": 1, "diversity": 0.5167167975685318, "efficiency": 0.22093760554886446, "cost": 0.5720577965766798, "score": 0.4944944168208972}