{"quality": 0.8991897431089177, "novelty": 0.8101411197806856, "diversity": 0.44038909868299514, "efficiency": 0.7803222757735879, "cost": 0.8548788097515714, "score": 0.5919304830053268}