{"quality": 0.7295173394980204, "novelty": 1, "diversity": 0.10644335273692807, "efficiency": 0.3795185392006688, "cost": 0.9892299652443071, "score": 0.4481486567524613}