{"quality": 0.3795038310847286, "novelty": 0.6689651835381283, "diversity": 0.739671445167875, "efficiency": 0.790140444189015, "cost": 1, "score": 0.44754780087187795}