{"quality": 1, "novelty": 0.6213107562617162, "diversity": 0.6832871107446643, "efficiency": 0.5702790679307126, "cost": 0.8388351715284037, "score": 0.5936434542511284}