{"quality": 0.19749114296098375, "novelty": 0.8450832865591325, "diversity": 0.2888089980343431, "efficiency": 0.7120045754487538, "cost": 0.31548832609882577, "score": 0.4035318178423774}