{"quality": 0.6733635797392815, "novelty": 0.46257468640152544, "diversity": 0.7771346788653556, "efficiency": 0.3747214970086075, "cost": 1.0}