{"quality": 0.3326268985588734, "novelty": 0.1041332187813376, "diversity": 0.12443861148440619, "efficiency": 0.47110648814225065, "cost": 0.03422134087063644, "score": 0.21795293569415158}