{"quality": 0.7434539992079106, "novelty": 0.9542703795568617, "diversity": 0.5418350308941843, "efficiency": 0.5450584441940114, "cost": 0.7038367031712423, "score": 0.5813458971424029}