{"quality": 0.16763215512212337, "novelty": 0.5136520840127318, "diversity": 0.6522145097183851, "efficiency": 0.40466815887725227, "cost": 0.6915285685006147, "score": 0.3006929364650234}