{"quality": 0.7532465872802295, "novelty": 0.3193242388109772, "diversity": 0.3767895535198958, "efficiency": 0.6323996588707865, "cost": 0.3167875054992794, "score": 0.4443441448714823}