{"quality": 0.7257221390375352, "novelty": 0.7424629912412722, "diversity": 0.889277396293708, "efficiency": 0.5432188417165966, "cost": 1, "score": 0.5626706950378098}