{"quality": 0.2460525411432564, "novelty": 1, "diversity": 0.17584360511139588, "efficiency": 0.7192953373506232, "cost": 0, "score": 0.4668787839678496}