{"quality": 0.7604916241247642, "novelty": 0.5267121977547241, "diversity": 0.45401538740797365, "efficiency": 0.12600036739359693, "cost": 0.6168098161509998, "score": 0.40784768765164453}