{"quality": 0.6683706002126033, "novelty": 0.94900717363231, "diversity": 0.1707457397740469, "efficiency": 0.5137716872326106, "cost": 0.5255250626505071, "score": 0.49642536824650874}