{"quality": 0.2349490829675388, "novelty": 0.6462991378881118, "diversity": 0.33627207840243456, "efficiency": 0.16631904244858772, "cost": 0.0959830366881238, "score": 0.31466347774125225}