{"quality": 0.26927779413424524, "novelty": 0.9893475755624275, "diversity": 0.01221089048059204, "efficiency": 0.9517865530198282, "cost": 0.9604751185738932, "score": 0.3772828813225837}