{"quality": 0.8709760744054249, "novelty": 0.6242682907465741, "diversity": 0.4882829049245506, "efficiency": 0.6411132007304449, "cost": 0.6163098905551458, "score": 0.5495524670472333}