{"quality": 0.547842418248815, "novelty": 1, "diversity": 0.6297928640725808, "efficiency": 0.49728442798928735, "cost": 0.05748416404146456, "score": 0.6091555460834073}