{"quality": 0.43363969809286795, "novelty": 0.11695073568334535, "diversity": 0.585581300851701, "efficiency": 0.9056238404656619, "cost": 0.33410968145406655, "score": 0.3788784614434796}