{"quality": 0.6239188185121144, "novelty": 0.12434694098916299, "diversity": 0.49079374488995237, "efficiency": 0.6598319756572619, "cost": 0.7149274019203047, "score": 0.3439031859354744}