{"quality": 0.24409925040490535, "novelty": 0.26813831333399324, "diversity": 0.9013632067012147, "efficiency": 0.10767272716927127, "cost": 0.14085430694883772, "score": 0.3226024731757198}