{"quality": 1, "novelty": 0.010026848151348688, "diversity": 0.2839512432817221, "efficiency": 0.9466046090144961, "cost": 0.1301638027596258, "score": 0.4882712717703935}