{"quality": 0.8380932766362275, "novelty": 0, "diversity": 1, "efficiency": 1, "cost": 0.15659964185778336, "score": 0.5857680188050899}