{"quality": 0.43135065552333657, "novelty": 0.5653987450161804, "diversity": 0.20820186189828516, "efficiency": 0.675485036679055, "cost": 0.47366003365570297, "score": 0.3663520074269911}