{"quality": 0.23480180382848806, "novelty": 0.6733836083548734, "diversity": 0.8832316788374837, "efficiency": 0.9541318542368653, "cost": 0.2442470567578287}