{"quality": 0.9782270683308425, "novelty": 0.6480822220957019, "diversity": 0.8212006372943874, "efficiency": 0.6820669740882538, "cost": 0.4868797704750767, "score": 0.673350872547786}