{"quality": 0.2626079101154751, "novelty": 0.3633788885743986, "diversity": 0.35723423171892155, "efficiency": 0.22191822143896725, "cost": 0.8582350400162526, "score": 0.1885381707362463}