{"quality": 1, "novelty": 0.8014259401931718, "diversity": 0.022882010328677482, "efficiency": 0.6353433279272771, "cost": 0.19862805325608957, "score": 0.5803715809775111}