{"quality": 0.597835924651798, "novelty": 0.45805354397557274, "diversity": 0.4866756157991286, "efficiency": 0.5282938973197409, "cost": 0.07087483413572143, "score": 0.4633558877336473}