{"quality": 0.24233059334318163, "novelty": 0.262536648360599, "diversity": 0.6357557538048333, "efficiency": 0, "cost": 0.9354477535099581, "score": 0.17193971550307507}