{"quality": 0.6554674880346103, "novelty": 0.05858748491621843, "diversity": 0, "efficiency": 0.5803416995894999, "cost": 0.6060920897488213, "score": 0.23772916360298052}