{"quality": 0.21842536515740602, "novelty": 0.24246219270607577, "diversity": 0.750478152803667, "efficiency": 0.5822800897066716, "cost": 0.677478960683205, "score": 0.29583290567215437}