{"quality": 0.1279152213038691, "novelty": 0.706067476011272, "diversity": 0.2582720129866476, "efficiency": 0.1308935684798555, "cost": 0.20139201608834936, "score": 0.2660406716544516}