{"quality": 0.344290555597137, "novelty": 0.5172856902494051, "diversity": 0.7943632327114478, "efficiency": 0, "cost": 0.388314906137305, "score": 0.35264974517005143}