{"quality": 0.5160406427777855, "novelty": 0.9418984463057125, "diversity": 0.3925162657415002, "efficiency": 0.43150173845827106, "cost": 0.4376174179020623, "score": 0.4897535765365982}