{"quality": 0.1557019378097741, "novelty": 0.012906961079765439, "diversity": 0.9507851335993784, "efficiency": 0.38094015386500035, "cost": 0.45727093241985056, "score": 0.2515082781705143}