{"quality": 0.5272467354608105, "novelty": 0.724028725044189, "diversity": 0.05960004701081745, "efficiency": 0.8822822406289288, "cost": 0.22069150802643056, "score": 0.4613743965931501}