{"quality": 0.5207936534580252, "novelty": 0.7271842094122555, "diversity": 0.25248878507194783, "efficiency": 0.9254025160637951, "cost": 0.06608627543816181, "score": 0.5207336552706141}