{"quality": 0.8240400698231455, "novelty": 0.7137358362828968, "diversity": 0.3717704211728705, "efficiency": 0.4232603252352972, "cost": 0.9861601931321544, "score": 0.4648730937243211}