{"quality": 0.6742520108032275, "novelty": 0.677051044254484, "diversity": 0.9373421414802204, "efficiency": 0.29927421531345527, "cost": 0.6814944478399945, "score": 0.5357484801136522}