{"quality": 0.0851047235191087, "novelty": 0.5367028202915738, "diversity": 0.9212312018136122, "efficiency": 1, "cost": 0.42505751630682387, "score": 0.4514476108606661}