{"quality": 0, "novelty": 1, "diversity": 0.46810889535362254, "efficiency": 0.3957444820160403, "cost": 0.2712372503098343, "score": 0.3758597263421471}