{"quality": 0.41239975734043066, "novelty": 0.7004980155293883, "diversity": 0.41902420092455156, "efficiency": 0.7117234135795639, "cost": 0.7768944374440298, "score": 0.41171833956191817}