{"quality": 0.1992482745388013, "novelty": 0.700380041209208, "diversity": 0.28618265458158143, "efficiency": 1, "cost": 0.7441183345259601, "score": 0.36769419012766275}