{"quality": 0.2377527433259747, "novelty": 0, "diversity": 0.5501687459259059, "efficiency": 0.6131342925316732, "cost": 0.4367043113742683, "score": 0.22965928492529777}