{"quality": 0.2666387079635905, "novelty": 0.7474514583036969, "diversity": 0.9513672594835269, "efficiency": 0.20691081300958708, "cost": 0, "score": 0.4881645508131448}