{"quality": 0.09240094078543656, "novelty": 0.5625379845003753, "diversity": 0.32746469974271386, "efficiency": 0.9309913465184569, "cost": 0.31358639008606226, "score": 0.34213778127842986}