{"quality": 0, "novelty": 0.5264107663702787, "diversity": 0.9576353975122562, "efficiency": 0.10199622158916596, "cost": 0.8472574409107295, "score": 0.2537034602423229}