{"quality": 0.09908648558954511, "novelty": 0.4660766760437212, "diversity": 0.6075586361075374, "efficiency": 0, "cost": 0.4614590720562557, "score": 0.22161093470367577}