{"quality": 0.6956940858855742, "novelty": 0.38134206565352846, "diversity": 0.8085152384906857, "efficiency": 1, "cost": 0.7606377400174417, "score": 0.5396830158754474}