{"quality": 0.7305984177076292, "novelty": 0.8889162544497045, "diversity": 0.7104336072453774, "efficiency": 0.5733071127139189, "cost": 0.48259998205603566, "score": 0.6212313790752747}