{"quality": 0.8957416618959129, "novelty": 0, "diversity": 0.629249271128678, "efficiency": 0.48990391840137826, "cost": 0.9471637436549543, "score": 0.37334156618922076}