{"quality": 0.5570243307597784, "novelty": 0.6031554396383078, "diversity": 0.11291690550592909, "efficiency": 0, "cost": 0.07971542714518129, "score": 0.33250799752417814}