{"quality": 0.3848296805509966, "novelty": 0.43374057994289716, "diversity": 0.6576214603896872, "efficiency": 0.5084563786824343, "cost": 0.2759667780075634, "score": 0.4040801202305695}