{"quality": 0.18199542502622768, "novelty": 0.4194969789323894, "diversity": 0.1628507229705337, "efficiency": 0.07278625283516904, "cost": 0.7639597577028033, "score": 0.1265649789900674}