{"quality": 0.40935235271010073, "novelty": 0.2160501707527191, "diversity": 0.5031341266777162, "efficiency": 0.463947907777152, "cost": 0.5694640959271162, "score": 0.2900908504106144}