{"quality": 0.16629375093259702, "novelty": 0.24696036729663595, "diversity": 0.6284328743146033, "efficiency": 0.9838763067309273, "cost": 0.32110460508167005, "score": 0.35278577746833084}