{"quality": 0, "novelty": 0.519548068290664, "diversity": 0.3033245844425328, "efficiency": 0.06623881224326333, "cost": 0.1592425505683286, "score": 0.1845635007408292}