{"quality": 1, "novelty": 0.49282146814719224, "diversity": 0.10804216372313696, "efficiency": 0.7802133003718404, "cost": 0.5094785079851041, "score": 0.5108979440386912}