{"quality": 0.629723554000817, "novelty": 0.3173625852388429, "diversity": 0.48098747911953077, "efficiency": 1, "cost": 0.1842097486831154, "score": 0.49603423346555053}