{"quality": 1, "novelty": 0.7670327907419795, "diversity": 0.71088246638365, "efficiency": 0.10382440744083493, "cost": 0, "score": 0.6495083520783501}