{"quality": 0.19843441822733882, "novelty": 0.8217390667358386, "diversity": 0.46137362361612383, "efficiency": 0.4503156576680522, "cost": 0.1042737255474016, "score": 0.4143597929708538}