{"quality": 1, "novelty": 0.5900186509580139, "diversity": 0.5426858767279152, "efficiency": 0.9598401386348034, "cost": 0, "score": 0.700017858880307}