{"quality": 0.60788057845926, "novelty": 0.6030507785726167, "diversity": 0.8527874376722719, "efficiency": 0.1720528949100384, "cost": 0.2473704573675371, "score": 0.5047552442151386}