{"quality": 0, "novelty": 0.8018464166842607, "diversity": 0.066563829684788, "efficiency": 0.23808690813134092, "cost": 0.031121668452252588, "score": 0.24637523948249868}