{"quality": 0, "novelty": 0, "diversity": 0.4047153915177206, "efficiency": 0.3990583607765826, "cost": 0.8461774093513429, "score": 0.056184091484897225}