{"quality": 0.709705290049942, "novelty": 0.20103726218125484, "diversity": 0.6750459465166387, "efficiency": 0.9109497879601007, "cost": 0.3836062248842818, "score": 0.49646193756921086}