{"quality": 0.904162493741639, "novelty": 1, "diversity": 0.5894593192423125, "efficiency": 0.8348075506279253, "cost": 0.7003231479535043, "score": 0.6943294297697925}