{"quality": 0.5430959770163841, "novelty": 0.6545730629962047, "diversity": 0.9246805541343518, "efficiency": 0.2217370650299234, "cost": 0.5086991041317425, "score": 0.49389881902215105}