{"quality": 0.662618227975332, "novelty": 0.7488673615873935, "diversity": 1, "efficiency": 0.23867604184312335, "cost": 0.23530559124541567, "score": 0.5982731559413749}