{"quality": 0.6362241271102284, "novelty": 0, "diversity": 0.5663404189646555, "efficiency": 0.4833955978315347, "cost": 0, "score": 0.37664466160072974}