{"quality": 0.38722561247339227, "novelty": 0.3049665143235042, "diversity": 0.1825572526877745, "efficiency": 0.9027807160272218, "cost": 1, "score": 0.2643378702645318}