{"quality": 0.30885728340898033, "novelty": 0.23223841213084775, "diversity": 0.48483251089997537, "efficiency": 0.8406308083150931, "cost": 0.4864045840349837, "score": 0.32513745307916664}