{"quality": 0.12870072486575201, "novelty": 0.17002745083970794, "diversity": 0.16131868504608765, "efficiency": 0.31451539924841193, "cost": 0.48345607162739757, "score": 0.11221251990339215}