{"quality": 0, "novelty": 0.740780161185741, "diversity": 0.5381801266443851, "efficiency": 0.793666328534695, "cost": 0.5597139440795846, "score": 0.35590962049755803}