{"quality": 0.10520448343227422, "novelty": 0.5866780424056317, "diversity": 0.6169988271169679, "efficiency": 0.8452150178565481, "cost": 0.9156573890112589, "score": 0.3368471348318401}