{"quality": 0.6272108955186474, "novelty": 0.09775804457994364, "diversity": 0.19667202696022196, "efficiency": 0.6895469057682075, "cost": 0.8796706164730227, "score": 0.2674021594105534}