{"quality": 0.5481545572603471, "novelty": 0.35661676996897185, "diversity": 0.2310709411703178, "efficiency": 0.31698370719339963, "cost": 0, "score": 0.3473623039834206}