{"quality": 0.1944778116282144, "novelty": 0.2952214521300782, "diversity": 0.7164268069756186, "efficiency": 1, "cost": 0.22013735309257104, "score": 0.4034203326068505}