{"quality": 0.8601528581012905, "novelty": 0.9990550485133267, "diversity": 0.8544228650610333, "efficiency": 0.17295720298196463, "cost": 0, "score": 0.7046377730182203}