{"quality": 0.602068187918626, "novelty": 0.8519411742840637, "diversity": 0.03643928066013585, "efficiency": 0.8193003066932787, "cost": 0.0757880192106494, "score": 0.5162098501615576}