{"quality": 0.45883948883428993, "novelty": 0.8413308618730064, "diversity": 0.8981775367424208, "efficiency": 0.616855191926855, "cost": 0.5796166141599921, "score": 0.5621866868400518}