{"quality": 0.38788605272053267, "novelty": 0.8105235271905756, "diversity": 0.8104301886842304, "efficiency": 0.21541891939355146, "cost": 1, "score": 0.41339557325968246}