{"quality": 0.7704283554252046, "novelty": 0.9284071304305389, "diversity": 0.34550677520375417, "efficiency": 0.9493462452056288, "cost": 0.5415387207188538, "score": 0.6205797089849059}