{"quality": 0, "novelty": 0.03413491043121099, "diversity": 0.992062954304961, "efficiency": 0.8625749197820298, "cost": 0.19819273072951046, "score": 0.3165132833631484}