{"quality": 0.26375556453811927, "novelty": 0.4414219348516991, "diversity": 0.8180050946128464, "efficiency": 0.5242596724725632, "cost": 0, "score": 0.4317221228678143}