{"quality": 0.4753275967423845, "novelty": 0.8546646082017396, "diversity": 0.3938801938765462, "efficiency": 0.6318278548283476, "cost": 0.9526113635047608, "score": 0.43455351172223555}