{"quality": 0, "novelty": 0.8269903628824062, "diversity": 0.28100298826619446, "efficiency": 0.3784152417144334, "cost": 0, "score": 0.3197104746310055}