{"quality": 0.5892463904683107, "novelty": 0, "diversity": 0.5046270005934894, "efficiency": 0.5680746265896939, "cost": 0.42490345257803913, "score": 0.3204201659898412}