{"quality": 0.1891273590425927, "novelty": 0.5259657083721524, "diversity": 0.49378133411899533, "efficiency": 0.14926897918565862, "cost": 0.432969002380802, "score": 0.26607934826938356}