{"quality": 0.3180284065357948, "novelty": 0.6451564536342114, "diversity": 0.8082320248124946, "efficiency": 0, "cost": 0.4456013703825052, "score": 0.37378390329353967}