{"quality": 0.7286144093842941, "novelty": 0.5081633544264519, "diversity": 0.016504350880173407, "efficiency": 0.824978708198006, "cost": 0.2114596876858656, "score": 0.45152686905905026}