{"quality": 0.2516620652074339, "novelty": 0.1332806125663893, "diversity": 0.5381419249607802, "efficiency": 0.811086209541291, "cost": 0.6318399552260164, "score": 0.27492609360457554}