{"quality": 0.7644354372974091, "novelty": 0.7954751165468402, "diversity": 0.1689035751881181, "efficiency": 0.18282779394728493, "cost": 0.1569923587883943, "score": 0.4737050585768097}