{"quality": 0.2966496354530053, "novelty": 1, "diversity": 0, "efficiency": 0, "cost": 0.7108223798307893, "score": 0.26791265265282266}