{"quality": 0.7520986056131989, "novelty": 0.4651146163383334, "diversity": 0.3684468116410081, "efficiency": 0.5300635388841461, "cost": 0.7445074417627231, "score": 0.4206563847530942}