{"quality": 0.3077108267592296, "novelty": 0.5456507354112216, "diversity": 0.5929141494219419, "efficiency": 0.22607015494499014, "cost": 0.8910066753384638, "score": 0.2921186174728648}