{"quality": 0.535778551794879, "novelty": 0.5104877876786884, "diversity": 0.6168938233322162, "efficiency": 0.6602631838948737, "cost": 0.6207584876308532, "score": 0.44869790594572484}