{"quality": 0.7649774516124044, "novelty": 0.8415826383441624, "diversity": 0.15560156281520576, "efficiency": 0.39464498349066296, "cost": 0.5151671125349994, "score": 0.47868924390290263}