{"quality": 0.21500520562256542, "novelty": 0.3034573649074709, "diversity": 0.6805684590093428, "efficiency": 0.5312827908574794, "cost": 0.7351332364626064, "score": 0.2826586896978672}