{"quality": 0.7468207737245087, "novelty": 0.6326565576353103, "diversity": 0.8880440566115246, "efficiency": 0.22995762242487172, "cost": 0.4542166255430646, "score": 0.5488911636579094}