{"quality": 0.6235916359861391, "novelty": 0.3236950821574767, "diversity": 0.7424715090706944, "efficiency": 0.09330409664005794, "cost": 0.06099210385642981, "score": 0.42439196725971545}