{"quality": 1, "novelty": 0.3602459563245041, "diversity": 0.8168095555874091, "efficiency": 0.8880804368950019, "cost": 0.0017275298064069466, "score": 0.6864627127522174}