{"quality": 0.48217994883610193, "novelty": 0.7322772842859362, "diversity": 0, "efficiency": 0.7668511427736642, "cost": 0.7605861909379126, "score": 0.366692358044573}