{"quality": 0.37319499137265577, "novelty": 0.7552423957881929, "diversity": 0.6748807419848468, "efficiency": 0.4700507859868372, "cost": 0.7318521082986333, "score": 0.4330676518239766}