{"quality": 0.20547109147839482, "novelty": 0.25757706942661285, "diversity": 0.40673399239878827, "efficiency": 0.8330663768243385, "cost": 0.41378970767922296, "score": 0.2909633790356578}