{"quality": 0.2956383516029338, "novelty": 0.1633361834393358, "diversity": 0.8840762363389226, "efficiency": 0.34511320969448467, "cost": 0.18659740274312953, "score": 0.33944803978835836}