{"quality": 0.259541638419693, "novelty": 1, "diversity": 0.9632271619549805, "efficiency": 0.7603411557185584, "cost": 0.17544555055240535, "score": 0.6170145422194472}