{"quality": 0.8188559435338629, "novelty": 0.8364112485937891, "diversity": 0.9816465366877922, "efficiency": 0.20543114733319018, "cost": 1.0}