{"quality": 0.8275258806360274, "novelty": 0.3967623910361793, "diversity": 1, "efficiency": 0.8671595995966759, "cost": 0.10200237718767885, "score": 0.6673220641705865}