{"quality": 0.5220945548683631, "novelty": 0.9158998227104674, "diversity": 0.6138078506124742, "efficiency": 0.9828509846789162, "cost": 0.8982679375074821, "score": 0.5659657462117098}