{"quality": 0.16155715499791878, "novelty": 1, "diversity": 0.4069336719030445, "efficiency": 0, "cost": 0.4189225056795446, "score": 0.33796163031203}