{"quality": 0, "novelty": 0, "diversity": 0.7541767634956672, "efficiency": 0.21016037033175047, "cost": 0.6787660353426821, "score": 0.11448280471462781}