{"quality": 0.6104018385486787, "novelty": 0.8745989566363945, "diversity": 0.11067203086671823, "efficiency": 0.414369414864495, "cost": 0.18004595844785243, "score": 0.4680555132819349}