{"quality": 0.11025371934942688, "novelty": 0.3878748396327945, "diversity": 0.6498912157312152, "efficiency": 0.12650678969270918, "cost": 0.6882163770679026, "score": 0.21017744960638585}