{"quality": 0.6772592581943546, "novelty": 0.3217739963365547, "diversity": 0.270360759362995, "efficiency": 0.7525923482743109, "cost": 0.6463687405817408, "score": 0.3859454065980166}