{"quality": 0.21823666580773973, "novelty": 0.18180554460258921, "diversity": 0.3659748136248434, "efficiency": 0.27526426076607824, "cost": 0.16079812221916734, "score": 0.20932717551093288}