{"quality": 0.7483543155549583, "novelty": 0.7062081315463471, "diversity": 0.6194037575630778, "efficiency": 0.9575857904429089, "cost": 0.9541526437122833, "score": 0.5731616832608979}