{"quality": 0.9687842574852519, "novelty": 0.8023718340404284, "diversity": 0.8472651383342598, "efficiency": 0.520112858441601, "cost": 0.6654158206741347, "score": 0.6721566101213613}