{"quality": 0.03369136154026503, "novelty": 0.7831791904995622, "diversity": 1, "efficiency": 0.7739462966708383, "cost": 0.5214140636154847, "score": 0.46985274422604734}