{"quality": 0, "novelty": 0.0870407420939947, "diversity": 0.10107949270793826, "efficiency": 0.19989545381564516, "cost": 0.4416916103207586, "score": 0.027791241105357238}