{"quality": 0.1167345820719144, "novelty": 0.8067975045046794, "diversity": 0.7827659685278379, "efficiency": 0.36824465639832304, "cost": 0.4749550771743432, "score": 0.40101413519562584}