{"quality": 0.42173273201865713, "novelty": 0.9733603181335146, "diversity": 0.764211056402214, "efficiency": 0.21261945951747047, "cost": 0.2751644485854921, "score": 0.52707858448849}