{"quality": 0.1365024627230764, "novelty": 0.70011551643911, "diversity": 1, "efficiency": 0.2730528783361359, "cost": 0.9767386503761706, "score": 0.35926368463950376}