{"quality": 0.22233033357744836, "novelty": 0.5116210474539904, "diversity": 0.46255107994103856, "efficiency": 0.4378786741118491, "cost": 0.8998111036536335, "score": 0.26281526867635374}