{"quality": 0.99645619380283, "novelty": 0.7885438901570012, "diversity": 0.3584292488102909, "efficiency": 0.5141634803638477, "cost": 0.6718190492994003, "score": 0.5777012975667947}