{"quality": 0.8444745260904168, "novelty": 0.2367110722124713, "diversity": 0.9013838489850782, "efficiency": 0.29805362214441894, "cost": 0.15722411581842255, "score": 0.521782527417079}