{"quality": 0.12048478502091534, "novelty": 0.4859127692107037, "diversity": 0.9485002190971856, "efficiency": 0.5693804008238359, "cost": 0.43811046361481254, "score": 0.38891968539048183}