{"quality": 0.8524815131542658, "novelty": 0.1572778667577639, "diversity": 0.9176067198185045, "efficiency": 0.4147721889425343, "cost": 0, "score": 0.5408010929408017}