{"quality": 0.15532568508924316, "novelty": 0.31041446719092064, "diversity": 0.3622347061845428, "efficiency": 0.895363565438756, "cost": 0.4526751975780818, "score": 0.2856852786194169}