{"quality": 0.09147225414459875, "novelty": 1, "diversity": 0.5823687491974425, "efficiency": 0.508155772580581, "cost": 0.16575579672928442, "score": 0.4535632122970268}