{"quality": 0.6107530908509391, "novelty": 0.5186314110558541, "diversity": 0.09855511751906523, "efficiency": 0.48120125435067174, "cost": 0.5781756386633161, "score": 0.34695742780932737}