{"quality": 0.9718073508673928, "novelty": 0.5103538380471712, "diversity": 0.6064453229738833, "efficiency": 0.5937698995839094, "cost": 0.26405185053571023}