{"quality": 0.5265568600140031, "novelty": 0.8565398951146029, "diversity": 1.0, "efficiency": 0.7311174210800453, "cost": 0.0942939158338317}