{"quality": 0.2031461881872632, "novelty": 0.07951930476697322, "diversity": 0.5280141095207284, "efficiency": 0.5149295727079418, "cost": 0.7012649618762118, "score": 0.19353944427063802}