{"quality": 0.30220207226530066, "novelty": 0.7656011511640055, "diversity": 0.5444754900411477, "efficiency": 0.6946936550817147, "cost": 0.26789640612682497, "score": 0.46837041512839583}