{"quality": 0.5055141765665673, "novelty": 0.28703571546535206, "diversity": 0.4752847608820599, "efficiency": 0.33933809608748894, "cost": 0.474227150334426, "score": 0.3219481333924009}