{"quality": 0.9411323609192118, "novelty": 0.3796886375766523, "diversity": 0.9301728332933317, "efficiency": 0.6322715542499396, "cost": 0.05673468027776926, "score": 0.6524636994383071}