{"quality": 0.46867423720181844, "novelty": 0.4113585062165786, "diversity": 0.3000354966941257, "efficiency": 0.47965916124691665, "cost": 0, "score": 0.3753978712405528}