{"quality": 0.694204110214284, "novelty": 0.9827343652216808, "diversity": 0.17118218726771312, "efficiency": 0.43014858467222544, "cost": 1, "score": 0.45270354952408187}