{"quality": 1, "novelty": 0.2886064111674348, "diversity": 0.842089719488668, "efficiency": 0.7425502996500004, "cost": 0.5535447661123785, "score": 0.5965976150258545}