{"quality": 0.9863149514981104, "novelty": 0.48358064293843916, "diversity": 0.8524639245203391, "efficiency": 0.2829880209440989, "cost": 0.2884943020034747, "score": 0.6008812040293781}