{"quality": 0.3555368184965643, "novelty": 0.6438963892348464, "diversity": 0.34946223084992745, "efficiency": 0, "cost": 0.25288653060347843, "score": 0.3122389359673185}