{"quality": 0, "novelty": 0.783460766978938, "diversity": 0.8449255154648766, "efficiency": 0.9661411833637061, "cost": 0.33974500897909954, "score": 0.4757969714443558}