{"quality": 0.4366783571403594, "novelty": 0.9213183313517617, "diversity": 1, "efficiency": 1, "cost": 0.6403577908705278, "score": 0.6472973108929954}