{"quality": 0.6754855606709653, "novelty": 0.637605475729608, "diversity": 0, "efficiency": 0.2646595800558653, "cost": 0.1231470761389814, "score": 0.3894312665281732}