{"quality": 0.35307758714756055, "novelty": 0.5290928277277827, "diversity": 0.2961042880421143, "efficiency": 0.49881084893930355, "cost": 0.03760608119841859, "score": 0.3684783599056904}