{"quality": 0.7170743963455495, "novelty": 0.3089612253398853, "diversity": 0.6857160306872966, "efficiency": 0.761713344179658, "cost": 0.636779985129256}