{"quality": 0.9146954748947473, "novelty": 0.09961998955790952, "diversity": 0.5320846829305557, "efficiency": 0.682517834155105, "cost": 0.5271036084108232}