{"quality": 0.1364587854570276, "novelty": 0, "diversity": 1, "efficiency": 0, "cost": 0.6797933526108653, "score": 0.17295830037602178}