{"quality": 0.9450984372233824, "novelty": 0.4215243606734913, "diversity": 0.17994364062254364, "efficiency": 0, "cost": 0.5431490521324764, "score": 0.37058444424664855}