{"quality": 0.7663249366160255, "novelty": 0.24600766950968478, "diversity": 0.6131977690698549, "efficiency": 0.7432163749457783, "cost": 1, "score": 0.4255214084180665}