{"quality": 0.5993095635809896, "novelty": 0.7610366055821365, "diversity": 0.14484997315718526, "efficiency": 0.7074335412126813, "cost": 1, "score": 0.40513704628317027}