{"quality": 0.22930371146714673, "novelty": 0.3882220916668594, "diversity": 0.09933053859519242, "efficiency": 0.07212356197128113, "cost": 0.7372217957368251, "score": 0.122809098797907}