{"quality": 0.2340980538031543, "novelty": 0.3247141806851717, "diversity": 0.6035944974927432, "efficiency": 0.6591952835553463, "cost": 0.6689864249930141, "score": 0.3041075108447884}