{"quality": 0.7303477997826272, "novelty": 0.6541494452504404, "diversity": 0.2706886191200666, "efficiency": 0.8562782855983488, "cost": 0.3617795936287399, "score": 0.5290432085482899}