{"quality": 0.35162828748658864, "novelty": 0.47649388078829247, "diversity": 0.9021969299714239, "efficiency": 0.47983858959431935, "cost": 0, "score": 0.4770271308764824}