{"quality": 0.2841607040436546, "novelty": 0.28472420413784066, "diversity": 0.4563858755735604, "efficiency": 0.234198306349932, "cost": 0.9753879326622226, "score": 0.18529739004853618}