{"quality": 0.79899855122668, "novelty": 0.1900774339263408, "diversity": 0.9534441192740528, "efficiency": 0.5271143690770655, "cost": 0.4153416132869014, "score": 0.5154407417372694}