{"quality": 0.4958524740092643, "novelty": 1, "diversity": 1, "efficiency": 0.8984362829724213, "cost": 0.1460968725877434, "score": 0.7189114973898683}