{"quality": 0.18726486817780086, "novelty": 0.0632195616849579, "diversity": 0.7385435145541488, "efficiency": 0, "cost": 0.3623317382888223, "score": 0.18345987995652724}