{"quality": 0.19676988493665554, "novelty": 0.5244287721688063, "diversity": 0.32755878329199634, "efficiency": 0.3922690947773665, "cost": 0, "score": 0.3144902793982025}