{"quality": 0.0030987334680694506, "novelty": 0.9517243194937224, "diversity": 0.3765596669874193, "efficiency": 0.8842724446740893, "cost": 0.5903961640515465, "score": 0.38777388360729403}