{"quality": 0.3350721245590925, "novelty": 1, "diversity": 0.906547274610736, "efficiency": 0, "cost": 0.5102453892271445, "score": 0.48080655336716055}