{"quality": 0.14325401870899596, "novelty": 0.4771622850306982, "diversity": 0.23282854333886138, "efficiency": 0.10393815370860986, "cost": 0, "score": 0.22442320859443707}