{"quality": 0.6052556870191169, "novelty": 0.6638035707470433, "diversity": 0.1701415688705098, "efficiency": 0.26341488458039625, "cost": 0.3941360142771758, "score": 0.3816545438259397}