{"quality": 0.8139523857983519, "novelty": 0.9926351130506141, "diversity": 0.9928125320195297, "efficiency": 0.5028729017151509, "cost": 0.07927385424213032, "score": 0.7584105502391246}