{"quality": 0.1841354398203876, "novelty": 0.8636793789068804, "diversity": 0.8004852012564049, "efficiency": 0.018432152002497745, "cost": 0, "score": 0.43402233972449206}