{"quality": 0.633959247310659, "novelty": 0.18886831113947927, "diversity": 0.7442019827359699, "efficiency": 0.1883697393257593, "cost": 0.22385152206035364, "score": 0.39211555721809}