{"quality": 0.8222470714317431, "novelty": 0.3115411815541863, "diversity": 0.08288211562743134, "efficiency": 0.22717997060470874, "cost": 0.686446944213565, "score": 0.3065681411129056}