{"quality": 0.8623848108465526, "novelty": 0.8592838128212391, "diversity": 0.6911179705107446, "efficiency": 0.02697129476049767, "cost": 0.9338626769980722}