{"quality": 0.0324905030966255, "novelty": 0.6272626966063596, "diversity": 0.5182477451595257, "efficiency": 0, "cost": 0.762071355263046, "score": 0.19400523858617807}