{"quality": 1, "novelty": 0.8288406441927119, "diversity": 0.17350307231325074, "efficiency": 0.9929905234877888, "cost": 0.3480797792995727, "score": 0.6560513761040392}