{"quality": 0.6048205355400252, "novelty": 0.6542873141225451, "diversity": 0.5313086419560449, "efficiency": 0.8927663863365791, "cost": 0.23210221204245146, "score": 0.5619844543300945}