{"quality": 0.8981206678622977, "novelty": 0.3617975833084518, "diversity": 0.43519956045487995, "efficiency": 0.8483200758666001, "cost": 1, "score": 0.47417351965676835}