{"quality": 0.44861633471955764, "novelty": 0.6373993868740386, "diversity": 0.7639853034318269, "efficiency": 0.9925510386392666, "cost": 0.7518978793538336, "score": 0.520424675681249}