{"quality": 0.8839969659562634, "novelty": 0, "diversity": 0.17115877897361914, "efficiency": 0.7614934404046763, "cost": 0.2692263474354269, "score": 0.3867322268987616}