{"quality": 0.2535353339838038, "novelty": 0, "diversity": 0.6009072868266703, "efficiency": 0.24216744109418684, "cost": 0.7807245226040831, "score": 0.1544947214641949}