{"quality": 0.5431878390656407, "novelty": 0.7640250350942721, "diversity": 0.512616152019281, "efficiency": 0.4445903512150232, "cost": 0.7231215135315965, "score": 0.45086224222621024}