{"quality": 1, "novelty": 0.8545233060416035, "diversity": 0.7674737328141088, "efficiency": 0.818436900573229, "cost": 0.7493965270196363, "score": 0.7149514554572433}