{"quality": 0.0761539251434285, "novelty": 0.8137790196240063, "diversity": 0.6652702022525601, "efficiency": 0.5205001652215417, "cost": 0.9410779621246058, "score": 0.3433122014703128}