{"quality": 1, "novelty": 0.13878705853626117, "diversity": 0.45120784705843586, "efficiency": 0.7363180647657719, "cost": 0.2010758515966486, "score": 0.5152784586009533}