{"quality": 1, "novelty": 0.19361366837787286, "diversity": 0.5176038928644149, "efficiency": 0.3161713019568557, "cost": 0.4873199028577292, "score": 0.45061790067510665}