{"quality": 1, "novelty": 0.34021355629604466, "diversity": 0.6851927680868494, "efficiency": 0.7614384949839247, "cost": 0.280373030207839, "score": 0.6082704139181858}