{"quality": 0.01692930228782638, "novelty": 0.6644040372569813, "diversity": 0.3185496810729499, "efficiency": 0.6014928181754025, "cost": 0, "score": 0.3251136589414936}