{"quality": 0.432868223192705, "novelty": 0.0391479604555888, "diversity": 0.8192779369872385, "efficiency": 0.9270621754888819, "cost": 0, "score": 0.4425623707924887}