{"quality": 0.6215877266703869, "novelty": 0.06692364771025736, "diversity": 0.09219322707888289, "efficiency": 0.2223552241297243, "cost": 0.8808356485470114, "score": 0.16691559410921447}