{"quality": 0.9322744361018088, "novelty": 0.3130980752764625, "diversity": 0.09387082197306038, "efficiency": 0.9415583298598702, "cost": 0.5682824811007197, "score": 0.46113651541317885}