{"quality": 0.49606588648024447, "novelty": 0.26322947238343175, "diversity": 0, "efficiency": 0.950679463905998, "cost": 0.6530214674496644, "score": 0.29192690688086453}