{"quality": 0.7155289526220834, "novelty": 0.8598056947990915, "diversity": 0.5787620738502354, "efficiency": 0.9677681424717597, "cost": 0.9804076425796441, "score": 0.5924869813692445}