{"quality": 0.2763145943068066, "novelty": 0.5354853702008001, "diversity": 0.6596255038103536, "efficiency": 0.6409023989638032, "cost": 0.32974779014535727, "score": 0.4118514024343475}