{"quality": 0.7689815818085037, "novelty": 0.357844109557845, "diversity": 0.9635442940399094, "efficiency": 1, "cost": 0.6882287849648804, "score": 0.5940414822435063}