{"quality": 0.15663081905919163, "novelty": 0, "diversity": 0.795853860906139, "efficiency": 0.6760368124631198, "cost": 0.7469999983840991, "score": 0.23286553993004333}