{"quality": 0.7073746875334257, "novelty": 0.20263079439495335, "diversity": 0.8215692275224639, "efficiency": 0.8492635703409012, "cost": 0.5896155890449979, "score": 0.49561192700989426}