{"quality": 0.3708366463610529, "novelty": 0.3614926772881606, "diversity": 0.8248911697730699, "efficiency": 0.895896400968869, "cost": 0.14178420195761637, "score": 0.4868084371345387}