{"quality": 0.878813392889198, "novelty": 0.8710900085038581, "diversity": 0.5891320341135854, "efficiency": 0.6598271742079765, "cost": 0.5916696122442925}