{"quality": 0.8053206018187999, "novelty": 0.3287344542849743, "diversity": 0.23613518082701815, "efficiency": 0.5289873352873972, "cost": 0.6473037443537026, "score": 0.38562455614002644}