{"quality": 0.8229888767013023, "novelty": 0.93270853980177, "diversity": 0.24098008753858696, "efficiency": 0.795072632023568, "cost": 0.9636142128687021}