{"quality": 0.7612594010851748, "novelty": 0.47497804246822584, "diversity": 0.6492163803558854, "efficiency": 0.8015384810106059, "cost": 0.4549222733711916, "score": 0.5517041518282577}