{"quality": 0.7318894231440296, "novelty": 0.7897418661580653, "diversity": 0.4508528784655861, "efficiency": 0.40787547431461113, "cost": 0.6818881571683058, "score": 0.5001653746062036}