{"quality": 0.7385271082829247, "novelty": 0.5930493739083397, "diversity": 0.6173059231828708, "efficiency": 0.4352255529143128, "cost": 0.4743169293628732, "score": 0.5111338005993961}