{"quality": 0.19107812457504722, "novelty": 0.11132032038888931, "diversity": 0.18110380869910556, "efficiency": 0.20595883774258844, "cost": 0.8871050559685285, "score": 0.063557599274093}