{"quality": 0.15848477306033815, "novelty": 0.6102733195233151, "diversity": 0.730111482444667, "efficiency": 0, "cost": 0.2216472962868774, "score": 0.32397132865917583}