{"quality": 0.3653277886649451, "novelty": 0.9853239170163015, "diversity": 0.5236233308551824, "efficiency": 0.32439328049045796, "cost": 0.20655867333863637, "score": 0.48865710676430046}