{"quality": 0.5717450817028435, "novelty": 0.8723910574189095, "diversity": 1, "efficiency": 0.4043290557243352, "cost": 0.37734642022058823, "score": 0.612536005202172}