{"quality": 0.3368018092362455, "novelty": 0.12498618365040876, "diversity": 0.5618014678252172, "efficiency": 1, "cost": 0.5620458606846443, "score": 0.3384427961800548}