{"quality": 0.7268659665022531, "novelty": 0.7112455679802704, "diversity": 0.10958444467110845, "efficiency": 0.09436324867197504, "cost": 0.8565576989433026, "score": 0.3462867882864312}