{"quality": 1, "novelty": 0.5437417098922751, "diversity": 0.8080044692817557, "efficiency": 0.3897849254355267, "cost": 0.08810639108733903, "score": 0.647193421036015}