{"quality": 0.7764196870826074, "novelty": 0.11027346766971693, "diversity": 0.495394321282138, "efficiency": 0.6960711343128938, "cost": 0.3282054852166064, "score": 0.43116325892391244}