{"quality": 0.6201597248712407, "novelty": 0.7684642597670346, "diversity": 0.7405217202569241, "efficiency": 0.6980017576422017, "cost": 0.22279689928401064, "score": 0.6086889001724449}