{"quality": 0.3920424977648261, "novelty": 0.21298399982836963, "diversity": 1, "efficiency": 0, "cost": 0.33735249282210145, "score": 0.33712350000433006}