{"quality": 0.5126689949327361, "novelty": 1, "diversity": 0.29852731669242066, "efficiency": 0.7603693020215299, "cost": 0.09510833805067098, "score": 0.5680507233164673}