{"quality": 0.809846460252442, "novelty": 0.3887985384536471, "diversity": 0.22308296525069, "efficiency": 0.6056564812154761, "cost": 0.8443826652467983, "score": 0.3911803713969239}