{"quality": 0.7669773908110492, "novelty": 0.6381729310335915, "diversity": 0.5145220818945317, "efficiency": 0, "cost": 0.6661870477400471, "score": 0.4259221616066143}