{"quality": 0.2727731781938992, "novelty": 0.4244145420204535, "diversity": 0.17939936389638717, "efficiency": 0, "cost": 0.15513943070116482, "score": 0.20830151867244406}