{"quality": 0.7470098177349217, "novelty": 0.910542931741315, "diversity": 0.5689504416150468, "efficiency": 0.8693663486347004, "cost": 0.6327738638486438}