{"quality": 0.12212531488208167, "novelty": 0.4911297251071998, "diversity": 0.2578440764719182, "efficiency": 0.7205167198724632, "cost": 0.2808640668519137, "score": 0.2909799423314862}