{"quality": 1, "novelty": 0.5373650002095964, "diversity": 1, "efficiency": 0, "cost": 0.6918955696348017, "score": 0.5651516930889189}