{"quality": 0.08604126118196487, "novelty": 0.1318470911659518, "diversity": 0.20106076631607522, "efficiency": 1, "cost": 0.22100040066905852, "score": 0.2268862643423866}