{"quality": 0.8288815119675973, "novelty": 0.19289188131958782, "diversity": 0.3073138301721837, "efficiency": 0.8562158130220578, "cost": 0.5061456451557215, "score": 0.4361679973923494}