{"quality": 0.12109002437569588, "novelty": 0.3192211438950131, "diversity": 0.0774259736291874, "efficiency": 0.12917093338713548, "cost": 0.5727828854835786, "score": 0.09371483947201198}