{"quality": 0.32310299601322073, "novelty": 0.27562837939382956, "diversity": 0.18638907042979447, "efficiency": 1, "cost": 0.6067643472711286, "score": 0.2924393730112696}