{"quality": 0.31271579548398903, "novelty": 0.2954810623545667, "diversity": 0.06331849798219638, "efficiency": 0.43611432205957024, "cost": 0.853976539457868, "score": 0.1603681981934264}