{"quality": 1, "novelty": 0.6459937942589911, "diversity": 0.7703701805236842, "efficiency": 1, "cost": 0.6956332778154278, "score": 0.6960091568879418}