{"quality": 0.9298306262400761, "novelty": 0, "diversity": 0.18938431783986126, "efficiency": 0.6752889440192634, "cost": 0.03338873606575363, "score": 0.4147805194363092}