{"quality": 0.29564270463143216, "novelty": 0.37870463904704144, "diversity": 0.6170941477256315, "efficiency": 0.8279316815483104, "cost": 0.6627072955302109, "score": 0.3647068233755417}