{"quality": 0.3125385176361992, "novelty": 0.7233006571871248, "diversity": 0.41639376735961575, "efficiency": 0.6160581460817933, "cost": 0.4223706923614077, "score": 0.40803712573569234}