{"quality": 0.27673853673586124, "novelty": 0.3185772815365366, "diversity": 0.06827320627391359, "efficiency": 0.1625010828301201, "cost": 0.9933520465322541, "score": 0.10136048043096783}