{"quality": 0.8753843546993135, "novelty": 0.5070509551831923, "diversity": 0.5606871204408939, "efficiency": 0.348588362875084, "cost": 0.6165905733010631, "score": 0.49214466639492715}