{"quality": 0.5958772405301004, "novelty": 0.2567544213684287, "diversity": 0.5961218749556259, "efficiency": 0.8916193861039432, "cost": 0.47416234194169443, "score": 0.4485028262136845}