{"quality": 0.17802660191010045, "novelty": 0, "diversity": 0.2324967431378056, "efficiency": 0.07190667641633375, "cost": 0.26265273659504357, "score": 0.08442805700353696}