{"quality": 0.8129119097049302, "novelty": 0.7196953234148097, "diversity": 0.12940354291445294, "efficiency": 0.5000530461823238, "cost": 0.7933245499040824, "score": 0.44535361428501247}