{"quality": 0.5332087855758594, "novelty": 0.6498898478880027, "diversity": 0.2662576935644426, "efficiency": 0.7424830081609959, "cost": 0.2211316614823841, "score": 0.46494592143355795}