{"quality": 0.39690577578591235, "novelty": 1, "diversity": 0.27352012836103384, "efficiency": 0.24122540800197367, "cost": 0.43159212925186263, "score": 0.4168003566830903}