{"quality": 0.042399725724591275, "novelty": 0.694622495173657, "diversity": 0.3503393824193936, "efficiency": 0.448211164407308, "cost": 0.4809341327107754, "score": 0.275581679384689}