{"quality": 0.5404769646626291, "novelty": 0.7087313784713762, "diversity": 0.6401882257517741, "efficiency": 0.6975239067879613, "cost": 0.11626050904832941, "score": 0.5603661142803489}