{"quality": 0.5868293917327418, "novelty": 0.26722363289964224, "diversity": 0.32370820277886875, "efficiency": 0.5915048953145658, "cost": 0.403080808058506, "score": 0.3560140197918411}