{"quality": 0.5958282407086023, "novelty": 0.18752296806739702, "diversity": 0.8697440222976693, "efficiency": 0.24617937262660539, "cost": 0.8862850387758434, "score": 0.3478764207053703}