{"quality": 0.8843437343599756, "novelty": 0.17089666053564256, "diversity": 0.8011231397460261, "efficiency": 0.6662719452090491, "cost": 0.5878840687450326, "score": 0.5094042982979626}