{"quality": 1, "novelty": 0.1215775329728202, "diversity": 0.16292004447219638, "efficiency": 0.7082449487889249, "cost": 0, "score": 0.46921513445598306}