{"quality": 0.15324307167493548, "novelty": 0.6402486659862889, "diversity": 0.26351576594479853, "efficiency": 0.8893706853695864, "cost": 0, "score": 0.39214384399345054}