{"quality": 0.4405401270571758, "novelty": 0.7770842715470629, "diversity": 1, "efficiency": 0.16179010133642202, "cost": 0.026136641903108215, "score": 0.548087957014071}