{"quality": 0.4449972712501242, "novelty": 0.06233724627684509, "diversity": 0.6249074552527852, "efficiency": 0.19156324564476246, "cost": 0.25801895934283414, "score": 0.2769975749072366}