{"quality": 0.5303304692442885, "novelty": 0.7874556407439669, "diversity": 0.5025758141038228, "efficiency": 0.019643334497501275, "cost": 1, "score": 0.359424713954668}