{"quality": 0.42853678436364395, "novelty": 0.5889073906000531, "diversity": 0.8770823901882387, "efficiency": 0.6379913917058349, "cost": 0.5748154697963735, "score": 0.4894215227729921}