{"quality": 0.550423063132256, "novelty": 0.24133817837111304, "diversity": 0.12858717393548708, "efficiency": 0, "cost": 0.43281473145133986, "score": 0.2078974251744185}