{"quality": 0.4770308751275294, "novelty": 0.9176757665192989, "diversity": 0.3902150990948927, "efficiency": 0.11791468615991615, "cost": 0.47253912371727835, "score": 0.42100451453932164}