{"quality": 0.7221542302252858, "novelty": 0.0622544611623255, "diversity": 0.18878301644009177, "efficiency": 0.32863445293879023, "cost": 1, "score": 0.21926165558700403}