{"quality": 0, "novelty": 1, "diversity": 0.7590593305662544, "efficiency": 0.4019197060697801, "cost": 0.8342844838787818, "score": 0.3786713736358397}