{"quality": 0.2662471029445759, "novelty": 0.35746136990699207, "diversity": 0.7298467277052099, "efficiency": 0.09884956263047995, "cost": 0.18458834210741681, "score": 0.31157741908499315}