{"quality": 0.34610896529563967, "novelty": 0.7098277468862808, "diversity": 0.49382173835299353, "efficiency": 0.9312901375854317, "cost": 0.8676584296064813, "score": 0.4329816516580274}