{"quality": 0.3207201799314613, "novelty": 0.06230592133090068, "diversity": 0.371206265662851, "efficiency": 0.4258571832534864, "cost": 0.5427101800699465, "score": 0.19564134692576204}