{"quality": 0.5370493705932875, "novelty": 1, "diversity": 0.771176360294306, "efficiency": 0.7167418435201521, "cost": 1, "score": 0.5728613597648703}