{"quality": 0.5943926946398528, "novelty": 0.1244005486404118, "diversity": 0.31675480330707717, "efficiency": 0.6171252474169479, "cost": 0.6975478042966556, "score": 0.29558291289635086}