{"quality": 1, "novelty": 0.5361404671969068, "diversity": 0.36900565136726315, "efficiency": 0.9922599550498539, "cost": 0.3885942516443137, "score": 0.6178158151657259}