{"quality": 0.8012670298510505, "novelty": 0.6006395243885193, "diversity": 0.8305440749966817, "efficiency": 0.22984133482689867, "cost": 0.10783706107454083, "score": 0.5803412991683621}