{"quality": 0.6131792118023309, "novelty": 0, "diversity": 0.89363422461081, "efficiency": 0.2691812257610868, "cost": 0.9721329636319652, "score": 0.3058444959638278}