{"quality": 0.4648938635389784, "novelty": 0.4538709028413786, "diversity": 0.6505422217183028, "efficiency": 0.5412607815375301, "cost": 0.41239046257921064, "score": 0.42299440008840716}