{"quality": 0.932500552486667, "novelty": 0.7377035915100103, "diversity": 0.7989764766631063, "efficiency": 0.6789127244561544, "cost": 0.1956399918735123, "score": 0.706244268437196}