{"quality": 0.8608792369697318, "novelty": 0.10965455312629999, "diversity": 0.1862730873953349, "efficiency": 0.44114585658038596, "cost": 0.38144254389898513, "score": 0.35095965094872095}