{"quality": 0.5785710630918235, "novelty": 0.8347616431598471, "diversity": 0.5705727319754498, "efficiency": 0.33910948966768706, "cost": 0.53938484774161}