{"quality": 0.17816707036122365, "novelty": 0.29590833231826247, "diversity": 0.5321838865704936, "efficiency": 0.7837162535105999, "cost": 1, "score": 0.2514214195286214}