{"quality": 0.6025979249397968, "novelty": 0.5841201615666739, "diversity": 0.5106893489936732, "efficiency": 0, "cost": 0.5488872722502853, "score": 0.3740585604473136}