{"quality": 0.5852588785431079, "novelty": 0.4116240797159957, "diversity": 0.8696439697531467, "efficiency": 0.40339531524781413, "cost": 1, "score": 0.4129217747297328}