{"quality": 0.5959566225060876, "novelty": 0.30318133858222973, "diversity": 0.015368176775230225, "efficiency": 0.4207795041746211, "cost": 0.2473753003603985, "score": 0.29603535234258305}