{"quality": 0.5439226805550123, "novelty": 0.8487268770748553, "diversity": 0.64902712526713, "efficiency": 0.38921420380058813, "cost": 0.14086719677303006, "score": 0.5494593593814286}