{"quality": 0, "novelty": 0.5976155998348744, "diversity": 0.5056614371592343, "efficiency": 0.48871711581453153, "cost": 0.20008241329393342, "score": 0.30383551343335186}