{"quality": 0.35227287007216856, "novelty": 0, "diversity": 0.0035763961560883184, "efficiency": 0.07986782065673817, "cost": 1, "score": 0.01837731335137896}