{"quality": 0.6298219603842998, "novelty": 0.09938224956944686, "diversity": 1, "efficiency": 0.36122889148414633, "cost": 0.9171665602826008, "score": 0.37625982820201354}