{"quality": 0.9268944868608979, "novelty": 0.7143854251030488, "diversity": 0.6414054908458533, "efficiency": 0.6563279954592085, "cost": 0.17238516864578357, "score": 0.6661564829575052}