{"quality": 0.23537456855176575, "novelty": 0.04719237203963825, "diversity": 0.5139529063169438, "efficiency": 0.13376831956944005, "cost": 0.8261000700084034, "score": 0.1226562857734037}