{"quality": 0.7597318565957298, "novelty": 0, "diversity": 0.1716733404749203, "efficiency": 0.3453542281027677, "cost": 0, "score": 0.31405735928911815}