{"quality": 0.13354743997118765, "novelty": 0.8605756187693914, "diversity": 0.002650068597117042, "efficiency": 0.17155677382171608, "cost": 0.28827069343442097, "score": 0.25264459713294285}