{"quality": 0.9283096682240399, "novelty": 0.5029076430538151, "diversity": 1, "efficiency": 0, "cost": 0.4401090173067185, "score": 0.560208909499994}