{"quality": 0.5974288179025419, "novelty": 0.8829377535018355, "diversity": 0.6617469511715344, "efficiency": 0.08184980498240296, "cost": 0.9108833408740833, "score": 0.45350161064048033}