{"quality": 0.9244611472535961, "novelty": 0.7341233395657579, "diversity": 0.8781116302956892, "efficiency": 1.0, "cost": 0.2182015906297261}