{"quality": 0.21954121346068234, "novelty": 0.46404299552065664, "diversity": 0.021256562241242116, "efficiency": 0.7623710808229778, "cost": 0.6024795311907085, "score": 0.24023213437099308}