{"quality": 0.44202077519859095, "novelty": 0.6822977709281565, "diversity": 0.7546314298824197, "efficiency": 0.949367489758075, "cost": 0.24208917319579243}