{"quality": 0.3905867715409596, "novelty": 0.9269258496203046, "diversity": 0.4552721054542008, "efficiency": 0.2730724764191048, "cost": 0.21690546004541494, "score": 0.4592322404165284}