{"quality": 0.5292386365295196, "novelty": 0.7683488333047273, "diversity": 0, "efficiency": 0.04934103548640609, "cost": 0.5906315682947364, "score": 0.299196797778525}