{"quality": 0.3130578638107214, "novelty": 0.03723299419480247, "diversity": 0.8928780469773295, "efficiency": 0.3873196859067207, "cost": 0.6355741371884325, "score": 0.27634175625454777}