{"quality": 1.0, "novelty": 0.7133322373072247, "diversity": 0.7298985041094574, "efficiency": 0.0, "cost": 0.8830582781624554}