{"quality": 0.5763077292897798, "novelty": 0, "diversity": 0.20107251959522782, "efficiency": 0.8056908688122754, "cost": 0.9753907412398994, "score": 0.23642137890383086}