{"quality": 0.28456870480272256, "novelty": 0.9140760831320416, "diversity": 0.023144942878861846, "efficiency": 0.235749129219483, "cost": 0.6811647825714099, "score": 0.28576451192538094}