{"quality": 0.22246749791960313, "novelty": 0.2787329955792386, "diversity": 0.28191962386369795, "efficiency": 0.8565622895027762, "cost": 0.6445518820955972, "score": 0.25683657825928685}