{"quality": 1, "novelty": 0.18103030789757407, "diversity": 0.5485019622777014, "efficiency": 0.9953228387292044, "cost": 0.8992308948342506, "score": 0.5143333057558894}