{"quality": 0.042203106987859895, "novelty": 0.6024551049950115, "diversity": 0.17531763528527766, "efficiency": 0.4772110794160679, "cost": 0.42075218633147704, "score": 0.22784467868142885}