{"quality": 0.4208762453655429, "novelty": 0.5063081301527892, "diversity": 0.2937682353161831, "efficiency": 0.23044386262069816, "cost": 0.9744846897401719, "score": 0.24871166363018432}