{"quality": 0.6317298356815444, "novelty": 0.39357058034647463, "diversity": 0.8050920732870253, "efficiency": 0.7473318184210296, "cost": 0.07440061534363075, "score": 0.5535897216772784}