{"quality": 0.5853203102844182, "novelty": 0.3364214489533567, "diversity": 0.7777855710362314, "efficiency": 0.6893314671247706, "cost": 0.4538303157980997, "score": 0.4732752580198165}