{"quality": 0.604210245112927, "novelty": 0.7486423406574434, "diversity": 0.3459183347545651, "efficiency": 0.2563011585760235, "cost": 1, "score": 0.3760524994355554}