{"quality": 0.3481276171136386, "novelty": 0.7573194553512173, "diversity": 0.7712754512317597, "efficiency": 0.3051267514877248, "cost": 0.5172195379655521, "score": 0.4420702981448513}