{"quality": 0.7812317130687599, "novelty": 0.45675409323424365, "diversity": 0.105684686782997, "efficiency": 0.5295285457974318, "cost": 0.4066425471364818, "score": 0.4084600017417549}