{"quality": 0.6330920773849547, "novelty": 0.10656315793477572, "diversity": 0.691152299268535, "efficiency": 0.8270592340799849, "cost": 0.44493140964188566, "score": 0.43436461670069654}