{"quality": 0.6352825112786212, "novelty": 0.7150219586465979, "diversity": 0.8993425996346065, "efficiency": 0.08734770909569822, "cost": 0.4128822498479181, "score": 0.5210226943517201}