{"quality": 0.3434503005120563, "novelty": 0.1086749370925254, "diversity": 0.5144198421712376, "efficiency": 0.6767415457570056, "cost": 0.8362171584007655, "score": 0.25097730888447}