{"quality": 1, "novelty": 0.7957901538965741, "diversity": 0.2184535012345134, "efficiency": 0.825473025772923, "cost": 0.3384779964120341, "score": 0.6326113929457813}