{"quality": 0.39584957174486735, "novelty": 1, "diversity": 0.7610362724397153, "efficiency": 0.8767503896143993, "cost": 0.6409368789264593, "score": 0.5883809965609172}