{"quality": 0.6531102861273869, "novelty": 0.22632253299062594, "diversity": 0.18629622382146632, "efficiency": 0, "cost": 0.8072280441585141, "score": 0.2090501594343144}