{"quality": 0.5506238379440785, "novelty": 0.5846667296101853, "diversity": 1, "efficiency": 0.30413528830385694, "cost": 0.16497645552811785, "score": 0.5404764814785368}