{"quality": 0, "novelty": 0.4735903046130746, "diversity": 0.6056367041199981, "efficiency": 0.437446157287678, "cost": 0.2462210880442149, "score": 0.2805197317659985}