{"quality": 0.709033114254843, "novelty": 0.836194040784779, "diversity": 0.7318306028181185, "efficiency": 0.2470779218570992, "cost": 0.17509247482871343, "score": 0.587677005831965}