{"quality": 0.8517547905901326, "novelty": 0.5479772337883615, "diversity": 0.03836116484075888, "efficiency": 0.4231842571537382, "cost": 0.2792648161404527, "score": 0.4357441355512974}