{"quality": 0.8356000064144624, "novelty": 0.010434499540301956, "diversity": 0.8186406005722537, "efficiency": 0.6481615107081713, "cost": 0.11523799874216129, "score": 0.5027171736558745}