{"quality": 0.3386633875058489, "novelty": 0.7926193291165896, "diversity": 0.8417720010948199, "efficiency": 0.001860631909787358, "cost": 0.5092355591878329, "score": 0.4174637876175509}