{"quality": 0.08866998668031267, "novelty": 0.12598573442916994, "diversity": 0.8478954021487102, "efficiency": 0.4878639520331482, "cost": 0.4844417851516696, "score": 0.25241192433093357}