{"quality": 0, "novelty": 0.6127414596238387, "diversity": 0.3664878641130987, "efficiency": 0, "cost": 0.8795444403421785, "score": 0.13852849369436154}