{"quality": 0.20483924634246872, "novelty": 0.6603933869248746, "diversity": 0.7634738454007137, "efficiency": 0.4067547437960928, "cost": 0.49422959986678233, "score": 0.3908351412968377}