{"quality": 0.8639298853101116, "novelty": 0.9718710211638366, "diversity": 0.6168806289889459, "efficiency": 0.05751024147992284, "cost": 0.3716977543693156, "score": 0.5969796074668388}