{"quality": 0.5877404091746818, "novelty": 0.4504564388725605, "diversity": 0.2996774345601969, "efficiency": 0.7614169692473646, "cost": 1, "score": 0.3630842647696887}