{"quality": 1, "novelty": 0.46551219324291643, "diversity": 0.36680821226668253, "efficiency": 0.45767817290338647, "cost": 0.14870594535495538, "score": 0.543520822164078}