{"quality": 0.4236810767488277, "novelty": 0.7066391550169058, "diversity": 1, "efficiency": 0.8875939278209398, "cost": 0.8535887307672151, "score": 0.5515443278752942}