{"quality": 0.8615775976456955, "novelty": 0.5256973463748529, "diversity": 0.42232961465101504, "efficiency": 0.1649625773548954, "cost": 0.9247642661756657, "score": 0.40663149880329263}