{"quality": 1, "novelty": 0.4285291205950797, "diversity": 0.40624980800840893, "efficiency": 1, "cost": 0.6494344694218617, "score": 0.5734387948082655}