{"quality": 0.5009551703879419, "novelty": 0.921757855105405, "diversity": 0.011176507674900471, "efficiency": 0.8194898869653736, "cost": 0.25698739752742483, "score": 0.48018605971977746}