{"quality": 0.04347171185282661, "novelty": 0.773291574804162, "diversity": 0.5045589945400151, "efficiency": 0.29318947850107324, "cost": 0.26365085047465137, "score": 0.3248895428925873}