{"quality": 0.4390334260380951, "novelty": 0.26872092628283367, "diversity": 0.6313343487686109, "efficiency": 0.7032604070700499, "cost": 0.3082075476959961, "score": 0.399825435426767}