{"quality": 0.7133332590555057, "novelty": 0.6052715308557287, "diversity": 0.2858771681112844, "efficiency": 0.498961193501607, "cost": 0.6878393806118437, "score": 0.4285535350168974}