{"quality": 0, "novelty": 0.5516002535042942, "diversity": 1, "efficiency": 0.17836202028393044, "cost": 0.7069011908664983, "score": 0.2939642473320133}