{"quality": 0.3612041977574416, "novelty": 0.17917225462390057, "diversity": 0.0776180011140758, "efficiency": 1, "cost": 0.2977902718074617, "score": 0.28889889602527663}