{"quality": 0.44005214140611315, "novelty": 0.5133717240185338, "diversity": 0.34938494791065644, "efficiency": 0.11787388919502503, "cost": 0.41601500809643244, "score": 0.3063151455782092}