{"quality": 0.1411618386396491, "novelty": 0.8106223887804838, "diversity": 0.6479030487090901, "efficiency": 0.7376487229728822, "cost": 0, "score": 0.485232066974766}