{"quality": 0.5597080855607588, "novelty": 0.6337698893076815, "diversity": 0.3784938748911757, "efficiency": 0.645565893175998, "cost": 0.6369178795237943, "score": 0.4351967689974034}