{"quality": 0.5249855397664027, "novelty": 0.7189793187987746, "diversity": 0.6362441132704264, "efficiency": 0.60831355461249, "cost": 0.09024165993924416, "score": 0.5467121814816489}