{"quality": 0.5814870411388309, "novelty": 0.5671732642138325, "diversity": 0, "efficiency": 0.2374942692752009, "cost": 0.2281791651999781, "score": 0.3290456522663897}