{"quality": 0.3683847775398685, "novelty": 0.4672100984581664, "diversity": 0.7793230412042977, "efficiency": 0.5156784787929611, "cost": 0.6389229293226526, "score": 0.3966420450040406}