{"quality": 0.5660665268811984, "novelty": 0.591576744904699, "diversity": 0.16197590177084242, "efficiency": 0.002612993141516695, "cost": 0.0729681150147642, "score": 0.3432044621144538}