{"quality": 0.8592188891149732, "novelty": 0.4824636988881919, "diversity": 0, "efficiency": 1, "cost": 0.20364144368243625, "score": 0.5080174470882963}