{"quality": 0.6317611113004523, "novelty": 0.18997862590165424, "diversity": 0.5659620087333841, "efficiency": 0.5747359564971313, "cost": 1, "score": 0.33642578508679577}