{"quality": 0.8559666488683919, "novelty": 0.7754017254206953, "diversity": 0.896044403246353, "efficiency": 0.5271715445428877, "cost": 0.9273862623355268, "score": 0.6161864121128424}