{"quality": 0.7318466863879918, "novelty": 0.021034116126490143, "diversity": 0.19670207918499788, "efficiency": 0.9704945202548723, "cost": 1, "score": 0.3097271288232505}