{"quality": 0.4889642200373944, "novelty": 0.424635516771516, "diversity": 0.09751654345053246, "efficiency": 0.5460932613218286, "cost": 0.18972962058805504, "score": 0.3352924810336726}