{"quality": 0.37137828214469876, "novelty": 0.20099092066339427, "diversity": 0, "efficiency": 0.9274185456597008, "cost": 0.21796762460152985, "score": 0.2789772341980603}