{"quality": 0.8102661019604613, "novelty": 0.8418460355352153, "diversity": 0.8560828044090496, "efficiency": 0.2090836346524188, "cost": 0.965472055691414, "score": 0.5595732399824735}