{"quality": 0.5443187871982278, "novelty": 0.7428590911887174, "diversity": 0.9863658971192966, "efficiency": 0.2126778828057286, "cost": 0.3666150945797083}