{"quality": 0.7117817042817607, "novelty": 0.2679907816668617, "diversity": 0.6540158370164106, "efficiency": 0.28158755036339383, "cost": 0.12769946577914032, "score": 0.4408035600811208}