{"quality": 0.4867702329420909, "novelty": 0.6994275831073684, "diversity": 0.13892685338483143, "efficiency": 0.8203519405529004, "cost": 0, "score": 0.4717261274193707}