{"quality": 0.9032774634911837, "novelty": 0.4661521606695517, "diversity": 0.908702427940402, "efficiency": 0.3046556989013452, "cost": 0.3598805270248014}