{"quality": 0, "novelty": 0.7738022783366005, "diversity": 0.2108325045693803, "efficiency": 0.4678285805585483, "cost": 0.14053854124032325, "score": 0.2917375034577761}