{"quality": 0.3213885455041889, "novelty": 1, "diversity": 0.5667651402862669, "efficiency": 0.5109473404440469, "cost": 0.35961436817733283, "score": 0.5004502559573838}