{"quality": 0.9374883421644361, "novelty": 0, "diversity": 1, "efficiency": 0.2991954544508729, "cost": 0.9101109524717292, "score": 0.43511472556978886}