{"quality": 0.3285493212948262, "novelty": 0, "diversity": 1, "efficiency": 0.18906518873284522, "cost": 0.31338083222664503, "score": 0.29558649147571014}