{"quality": 0.3829419872443111, "novelty": 0.6043523498422909, "diversity": 0.22289909417400255, "efficiency": 0.507345157522602, "cost": 0.923430794404704, "score": 0.2943091966565865}