{"quality": 1, "novelty": 0.9073690644407422, "diversity": 0.174101336818181, "efficiency": 0.6658902520590737, "cost": 0.8208858484099905, "score": 0.5794574864416837}