{"quality": 1, "novelty": 0.814615797377436, "diversity": 0.18634064437137599, "efficiency": 0.7640889247680032, "cost": 0.029483761405981523, "score": 0.6525870407932366}