{"quality": 0.7075578503367523, "novelty": 0.7762468771758035, "diversity": 1, "efficiency": 0.8774965402841602, "cost": 0.18002599735884744, "score": 0.7199509557017159}