{"quality": 0.10851325764906164, "novelty": 0.320153281317912, "diversity": 0.4153231778825308, "efficiency": 0.5390830644028455, "cost": 0.2361512230564834, "score": 0.25290427055548115}