{"quality": 0.20746326721461442, "novelty": 0.3723564104791461, "diversity": 0.18530302540232124, "efficiency": 0.28361503550994493, "cost": 0.20032191543743938, "score": 0.2148987516473829}