{"quality": 0.4977577704731052, "novelty": 0.7430572427299644, "diversity": 0.9165890975629003, "efficiency": 0.06402130145310261, "cost": 0.9517618269414905, "score": 0.432836473860819}