{"quality": 0.8984488078088007, "novelty": 0.8068276464627662, "diversity": 0.30912684674410873, "efficiency": 0.5345270689608704, "cost": 0.40999865282492876}