{"quality": 0.5591381429574274, "novelty": 0.42565274057543845, "diversity": 0.20071167368567902, "efficiency": 0.2578597958098433, "cost": 0.7922627736172606, "score": 0.2737496547779741}