{"quality": 0.1651818432873306, "novelty": 0.25498536431930574, "diversity": 1, "efficiency": 0.38042725150186996, "cost": 0.18220564767441172, "score": 0.35214441702386495}