{"quality": 0.5168750655862507, "novelty": 0.9338152418066161, "diversity": 0.42320954951184775, "efficiency": 0.2595594524696808, "cost": 0.38240093185086454, "score": 0.4738520647152644}