{"quality": 0.4157610198768287, "novelty": 0.12439664925286831, "diversity": 0.20078389201494806, "efficiency": 0.31941194747299567, "cost": 0.8056106498026225, "score": 0.1633349738199424}