{"quality": 0.386361317043557, "novelty": 0, "diversity": 0.04275135914615033, "efficiency": 0.7119657794120668, "cost": 0.37646582107522064, "score": 0.19360695174658513}