{"quality": 0.6364254489659247, "novelty": 0.4756634072235774, "diversity": 0.612582430948367, "efficiency": 0.3954550143960489, "cost": 0.8772698239700698, "score": 0.40395124244774544}