{"quality": 0.4770999052088166, "novelty": 0.7116615682331606, "diversity": 0.5604322440790791, "efficiency": 0.34096644844204366, "cost": 0.3218159153338734}