{"quality": 0.3575672808723181, "novelty": 0.5410723476878929, "diversity": 0.5771819750481404, "efficiency": 0.5664336126677609, "cost": 0.8037442277121116, "score": 0.36256528532224974}