{"quality": 0.8584525312156166, "novelty": 0.5513940959135375, "diversity": 0.774825382824849, "efficiency": 0.05572895247332693, "cost": 0.9337853935177483, "score": 0.46533016342726335}