{"quality": 0.9186653577791901, "novelty": 0.15340661317306087, "diversity": 1, "efficiency": 0.3771192965198065, "cost": 0.6344073503022474, "score": 0.5070784200747684}