{"quality": 0.2066063513071833, "novelty": 0.8242538478109271, "diversity": 0.8923515568378285, "efficiency": 0.4854064685233449, "cost": 0.6755410720599145, "score": 0.4517725417849627}