{"quality": 0.9237466925033675, "novelty": 0.787593031754352, "diversity": 0.17409866648389621, "efficiency": 0, "cost": 0.7435083240868228, "score": 0.4344911665776952}