{"quality": 0.8376422718730756, "novelty": 0.21746922658966805, "diversity": 0.16448505830939528, "efficiency": 0.666572711486928, "cost": 0.6815114018366293, "score": 0.37039176641059507}