{"quality": 0.20911398797063774, "novelty": 0.2077164681354046, "diversity": 0.27730032268120797, "efficiency": 0.23041493597595422, "cost": 0.5762676142124652, "score": 0.14705885693643067}