{"quality": 0.8497418388373832, "novelty": 0.12803069473101392, "diversity": 0, "efficiency": 0.5493348768442136, "cost": 0.6750893941009787, "score": 0.3018215174505026}