{"quality": 0.8439117921343204, "novelty": 0.42635720978978414, "diversity": 0.27327755853036295, "efficiency": 0.587394232117461, "cost": 0.8248550331296081, "score": 0.4200419832984731}