{"quality": 0.4849956878808596, "novelty": 0.23122168078394859, "diversity": 0.9588105006027677, "efficiency": 0.6308127473547017, "cost": 0.1117576861635991, "score": 0.4785123701676439}