{"quality": 0.5229005141176752, "novelty": 0.07498283790578947, "diversity": 0.6958338927456618, "efficiency": 0.6449787369538444, "cost": 0.4436101502769659, "score": 0.36716843777626235}