{"quality": 0.2822781542983505, "novelty": 0.32253608904922726, "diversity": 0.0017811513149907643, "efficiency": 0.3415892423846427, "cost": 0.766375133981511, "score": 0.1402745717743554}