{"quality": 0.428616303467509, "novelty": 0.5453008429547198, "diversity": 0.14805158372903127, "efficiency": 0.2682202784083369, "cost": 0.07395741340438582, "score": 0.3273577189455509}