{"quality": 0.0009629355626646352, "novelty": 0.9999313866402639, "diversity": 0.5441787002375977, "efficiency": 0, "cost": 0.23427736254987203, "score": 0.3356797311213977}