{"quality": 0.952584115456953, "novelty": 0.327105430007495, "diversity": 1, "efficiency": 0.6293826612371312, "cost": 0.41439658883870406, "score": 0.6205193324406588}