{"quality": 0.2800636191087764, "novelty": 0.4258402508198713, "diversity": 0.7302251726585237, "efficiency": 0.838078589668795, "cost": 0.15040579929917688, "score": 0.4471953914897071}