{"quality": 0.29673717263087585, "novelty": 0.8255079615994496, "diversity": 0.7267544778255524, "efficiency": 0.5338410966964782, "cost": 0.19119389440835982, "score": 0.5017058128178713}