{"quality": 0.7174066271685325, "novelty": 0.9056534410327965, "diversity": 0.21629558401793159, "efficiency": 0.0685212095822273, "cost": 0, "score": 0.49517264664967936}