{"quality": 0.6105160244265831, "novelty": 0.2787601359208473, "diversity": 0.29829843703529973, "efficiency": 0.22838652020220887, "cost": 0.3351339816838968, "score": 0.31324910857718835}