{"quality": 0.5420474366402771, "novelty": 0.8898014608995186, "diversity": 0.8878416167677201, "efficiency": 0.6028019412877808, "cost": 0.8894417787715299, "score": 0.5641090328865208}