{"quality": 0.8779821677760709, "novelty": 0.30935239781216217, "diversity": 0.3094302093049122, "efficiency": 0.13393870671229413, "cost": 0.8139912567068703, "score": 0.3413104719830013}