{"quality": 0.4655480688432951, "novelty": 0.07550355938024458, "diversity": 0.12285194850470754, "efficiency": 0, "cost": 0.5881237129075697, "score": 0.1242983289082342}