{"quality": 0.3757125245587201, "novelty": 0.5068601417524488, "diversity": 1, "efficiency": 0.7771080860398214, "cost": 0.05920167777654428, "score": 0.550074837934047}