{"quality": 0.6514600857887058, "novelty": 0.8750348543010686, "diversity": 0.0924759480866128, "efficiency": 0.9277084801618489, "cost": 0.23991241113416845, "score": 0.547856959840062}