{"quality": 0.7187243667415391, "novelty": 0.5607972258794333, "diversity": 0.04111360134317027, "efficiency": 0.11400441686743237, "cost": 0.5940621822642089, "score": 0.321733781064648}