{"quality": 0.3733100561887587, "novelty": 0.868312670487263, "diversity": 0.14563027439984877, "efficiency": 1, "cost": 0.8410340996738872, "score": 0.42409382939102436}