{"quality": 0.32739885929579526, "novelty": 0.28975332763711203, "diversity": 0.7785561912426314, "efficiency": 0.9079291149031943, "cost": 0.08596281348697837, "score": 0.4539623138333242}