{"quality": 0.6138512714266382, "novelty": 0.6255066236784286, "diversity": 0.2990523563639771, "efficiency": 0.3715269000606134, "cost": 0.2532650924105376, "score": 0.43074503438843226}