{"quality": 0.9405479451262171, "novelty": 0.870844815903528, "diversity": 0.8797486916607025, "efficiency": 0.48033149887026366, "cost": 0.16952231359132444, "score": 0.7309228193172946}