{"quality": 0, "novelty": 0.744263908078108, "diversity": 0.7599018100365684, "efficiency": 0.6039850058685663, "cost": 0.5124492519019037, "score": 0.37739916471693524}