{"quality": 0.42849424069495673, "novelty": 0.12134924778571451, "diversity": 0.5741212702171987, "efficiency": 0.6396493826449138, "cost": 0.31921471343154273, "score": 0.33773577425193824}