{"quality": 0.2632881934463477, "novelty": 0.4791391174415409, "diversity": 0.18929389333472216, "efficiency": 0.6093993429252618, "cost": 0.47675991490080116, "score": 0.2803639260099431}