{"quality": 0.142112051761408, "novelty": 0.12747309900963189, "diversity": 0.22424923096796906, "efficiency": 0.5596175271626451, "cost": 1, "score": 0.10329436554882096}