{"quality": 0.75419062850021, "novelty": 0.3572384806986356, "diversity": 0.6642519392513982, "efficiency": 0.6913837340887291, "cost": 0.7463616663984456, "score": 0.4774885900484664}