{"quality": 0.43913719002224233, "novelty": 0.6821101184711182, "diversity": 0.6252255545785039, "efficiency": 0.4707918904268093, "cost": 0, "score": 0.4979325811041745}