{"quality": 1, "novelty": 0.09392605370341292, "diversity": 0.8393349840439968, "efficiency": 0, "cost": 0.2696937406488695, "score": 0.46437913616976567}