{"quality": 0.17263047435402806, "novelty": 0.9011514968750554, "diversity": 0.27224288679089975, "efficiency": 0.6999836257707206, "cost": 0.6980624936048103, "score": 0.36671688838827926}