{"quality": 0.19688573913469956, "novelty": 0.0006623416773534896, "diversity": 0.5992714353924264, "efficiency": 0.5926803054019438, "cost": 0.7288795208251901, "score": 0.19509968796600607}