{"quality": 0.868620706051468, "novelty": 0.05145036194402591, "diversity": 0.694459814334109, "efficiency": 0.7971338233783641, "cost": 0.8824325135378981, "score": 0.4436675873212335}