{"quality": 0.49136154096683715, "novelty": 0.4232169452903186, "diversity": 0.5301046591269623, "efficiency": 0.37468699040735576, "cost": 0.24930755452834957, "score": 0.39050592354629166}