{"quality": 0.7304274479238448, "novelty": 0.49773417754234606, "diversity": 0.24970257300649543, "efficiency": 0.647347441564455, "cost": 0.3606964820036837, "score": 0.4545347613983389}