{"quality": 0.462524352605909, "novelty": 0.6228187828476914, "diversity": 0, "efficiency": 0.43788949646993736, "cost": 0.01613059774692331, "score": 0.3585323661894938}