{"quality": 0.5592009617679362, "novelty": 1, "diversity": 0.4457857022984474, "efficiency": 0.2256142068733284, "cost": 0.8600665144949776, "score": 0.45475290857157175}