{"quality": 0.6137967277024929, "novelty": 1, "diversity": 0.73337694030135, "efficiency": 0.2734880169158856, "cost": 0.1802318240833432, "score": 0.6038144265000663}