{"quality": 0.616301756036756, "novelty": 0.00374380655732226, "diversity": 0.31666483745589813, "efficiency": 0.7227376470770575, "cost": 0.4255739540137781, "score": 0.31501269760171774}