{"quality": 0.1503974678638687, "novelty": 0.9184137357528332, "diversity": 0.5018644661216755, "efficiency": 0.7110383876439386, "cost": 0.24223409161821446, "score": 0.4575279165064734}