{"quality": 0.37072024991432523, "novelty": 0.7340455339732052, "diversity": 0.1520495053410602, "efficiency": 0.6947645609700144, "cost": 0.4001907372416744, "score": 0.3893329699571456}