{"quality": 0.8173238641784991, "novelty": 0.8079208674917709, "diversity": 0.9165056918117387, "efficiency": 0.3725058012956841, "cost": 0.09301809573702602}