{"quality": 0.7083053096149627, "novelty": 0.3920911128735894, "diversity": 0.5120180006006818, "efficiency": 0.20914856086425931, "cost": 0.6359617351669833, "score": 0.3806940818359631}