{"quality": 0.14228591292021325, "novelty": 0.11070414325613398, "diversity": 1, "efficiency": 0.30341630465893277, "cost": 0.5978776476136993, "score": 0.2560864906275675}