{"quality": 0.04693241071862514, "novelty": 0.1379785150844778, "diversity": 0.9122821766424505, "efficiency": 0.6107124572057663, "cost": 0, "score": 0.322637655896062}