{"quality": 0.8438894382391733, "novelty": 1, "diversity": 0.5520045826923479, "efficiency": 0.43419519881637053, "cost": 0.25107562426518276, "score": 0.6535894654061588}