{"quality": 0.854469844641724, "novelty": 0.8319406409881013, "diversity": 0.8603394554103687, "efficiency": 0.22713680765523722, "cost": 0.0}