{"quality": 0.13592764072674457, "novelty": 0.2740435114061072, "diversity": 1, "efficiency": 0.6375634937951649, "cost": 0.016671367000685555, "score": 0.4032565574387563}