{"quality": 1, "novelty": 0.9497009711754253, "diversity": 1, "efficiency": 0.43191286188641353, "cost": 0.21719795791071808, "score": 0.7804923762857465}