{"quality": 0.411288810222201, "novelty": 0.7275781112295184, "diversity": 0.5603376199804773, "efficiency": 0.6940656207292275, "cost": 0.3554034654940778, "score": 0.48591819143011167}