{"quality": 0.13554778010382207, "novelty": 0.49659324955931844, "diversity": 0.4040735940130859, "efficiency": 0.7286873601385077, "cost": 0.3941150286905961, "score": 0.31551896637530996}