{"quality": 0.28900499651128697, "novelty": 0.44717622816575264, "diversity": 0.5713241085077585, "efficiency": 0.4805196784405282, "cost": 0.26390222165163807, "score": 0.35844810729729143}