{"quality": 0.9205466801455957, "novelty": 0.6921588728362633, "diversity": 1, "efficiency": 0.5104640507116324, "cost": 0.08988691869451945, "score": 0.7167846379900373}