{"quality": 0.9930026942216824, "novelty": 0.8664848922655115, "diversity": 0.43024900851041886, "efficiency": 0.06311713354158574, "cost": 0.7633553548859193, "score": 0.5337038675776123}