{"quality": 0.8220359401970724, "novelty": 0.3272573381911438, "diversity": 0.9875661363670247, "efficiency": 0.5385791375996215, "cost": 0.470052570505493, "score": 0.5597199574697065}