{"quality": 1, "novelty": 0.6030195843134736, "diversity": 0.9116488392985378, "efficiency": 0.44578985448704456, "cost": 0.44794407119479723, "score": 0.6551587349916529}