{"quality": 0.24443523894118402, "novelty": 0.3125609761813614, "diversity": 0.5040262356041743, "efficiency": 0.7651172235587944, "cost": 0.3307010613446779, "score": 0.3339735402478818}