{"quality": 0.19048670339670865, "novelty": 0.7987229710298399, "diversity": 0.44881907636300405, "efficiency": 0.5812482777019767, "cost": 0.1646366159439428, "score": 0.4173141491099756}