{"quality": 0.2062556439177237, "novelty": 0.24636452191431707, "diversity": 0.5032341154418023, "efficiency": 0.7563217662904084, "cost": 0.20862670829370403, "score": 0.31670024085644766}