{"quality": 0.23191365645998308, "novelty": 0.9420040007623445, "diversity": 0.3930578232007146, "efficiency": 0.2995660361112439, "cost": 0.6035985354104981, "score": 0.3682617136443607}