{"quality": 0.6426997571219277, "novelty": 0, "diversity": 0.30145344084225234, "efficiency": 0.5773738947164828, "cost": 0.650148254961812, "score": 0.27469187401632}