{"quality": 0.09591495528805144, "novelty": 0.9573485802995843, "diversity": 0.6329284848959715, "efficiency": 0.012289120715220897, "cost": 0.414851397793281, "score": 0.3550555569684608}