{"quality": 0.6909182349711522, "novelty": 1, "diversity": 0.8528007602828624, "efficiency": 0.1974505863606306, "cost": 0.45413600227973405, "score": 0.6120396102740394}