{"quality": 0.5802986708743296, "novelty": 0.5348316280062253, "diversity": 0.864293199862965, "efficiency": 0, "cost": 0, "score": 0.4806561482364482}