{"quality": 0.2983808256138002, "novelty": 0.5891716662587012, "diversity": 0.40579960336481896, "efficiency": 0.3488934779080824, "cost": 0.7763757897137584, "score": 0.2926635276366157}