{"quality": 0.9528492890925688, "novelty": 1, "diversity": 0.37263661020621663, "efficiency": 0.735259693785436, "cost": 0.6789826338628906, "score": 0.6527727994505403}