{"quality": 0.4856704611643946, "novelty": 0.2566883450697728, "diversity": 0.5297785637991046, "efficiency": 0.5682535818938685, "cost": 0.4612330300954848, "score": 0.3549436716511143}