{"quality": 0.761156829460394, "novelty": 0.2721485015735574, "diversity": 0.4538377953184976, "efficiency": 0.8531519205058093, "cost": 0.4739652914722768}