{"quality": 0.7162912451114717, "novelty": 0.7886170500671168, "diversity": 0.6003632218171625, "efficiency": 1.0, "cost": 1.0}