{"quality": 0.5409037994644792, "novelty": 0.6882634426946928, "diversity": 0.6944119275963043, "efficiency": 0.1300749695206526, "cost": 1, "score": 0.3927306314603758}