{"quality": 0.3318283287201155, "novelty": 0.7527911865814819, "diversity": 0.2633433345651302, "efficiency": 0, "cost": 0.25469690914509896, "score": 0.3149452712599212}