{"quality": 0, "novelty": 0.5939528579877164, "diversity": 0.20335467882909455, "efficiency": 0.4084312210617051, "cost": 0.6902095499447665, "score": 0.18140287842752711}