{"quality": 0.4983379102989775, "novelty": 0, "diversity": 0.11223580780549924, "efficiency": 0.4189748612194849, "cost": 0.3023939613504342, "score": 0.2045553676986724}