{"quality": 0.7135910536650176, "novelty": 0.2916083439944142, "diversity": 0.39154416416717613, "efficiency": 0.6292166291198455, "cost": 0.3796790439008132, "score": 0.42170282490943956}