{"quality": 0.7025016497000884, "novelty": 0.7855606923738817, "diversity": 1, "efficiency": 0.46808904382671446, "cost": 0.7845209109226807, "score": 0.5989019334852361}