{"quality": 0.7245021658616129, "novelty": 0.4283420508525334, "diversity": 0.9534748187599017, "efficiency": 0.7542268044486824, "cost": 0.6455174854838155, "score": 0.5637133983425184}