{"quality": 0.36275377740395087, "novelty": 0.6476883933001323, "diversity": 0, "efficiency": 0.3747137256625371, "cost": 0.9256814628231826, "score": 0.23438714411328057}