{"quality": 0.8838218393941427, "novelty": 1, "diversity": 0.26332938865822053, "efficiency": 0.5146412153526754, "cost": 0.671373386168278, "score": 0.5778712732359603}