{"quality": 0.3134897197715588, "novelty": 0.8780316323346098, "diversity": 0.7032645000628197, "efficiency": 1, "cost": 0.3333054568657248, "score": 0.5708771783411116}