{"quality": 1, "novelty": 0.8002676479297863, "diversity": 0.7462566531971997, "efficiency": 0.7180459345305539, "cost": 0.6708397711976144, "score": 0.6899411556817082}