{"quality": 0.8007680799479693, "novelty": 0.8022899586667847, "diversity": 0.3219184842604072, "efficiency": 0.989518404145858, "cost": 0.6541113993645626}