{"quality": 0.5271720777185835, "novelty": 0.5744253577257996, "diversity": 0.743121998253753, "efficiency": 0.4558986605991229, "cost": 0.08498438083847479, "score": 0.5102687234037965}