{"quality": 0.7702543614646108, "novelty": 0.7552558902260624, "diversity": 0.2687585190728843, "efficiency": 0.08672905097683245, "cost": 0.36964452961362504, "score": 0.44968688949563806}