{"quality": 0.5737527442047243, "novelty": 0.6317604662857674, "diversity": 0.31241829671537424, "efficiency": 0.17811022077142513, "cost": 0.339625185409718, "score": 0.38530361375067596}