{"quality": 0.17780950424463238, "novelty": 0.7140343535915029, "diversity": 0.3958238071881342, "efficiency": 0.3093861868021919, "cost": 0.931685183886184, "score": 0.26425561074060266}