{"quality": 0.5265861560976786, "novelty": 0.1405969136229663, "diversity": 0.4643995600719866, "efficiency": 0.4896666584837319, "cost": 0.7930480240274764, "score": 0.2801501836192546}