{"quality": 0.32144190167977416, "novelty": 0.5216273615461697, "diversity": 0.7237558662344618, "efficiency": 0.8476590429607672, "cost": 0.704823053697311, "score": 0.428257135211751}