{"quality": 0.8571663299681284, "novelty": 0.7493211757490305, "diversity": 0.8128919638787864, "efficiency": 0.49035594977950114, "cost": 0.5184923148143997, "score": 0.6287627466889386}