{"quality": 1, "novelty": 0.5267646730342136, "diversity": 0.5352050744339452, "efficiency": 0.2055547152500786, "cost": 0.8512383718204315, "score": 0.4844415532508111}