{"quality": 0.6321826675940219, "novelty": 0.15236836427144923, "diversity": 0.9256618331784736, "efficiency": 0.25894155386236145, "cost": 0.8417949038587856, "score": 0.36754100067523926}