{"quality": 0.7667282134597377, "novelty": 1, "diversity": 0.011803698001865787, "efficiency": 0.12752623462301343, "cost": 0.10909647614563917, "score": 0.4905984912171826}