{"quality": 0.3950727668976789, "novelty": 0.6107529964691463, "diversity": 0.8561651263032323, "efficiency": 0.15371246955447015, "cost": 0.3739986627054519, "score": 0.428100108609862}