{"quality": 0.46487517919739074, "novelty": 0.6175609162711406, "diversity": 0.5804322485692504, "efficiency": 0.8088032940780995, "cost": 0.25079948923650447, "score": 0.506179777728917}