{"quality": 0.6176119224056016, "novelty": 0.1259590728328323, "diversity": 0.37301860645052126, "efficiency": 0.22914160565999292, "cost": 0.2631715562243182, "score": 0.29943115144655996}