{"quality": 0.738962329293172, "novelty": 0.846983350648896, "diversity": 0.12155023690742414, "efficiency": 0.6625091428354375, "cost": 0.312155066674273, "score": 0.5259054485895487}