{"quality": 0.8038918254565105, "novelty": 0.658055521662514, "diversity": 0.12273053283795837, "efficiency": 0.4646360418474015, "cost": 0.41693351623182795, "score": 0.45822958927410073}