{"quality": 0.9205223597809313, "novelty": 0.5132225127175563, "diversity": 0.25166656988417835, "efficiency": 0.8278357835292283, "cost": 0.29556907064987387, "score": 0.549414110554901}