{"quality": 0.8446382306987112, "novelty": 0.49180853796041113, "diversity": 0.7829122210127122, "efficiency": 0.37522314685245106, "cost": 0.9775022921356036, "score": 0.4914592907165659}