{"quality": 0.9612711620623873, "novelty": 0.21233025103966446, "diversity": 0.15046906592068365, "efficiency": 0.7880229785027864, "cost": 0.5440236341905326, "score": 0.43535880791913373}