{"quality": 0.8366140502624129, "novelty": 0.8389225453001513, "diversity": 0.22455414197283727, "efficiency": 0.1860624727727023, "cost": 0.8360035777661387, "score": 0.4499346929376207}