{"quality": 0.7476277791608685, "novelty": 0.5741707952031605, "diversity": 0.49777576385642697, "efficiency": 0.4514977104160924, "cost": 0.1338058157683915, "score": 0.5217302603059107}