{"quality": 0.21092121317949972, "novelty": 0.48537422895549787, "diversity": 0.9370537898390109, "efficiency": 0.5594338369841863, "cost": 0.8253989083417811, "score": 0.3734058638739764}