{"quality": 0.9893859795554472, "novelty": 0.6957571285717242, "diversity": 0.6703301164098291, "efficiency": 0.05239171890303365, "cost": 0, "score": 0.6126798571269861}