{"quality": 0.42162119726811353, "novelty": 0.6975523431304009, "diversity": 0.14048435108162785, "efficiency": 0.4701460658744844, "cost": 0.3444040396962609, "score": 0.3650528210909064}