{"quality": 1, "novelty": 0.7634202669946706, "diversity": 0.3152940726786293, "efficiency": 0.5702561872964884, "cost": 0.6399493148068913, "score": 0.5754573778981775}