{"quality": 0.31287367337943317, "novelty": 0.23658919903559822, "diversity": 0, "efficiency": 0, "cost": 0.3461618136992939, "score": 0.11839322040280012}