{"quality": 0.18161570201183586, "novelty": 0.003968725911465021, "diversity": 0.5152834975834122, "efficiency": 0.7682831037929689, "cost": 0.6647513339363493, "score": 0.20730092377340986}