{"quality": 0.27281178689021646, "novelty": 0.756020680627562, "diversity": 0.680305669186143, "efficiency": 0.2140874236648988, "cost": 0.22686758797312928, "score": 0.41633619481360595}