{"quality": 0.2537458825071378, "novelty": 1, "diversity": 0.5724518944112129, "efficiency": 0.8576806631021201, "cost": 0.5993522156293333, "score": 0.5093310215367686}