{"quality": 0.9057756040076141, "novelty": 0, "diversity": 0.1961129745161083, "efficiency": 0.2210794021496847, "cost": 0.6455689649105953, "score": 0.279560289936899}