{"quality": 1, "novelty": 0, "diversity": 0.003934642507888386, "efficiency": 0.7869567766926953, "cost": 0.4092565489752587, "score": 0.3779047901079561}