{"quality": 1, "novelty": 0.5598783244801644, "diversity": 0.08459913311648659, "efficiency": 0.3150882681583075, "cost": 0.6685080802619856, "score": 0.437301839940886}