{"quality": 0.761661173333087, "novelty": 0.4301298595910427, "diversity": 0.9760084155710897, "efficiency": 0.5907874261112562, "cost": 0.4930008846105086, "score": 0.5705505254675423}