{"quality": 0.7185340028742198, "novelty": 0.7314865899654843, "diversity": 0.16635232982262757, "efficiency": 0.6638058334061843, "cost": 0.6756082425846172, "score": 0.46371236507062846}