{"quality": 0.7838314107786231, "novelty": 1, "diversity": 0.7130484349338484, "efficiency": 0.4650865457961213, "cost": 0.6853849669804957, "score": 0.6289835953917252}