{"quality": 0.7121378414452122, "novelty": 0, "diversity": 0.5245303189398082, "efficiency": 0.13589800464279905, "cost": 0.7889306990465887, "score": 0.26003904701328623}