{"quality": 0.5004495160824866, "novelty": 0.28609874887104036, "diversity": 0.10487060552824731, "efficiency": 0.5125243615384584, "cost": 0.2530497797396857, "score": 0.2942073394049557}