{"quality": 0.058367031496278365, "novelty": 0.8145894637837329, "diversity": 0.6561277706249682, "efficiency": 0.43938173571142103, "cost": 0.3249554691160308, "score": 0.38579474296492045}