{"quality": 1, "novelty": 0.12040844703620307, "diversity": 0.5491414791673, "efficiency": 0.86385848276986, "cost": 0.28579154789531636, "score": 0.5409300252184581}