{"quality": 0.5868510920574062, "novelty": 0.6281319714521965, "diversity": 0.33666847832660596, "efficiency": 0.23781288656504157, "cost": 0.5042184128360039, "score": 0.385672107846748}