{"quality": 0.4752591720307083, "novelty": 0.8576229250558423, "diversity": 0.5447495298878791, "efficiency": 0.7318561215600723, "cost": 0.8708317632215137, "score": 0.4886286307626083}