{"quality": 0.44512840111960233, "novelty": 0.5807960581745852, "diversity": 0.19463265096695775, "efficiency": 1, "cost": 0.46325457978716345, "score": 0.42133860709420223}