{"quality": 0.4367535097831026, "novelty": 0.04084447758026788, "diversity": 0.36746633336943935, "efficiency": 0.6995999969506748, "cost": 0.006022890743163173, "score": 0.3190681494721705}