{"quality": 0.7452360216797594, "novelty": 0.638585713998756, "diversity": 0.6250871129144214, "efficiency": 0.8930126478092897, "cost": 0.3406921829045594}