{"quality": 0, "novelty": 0.19933569363948497, "diversity": 0.9901554357199516, "efficiency": 0.6747052904050892, "cost": 0.45676882012007325, "score": 0.3033939221026176}