{"quality": 0.6742914298208114, "novelty": 0.09621127514268024, "diversity": 0.8611886865191294, "efficiency": 0.7275692813466728, "cost": 0.20247328432910644, "score": 0.4874660488048296}