{"quality": 0.3614500812969526, "novelty": 0.8027808769077951, "diversity": 0.34202998170738375, "efficiency": 0.42803838224164864, "cost": 0.9116563903534134, "score": 0.35057635825841726}