{"quality": 0.24976659421332692, "novelty": 0.8915865508358765, "diversity": 0.6645944530232673, "efficiency": 0.15838201463750512, "cost": 0, "score": 0.4545028087732464}