{"quality": 0.20935940161846278, "novelty": 0.940595634896596, "diversity": 0.3529442430822847, "efficiency": 0.14315467854136626, "cost": 1, "score": 0.2900187796073498}