{"quality": 0.7588289968747497, "novelty": 0.1874939001088949, "diversity": 0.38101013854580446, "efficiency": 0.7524367025839094, "cost": 0.5499158745827504, "score": 0.4085981197281209}