{"quality": 0.5051975015866488, "novelty": 0.8023758552918165, "diversity": 0.5810472833988527, "efficiency": 0.9969173320837043, "cost": 0.8546608883749156}