{"quality": 0.8118237942302813, "novelty": 0.6040207858800679, "diversity": 0.7175737086943331, "efficiency": 0.9174578337508822, "cost": 0.016626360820299863, "score": 0.6740231154585703}