{"quality": 0.10458918922843113, "novelty": 0.948895045812004, "diversity": 0.32283927642452337, "efficiency": 0.07045146482831668, "cost": 0.3317671718359674, "score": 0.31055937604708583}