{"quality": 0.08041038006903481, "novelty": 0.8043359769099345, "diversity": 0.44990173046467113, "efficiency": 0.821329901604231, "cost": 0, "score": 0.4383869395817629}