{"quality": 0.6504537761092531, "novelty": 0.5800638636726726, "diversity": 0.8845623386296211, "efficiency": 0.6158159492824193, "cost": 0.18013576240764562, "score": 0.5914233826284666}