{"quality": 0.2494603106271283, "novelty": 1, "diversity": 0.9046441302246986, "efficiency": 0.2958848894878948, "cost": 0.6407395651694638, "score": 0.4860756961393161}