{"quality": 0.1006478817253849, "novelty": 0.11220070229106999, "diversity": 0.9167913431911152, "efficiency": 0.5538941720732669, "cost": 0.18961411182489013, "score": 0.305725523357107}