{"quality": 0.6486931361003616, "novelty": 0.6733075119554699, "diversity": 0.3125320864565406, "efficiency": 1, "cost": 0.5385439376013732, "score": 0.5215868423501467}