{"quality": 0.6694303972570781, "novelty": 0, "diversity": 1, "efficiency": 0.6661113030535967, "cost": 0.3040938181769087, "score": 0.470336432817472}