{"quality": 0.8789041168680116, "novelty": 0.2292323417648229, "diversity": 0.8526093518962985, "efficiency": 0.21819904038729465, "cost": 0.469769923072601, "score": 0.47725405463170295}