{"quality": 0.7037438145928365, "novelty": 0.8582663209091764, "diversity": 0.35154062366861083, "efficiency": 0.45544199746858616, "cost": 0.17632792696737637, "score": 0.5466813562624175}