{"quality": 0.3238881870501582, "novelty": 0.6342834525859841, "diversity": 0.8704668750103401, "efficiency": 0.07003348930631054, "cost": 0.8904480165434083, "score": 0.3512909160052172}