{"quality": 0.5708970247274916, "novelty": 0.6002680233948825, "diversity": 0.9711186263054704, "efficiency": 0.5229356561932413, "cost": 0.4252792506233723, "score": 0.5514722618947111}