{"quality": 0.75751706177577, "novelty": 0.11244929392183572, "diversity": 0.7237286167875225, "efficiency": 0.8238949099102431, "cost": 0.8700772355403619, "score": 0.4366896783031947}