{"quality": 0.5439820442414915, "novelty": 0.6312380570811391, "diversity": 0.33648935797252255, "efficiency": 0.901973384798917, "cost": 0.5777850858831368, "score": 0.46581949826876057}