{"quality": 0.3902411011962046, "novelty": 0.7560605574457947, "diversity": 0.856575943823382, "efficiency": 0.8763637973770328, "cost": 0.38019676627874455, "score": 0.5708375514636669}