{"quality": 0.9094983897547905, "novelty": 0.014688368069212643, "diversity": 0.6346865594723897, "efficiency": 0.7228484928711283, "cost": 0.2619251764260045, "score": 0.48569367712628697}