{"quality": 0.7110854766043077, "novelty": 0.3020035170196372, "diversity": 0.46739656344725355, "efficiency": 1, "cost": 0.445156656847435, "score": 0.4877901692409088}