{"quality": 0.7420073911615208, "novelty": 0.5291185044842149, "diversity": 0.8055649886423796, "efficiency": 0.5284676876983189, "cost": 0.1715957255746554, "score": 0.5781054217952681}