{"quality": 0.5173667566043907, "novelty": 0.2796037874034026, "diversity": 0.8634712244234245, "efficiency": 0.3460850494363778, "cost": 0.4123565212400483, "score": 0.40848232400830453}