{"quality": 0.8229689843784413, "novelty": 0.23861342376567002, "diversity": 0.2477148677447825, "efficiency": 0.3207462381921178, "cost": 0.11795464670756511, "score": 0.39240349586196754}