{"quality": 1, "novelty": 0.4816875887881128, "diversity": 0.31857095133455327, "efficiency": 0.7922269090995283, "cost": 0.8011018355552892, "score": 0.5228599402733392}