{"quality": 0.05352703488532451, "novelty": 0.693525616414862, "diversity": 0, "efficiency": 0.7034002388574481, "cost": 0.3345539349558109, "score": 0.26149415690234895}