{"quality": 0.1124331653869915, "novelty": 0.39541284338958155, "diversity": 0.3325098965003529, "efficiency": 0.6733318756347388, "cost": 0.13688320973215068, "score": 0.2863966001355591}