{"quality": 0.9146424874590366, "novelty": 0.7299128922643618, "diversity": 0.30616700743778136, "efficiency": 0.7963428325847237, "cost": 0.27854364837477746, "score": 0.6097014308415886}