{"quality": 0.3869057393942718, "novelty": 0.9810035120966287, "diversity": 0.036517458264237856, "efficiency": 0.23365431323532554, "cost": 0.6203992356452926, "score": 0.3416343149160559}