{"quality": 0.589736479851874, "novelty": 0.4708277452704002, "diversity": 0.7669797940783759, "efficiency": 0.641083097601015, "cost": 0.2736496028235602}