{"quality": 0.33935485651017694, "novelty": 0.5508655748140061, "diversity": 0.4422424098901947, "efficiency": 0.09346528223446998, "cost": 0.26710013274194017, "score": 0.31528111169557}