{"quality": 0.27167846838984516, "novelty": 0.33191692262235867, "diversity": 0.6164339152669107, "efficiency": 0.9496783172979728, "cost": 0.06573389330591561, "score": 0.42364791249002975}