{"quality": 0.8461018217667021, "novelty": 0.27282338456587385, "diversity": 0.4654541386768527, "efficiency": 0.0011243714587425846, "cost": 0.07869851101509365, "score": 0.40742602502415165}