{"quality": 0.42686507449383027, "novelty": 0.2907533330863219, "diversity": 0.31925417090742436, "efficiency": 0, "cost": 0.4664021516968153, "score": 0.2179584746315329}