{"quality": 0.8328243902962504, "novelty": 0.4022017741209669, "diversity": 0.4081078883035564, "efficiency": 0.24531917271492826, "cost": 0.5734801322771819, "score": 0.41146920095934914}