{"quality": 1, "novelty": 0.690793508063271, "diversity": 0.81695387546694, "efficiency": 0, "cost": 0.6935630588466011, "score": 0.5667328462245457}