{"quality": 0.2948222265380249, "novelty": 0.8381034422966263, "diversity": 0.5856402308381681, "efficiency": 0.6752469950787252, "cost": 0.7826214323600635, "score": 0.43812548072900015}