{"quality": 0.1836965525741041, "novelty": 0.43927378155575547, "diversity": 0.8854634093321345, "efficiency": 0.22605669341394757, "cost": 0.1792692390933796, "score": 0.35800167313035114}