{"quality": 0.8521745613813375, "novelty": 0.48409298795743505, "diversity": 0.9105551749968475, "efficiency": 0.8557265343160395, "cost": 0.3304594217652248}