{"quality": 0.48206885224794893, "novelty": 0.2090635050172992, "diversity": 0.7023609377679935, "efficiency": 0.21786553360139688, "cost": 0.6212290048687856, "score": 0.3079156490356391}