{"quality": 0.7822482286638581, "novelty": 0.15969176294835347, "diversity": 0.560875135257658, "efficiency": 0.6217705132754134, "cost": 0.4492608551939182, "score": 0.43511192785969754}