{"quality": 0.14771515091297382, "novelty": 0.8396276370468319, "diversity": 0.7767096001797716, "efficiency": 0.47728242801293846, "cost": 0.24594179128347415}