{"quality": 1, "novelty": 0.45856555403655036, "diversity": 0.11168367422511793, "efficiency": 0.4242599639883184, "cost": 0.8657608539184624, "score": 0.4140410325605627}