{"quality": 0.9031602749171237, "novelty": 0.2239882808665672, "diversity": 0.9485284979480633, "efficiency": 0.4720984110808669, "cost": 0.823501999609805, "score": 0.5051154139825411}