{"quality": 1, "novelty": 0.1889648657426189, "diversity": 0.808854812703159, "efficiency": 0.24439839182554304, "cost": 0.15029339991237745, "score": 0.5306425977588801}