{"quality": 0, "novelty": 0, "diversity": 0.9319519182076097, "efficiency": 0.392621050087534, "cost": 1, "score": 0.14528354115465203}