{"quality": 0.8083913137893504, "novelty": 0.789529675374279, "diversity": 0.5775999365303275, "efficiency": 0.4097017900501753, "cost": 0.5113706253355086, "score": 0.5657380062604157}