{"quality": 0.21180808222829467, "novelty": 0.4599485740311669, "diversity": 0.23706116058171245, "efficiency": 0.5492760702366465, "cost": 1, "score": 0.2083332108281196}