{"quality": 0.19666402908609498, "novelty": 0.16682114739512946, "diversity": 0.769923043053613, "efficiency": 0.5728359568525505, "cost": 1, "score": 0.24061449771321605}