{"quality": 0.1256307131881574, "novelty": 0.5088266247731861, "diversity": 0.39895624538023045, "efficiency": 0.16673635816402352, "cost": 0, "score": 0.26969757295039337}