{"quality": 0.43883992014247913, "novelty": 0.7308864530085576, "diversity": 0.02358317274318275, "efficiency": 0.9103248523619355, "cost": 0.8937664819656463, "score": 0.36626230350124533}