{"quality": 0.6576853242929158, "novelty": 0.8173989589216089, "diversity": 0.6037470607393216, "efficiency": 0.8197641150942128, "cost": 0.8666499407831908, "score": 0.558704372351954}