{"quality": 0.7316521947643715, "novelty": 0.042922244476677196, "diversity": 0.5003454610671969, "efficiency": 0.9186974383635997, "cost": 0.5699214923950703, "score": 0.41110777827695305}