{"quality": 0.8424926037649592, "novelty": 0.5983454491143412, "diversity": 0.9331173357502525, "efficiency": 0.5678447208808068, "cost": 0.5447144119402278, "score": 0.6196628774962218}