{"quality": 0.35725734316228663, "novelty": 0.5664537992419463, "diversity": 0.558543390577621, "efficiency": 0.5625470387500061, "cost": 0.8558400131493825, "score": 0.3592973853722594}