{"quality": 0.6653795711203212, "novelty": 0.900999877551528, "diversity": 0.7686648066913767, "efficiency": 0.9234960895813307, "cost": 0.34902324076838076, "score": 0.682218891422615}