{"quality": 0.4416356955300288, "novelty": 0.2789103898404676, "diversity": 0.5825493107224203, "efficiency": 0.5234572454421236, "cost": 0.5859462189283551, "score": 0.33865213318709264}