{"quality": 0.9075877529688838, "novelty": 0.6103173523220227, "diversity": 0.2224200875039139, "efficiency": 0.16233441106913926, "cost": 0.7516365736553379, "score": 0.4185261857667907}