{"quality": 0.7020956438026271, "novelty": 0.42158281678898124, "diversity": 0, "efficiency": 0.27042247949784265, "cost": 0.4643158182820696, "score": 0.3101561874345029}