{"quality": 0.2014054461495726, "novelty": 0.22390261306069548, "diversity": 0.07993795826339947, "efficiency": 0.9571633205470095, "cost": 0.6421446396256986, "score": 0.2117449128822071}