{"quality": 1, "novelty": 1, "diversity": 0.01848947339471113, "efficiency": 0, "cost": 0.4648478902454656, "score": 0.5072131056543957}