{"quality": 0.7869947584253058, "novelty": 1, "diversity": 0.9221091221677244, "efficiency": 0.17615002281415568, "cost": 0.20896270804705522, "score": 0.6760464845785544}