{"quality": 0.7358129786285388, "novelty": 0, "diversity": 0.7907952018081098, "efficiency": 0.2532543098329211, "cost": 0.18180291511020558, "score": 0.39871078891410117}