{"quality": 0.29328126952852174, "novelty": 0.36539456290181294, "diversity": 0.15262575724135063, "efficiency": 0.39462847886060903, "cost": 0.7835428481214793, "score": 0.1906981600492233}