{"quality": 0, "novelty": 0.9248977729572243, "diversity": 0.10302258824932681, "efficiency": 0.4035833161864518, "cost": 0.0044835772211945235, "score": 0.3119181005950198}