{"quality": 0.6478685642948978, "novelty": 0.8412635463897783, "diversity": 0.6022861652773248, "efficiency": 0.027101017658069958, "cost": 0.06384411513946266}