{"quality": 0.707146957343319, "novelty": 0.30848153077705287, "diversity": 0.6405055399202304, "efficiency": 0.9690088145778947, "cost": 0.8065262034286316, "score": 0.4820642797251261}