{"quality": 0.5407210510097331, "novelty": 0.1103917596719268, "diversity": 0, "efficiency": 0.9940919272530229, "cost": 0.31838163841182804, "score": 0.3070898804676722}