{"quality": 0.7586192042454769, "novelty": 0.8180516444640606, "diversity": 0.1339173549395928, "efficiency": 0.6333430206506012, "cost": 0.01803115275495648, "score": 0.5520804811996713}