{"quality": 0.6245629651121625, "novelty": 0.2736526497863154, "diversity": 0.9682808241670646, "efficiency": 0.8664942051055282, "cost": 0.1814025972748755, "score": 0.5612720878519822}