{"quality": 0.1906261172469349, "novelty": 0.7559222419061378, "diversity": 0.3391006786769799, "efficiency": 0, "cost": 0.900228298921371, "score": 0.2239657014938738}