{"quality": 0, "novelty": 0.1817922377887224, "diversity": 0.4157254057037523, "efficiency": 0.37904611082939277, "cost": 0.7578745398799951, "score": 0.10966260322434049}