{"quality": 0.4239774980377482, "novelty": 0.5185836107813128, "diversity": 1, "efficiency": 0.5794691925477617, "cost": 0.11043408401342364, "score": 0.5327161225874746}