{"quality": 0.12989513885816945, "novelty": 0.421424583310057, "diversity": 0.6440040053437037, "efficiency": 0.25907442727109703, "cost": 0.48067973706143236, "score": 0.2639186789382271}