{"quality": 0.38423754520859743, "novelty": 1, "diversity": 0.41110716545900927, "efficiency": 0.4183642024600083, "cost": 0.7344530909647679, "score": 0.4368020179269055}