{"quality": 0.11020436988449325, "novelty": 0.9597077381460255, "diversity": 0.6351608222514711, "efficiency": 1, "cost": 0.3440655967430642, "score": 0.5156138502778422}