{"quality": 0.44260022408031974, "novelty": 0.4477744656683551, "diversity": 0.16709314692519706, "efficiency": 0.6320091462452906, "cost": 1, "score": 0.2729436849630177}