{"quality": 0.14974253057707534, "novelty": 0.25230547074468895, "diversity": 0.8211166672924913, "efficiency": 0, "cost": 0.6582945407207679, "score": 0.20639300624571627}