{"quality": 0.6763673933684677, "novelty": 0.6873443342927643, "diversity": 0.6244230750235716, "efficiency": 0.4740643425202929, "cost": 0.9734304833866123, "score": 0.4733975196278284}