{"quality": 0.576645870190303, "novelty": 0.8564259270519428, "diversity": 0.15068523634235653, "efficiency": 0.11228278416430623, "cost": 0.9570495927260394, "score": 0.3383747484405899}