{"quality": 0.6734426785793672, "novelty": 0.8689776273261256, "diversity": 0.5438964843148795, "efficiency": 0.6811393703277258, "cost": 0.5826504441467326, "score": 0.5719623684028031}