{"quality": 0.3812669714413803, "novelty": 0.1578818603715339, "diversity": 0.3717895863412977, "efficiency": 0, "cost": 0.10387833125319926, "score": 0.21782064066823717}