{"quality": 0.421272027332216, "novelty": 0.10714687577196311, "diversity": 0.09912544403468448, "efficiency": 0.3740898346533412, "cost": 0.6884979296134259, "score": 0.16025709818625106}