{"quality": 0.19503160015017065, "novelty": 0.8123644297495705, "diversity": 0.030818398101228023, "efficiency": 0.4325664332153286, "cost": 0.6263534642755533, "score": 0.27001388565743334}