{"quality": 0.8438523701701559, "novelty": 0.8021018498019179, "diversity": 0.14505061804875186, "efficiency": 0.5912683938710412, "cost": 0.058516282225718586, "score": 0.5655299279693609}