{"quality": 0.587413673281636, "novelty": 0.5165888675419492, "diversity": 0.3798416078631691, "efficiency": 0.7625405550276662, "cost": 0.7167252131799825, "score": 0.4240482023787636}