{"quality": 0.38486442101321794, "novelty": 0.19760731044492896, "diversity": 0.19375879130140738, "efficiency": 0.7708043043098962, "cost": 0.9394061025812905, "score": 0.2252929475638345}