{"quality": 0.6834702033212943, "novelty": 0.9796775923349527, "diversity": 0.9289421360022055, "efficiency": 0.9358873959635374, "cost": 0.533656441400228, "score": 0.7227663515350754}