{"quality": 0.707625997947781, "novelty": 0.9793419775270713, "diversity": 0.9619603340092091, "efficiency": 0.6779869132004296, "cost": 0.44953491373785703, "score": 0.7062599061742227}