{"quality": 0.5131574168275013, "novelty": 0.22478576894910896, "diversity": 0.5166112972587065, "efficiency": 0.4336704704582729, "cost": 0.8349057305802134, "score": 0.29502592424798846}