{"quality": 0.3671652781577425, "novelty": 0.40392301033764255, "diversity": 0.5457991143944044, "efficiency": 0.40747190213955453, "cost": 0.48407604743280497, "score": 0.333003339488267}