{"quality": 0.6659213131209367, "novelty": 0, "diversity": 0.478694774456369, "efficiency": 0.7891762937740793, "cost": 0.2002356478561476, "score": 0.393868228108052}