{"quality": 0.22563440832172046, "novelty": 0.9562632393043812, "diversity": 0.6954622717683155, "efficiency": 0.9539307077600079, "cost": 0.39186073533654564, "score": 0.5497521193066212}