{"quality": 0.4663743397616552, "novelty": 0.597283477460119, "diversity": 0.9380432277891616, "efficiency": 0.1943703672846607, "cost": 0.8093844779350876, "score": 0.4250589241505489}