{"quality": 0.5749843164167728, "novelty": 0.4211281273263189, "diversity": 0.06122481252961165, "efficiency": 0.8775196279657648, "cost": 0.13265270109659338, "score": 0.40838496334773927}