{"quality": 0.3722788151086766, "novelty": 0.7021284036333734, "diversity": 0.5819330512347409, "efficiency": 0.4412690872833003, "cost": 0.08900918032561284, "score": 0.46089180074782826}