{"quality": 0.3570662394668148, "novelty": 0.31350537136974777, "diversity": 0.13114287142524458, "efficiency": 0.10771262527721992, "cost": 0.4364403553495289, "score": 0.18423764722416044}