{"quality": 0.588079918510959, "novelty": 0.7174459351418067, "diversity": 0.7000097708509359, "efficiency": 0.32000222454050825, "cost": 0.5780435420853791, "score": 0.48598339298146487}