{"quality": 0.6250347814313152, "novelty": 0.5973998537361105, "diversity": 0.6693856454621027, "efficiency": 0.7693875623251792, "cost": 0.9664069474920591, "score": 0.48950496655541365}