{"quality": 0, "novelty": 0.7446496610212938, "diversity": 0.39142326904602426, "efficiency": 0.8007118961185773, "cost": 0.1513029712235564, "score": 0.36942355635995927}