{"quality": 0.6522487888201156, "novelty": 0.795178033182113, "diversity": 0.17297121475296015, "efficiency": 0.7486765558191908, "cost": 0.8928727310035349, "score": 0.45207759816468013}