{"quality": 0.2701593382380879, "novelty": 0.46541530870205733, "diversity": 0.12179525570294142, "efficiency": 0.8824911422645498, "cost": 0, "score": 0.3541343511272115}