{"quality": 0.8837967521260333, "novelty": 0.33025538686994077, "diversity": 0.9519132343956263, "efficiency": 0.2926933322642329, "cost": 0.10518541448407775, "score": 0.5714709776256475}