{"quality": 0.890303440459249, "novelty": 1, "diversity": 0.3674750064736869, "efficiency": 0.14959686075428824, "cost": 0.5375329150668448, "score": 0.5592722710389708}