{"quality": 0.3923046453611209, "novelty": 0.3782580089134324, "diversity": 0.6723971125370658, "efficiency": 0.046821145075195, "cost": 0.44806252617066605, "score": 0.3089522374883202}