{"quality": 0.3094411660778622, "novelty": 0.770237324483874, "diversity": 0.24683908429407636, "efficiency": 0.7547588259870806, "cost": 0.436365981890295, "score": 0.404336723512175}