{"quality": 0.3740518767387043, "novelty": 0.6530092701722006, "diversity": 0.7116057490917052, "efficiency": 0.016941592981621276, "cost": 0.10721840064743862, "score": 0.4096084292655018}