{"quality": 0.5740933497700198, "novelty": 0.3511776611727326, "diversity": 0.3306842420065987, "efficiency": 0.5442188715542011, "cost": 0.15930323857349127, "score": 0.39186177550128987}