{"quality": 0.8412899043670775, "novelty": 0.03671784276589993, "diversity": 0.8718079779083505, "efficiency": 1, "cost": 0.4021294194978719, "score": 0.5457150856334811}