{"quality": 0.5537981372812419, "novelty": 0.5039876581603389, "diversity": 0.3859909108587921, "efficiency": 0.39329493797535087, "cost": 0.4733196097814296, "score": 0.3809968176143754}