{"quality": 0.6211140772412078, "novelty": 0.513544867302828, "diversity": 0.5531309065600205, "efficiency": 0.023806224410381827, "cost": 1, "score": 0.32891755497163067}