{"quality": 1, "novelty": 0.3121269505207641, "diversity": 0.7373957641007025, "efficiency": 0.8672856879233952, "cost": 0.7623238916925321, "score": 0.5793713544695877}