{"quality": 0.06645249422801558, "novelty": 0.40764542507958745, "diversity": 0.2618326421037017, "efficiency": 0.46749077799284294, "cost": 1, "score": 0.14433724965796832}