{"quality": 0.722470749826611, "novelty": 0.1587472340607997, "diversity": 0.3591167431293336, "efficiency": 0.5968203749094659, "cost": 0.39659307783566256, "score": 0.37811513054190354}