{"quality": 0.48418982421367585, "novelty": 0.8600561480594513, "diversity": 0.042265828662925956, "efficiency": 0.8573236965746036, "cost": 0.19485069815975387, "score": 0.47783763468176593}