{"quality": 0.4264493777898412, "novelty": 0.7915413880860888, "diversity": 0.5597187243066805, "efficiency": 0.5012831488843519, "cost": 0, "score": 0.5129563775524635}