{"quality": 0.1608662825558712, "novelty": 1, "diversity": 0.7779136676396525, "efficiency": 0.2613229402963611, "cost": 0.6248259387527317, "score": 0.43055846546387283}