{"quality": 0.6490271309757178, "novelty": 0.43532285291955236, "diversity": 0.6427062589174827, "efficiency": 0.36898654475705694, "cost": 0.8163715176356732, "score": 0.4057909342560912}