{"quality": 0.4217164245600186, "novelty": 0, "diversity": 0.8956630188420319, "efficiency": 0, "cost": 0.6762926626762878, "score": 0.2380182648687832}