{"quality": 0.18652880354567924, "novelty": 0.8078817344006626, "diversity": 0.42205427272883167, "efficiency": 0.5194242012898329, "cost": 0.47577577525001163, "score": 0.3726759818781096}