{"quality": 0.22532974022731528, "novelty": 0.7768701440164992, "diversity": 0.3439090783363913, "efficiency": 0.9732361506699546, "cost": 0.562270962028417, "score": 0.4203566001372491}