{"quality": 0, "novelty": 0.49564060903031504, "diversity": 0.8338479699079673, "efficiency": 0.10540265294221302, "cost": 1, "score": 0.20649014418050418}