{"quality": 1, "novelty": 0, "diversity": 0.022421502887901762, "efficiency": 0.262065199802943, "cost": 0.025717400864258, "score": 0.341222340461596}