{"quality": 0.775630291949909, "novelty": 0.6981247016097234, "diversity": 0.864209907385878, "efficiency": 0.674576634768111, "cost": 0.10983847767524813, "score": 0.6702648919122709}