{"quality": 1, "novelty": 0.8393326672045108, "diversity": 0.3683587095157206, "efficiency": 0.8242948799000616, "cost": 0.8652446032940383, "score": 0.6206246803598771}