{"quality": 0.7114016460110402, "novelty": 0.2121889840430328, "diversity": 0.66761245439615, "efficiency": 0.0710537945563306, "cost": 0.5042682750248222, "score": 0.3602214723742676}