{"quality": 0.004316642405802942, "novelty": 0.9260596294086876, "diversity": 0.8573241608514469, "efficiency": 0.6855508156788842, "cost": 0.40837554900063217}