{"quality": 0.8181570477595231, "novelty": 0.6704715555161731, "diversity": 0.7432256951473001, "efficiency": 0.26495416466216215, "cost": 0.02342842648303564}