{"quality": 0.5862798676843273, "novelty": 0.6193290055731816, "diversity": 0.3598355478908859, "efficiency": 0.7337823677024885, "cost": 0.7301133718211172, "score": 0.4397393392500323}