{"quality": 0, "novelty": 0.3135153821469174, "diversity": 0.4675309198690598, "efficiency": 0.9514881010510727, "cost": 0.2358843762131478, "score": 0.2910198070468874}