{"quality": 0.38920284062358856, "novelty": 1, "diversity": 0.4742763066370683, "efficiency": 0.8795880930355882, "cost": 0.09275732282978863, "score": 0.5842785951868497}