{"quality": 0.5230951551030811, "novelty": 0.49096905496052506, "diversity": 0.24209208450794145, "efficiency": 0.02019098470482239, "cost": 0.8848207166222455, "score": 0.2426358032161427}