{"quality": 0.18111479557183907, "novelty": 1, "diversity": 0.6921549476814024, "efficiency": 1, "cost": 0.44648760485615974, "score": 0.5481166677222163}