{"quality": 0.013558583312155786, "novelty": 0.7509275855291595, "diversity": 0.4736315510623067, "efficiency": 0, "cost": 0.44566011110433057, "score": 0.2419597704779649}