{"quality": 0.25771080681222874, "novelty": 0.8470299318154572, "diversity": 1, "efficiency": 0.10461074477610369, "cost": 0.9102308862876258, "score": 0.41373924808518586}