{"quality": 0.3368068740514807, "novelty": 0.5188787794812486, "diversity": 0.2633233497287168, "efficiency": 1, "cost": 0.06726689427658453, "score": 0.4266997376038412}