{"quality": 0.7595499829759759, "novelty": 0, "diversity": 0.4246672736032955, "efficiency": 0.19401972220616975, "cost": 0.3856256517212446, "score": 0.3033388427722528}