{"quality": 0.7452587681547608, "novelty": 0.6840929284764417, "diversity": 0.3311292378358911, "efficiency": 0.8442408224562927, "cost": 0.7719355740183342, "score": 0.5102692760993273}