{"quality": 0.15715094797031484, "novelty": 0.7176100669984278, "diversity": 0.07491292306557654, "efficiency": 0.7130039489078828, "cost": 0.8702053425917643, "score": 0.2614604438308227}