{"quality": 0.5458049062037535, "novelty": 0.5454433123361058, "diversity": 0.9542950990227813, "efficiency": 0.5755510371295962, "cost": 0.3841058243490969, "score": 0.5388833928842385}