{"quality": 0.05270682062012344, "novelty": 0.07697672350843948, "diversity": 0.6213816148586494, "efficiency": 0.22746659496667473, "cost": 0.760850566284543, "score": 0.11736748265142369}