{"quality": 0.5553197131968136, "novelty": 0.12887652509007258, "diversity": 0.5736400483657451, "efficiency": 0, "cost": 0.6498636675702443, "score": 0.2485566881476868}