{"quality": 0.27347505617859297, "novelty": 0.1828177315990236, "diversity": 0.6297558667022083, "efficiency": 0.49833013515043967, "cost": 0.4101788281917873, "score": 0.2874297605471627}