{"quality": 0.460830762271333, "novelty": 0.28177119470894907, "diversity": 0.11312275086369206, "efficiency": 0.38383915863151485, "cost": 0.9303200808704968, "score": 0.1958604432390531}