{"quality": 0.8956340715131252, "novelty": 0.11832829270237155, "diversity": 0.7803064900547885, "efficiency": 0.6900544575753182, "cost": 0.4398356587529053, "score": 0.5138581954014954}