{"quality": 0.7319428506554551, "novelty": 0.6291967715352899, "diversity": 0.21772270852173883, "efficiency": 0.1020560848548842, "cost": 0.43104900565848675, "score": 0.3926301019471907}