{"quality": 0.23384309471918263, "novelty": 0.5594282757825766, "diversity": 0.9523462386164213, "efficiency": 0.9996235751639235, "cost": 0.6433743544949737, "score": 0.4860853459097743}