{"quality": 0.2646893250466065, "novelty": 0.6091541629513672, "diversity": 0.36388448354501335, "efficiency": 0.21453899049260078, "cost": 0.040772057535139294, "score": 0.3325758777812026}