{"quality": 0.727764431921387, "novelty": 0.5692598548608291, "diversity": 0.05218841449453297, "efficiency": 0.6202571037345479, "cost": 0.34377913637898305}