{"quality": 0.884727417191674, "novelty": 1, "diversity": 0.1747794362536536, "efficiency": 0.8480970579083701, "cost": 0.369692427433919, "score": 0.6406194283510965}