{"quality": 0.53630073576483, "novelty": 0.3273805457478625, "diversity": 0.48920278463603417, "efficiency": 0.46060519978087855, "cost": 0.932622841218067, "score": 0.3164044099389465}