{"quality": 0.6749081737703411, "novelty": 0.206015315478965, "diversity": 0.3870008069842252, "efficiency": 0.19162109871392474, "cost": 0.6591342621312526, "score": 0.2942061809916521}