{"quality": 0.9339461663737525, "novelty": 0.27893319756349466, "diversity": 0.9074798021841315, "efficiency": 0.6572082263893232, "cost": 0.012460122230620485, "score": 0.6287483314751622}