{"quality": 0, "novelty": 0.7610185535219482, "diversity": 0.7686200930413067, "efficiency": 1, "cost": 0.27542635250197767, "score": 0.46643602173855064}