{"quality": 0.03843441913900186, "novelty": 0.2775100716781137, "diversity": 0.8998516381420849, "efficiency": 0.16124144056155432, "cost": 0.3091386460299328, "score": 0.25415052277088584}