{"quality": 0.6570726449400743, "novelty": 0.5135344321179962, "diversity": 0.3644906808948998, "efficiency": 0.420484539492564, "cost": 0.5175507367146442, "score": 0.4097211449429215}