{"quality": 0.9454856919616591, "novelty": 1, "diversity": 0.6482189507394187, "efficiency": 0.2671336352411593, "cost": 0.13890306716882284, "score": 0.689469236305673}