{"quality": 0.8683030096124997, "novelty": 0.6842818856599422, "diversity": 0.4829385125463801, "efficiency": 0.4676956991065494, "cost": 0.7614527036400813, "score": 0.5221581613099857}