{"quality": 0.28778632557472317, "novelty": 0.9656568626104816, "diversity": 0.6798471561118403, "efficiency": 0.6348363587776644, "cost": 0.885968811442263, "score": 0.4703481172198288}