{"quality": 0.8306873826504034, "novelty": 0.09190834166545656, "diversity": 0.8632455212361182, "efficiency": 0.8696226834643493, "cost": 0.26001482542097154, "score": 0.549274324436264}