{"quality": 0.8276664846206296, "novelty": 0.6340105415691963, "diversity": 0.34681503069394326, "efficiency": 0.7297470682471248, "cost": 0.28787079115097863, "score": 0.5568405680392475}