{"quality": 0.07974225084093234, "novelty": 0.4332479586350223, "diversity": 1, "efficiency": 0.15361562340479473, "cost": 0.24107357458504225, "score": 0.33116965096325024}