{"quality": 0.48530339326840605, "novelty": 0.30105866380085344, "diversity": 0.0779178050766563, "efficiency": 1, "cost": 0.7328802623028305, "score": 0.31315121871578333}