{"quality": 0.5995158960413687, "novelty": 0.8693326126837623, "diversity": 0.8277393996137079, "efficiency": 0.017372449281264246, "cost": 0.40661101035984054, "score": 0.5246805682622983}