{"quality": 0.12130711389688142, "novelty": 0.5587492865380077, "diversity": 1, "efficiency": 0.3155715051483889, "cost": 0.8742411530806008, "score": 0.3359910662677646}