{"quality": 0.9685214885875186, "novelty": 0.6871181694879751, "diversity": 0.5716771601158884, "efficiency": 0.3508165224054267, "cost": 0.8798840799169694}