{"quality": 0.8467917025334961, "novelty": 0.7566273510161615, "diversity": 0.5027436681772637, "efficiency": 0.40680272723032285, "cost": 0.32516114204561586, "score": 0.5722473770295288}