{"quality": 0.2608296895593824, "novelty": 0.6186497797618671, "diversity": 0.1402588342546836, "efficiency": 0.13960211747988688, "cost": 0.719469179506527, "score": 0.2099565183305485}