{"quality": 0.11522237596562473, "novelty": 0.258155697963274, "diversity": 0.6094088176182144, "efficiency": 0.2768992396616659, "cost": 0.6530478999280491, "score": 0.19721749676059375}