{"quality": 0.3208293768983932, "novelty": 0.8589245810685996, "diversity": 0.782532649230177, "efficiency": 0.17911525687176305, "cost": 0.866617682475653}