{"quality": 0.5492070903780232, "novelty": 0.4344231224010833, "diversity": 0.23558265100714215, "efficiency": 0, "cost": 0.7788052728415051, "score": 0.2426039106309557}