{"quality": 0.16376723522570444, "novelty": 0.615867483353011, "diversity": 0.664002514507894, "efficiency": 0.5540681289975539, "cost": 0, "score": 0.419007763657176}