{"quality": 0.6517534873682811, "novelty": 0.8127708934105488, "diversity": 0.4488194582144778, "efficiency": 0.38320344728150924, "cost": 0.8381426542364571, "score": 0.46214891287459775}