{"quality": 0.7519421357215306, "novelty": 0.492862371941832, "diversity": 0.7419629288368244, "efficiency": 0.4096591941150155, "cost": 0.7732405776835849, "score": 0.4813156408181759}