{"quality": 0.8239448119249044, "novelty": 0.6867183915794144, "diversity": 0.9679393065349196, "efficiency": 0.5490846817080899, "cost": 0.748908053174325, "score": 0.6199227997180897}