{"quality": 0.9300140020179803, "novelty": 0.4240328462682862, "diversity": 0.47729363011436177, "efficiency": 0.31454176627707675, "cost": 0.26359263971809055, "score": 0.5012931391650904}