{"quality": 0.5470664160142114, "novelty": 0.0650251161534139, "diversity": 0.9101362949966925, "efficiency": 0.6779193460091533, "cost": 0.05925902325057056}