{"quality": 0.35021262213166576, "novelty": 0.31896626372858916, "diversity": 0.8200459594918038, "efficiency": 0.14908509575119724, "cost": 0.5233158954797559, "score": 0.31884571928471184}