{"quality": 0.6089325627375232, "novelty": 0.7822261376149469, "diversity": 0.40383089513054843, "efficiency": 0.18442684558035888, "cost": 0.4010479853371358, "score": 0.44656171055444366}