{"quality": 0.3109799177977177, "novelty": 0.8546377910275313, "diversity": 0.792033874738, "efficiency": 0.6971093697265571, "cost": 0.3546266624700613, "score": 0.5344639372557757}