{"quality": 1, "novelty": 0.5064417521485085, "diversity": 0.22955304249533373, "efficiency": 0.4824152319702251, "cost": 0.3502123051450179, "score": 0.5098621008172258}