{"quality": 0.29903853162485816, "novelty": 0.39195587956277517, "diversity": 0.39614477186505115, "efficiency": 0.950740087827092, "cost": 0.4037500907019358, "score": 0.3691654878550317}