{"quality": 0.8003362089312929, "novelty": 0.8212976968433299, "diversity": 0.35384641003675643, "efficiency": 0.1290425674214794, "cost": 0.28479010049002745, "score": 0.5070719439617908}