{"quality": 0.12856438165689885, "novelty": 0.09637443381078292, "diversity": 0, "efficiency": 0.9590383168557111, "cost": 0.4891255360307286, "score": 0.15760611687504916}