{"quality": 0.5587773715050903, "novelty": 0.4269446297453259, "diversity": 0.5275396829392665, "efficiency": 0.18654915256271434, "cost": 0.00014804903449558426, "score": 0.4078448734566694}