{"quality": 0.2517592777813551, "novelty": 0.8882189956135206, "diversity": 0.9109664284577594, "efficiency": 0.2070027829013357, "cost": 1.0}