{"quality": 0.04501618123183307, "novelty": 0.7565659545045671, "diversity": 0.02294247678759387, "efficiency": 0.4154578727769436, "cost": 0.9669192856323329, "score": 0.17286159070651874}