{"quality": 0.6295950468487755, "novelty": 0.7193520403724698, "diversity": 0.23491243986711297, "efficiency": 0.41937481356804635, "cost": 0.7155733056007743, "score": 0.4070479035963023}