{"quality": 0, "novelty": 0.258869400463012, "diversity": 0.2883688861056181, "efficiency": 0.39594837495395524, "cost": 0.0816782200776267, "score": 0.17361556157220726}