{"quality": 0.6136489359328341, "novelty": 0.3096591396664891, "diversity": 0.23331783166765574, "efficiency": 0.3600843197776212, "cost": 0.7741934368450308, "score": 0.2847663363121437}