{"quality": 0.5909127878614755, "novelty": 0.9628701219468319, "diversity": 0.6544276197645187, "efficiency": 0.33173686506053035, "cost": 0.7669312330727656, "score": 0.5219442972498574}