{"quality": 0.4023418865488656, "novelty": 0.39519508322265773, "diversity": 0.1467367388024715, "efficiency": 0.6145939389837808, "cost": 0.7345122035721694}