{"quality": 0.4137665477248065, "novelty": 0.014006854523041762, "diversity": 0.3151556577808874, "efficiency": 0.7553824892121981, "cost": 0.7077065194270631, "score": 0.23319953094350326}