{"quality": 0.6075860891885515, "novelty": 0.8040542358748256, "diversity": 0, "efficiency": 0.5661179364864635, "cost": 1, "score": 0.36820707619824133}