{"quality": 0.4907158617382886, "novelty": 0.8615181237297775, "diversity": 1, "efficiency": 0.28356832030242174, "cost": 0.7974101980368868, "score": 0.5253885176956055}