{"quality": 0.8113493130492572, "novelty": 0.029371969901914124, "diversity": 0, "efficiency": 0.7298485911381039, "cost": 0.7085827108544975, "score": 0.2893668039755215}