{"quality": 0.7296857193440286, "novelty": 0.724884827612405, "diversity": 0.2879233657306285, "efficiency": 0.4941214214272553, "cost": 0.2814754836096585, "score": 0.503682260705558}