{"quality": 0.26829763052886246, "novelty": 0.9562325164853922, "diversity": 0.5769186796175811, "efficiency": 0.5480231743318464, "cost": 0.19253126785235353, "score": 0.49788150356806465}