{"quality": 0, "novelty": 0, "diversity": 1, "efficiency": 0.43399767325528577, "cost": 1, "score": 0.16509965098829285}