{"quality": 0.8544837551078232, "novelty": 0.6442915655380839, "diversity": 0.7968319992562559, "efficiency": 0.26079620326682307, "cost": 0.7762489040899222, "score": 0.5382789578491503}