{"quality": 0.7837033725575858, "novelty": 1, "diversity": 0.480487288271111, "efficiency": 0.7337788180896743, "cost": 0.8909878207720433, "score": 0.6021765100577448}