{"quality": 0.31016271427294156, "novelty": 0.3504518065865877, "diversity": 0.23977519535371872, "efficiency": 0.589660746009254, "cost": 0.3350638135051469, "score": 0.2835595355501465}