{"quality": 0.1867017475373957, "novelty": 0.5072890578266528, "diversity": 0.6676863266528056, "efficiency": 0.14689094091878596, "cost": 0.2172863595125505, "score": 0.3166750592350059}