{"quality": 0.48894873231980557, "novelty": 0, "diversity": 0.5600154963129487, "efficiency": 0.8064763216497679, "cost": 0.7083175790459295, "score": 0.3088274093014036}