{"quality": 0.5740728677975617, "novelty": 0.20414767211333246, "diversity": 0.6629579914911765, "efficiency": 0.6621716492678094, "cost": 0.694351637751365, "score": 0.3857409602808718}