{"quality": 0.8475985030861257, "novelty": 0.10129644092886964, "diversity": 0.5535260921499685, "efficiency": 0.10090903052474828, "cost": 0.6926234840954258, "score": 0.3361828857572185}