{"quality": 0.6803879154043423, "novelty": 0.8411716991585526, "diversity": 0.5898832184577032, "efficiency": 0.8112800157494489, "cost": 0.5464524602654304, "score": 0.5994326994383558}