{"quality": 0.6391247173655462, "novelty": 0, "diversity": 1, "efficiency": 0.012769687099203036, "cost": 0.8332430624874485, "score": 0.31032856202579945}