{"quality": 0.6938245921160661, "novelty": 0.6267396234225838, "diversity": 0.315231420062552, "efficiency": 0.2963341682520982, "cost": 0.5803183000482193, "score": 0.41429686273596894}