{"quality": 0.6017065761802101, "novelty": 0.3680751703707833, "diversity": 1, "efficiency": 0.8523782025095837, "cost": 0.7451645229094797, "score": 0.5258710435322484}