{"quality": 0.7693094179825022, "novelty": 0.24163446535105676, "diversity": 0.5627105949364799, "efficiency": 0.061851074985754845, "cost": 0.39776852954098907, "score": 0.37324436901357516}