{"quality": 0.8724509331559578, "novelty": 0.5371728957723464, "diversity": 0.1284007888314413, "efficiency": 0.2971112686242928, "cost": 0.0513641458357921, "score": 0.4611389373662268}