{"quality": 0.7486685428859148, "novelty": 0.5393359913528286, "diversity": 0.7556375191139937, "efficiency": 0.3875088783681209, "cost": 0.6901618332865289, "score": 0.4996722129533455}