{"quality": 0.11263645803839965, "novelty": 0.722896359726132, "diversity": 0.9827649078797577, "efficiency": 0.9944085400263526, "cost": 0.06419472249043277}