{"quality": 0.5743453830136193, "novelty": 0.813895894731106, "diversity": 0.6060896079943705, "efficiency": 0, "cost": 0.4984352856729205, "score": 0.4471519816184443}