{"quality": 0.23134973244988472, "novelty": 0.7759343032563096, "diversity": 0.3388309985843278, "efficiency": 0.5685444049198796, "cost": 1, "score": 0.3164363560038903}