{"quality": 0.49631136841213047, "novelty": 0.6239620814203403, "diversity": 0.24367675227635582, "efficiency": 0.6089787597587155, "cost": 0.9573524487538867, "score": 0.3492308504224141}