{"quality": 0.8329133376901802, "novelty": 0.2085846123200475, "diversity": 0.43106893505537347, "efficiency": 0.6414560488643708, "cost": 0.1260710209908438, "score": 0.4718452466287118}