{"quality": 0.5879167410358372, "novelty": 0.7137380306993936, "diversity": 0.6938966225271506, "efficiency": 0.7317951880232145, "cost": 0.5314802619310103, "score": 0.5502101065014109}