{"quality": 0.2660293896816892, "novelty": 0.08143502848773987, "diversity": 0.28719560803141514, "efficiency": 0.6029442619163957, "cost": 0.019118407449651043, "score": 0.24613649417521902}