{"quality": 0.04401111601339369, "novelty": 0.08596565439623005, "diversity": 0.8708078892068353, "efficiency": 0.42646067159249973, "cost": 0.3190568518919126, "score": 0.24091974179412642}