{"quality": 0.6335331676333557, "novelty": 0.7299655780764045, "diversity": 0.4971341768097135, "efficiency": 0.5068244910125088, "cost": 0.26769360111666674, "score": 0.5212324937112601}