{"quality": 0.7926441875803275, "novelty": 0.5168570805603323, "diversity": 0.9579941372737341, "efficiency": 0.727667237277665, "cost": 0.19353977819810794}