{"quality": 0.6573419964880375, "novelty": 0.8793116842830688, "diversity": 0.42638787821237495, "efficiency": 0.6000065938624188, "cost": 0.145995987898901, "score": 0.5777094859491261}