{"quality": 0.43861863718856975, "novelty": 0.09203108550808059, "diversity": 0.11780333802050624, "efficiency": 0.21939230308764635, "cost": 0, "score": 0.21106287560083928}