{"quality": 0.923314730361682, "novelty": 0.7507743606456188, "diversity": 0.32983680001238175, "efficiency": 0.9674512191411675, "cost": 0.29003531431939256, "score": 0.6467695207116215}