{"quality": 1, "novelty": 0.3844295760018616, "diversity": 0.8438008253888148, "efficiency": 0.623332658935546, "cost": 0.8374706029108705, "score": 0.5746203976274733}