{"quality": 0.9070812634834082, "novelty": 0.4628598541766632, "diversity": 0.035400369379032126, "efficiency": 0, "cost": 1, "score": 0.29491941646499475}