{"quality": 0.4515763855695676, "novelty": 0.1526992602755271, "diversity": 0.982390587098527, "efficiency": 0.4137222897606216, "cost": 0.42006975890222426, "score": 0.3901772157333283}