{"quality": 0.18174969677411645, "novelty": 0.9702062824884186, "diversity": 0.2810404674163581, "efficiency": 0.7222244849320469, "cost": 0.6807660482438552, "score": 0.3935416410530327}