{"quality": 0.9291117732105247, "novelty": 0.23958626246480033, "diversity": 0.8851344648400197, "efficiency": 0.737011294282973, "cost": 0.5414823387661679, "score": 0.5720604508131906}