{"quality": 0.7703802212860811, "novelty": 1, "diversity": 0.06612574787282383, "efficiency": 0.6108591278017497, "cost": 0.518384700079958, "score": 0.5341296151226558}