{"quality": 0.9001187649600373, "novelty": 0.7025096055926182, "diversity": 0.8047015317724912, "efficiency": 0.879608502299938, "cost": 0.33303459251409495, "score": 0.7052411533342452}