{"quality": 0.17388608538520506, "novelty": 0.5374308433568749, "diversity": 0.6224613663099822, "efficiency": 0.23391060635935532, "cost": 0.7769640790634615, "score": 0.26840599276433386}