{"quality": 1, "novelty": 0.6030147576499132, "diversity": 0.2690655763674503, "efficiency": 0.09816333321186585, "cost": 0.2847291786918366, "score": 0.49081838679856454}