{"quality": 0.6059788475877005, "novelty": 0.6801755494659503, "diversity": 0.02765770883723656, "efficiency": 0.5042838223262984, "cost": 0.24439101971670946, "score": 0.4085725547875188}