{"quality": 0.9488491841895837, "novelty": 0.8495413085637872, "diversity": 0.44214066395493745, "efficiency": 0.08435230461936394, "cost": 0.7487976263810787, "score": 0.5232412982436061}