{"quality": 0.2347954867694474, "novelty": 0.5105842368489892, "diversity": 1, "efficiency": 0.48347723578181345, "cost": 0.14851481230292024, "score": 0.4557548093800615}