{"quality": 0.28640632842090924, "novelty": 0.8338484239449122, "diversity": 0, "efficiency": 0.8301028276113819, "cost": 0.8223430594035502, "score": 0.336665122713853}