{"quality": 0.8901226468492265, "novelty": 0.6418684054852869, "diversity": 0.5719473719351543, "efficiency": 0.09557481126179304, "cost": 0.39366563946570565, "score": 0.5168630275558189}