{"quality": 0.4003047426159918, "novelty": 0, "diversity": 0.8102049158472786, "efficiency": 0.26271783454597414, "cost": 0.5326303282854519, "score": 0.26827704830760424}