{"quality": 0.011667734497916665, "novelty": 0.07109832459363011, "diversity": 0.8017916838846113, "efficiency": 1, "cost": 0.22133073188819996, "score": 0.3095001650858848}