{"quality": 0.27249400132411655, "novelty": 0.6144733211914346, "diversity": 0.5327877651319437, "efficiency": 0.8839303167396151, "cost": 0.36459131862324856, "score": 0.43805449937009977}