{"quality": 0.19249812817247203, "novelty": 0.5467247306400311, "diversity": 0.1391986475557201, "efficiency": 0.6746809983855029, "cost": 0, "score": 0.32347250038071884}