{"quality": 0.6237082152003314, "novelty": 1, "diversity": 0.6523594710184769, "efficiency": 0.3268863160590026, "cost": 0.16265462436383965, "score": 0.6003518437362613}