{"quality": 0.8087603637956963, "novelty": 0.2864220722775488, "diversity": 0.4974856686911004, "efficiency": 0.5661058530573406, "cost": 0.728809317493065, "score": 0.42576570715561074}