{"quality": 0.8090960914975027, "novelty": 0.890895470999478, "diversity": 0.4060150574940387, "efficiency": 0.25660517204264904, "cost": 0.03987039319119068, "score": 0.5811594431852064}