{"quality": 0.4750002195331453, "novelty": 0.8988985024021064, "diversity": 0.9111925211847555, "efficiency": 1, "cost": 0, "score": 0.6994631956974213}