{"quality": 0.9281265597277074, "novelty": 0.5563904052904345, "diversity": 0.7668768176551464, "efficiency": 0.4098473520372259, "cost": 0.13738701531698422}