{"quality": 0.4019923265417909, "novelty": 0.07585505284224708, "diversity": 0.37369235423728814, "efficiency": 0.14449943018034292, "cost": 0, "score": 0.2359748465476081}