{"quality": 0.8376936244673132, "novelty": 0.678245072729257, "diversity": 0.2727106438406611, "efficiency": 0.5558824686122703, "cost": 0.7711718127051453, "score": 0.48167667331196645}