{"quality": 0.053168045932842314, "novelty": 0.980121164545299, "diversity": 0.8135521594922632, "efficiency": 0.6121675783980914, "cost": 0.47523349767930956, "score": 0.4679929238064129}