{"quality": 0.35465736483261207, "novelty": 0.6238625735646399, "diversity": 0.9772295444964398, "efficiency": 0.7907193219993035, "cost": 1, "score": 0.47641666004012717}