{"quality": 0.33189238367749474, "novelty": 0.6217688862551998, "diversity": 0.16663726623501401, "efficiency": 0.11448210695960914, "cost": 0.7647905724495455, "score": 0.22903064871303797}