{"quality": 0.4484274129037127, "novelty": 0.08677877937923686, "diversity": 0.7938848209795695, "efficiency": 1, "cost": 0.13507817810377834, "score": 0.45149206510145906}