{"quality": 0.732291622733638, "novelty": 0.31062034427074137, "diversity": 0.3739478613430274, "efficiency": 1, "cost": 0.22417387181149334, "score": 0.49971475797523296}