{"quality": 0.28001164739262296, "novelty": 0.5273845374430094, "diversity": 0.6944917691969772, "efficiency": 0.05390001756215104, "cost": 0.3348215726130162, "score": 0.32935082779095576}