{"quality": 0.45495011946816877, "novelty": 0.5810909392514121, "diversity": 0.5227530570768752, "efficiency": 1, "cost": 0.4151391953029816, "score": 0.49479446253838055}