{"quality": 0.29546846403644234, "novelty": 0.6575409174112273, "diversity": 0.9241910182395539, "efficiency": 0.2941700416329897, "cost": 0.0}