{"quality": 0.20238465174794526, "novelty": 0.7520672443744125, "diversity": 0.261441962721798, "efficiency": 0.9172069376892038, "cost": 0.81875761619979, "score": 0.35672587819574786}