{"quality": 0.8978647657185923, "novelty": 0.2397406812173165, "diversity": 0.8726865495114439, "efficiency": 0.48726881921381016, "cost": 0.778328410325397, "score": 0.4990893917717274}