{"quality": 0.5941224185394396, "novelty": 0.17658585313382363, "diversity": 0.40074278542847497, "efficiency": 0.36680986363597823, "cost": 0.7042120628922588, "score": 0.28713201918715364}