{"quality": 0.6245540544371623, "novelty": 0.9637182517769113, "diversity": 0, "efficiency": 0.8966871418039173, "cost": 0.8749390215982609, "score": 0.4753049483861379}