{"quality": 0, "novelty": 0.35693648271647394, "diversity": 0.7839856749384948, "efficiency": 1, "cost": 0.019301299095344226, "score": 0.39410112575728307}