{"quality": 0.4456145547161713, "novelty": 0.05757878437583486, "diversity": 0.4586191241953664, "efficiency": 0.09657120747589476, "cost": 0.4183792987892834, "score": 0.21245063859033922}