{"quality": 0.25853198895728996, "novelty": 0.1661720028402524, "diversity": 0.3237706153894996, "efficiency": 0.541078372399947, "cost": 0.8839296416060743, "score": 0.17662551217453465}