{"quality": 0.20852658535183544, "novelty": 0.9777006066172435, "diversity": 0.621337122280567, "efficiency": 0.27068715831825385, "cost": 0, "score": 0.471853625463713}