{"quality": 0.9313392757758565, "novelty": 0.10988427668201095, "diversity": 0.480332488056559, "efficiency": 0.12346489856781984, "cost": 0.690966397968023, "score": 0.3523624445029422}