{"quality": 0, "novelty": 0.7735891540866537, "diversity": 0.7151160363838602, "efficiency": 0.7425921210510664, "cost": 0.1947684979806915, "score": 0.4283324641580263}