{"quality": 1, "novelty": 0, "diversity": 0.32599772472351335, "efficiency": 0.6161360679120074, "cost": 0.33088644258479294, "score": 0.4245313108730244}