{"quality": 0.496333921977921, "novelty": 0.1136986370234043, "diversity": 0.5969656132387999, "efficiency": 0.20573614752852373, "cost": 0.517773363662716, "score": 0.2758010442599943}