{"quality": 0.7633460630349922, "novelty": 0.6713631523303091, "diversity": 0.7759804815447923, "efficiency": 1.0, "cost": 1.0}