{"quality": 0.8827999808437227, "novelty": 0.3737524978336785, "diversity": 0.9582330161902513, "efficiency": 0.5691562378815314, "cost": 0.12908776433444774, "score": 0.6223893811983715}