{"quality": 1, "novelty": 0.9598414171341129, "diversity": 0.617649831760487, "efficiency": 1, "cost": 0.7945223227985995, "score": 0.7340380883557657}