{"quality": 0.2525551007514732, "novelty": 0.8266037534287589, "diversity": 0.4373756682791434, "efficiency": 0.5083021273600938, "cost": 0.9161625990323028, "score": 0.35452166143924413}