{"quality": 0.7932143361534665, "novelty": 0.4263132243921901, "diversity": 0.2485097716857275, "efficiency": 0.8979488666440449, "cost": 0, "score": 0.5289368912778397}