{"quality": 0.6921574241202255, "novelty": 0.6861877496153895, "diversity": 1, "efficiency": 0.04641063523015643, "cost": 0.4481560909508798, "score": 0.5413401508293505}