{"quality": 0.8580273980771449, "novelty": 0.4996820577186867, "diversity": 0.768695745983229, "efficiency": 0.3076459934275416, "cost": 0.45407803494551585}