{"quality": 0.23183591259456127, "novelty": 0, "diversity": 0, "efficiency": 0.9918343559054899, "cost": 0.08534862702894679, "score": 0.20979106446129717}