{"quality": 0.2226773372372623, "novelty": 0.37106505776090837, "diversity": 0.4818523868464015, "efficiency": 0.0954590357762071, "cost": 0.8181068595670712, "score": 0.18844811239041007}