{"quality": 0.25084603681178036, "novelty": 0, "diversity": 0.41104313494002737, "efficiency": 0.5324422472223244, "cost": 0.8531697611257514, "score": 0.1520117990023131}