{"quality": 0.21276507072215298, "novelty": 0.8538063030542933, "diversity": 0.38884569083265114, "efficiency": 0.9749222382483526, "cost": 0.49929334670171643, "score": 0.4513592362138306}