{"quality": 1, "novelty": 0.8553526270153697, "diversity": 0.1655624064974276, "efficiency": 0.9384199136632964, "cost": 0.5094532109263116, "score": 0.6367683040101911}