{"quality": 0.34367056472750634, "novelty": 0.20776331191324024, "diversity": 0.45189425088395496, "efficiency": 0.23060800439057905, "cost": 0.8976247936086088, "score": 0.1902495688710789}