{"quality": 0.4767977575944998, "novelty": 0.512568634381837, "diversity": 0.5034990336649465, "efficiency": 0.3915789792529156, "cost": 0.3406072888756285, "score": 0.396557410607173}