{"quality": 0.7775752437121259, "novelty": 0.5165072884985954, "diversity": 0.09385787043760369, "efficiency": 0.731971647445478, "cost": 0.4168304307259788, "score": 0.44928367337003117}