{"quality": 0.2124394008561769, "novelty": 0.0579387327427186, "diversity": 0.8988778122975434, "efficiency": 0.44834871837571283, "cost": 0.2386348330580574, "score": 0.3013808903525926}