{"quality": 0.004074035656361302, "novelty": 0.7922758120058166, "diversity": 0.3041766111880508, "efficiency": 0.5308658934304475, "cost": 0.12010008440530479, "score": 0.32774636151000935}