{"quality": 0.33327578613898706, "novelty": 0.5875576053806878, "diversity": 0.4527257068797389, "efficiency": 0.4212675942684076, "cost": 0.3468891275669926, "score": 0.3659185049463777}