{"quality": 0.5051646857491272, "novelty": 0.1663557582729448, "diversity": 0.08784954431273004, "efficiency": 0.18219903292726916, "cost": 0.4960600216757418, "score": 0.18843210692703655}