{"quality": 0.3177906237824828, "novelty": 0.14777144391520347, "diversity": 0.1773539588382908, "efficiency": 0.5489972760496513, "cost": 0.5862924480134335, "score": 0.1914711864873082}