{"quality": 0.2893308757757811, "novelty": 0.17469891395948522, "diversity": 0.8946862115004943, "efficiency": 0.8375882546172284, "cost": 0.44814175333280787, "score": 0.39023529638200793}