{"quality": 0.43501973575436786, "novelty": 0.8772565104197856, "diversity": 0.045750934397251336, "efficiency": 0.2904245643693828, "cost": 0.1516995556426222, "score": 0.38736396430185227}