{"quality": 0.7994024348163241, "novelty": 0.3112163970676664, "diversity": 0.3982886547812568, "efficiency": 0.4102186332149877, "cost": 0.5095608535150261, "score": 0.40785927029881075}