{"quality": 0.14366766024612726, "novelty": 0.8690417121029169, "diversity": 0.3853994003792166, "efficiency": 0.19224847339126394, "cost": 0.48718629638188415, "score": 0.3175592475459119}