{"quality": 1, "novelty": 0.32824623659533186, "diversity": 0.6685497412125341, "efficiency": 0.7246103818550695, "cost": 0.36361870607352204, "score": 0.588101194062248}