{"quality": 0.7932753270815371, "novelty": 0.4820100262941794, "diversity": 0.7839005951528477, "efficiency": 0.5732215327686907, "cost": 0.8370330878835188, "score": 0.5175451448555273}