{"quality": 0.6606832738488928, "novelty": 0.6193014932986617, "diversity": 0.07443108975682897, "efficiency": 0.6145447060185166, "cost": 0.5050827251193464, "score": 0.40959000682154195}