{"quality": 0.2076339332027018, "novelty": 0.2718527495413078, "diversity": 0.16788407003479444, "efficiency": 0.05144443320542108, "cost": 0.8686841750132827, "score": 0.08467842883258127}