{"quality": 1, "novelty": 0.35875329260849353, "diversity": 0.8773049256786327, "efficiency": 0.6691293267674828, "cost": 0.6569894780368516, "score": 0.5998197594992872}