{"quality": 0.44520087688554116, "novelty": 0.4829795330900837, "diversity": 0.3995042545034898, "efficiency": 0.8544799375730583, "cost": 0.1797820548332665, "score": 0.44439978239151334}