{"quality": 0.993132195164852, "novelty": 0.8851731372245599, "diversity": 1, "efficiency": 0.21876020431524604, "cost": 0.2686817151719192, "score": 0.7251788019856905}