{"quality": 0, "novelty": 0.4194628069828461, "diversity": 0.39038050539424274, "efficiency": 0, "cost": 0.8633428069178043, "score": 0.09660752213277964}