{"quality": 0.6351703737390912, "novelty": 0.9832999809243957, "diversity": 0.4940204023732673, "efficiency": 0.49361242570071623, "cost": 0.8988017105230883, "score": 0.5193418806302784}