{"quality": 0.39939686438452904, "novelty": 0.6617361416152583, "diversity": 0.843258537686531, "efficiency": 0.00949829156331633, "cost": 0.6611987969800852, "score": 0.3892096662929684}