{"quality": 0.35678589858622306, "novelty": 1, "diversity": 0.5450885040534197, "efficiency": 0.1615658307871735, "cost": 0.9475409999187875, "score": 0.39553424501274814}