{"quality": 0.7656552257138205, "novelty": 0.5818830836120371, "diversity": 0.3804693781328601, "efficiency": 0.26329971701615645, "cost": 0.2884133206020444, "score": 0.4619148397359465}