{"quality": 0.6951939235427517, "novelty": 0.9430551830551754, "diversity": 0.2636516385967538, "efficiency": 0.07461340634381336, "cost": 0.37602229081283844, "score": 0.47064208241625827}