{"quality": 0.8019731246869045, "novelty": 0.025544239735442315, "diversity": 0.3093884118663434, "efficiency": 0.2022297510866815, "cost": 1, "score": 0.2391901423762028}