{"quality": 0.20712492053590997, "novelty": 0.8205121210822798, "diversity": 0.8398725161258425, "efficiency": 0.9993939050341301, "cost": 0.6280401040836383, "score": 0.5223450850032672}