{"quality": 0.21545738704497416, "novelty": 0.8889688466887924, "diversity": 0.33469463041734876, "efficiency": 0.6622754097474319, "cost": 0.012069554474217786, "score": 0.45195270988385305}