{"quality": 0.4323480037066979, "novelty": 0.0037035985962943496, "diversity": 0.13372883994052553, "efficiency": 0.06276078379750755, "cost": 0.43506845690690055, "score": 0.12328334062812413}