{"quality": 0.8244010196046939, "novelty": 0.7282451055953476, "diversity": 0.6778872133783046, "efficiency": 0.9071134957954657, "cost": 0.8387577712445428}