{"quality": 0.27982487213602214, "novelty": 0.2572780048414267, "diversity": 0, "efficiency": 0.7986635085651926, "cost": 0.03417556953910311, "score": 0.2646489321820319}