{"quality": 0.7165919156447497, "novelty": 0.3392928132487492, "diversity": 0.8301334697963404, "efficiency": 0.6011374374864698, "cost": 0.055616787259743186, "score": 0.5504364088618764}