{"quality": 0.7558964702705859, "novelty": 0.33796864615308037, "diversity": 0.8144532127473334, "efficiency": 0.7106614054923641, "cost": 1, "score": 0.4807509559927672}