{"quality": 0.2990259431191679, "novelty": 0.0728440086967092, "diversity": 0.24306612271932845, "efficiency": 0.07915214779458934, "cost": 0.11506034502441115, "score": 0.15689879732054063}