{"quality": 0, "novelty": 0.2876028156764681, "diversity": 0.684449554664219, "efficiency": 0.23749987277699752, "cost": 0.3962263191184574, "score": 0.20479296385666473}