{"quality": 0.04184505009636963, "novelty": 0.8501929322979894, "diversity": 0.16638989649097213, "efficiency": 0.5576498176609801, "cost": 0.7242264033757562, "score": 0.26960455971317404}