{"quality": 0.5602363201107187, "novelty": 0.23214417221130923, "diversity": 0.43001464931366123, "efficiency": 0.8315149061695682, "cost": 0.8069830074143429, "score": 0.35613880413277604}