{"quality": 0.3776880453165507, "novelty": 0.6827622321757565, "diversity": 0.06212687086524804, "efficiency": 0.2214539941484646, "cost": 0.9742118911279418, "score": 0.2322192558214295}