{"quality": 1, "novelty": 0.3877921578077826, "diversity": 0.20595098407656803, "efficiency": 0.7357465073928909, "cost": 0.5968295265537864, "score": 0.4888172597208142}