{"quality": 0, "novelty": 1, "diversity": 0.07120359196699072, "efficiency": 0.5000415479862592, "cost": 0.5436423319905945, "score": 0.28488271739227755}