{"quality": 0.08599639896756772, "novelty": 0.6193973774960921, "diversity": 0.42833159158105116, "efficiency": 0.49702147948179687, "cost": 0, "score": 0.34086780430277314}