{"quality": 0.4190328936373493, "novelty": 0.5409465366939509, "diversity": 0.05821113764698474, "efficiency": 0, "cost": 0.5716610726837916, "score": 0.21542262252571026}