{"quality": 0.7593409753202278, "novelty": 0.31811803330375954, "diversity": 0.7647245768429822, "efficiency": 0.007027975253024038, "cost": 0.9979983601828253, "score": 0.3615310765602757}