{"quality": 0.1362778465352212, "novelty": 0.2056455992526059, "diversity": 0.2404338258024103, "efficiency": 0.6449863482149651, "cost": 0.0988565319447745, "score": 0.22724381797196722}