{"quality": 0.7807327796256387, "novelty": 0, "diversity": 0.20087804231779455, "efficiency": 0.0009619615185918473, "cost": 0.5506554902607658, "score": 0.21947418755296272}