{"quality": 0.7372623640594989, "novelty": 0.22618684977101336, "diversity": 0.7274055611336485, "efficiency": 0.4361439003503502, "cost": 0.14717861166445467, "score": 0.47391025777343976}