{"quality": 0, "novelty": 0.7038848643184752, "diversity": 0.2446138274423671, "efficiency": 0.6969470451299454, "cost": 0.23653826510310774, "score": 0.3057822118272732}