{"quality": 0.33084183705925263, "novelty": 0.822721771314821, "diversity": 0.8769969967664278, "efficiency": 1.0, "cost": 0.8880401049268029}