{"quality": 0.4450723178729727, "novelty": 0.6344732401157924, "diversity": 0.23808510182804338, "efficiency": 1, "cost": 0.4198109153432326, "score": 0.44777593422212525}