{"quality": 0.7889759675947725, "novelty": 0.10493038931646248, "diversity": 0.4939667722107897, "efficiency": 0.37732835367812173, "cost": 0.6547023831437653, "score": 0.35284775678704705}