{"quality": 0.5215372502862712, "novelty": 0.7544729143733129, "diversity": 0.8233229558894223, "efficiency": 1, "cost": 0.861022927981142, "score": 0.5736417020589798}