{"quality": 0.08521379088902922, "novelty": 0.3713846945008591, "diversity": 0.4530411537511543, "efficiency": 0.6621013336909471, "cost": 0.5605586604074382, "score": 0.25227787565505266}