{"quality": 0.52947055508562, "novelty": 0.2568502157644239, "diversity": 0.8840639620034804, "efficiency": 1, "cost": 0.8279488345427511, "score": 0.467071629413213}