{"quality": 0.7576226305788872, "novelty": 0.06257288131715658, "diversity": 0.37783125524051614, "efficiency": 1, "cost": 0.6230795687198973, "score": 0.4061883036790688}