{"quality": 0.7898371224411431, "novelty": 0.4957617007190127, "diversity": 0.8213791578393719, "efficiency": 0.29050124661863774, "cost": 0.534886938038677, "score": 0.5152538866688985}