{"quality": 0.48045863353412643, "novelty": 0.2278884900388451, "diversity": 0.5705117569988372, "efficiency": 0.7083589172642848, "cost": 0.9997777655576414, "score": 0.32148812500359525}