{"quality": 0.31180311878304384, "novelty": 0.7810775200130683, "diversity": 0.6918160307452155, "efficiency": 0, "cost": 0.7003918083586502, "score": 0.3571343409513583}