{"quality": 0.9957694092779266, "novelty": 0.5736113501033717, "diversity": 0.9806590193210751, "efficiency": 0.27114082521555277, "cost": 0.9354142328304059, "score": 0.5853951646727283}