{"quality": 0.1283216828647552, "novelty": 0.77311278288746, "diversity": 0.8884192231487361, "efficiency": 0.0060654348963134486, "cost": 0.07666757282885153, "score": 0.4027016031626007}