{"quality": 0.8159357479354398, "novelty": 0, "diversity": 0.1211673993583269, "efficiency": 0.6192422890688425, "cost": 0.40775618321226914, "score": 0.3211249292913967}