{"quality": 0.10012971819449484, "novelty": 0.6616372600463182, "diversity": 0.5323377245757384, "efficiency": 0.26608998844562726, "cost": 0.9488881884790461, "score": 0.2469404548040151}