{"quality": 0.4551272834545936, "novelty": 0.39359393631572925, "diversity": 0, "efficiency": 0.1873559112869022, "cost": 0.30288151673722935, "score": 0.23275190413462277}