{"quality": 0.8113293042440957, "novelty": 0.8388845668023845, "diversity": 0.23787865272746161, "efficiency": 0.21260519562180288, "cost": 0.4878581137415509, "score": 0.4838006314884325}