{"quality": 0.5035594262371366, "novelty": 0.867599089753589, "diversity": 0.2696927539155655, "efficiency": 0.608818304551229, "cost": 0.8929465426284491, "score": 0.4239342425124908}