{"quality": 0.7577634044085491, "novelty": 1.0, "diversity": 0.7544920018493263, "efficiency": 1.0, "cost": 0.8291023360143921}