{"quality": 0.19463727108617151, "novelty": 0.4730433001365596, "diversity": 0.9006871880668224, "efficiency": 0.3680899652358604, "cost": 0.49618212437383147, "score": 0.36238472632135177}