{"quality": 0.7444157081963952, "novelty": 1, "diversity": 0, "efficiency": 0.5645336125595979, "cost": 0.274816267343759, "score": 0.5305231276084824}