{"quality": 0.13170966061072362, "novelty": 0.4964075141441429, "diversity": 0.07329977662122006, "efficiency": 0.2948850004588056, "cost": 0, "score": 0.2225074821123177}