{"quality": 0.3372080691440658, "novelty": 0.1561852544043904, "diversity": 0.6413838679943445, "efficiency": 0.24066988431099795, "cost": 0.24078684670493328, "score": 0.2805073059193426}