{"quality": 0.3285281726223375, "novelty": 0.5107147334300852, "diversity": 1, "efficiency": 0.973710036751563, "cost": 0.5761622980557456, "score": 0.5146774108513824}