{"quality": 0.6360944487397424, "novelty": 0.15926252794280893, "diversity": 0.4632815388535396, "efficiency": 1, "cost": 0.041372821097476115, "score": 0.46916299226858527}