{"quality": 0.2278340548784463, "novelty": 0.7093991587468782, "diversity": 1, "efficiency": 0.24237077002240598, "cost": 0.31428352847494123, "score": 0.45062726880612025}