{"quality": 0.5018919346981283, "novelty": 0.3236801635116981, "diversity": 0.6887795787786216, "efficiency": 0.7311025776767495, "cost": 0.78380474503237, "score": 0.40052844919136277}