{"quality": 0.9870373955359808, "novelty": 0.9521191240765123, "diversity": 1, "efficiency": 0.2543393155780693, "cost": 0.8108007669040525, "score": 0.6912118203262273}