{"quality": 0.08013885999941348, "novelty": 0.846816380438276, "diversity": 0.30110493450808745, "efficiency": 1, "cost": 0.6018623236074756, "score": 0.385780507650263}