{"quality": 1, "novelty": 0.7934452742009855, "diversity": 0.419555593096666, "efficiency": 0.7497449888042951, "cost": 1, "score": 0.5947341854902238}