{"quality": 0.35945745226246206, "novelty": 0.509079178775343, "diversity": 0.23057213673719468, "efficiency": 0.5693956619001, "cost": 0, "score": 0.36663080700502826}