{"quality": 0.09576749163025994, "novelty": 0.7598530546161992, "diversity": 0.3882283967895537, "efficiency": 0.45419953141332925, "cost": 0.1271042538808846, "score": 0.3517586948249494}