{"quality": 0.9040005097997541, "novelty": 0.4589790816805559, "diversity": 0.32588901017097593, "efficiency": 0.7206444791928656, "cost": 0.49889431830659514, "score": 0.5093299654425307}