{"quality": 0.8831743938363753, "novelty": 0.8885687255730484, "diversity": 0.2504347876570229, "efficiency": 0.25709566363464953, "cost": 0.8126767716923251, "score": 0.4944781294515442}