{"quality": 0.7345600800428733, "novelty": 0.38764310281120873, "diversity": 0.3856058207348472, "efficiency": 0.5782544096615606, "cost": 0.3559088858751825, "score": 0.4455472367243495}