{"quality": 0.8788065103103917, "novelty": 0.09728863893323214, "diversity": 0.224728644977516, "efficiency": 0.5999771392305213, "cost": 0.2819923595301039, "score": 0.39470717675349654}