{"quality": 0.5595087738145295, "novelty": 0.18663327151901676, "diversity": 0.4660412437913454, "efficiency": 0.9788197793436619, "cost": 0.2715302124484941, "score": 0.427389144439082}