{"quality": 0.10429777770134696, "novelty": 0.6014587429377511, "diversity": 0.0796534151754903, "efficiency": 0.29377746041743125, "cost": 0.521570988242565, "score": 0.18949422231829813}