{"quality": 0.5418878651559113, "novelty": 0.038959749974336044, "diversity": 0.6797973421471908, "efficiency": 0.8821831957076933, "cost": 0.5169869121219689, "score": 0.38889455361375264}