{"quality": 0.4439470650842936, "novelty": 0.4095753004088295, "diversity": 0.6276045820881863, "efficiency": 0.5713648541388076, "cost": 0.9508951096551741, "score": 0.35171407820043643}