{"quality": 0.4345817841940945, "novelty": 0.608673974202315, "diversity": 0.7942344928691119, "efficiency": 0.6215741839604534, "cost": 0.23446152012112617, "score": 0.5111799029645848}