{"quality": 0.35294097329229634, "novelty": 0.9703007405800509, "diversity": 0.5294345425475554, "efficiency": 0.7614468664364412, "cost": 0.45736049907792714, "score": 0.5228253656998862}