{"quality": 0.2383246724151689, "novelty": 0.2176201052418115, "diversity": 0.8575065792030545, "efficiency": 0.6810157334505652, "cost": 0.26037043711177243, "score": 0.3735190601820219}