{"quality": 0.6207184735244187, "novelty": 0.48195911443300976, "diversity": 0.49822258394840263, "efficiency": 0.11912984955388134, "cost": 0.675905606152784, "score": 0.35662875427306234}