{"quality": 0.9593409237110323, "novelty": 0.3828863508929373, "diversity": 0.20628662285357807, "efficiency": 0.863281720376061, "cost": 0.46655588601149467}