{"quality": 0.18776484757208484, "novelty": 0.799305998975528, "diversity": 0.6676589053012363, "efficiency": 0, "cost": 0.8223473007791923, "score": 0.30745300499783546}