{"quality": 0.004845206768583021, "novelty": 0.9559360534334828, "diversity": 0.04593294182545049, "efficiency": 0.07360599161174436, "cost": 0.24243314419361536, "score": 0.23642174807643582}