{"quality": 0.7382323054748269, "novelty": 0.81846158335116, "diversity": 0.6133608966929853, "efficiency": 0.6358129823839553, "cost": 1, "score": 0.5441292141764286}