{"quality": 0.6660645973060886, "novelty": 0.9474489917962372, "diversity": 0.4872140260183028, "efficiency": 0.1863723565256152, "cost": 0.38935370034311767, "score": 0.523144915789077}