{"quality": 0.5857647062406126, "novelty": 0.5596267471704264, "diversity": 0.6007690026464245, "efficiency": 0.8246289141517698, "cost": 0.45602768036291574, "score": 0.5138814682805491}