{"quality": 0.3861584746669089, "novelty": 0.588591017755021, "diversity": 1, "efficiency": 0.574187744688496, "cost": 0.006314344428520233, "score": 0.5484920240992502}