{"quality": 0.3696711314101453, "novelty": 0.8376330081529101, "diversity": 0.5485553161046203, "efficiency": 0.7308637625521117, "cost": 0.42426586439054836, "score": 0.49722363262595715}