{"quality": 0.14311382114239307, "novelty": 0.7404093541672354, "diversity": 0.5267693684663096, "efficiency": 0.5087890443175251, "cost": 0.49135844986778, "score": 0.3605728702386395}