{"quality": 0.33520345026314574, "novelty": 0.3828834635601802, "diversity": 0.7437694332786524, "efficiency": 0.6179744041800894, "cost": 1, "score": 0.3377319482517327}