{"quality": 0.30540964992329234, "novelty": 0.22327186863884965, "diversity": 0.10338432389413088, "efficiency": 0.8267049529847498, "cost": 0.10248304030762598, "score": 0.2818751658324762}