{"quality": 0.4680493147993951, "novelty": 0.614655343537394, "diversity": 0.9053728921751855, "efficiency": 0.2073344755938591, "cost": 0.01621513561125304, "score": 0.5046318665371577}