{"quality": 0.7975887470249439, "novelty": 0.5198986225944328, "diversity": 0.6451326565716449, "efficiency": 0.8333445698740087, "cost": 0.47889460295342146, "score": 0.5753900362561795}