{"quality": 0.772923647066813, "novelty": 0.8338551352901928, "diversity": 0.2885998085520531, "efficiency": 0.26685777754120654, "cost": 0.8101457630871539, "score": 0.45707492997546834}