{"quality": 1, "novelty": 0.06545489364027662, "diversity": 0.8448405257437623, "efficiency": 0.13757536977020823, "cost": 0.9202607848905018, "score": 0.4139420555353026}