{"quality": 0.015861353866464645, "novelty": 0.8049182038414243, "diversity": 0.5020296752340871, "efficiency": 0.7923536591465822, "cost": 0, "score": 0.4252469410391002}