{"quality": 1, "novelty": 0.8000219682861176, "diversity": 0.9337230919262138, "efficiency": 0.13187950855539304, "cost": 0.3982640441508522, "score": 0.6667056323249959}