{"quality": 0.42281131397556504, "novelty": 0.8127660975348245, "diversity": 0.2926620231987155, "efficiency": 0, "cost": 0.8686422172633714, "score": 0.30170310148978163}