{"quality": 1, "novelty": 0.9967753791773307, "diversity": 0, "efficiency": 1, "cost": 0.7387444160912483, "score": 0.6253194031852078}