{"quality": 0.21417167431913478, "novelty": 0.5091252378011634, "diversity": 0.5715021185817399, "efficiency": 0.48513072012902814, "cost": 0.026773413939833984, "score": 0.3759255020877501}