{"quality": 0.618389242753715, "novelty": 0, "diversity": 0.03489271722448581, "efficiency": 0.22316959055664295, "cost": 0.5112087776901988, "score": 0.1748498770854882}