{"quality": 0.3860347414941979, "novelty": 0.47652626419892913, "diversity": 0.5430261002464408, "efficiency": 0.7457280155221594, "cost": 0.654842843662331, "score": 0.38992212650937064}