{"quality": 0.7707877008295964, "novelty": 0.4796988236690865, "diversity": 0.8223590718918687, "efficiency": 0.15198921798216594, "cost": 0.7360001530977817, "score": 0.4648311979320711}