{"quality": 0.8361594619745909, "novelty": 0.8930281798717119, "diversity": 0.2925312617966792, "efficiency": 0.6037733871242612, "cost": 0.6909810157128609, "score": 0.5540790424169942}