{"quality": 0.7615026931770158, "novelty": 0.18117656399353427, "diversity": 0.7454328145846825, "efficiency": 0.12510676001452087, "cost": 0.7563306609388121, "score": 0.36596445977672176}