{"quality": 0.2828483346963381, "novelty": 0.03352661514707997, "diversity": 0.8091931603296257, "efficiency": 0.39119248616129576, "cost": 0.28700774668601187, "score": 0.2850528845171898}