{"quality": 0.3948321615029953, "novelty": 0.9204308098426865, "diversity": 0.35181560134857986, "efficiency": 0.40534046070853313, "cost": 0.662542363742803, "score": 0.4134673039132859}