{"quality": 0.8956178852805954, "novelty": 0.6588680179528303, "diversity": 0.21965169684049904, "efficiency": 0.609365882667585, "cost": 1, "score": 0.4687375918406238}