{"quality": 0.09620692623253146, "novelty": 0.6672380171280696, "diversity": 0.27967866520487356, "efficiency": 0.8322325174827889, "cost": 0.2806153530088504, "score": 0.34838065751428493}