{"quality": 0.24531952701064935, "novelty": 0.5094293335756491, "diversity": 0.2899140031768605, "efficiency": 0.7782838878382414, "cost": 0.546957096144719, "score": 0.3209828656937435}