{"quality": 1, "novelty": 0.2753567102293659, "diversity": 0.7690323223117406, "efficiency": 1, "cost": 0.1433253194895328, "score": 0.6583131100707365}