{"quality": 0.5046505317934366, "novelty": 0.9611073364824853, "diversity": 0.9142870853973432, "efficiency": 0.27225504300349346, "cost": 0.5560520792107859}