{"quality": 0.6423845316824404, "novelty": 0.39044635826342367, "diversity": 0.9146761501606055, "efficiency": 0.5707240811777465, "cost": 0.9933802689970475, "score": 0.4595327643796663}