{"quality": 0.41461853750032024, "novelty": 0.21158920605024442, "diversity": 0.8497629179944302, "efficiency": 0.7334619204456789, "cost": 0.8526843358287164, "score": 0.3719863008455234}