{"quality": 1, "novelty": 0.2514043585886022, "diversity": 0.5055708917246944, "efficiency": 0.44479759593680457, "cost": 0.8240663145611309, "score": 0.448278275926497}