{"quality": 0.5251146713214188, "novelty": 0.4667724113137648, "diversity": 0.7029526408401909, "efficiency": 0.6067144265020117, "cost": 0.06358923383714118, "score": 0.49946627298449264}