{"quality": 0.4684817017836268, "novelty": 0.5386306354242278, "diversity": 0.16250724378619086, "efficiency": 0.9679690224208103, "cost": 0.45550933909823627, "score": 0.4073480376016811}