{"quality": 0.38149756016429326, "novelty": 0.2224759378559905, "diversity": 0.803529977347952, "efficiency": 0.6199632354615005, "cost": 1, "score": 0.3237687333021011}