{"quality": 0.8777139938124979, "novelty": 0.6615298321510683, "diversity": 0.5630445341329771, "efficiency": 0.11264746404428116, "cost": 0.3291572503055393, "score": 0.5252869575842001}