{"quality": 0.1786900370863404, "novelty": 0.6613096942876486, "diversity": 1.0, "efficiency": 1.0, "cost": 0.07862323096155467}