{"quality": 1, "novelty": 0.687750591637933, "diversity": 0.6215761097440066, "efficiency": 0.483671656271205, "cost": 0.5057586183341626, "score": 0.6182277564655491}