{"quality": 0.9171798728426872, "novelty": 0.5572922853083255, "diversity": 0.5733000025072025, "efficiency": 0.9249296503707825, "cost": 0.563503527973751, "score": 0.6115261284395703}