{"quality": 0.5679973264095247, "novelty": 0.4382274842070807, "diversity": 0.3879091214971037, "efficiency": 0.09041498579876231, "cost": 0.4016165686088745, "score": 0.3309384842829752}