{"quality": 0.8814077740948311, "novelty": 1, "diversity": 0.08630426173439809, "efficiency": 0.5909316890400673, "cost": 0.5452562810229152, "score": 0.5657973098290475}