{"quality": 0.15521001578842192, "novelty": 0.6251156736470286, "diversity": 0.10779336712055226, "efficiency": 0.6549974951955682, "cost": 0.3833041699938382, "score": 0.28431980385234557}