{"quality": 0.48651352824626165, "novelty": 0.4492901709928926, "diversity": 0.47762482473974965, "efficiency": 1, "cost": 0.7782438615538183, "score": 0.4259771800146697}