{"quality": 0.537885494149402, "novelty": 0.6592403808840764, "diversity": 0.8742300503005955, "efficiency": 0.3237551184389149, "cost": 0.8590997964144069, "score": 0.4636750416503554}