{"quality": 0.5945925986871127, "novelty": 1, "diversity": 0.1651076495350916, "efficiency": 0.7705068441433023, "cost": 0.24912411407022578, "score": 0.5520629247276249}