{"quality": 0.3084941571856694, "novelty": 0.34362828612983143, "diversity": 0.22787934029187001, "efficiency": 0.6162706953646551, "cost": 0.1390556551802674, "score": 0.30256622553320417}