{"quality": 0.7838837919707812, "novelty": 0.8402633837749705, "diversity": 0.8929591869961839, "efficiency": 0.5582458482822479, "cost": 0.2797157799532891, "score": 0.6795881201812219}