{"quality": 1, "novelty": 0.9715633900857041, "diversity": 0.6172858401782406, "efficiency": 0.39525302565713943, "cost": 0.6983540546279808, "score": 0.6558005639428469}