{"quality": 0.36566716716769765, "novelty": 0.9299037437233392, "diversity": 0.8709421475001704, "efficiency": 0.014066896788517774, "cost": 1.0}