{"quality": 0.016809540955804836, "novelty": 0.5394286321869157, "diversity": 0.00509103584092685, "efficiency": 0.5186554660379041, "cost": 0.43407934567767936, "score": 0.17530861283957344}