{"quality": 0.4282986806294161, "novelty": 0.7540130341498886, "diversity": 0.009142604506704732, "efficiency": 0, "cost": 0.20888735419001825, "score": 0.29793264820863613}