{"quality": 0.41278208389128224, "novelty": 0, "diversity": 0.16592086023173275, "efficiency": 0.6054941277063443, "cost": 0.9320816897226705, "score": 0.1546347473974158}