{"quality": 0.7177836093384181, "novelty": 0.03416825687768199, "diversity": 0.47479646216155086, "efficiency": 0.5545010440406346, "cost": 0.9227040137820974, "score": 0.3097411946811416}