{"quality": 1, "novelty": 0.14948421424948072, "diversity": 0.2961391774195664, "efficiency": 0.08905237540017116, "cost": 1, "score": 0.3099567453563091}