{"quality": 0.678923015669674, "novelty": 0.8955983041578417, "diversity": 0.40422296217662834, "efficiency": 0.8534374327740998, "cost": 0.07543785200916842, "score": 0.6288929028908865}