{"quality": 0.9242018386572668, "novelty": 0.9188126362205039, "diversity": 0.7704095048348373, "efficiency": 0.8592559098424868, "cost": 0.4484442083879115, "score": 0.7450895772568554}