{"quality": 0.839959125588065, "novelty": 0.6265453205856953, "diversity": 0.36936139528246387, "efficiency": 0.31973943718381753, "cost": 0.20360525018480258, "score": 0.5100967374384284}