{"quality": 0.43405504233541564, "novelty": 0.5243591207498446, "diversity": 0.45432070153003995, "efficiency": 0.14308446926284973, "cost": 0.5565850044141389, "score": 0.31797460314210735}