{"quality": 0.3316128710387614, "novelty": 1, "diversity": 0.9339279198251716, "efficiency": 0.28764520266242316, "cost": 0.629346591871083, "score": 0.516481566488918}