{"quality": 0.12313972843583251, "novelty": 0.9323943313954813, "diversity": 0.9831632692395209, "efficiency": 0.533011173492568, "cost": 0.8721841511016614}