{"quality": 1, "novelty": 0, "diversity": 0.3663071000258977, "efficiency": 0.39078465357174386, "cost": 0.27608614849887153, "score": 0.40427050319105395}