{"quality": 0.5228509887569837, "novelty": 0.9680960375769332, "diversity": 0.8142914789523833, "efficiency": 0.6377750025852216, "cost": 0.6013483975106688, "score": 0.5972690124485213}