{"quality": 0.2825288976184294, "novelty": 0.2959951307187265, "diversity": 0.5714138279994891, "efficiency": 0.05525854810239064, "cost": 0.2635444681177093, "score": 0.254974552968696}