{"quality": 0.02286445621812841, "novelty": 0.7908757430243168, "diversity": 0.09478995878158372, "efficiency": 0.3712506613513721, "cost": 0.13254999343521662, "score": 0.26596886423701865}