{"quality": 0.689501908452496, "novelty": 0.5051720399544324, "diversity": 1, "efficiency": 0.936305129309947, "cost": 0.4516898213898879, "score": 0.6284203697818601}