{"quality": 0.2619016075087718, "novelty": 0.17225212608769458, "diversity": 0, "efficiency": 0.9823036022101629, "cost": 0.7129883240619551, "score": 0.19768022169988408}