{"quality": 0.04468076995932396, "novelty": 0.78141104653425, "diversity": 0.546531182146267, "efficiency": 0.6083846022919503, "cost": 0.1007283100612113, "score": 0.3992480883882845}