{"quality": 0.4972058467261547, "novelty": 0.17895863656825295, "diversity": 0, "efficiency": 0.6698069814776528, "cost": 0.9069853683317604, "score": 0.20367392354838154}