{"quality": 0.6687521499499671, "novelty": 0.3395495196742486, "diversity": 0.5413451204115572, "efficiency": 0.2470430912709254, "cost": 0.37771292586346744, "score": 0.3930672200901558}