{"quality": 1, "novelty": 0.7242992883875606, "diversity": 0.2870473283122312, "efficiency": 0.10667682712077331, "cost": 0.6482292138682192, "score": 0.4896628904406303}