{"quality": 0.16149335115656055, "novelty": 0.849953312335969, "diversity": 1, "efficiency": 0, "cost": 0.7346752298341722, "score": 0.3874688104475432}