{"quality": 0.37002697469776763, "novelty": 0.3625512855856629, "diversity": 0.3866018384858585, "efficiency": 0.39555488127894195, "cost": 0.8404142265283928, "score": 0.25425809104191965}