{"quality": 0.931946348186748, "novelty": 0.5656319171038154, "diversity": 0, "efficiency": 0.4946269108213334, "cost": 0.6523850868846791, "score": 0.42994741166671036}