{"quality": 0.12313559163115764, "novelty": 0.20129599232075568, "diversity": 0.08909301968055572, "efficiency": 0.22770587106137835, "cost": 0.06444120638865244, "score": 0.13279503952598887}