{"quality": 0.07574522740037429, "novelty": 0.6104210074952513, "diversity": 0, "efficiency": 0.5780717981425254, "cost": 0.2753056103735978, "score": 0.23450902877794416}