{"quality": 0.6037108177331802, "novelty": 0.30823498195511445, "diversity": 0.7828870018834131, "efficiency": 0.3523729620154855, "cost": 0.9750220971189996, "score": 0.37010312577583815}