{"quality": 0.5799759887353357, "novelty": 0.2685668107286139, "diversity": 0.5794943987258896, "efficiency": 0.8538632610968668, "cost": 0.40686973077564076, "score": 0.44442589513489805}