{"quality": 0.9316929593515543, "novelty": 0.5205727313866796, "diversity": 0.3322065698727825, "efficiency": 0.25542991197169906, "cost": 0.7686070520907857, "score": 0.4375461662133689}