{"quality": 0.1351547123871583, "novelty": 1, "diversity": 0.6122595287210351, "efficiency": 0.20493717077880497, "cost": 0.8274079235347418, "score": 0.36099810272370103}