{"quality": 0.8919442875342012, "novelty": 0.18186019868963138, "diversity": 0.13495004296945484, "efficiency": 0.8329599061712659, "cost": 0.3868365720515582, "score": 0.4262986732470932}