{"quality": 0.5742268990812613, "novelty": 0.6866191223059536, "diversity": 0.6760117890136375, "efficiency": 0.73525371296968, "cost": 0.9057963640897608, "score": 0.49883362864007014}