{"quality": 0.7189937022305174, "novelty": 0.7982238544652784, "diversity": 1.0, "efficiency": 0.018667906459585493, "cost": 0.3323004359553331}