{"quality": 0.6347728783348989, "novelty": 0.5409886166919491, "diversity": 0.8256381845873826, "efficiency": 0.3405758375305918, "cost": 0.4918356224680459, "score": 0.4927094679737177}