{"quality": 0.8635735136211513, "novelty": 0.4585064352591431, "diversity": 0.07506236747701076, "efficiency": 0.7558526343962568, "cost": 0.40354008398140956, "score": 0.4617350231578309}