{"quality": 0, "novelty": 0.0007565402942245059, "diversity": 0.4176397861920108, "efficiency": 0.6011754085782017, "cost": 0.8471641879868466, "score": 0.08917698480000388}