{"quality": 0.26781295279402556, "novelty": 0.3246152637634263, "diversity": 0.7622812329227912, "efficiency": 0.263797456286337, "cost": 0.20395994949822593, "score": 0.33312757185675046}