{"quality": 0.7330159963346479, "novelty": 0.07447828550164687, "diversity": 0.929328480754138, "efficiency": 0.7977202191205869, "cost": 0.4380786728441209, "score": 0.5002402320103096}