{"quality": 0.20591848699747795, "novelty": 1, "diversity": 0.35741333110063644, "efficiency": 0.020181507769657325, "cost": 0.3142754168041319, "score": 0.3548578968044061}