{"quality": 0.6181382361608887, "novelty": 0.5968530594834672, "diversity": 0.7666604607921864, "efficiency": 0.39897040556079844, "cost": 0.4203507184690185}