{"quality": 0.18141998988295205, "novelty": 0.9998423533854155, "diversity": 0.22551993110620333, "efficiency": 0.43733172023917916, "cost": 0.09154155812178733, "score": 0.4059361737561783}