{"quality": 0.3636140577481477, "novelty": 0.6322915312021864, "diversity": 0.17787015350401078, "efficiency": 0.8660881999720704, "cost": 0.019260740386866884, "score": 0.43071828678291696}