{"quality": 0.9042450240771371, "novelty": 0, "diversity": 0, "efficiency": 0.5730450870647497, "cost": 0.5711943135435735, "score": 0.3001108389284962}