{"quality": 0.5651716055409013, "novelty": 0.9237164079834692, "diversity": 0.8498367843282734, "efficiency": 0.741022585195156, "cost": 0.5350363795594628, "score": 0.6280976903471195}