{"quality": 0.04193387539597512, "novelty": 0.771408421823813, "diversity": 0.8386235417829769, "efficiency": 0.0809640417038835, "cost": 0.09433859976486714, "score": 0.37586772271043695}