{"quality": 0.03862710283777865, "novelty": 0.635664584432219, "diversity": 0.7430442335881023, "efficiency": 0.33880755526968964, "cost": 1, "score": 0.2699342569674623}