{"quality": 0.26933577273147224, "novelty": 0.7833932009521836, "diversity": 0.7354927499752457, "efficiency": 0.2850641116078575, "cost": 0.026650925841604278}