{"quality": 1, "novelty": 0.8646702814060192, "diversity": 0.39212004229299063, "efficiency": 0.6675080674586604, "cost": 0.0214851566871479, "score": 0.6925692732601871}