{"quality": 0.6515562030923435, "novelty": 0.2608761907471055, "diversity": 0, "efficiency": 0.22189108912301442, "cost": 0.24036570300452154, "score": 0.26993300168247947}