{"quality": 0.35173093953839757, "novelty": 0.28765745569983187, "diversity": 0.5097560224313632, "efficiency": 0.12780198554245722, "cost": 0.7580539907826891, "score": 0.22274974902584957}