{"quality": 0.20381801290148238, "novelty": 0.91347763486555, "diversity": 0.3379574775363567, "efficiency": 0.18489093195806364, "cost": 1, "score": 0.2848399478878131}