{"quality": 0.45861488399134326, "novelty": 0.7432176088964175, "diversity": 0.27007301877742995, "efficiency": 0.17932355557706497, "cost": 0.8138877857714804, "score": 0.32291322593640504}