{"quality": 0.7316860578251371, "novelty": 0.15243683620362528, "diversity": 0.8911117029573312, "efficiency": 0.31641308264289747, "cost": 0.8162243066854562, "score": 0.4016768987178027}