{"quality": 0.10617858564743538, "novelty": 0.8133629528682986, "diversity": 0.7395786780802402, "efficiency": 0.7438590043680413, "cost": 0.1410847935718676, "score": 0.4805804208253728}