{"quality": 0.7497886459506666, "novelty": 0.7620684611626292, "diversity": 0.5845901269372011, "efficiency": 0.5624202021595327, "cost": 0.29728530471024456, "score": 0.5870062343162029}