{"quality": 0.6994519625458642, "novelty": 0.10351596087472506, "diversity": 0.8411892560960726, "efficiency": 0.24596940854378951, "cost": 0.29406859884036, "score": 0.41144098159918746}