{"quality": 0.6633543571610222, "novelty": 0.8601998715460327, "diversity": 0.19593009850102683, "efficiency": 0.23533029492028923, "cost": 0, "score": 0.4885418389730636}