{"quality": 0.5476054129595391, "novelty": 0.5982528959569299, "diversity": 0.40456607690102064, "efficiency": 0.22027793508506338, "cost": 0.11328211151444861}