{"quality": 0.04879049926543744, "novelty": 0, "diversity": 0.9633372596264189, "efficiency": 0.8868264078500193, "cost": 0.5171612420872311, "score": 0.2886124386736948}