{"quality": 0.859780156374023, "novelty": 0.8696302783405647, "diversity": 0.636780252494061, "efficiency": 0.6810969318741666, "cost": 0.6885976668255835, "score": 0.6360024400947271}