{"quality": 1, "novelty": 1, "diversity": 0.6358033864947527, "efficiency": 0.06751751002537337, "cost": 1, "score": 0.5872883038027567}