{"quality": 0.47605798787196607, "novelty": 0.9148758094801188, "diversity": 0.28084984623581666, "efficiency": 0.35848825225042613, "cost": 0.7868157661367534, "score": 0.40279797920267146}