{"quality": 0.11576817823103897, "novelty": 0.30899557981927095, "diversity": 0.5365484611253887, "efficiency": 0.002189613179636729, "cost": 0.44052232480924514, "score": 0.17556525014522817}