{"quality": 0.7589689077113949, "novelty": 0.05112921326019468, "diversity": 0.13056680166472076, "efficiency": 0.3383631083995408, "cost": 0.7923138227968529, "score": 0.23810941994165713}