{"quality": 0.35282721384946814, "novelty": 0.6747784642865813, "diversity": 0.10975841207576559, "efficiency": 0.8398469434676779, "cost": 0.30579952152073503, "score": 0.3918915520097171}