{"quality": 0.9551200491340095, "novelty": 1, "diversity": 0.13669814894294918, "efficiency": 0.7215641563338795, "cost": 0.7872434197628948, "score": 0.5933859260025851}