{"quality": 0.17041028944558972, "novelty": 0.8474515952878483, "diversity": 1, "efficiency": 0, "cost": 0.8715248093977697, "score": 0.3758335047158621}