{"quality": 0.13720576120933192, "novelty": 0.32586184516687117, "diversity": 0.7364937554495443, "efficiency": 0.7318156306373299, "cost": 0.33767955458606475, "score": 0.34593032988141925}