{"quality": 0.9262227691658952, "novelty": 0.4077089996933365, "diversity": 0.6410583519953296, "efficiency": 0.6298395481515036, "cost": 0, "score": 0.6024816832948942}