{"quality": 0.1550164350842852, "novelty": 0.6720893094809276, "diversity": 0.30101143400390035, "efficiency": 0.2723033925510105, "cost": 0.731294419010387, "score": 0.2424456116779104}