{"quality": 0.3599317420856521, "novelty": 0.6607152770199609, "diversity": 0.3404544009437492, "efficiency": 0.6267693687837159, "cost": 0.4385423263988958, "score": 0.39141039474710354}