{"quality": 0.4917151882623278, "novelty": 0.9281975523626813, "diversity": 0.815993633724814, "efficiency": 0.6932227413048492, "cost": 0.16633159195677238, "score": 0.6301129233143816}