{"quality": 0.6131014327947372, "novelty": 0.842767851720597, "diversity": 0.45023612969300375, "efficiency": 0.6385314229668861, "cost": 0.678282917560669, "score": 0.5126210403961372}