{"quality": 0.49952491215357886, "novelty": 0.5449777973093285, "diversity": 0.6933224976735519, "efficiency": 0.023570035839769965, "cost": 0.7546076119836311, "score": 0.3528411666857185}