{"quality": 0, "novelty": 0, "diversity": 0.9776061996656802, "efficiency": 0.5122675315081282, "cost": 1, "score": 0.1723613696593553}