{"quality": 0.642472650857188, "novelty": 0.9975974061141202, "diversity": 0.4416846955397327, "efficiency": 1, "cost": 0.9098825220721195, "score": 0.5894898336864209}