{"quality": 0.2540287705349455, "novelty": 0.20909702004686753, "diversity": 1, "efficiency": 0.7154663166467864, "cost": 1, "score": 0.3358028336692185}