{"quality": 0.638585799755617, "novelty": 0.7997413944780116, "diversity": 0.8769640562567573, "efficiency": 0.5463731130444793, "cost": 0.43178828775580147, "score": 0.6056810379786313}