{"quality": 0.7974816348438067, "novelty": 0.3771010582866609, "diversity": 0.9484957926567357, "efficiency": 0.2628657563886555, "cost": 0.8462553221704192, "score": 0.47802324479741076}