{"quality": 0.20524904521792098, "novelty": 0.22213421039466463, "diversity": 0.699619901591817, "efficiency": 0.34977877408694924, "cost": 0.9818922877418392, "score": 0.2113098338212643}