{"quality": 0.0011263555546211224, "novelty": 0.8917258657525462, "diversity": 0.38953440853370247, "efficiency": 0.5835735473517494, "cost": 0.2121220394326685, "score": 0.3675000829707589}