{"quality": 0.08873364136138476, "novelty": 0.4356111537157207, "diversity": 0.10608780046485988, "efficiency": 0.7697527822777843, "cost": 0.8426965506473971, "score": 0.1879337032072455}