{"quality": 0.511947847747872, "novelty": 0.7163588759364229, "diversity": 0.3496625870784128, "efficiency": 0.11214805324752691, "cost": 0.7580059619952169, "score": 0.34362820251175724}