{"quality": 0.4025155600485111, "novelty": 0.18206740606272864, "diversity": 0.6277749566540265, "efficiency": 0.8469206345734559, "cost": 0.8086234269147246, "score": 0.3380022633555867}