{"quality": 0.8921078211823228, "novelty": 0.8981377662029797, "diversity": 0.28853058811667154, "efficiency": 0.8987240638537901, "cost": 0.8149900898166864, "score": 0.603182506125176}