{"quality": 0.33125485770316554, "novelty": 1, "diversity": 0.36526867965327414, "efficiency": 0.5589455134533938, "cost": 0.4722215889082752, "score": 0.45904986136878606}