{"quality": 0.9839681565543874, "novelty": 0.36067494469136185, "diversity": 0.4295334864499666, "efficiency": 1, "cost": 0.30940905053600315, "score": 0.5903249753755496}