{"quality": 0.698050648373246, "novelty": 0.7086019795003553, "diversity": 0.8677424837088926, "efficiency": 0.5515884085949707, "cost": 0.050765255221473515, "score": 0.6377759218959395}