{"quality": 0.8325625092388533, "novelty": 0.7062445363814318, "diversity": 0, "efficiency": 0.8838789772042448, "cost": 0.12003603516093467, "score": 0.5469081299315572}