{"quality": 0.7494022095496918, "novelty": 0.6006230659853969, "diversity": 0.37483946270368834, "efficiency": 0.4858420657264629, "cost": 0.5429536647079677}