{"quality": 0.9650695776414708, "novelty": 0.9705793788833624, "diversity": 0.8249752280200119, "efficiency": 1, "cost": 0.8428391562064674, "score": 0.7628768479966375}