{"quality": 0.4338645393055941, "novelty": 0.531091295226856, "diversity": 0.5521119996740438, "efficiency": 0.04373174609490202, "cost": 0.6487137486039709, "score": 0.31504297258703917}