{"quality": 0.05624735295501865, "novelty": 0.13911317562371914, "diversity": 0.8280127647525903, "efficiency": 0.2804837217027945, "cost": 0, "score": 0.25932761099837265}