{"quality": 1.0, "novelty": 0.8957940173847969, "diversity": 0.4877252743402739, "efficiency": 0.6222980864008819, "cost": 0.6405045145410839}