{"quality": 0.8241712645875379, "novelty": 0.1545247800881852, "diversity": 0, "efficiency": 0, "cost": 0.42984046103284074, "score": 0.2428985282950236}