{"quality": 0.8382853681950998, "novelty": 1, "diversity": 0.5873968674767396, "efficiency": 0.628445028917559, "cost": 0.6223155259793719, "score": 0.6510001856935744}