{"quality": 0.24011926626234625, "novelty": 0.6148161670393784, "diversity": 0.4509690184430972, "efficiency": 0.9055825374373667, "cost": 0.5318428151692638, "score": 0.3985867244258465}