{"quality": 0.23167604045138182, "novelty": 0.9243187758839185, "diversity": 0.9943296394177793, "efficiency": 0.3593544138782514, "cost": 0.6753504586789867, "score": 0.48581655020378905}