{"quality": 0.6303336086333194, "novelty": 0.10916137056450598, "diversity": 0.22675806984463392, "efficiency": 0.5473755025612431, "cost": 0.6118380977190928, "score": 0.28266455481232633}