{"quality": 0, "novelty": 0.1477335303509627, "diversity": 0.6240219616338091, "efficiency": 0.49577882473832924, "cost": 0.08964236531145633, "score": 0.22714036209410626}