{"quality": 0.4273324293378916, "novelty": 0.13660488671635101, "diversity": 0.46701709423434656, "efficiency": 0.04374653286979861, "cost": 0.3678755912739169, "score": 0.22552879013040267}