{"quality": 1, "novelty": 0.5793982877699336, "diversity": 1, "efficiency": 0.43665330506804295, "cost": 1, "score": 0.6103475677026898}