{"quality": 0.13011581905496944, "novelty": 0.6641510568829561, "diversity": 0.8971794513243072, "efficiency": 0.5680180922354765, "cost": 0.684713085621546, "score": 0.40123980547525817}