{"quality": 0.9659027013387964, "novelty": 0.8341375113001581, "diversity": 0.28031833360081154, "efficiency": 1, "cost": 0.6985533910282042, "score": 0.6345135158440204}