{"quality": 0.983908044254188, "novelty": 0.20606041851886336, "diversity": 0.235338549519015, "efficiency": 0.19275709193030477, "cost": 0.37196407826816447, "score": 0.3854723837725045}