{"quality": 0.9201542397702767, "novelty": 0.78391973806632, "diversity": 0.3660562867712899, "efficiency": 0.5577003957077667, "cost": 0.06572643505729786, "score": 0.6223198796523561}