{"quality": 0.4560249799119571, "novelty": 0.8587129910127236, "diversity": 0.08763859259660864, "efficiency": 0.5619359648801724, "cost": 0.5259119177110574, "score": 0.40071266320700993}