{"quality": 0.1657092586410302, "novelty": 0.20056657503256706, "diversity": 0, "efficiency": 0.4696722726497112, "cost": 0.013053793329178609, "score": 0.16899988291498963}