{"quality": 0.7512096760409619, "novelty": 0.02517538477293499, "diversity": 0.5104415365627191, "efficiency": 0.2949120013224642, "cost": 0.6491284087091461, "score": 0.31306901564552114}