{"quality": 0.9834596745209325, "novelty": 0.47232025642730563, "diversity": 0.058099040401539376, "efficiency": 0.34403526327973755, "cost": 0.12331833097208328, "score": 0.4640112309381664}