{"quality": 0.9774969426853248, "novelty": 0.11102269318000113, "diversity": 0.1828310973224655, "efficiency": 0.3750319260555774, "cost": 0.6353912013543074, "score": 0.3502866443379967}