{"quality": 0.2578018363664075, "novelty": 0.13059634153365102, "diversity": 0.35379011294226365, "efficiency": 1, "cost": 0.4521750754253418, "score": 0.2855301513392535}