{"quality": 0.27665641357729887, "novelty": 0.43863027204754135, "diversity": 0.7705890733762577, "efficiency": 1, "cost": 0.7053531049373889, "score": 0.4262369962665877}