{"quality": 0.23263619189285964, "novelty": 0.332315045387818, "diversity": 0.6305559761219293, "efficiency": 0.2636904832350051, "cost": 0.1494944824067228, "score": 0.3035849383837767}