{"quality": 0.7546087172134177, "novelty": 0.3430507320138549, "diversity": 0.697051880636476, "efficiency": 0.27770731347448785, "cost": 0.03534753326217434, "score": 0.48967701798974}