{"quality": 1, "novelty": 0.7772321406954958, "diversity": 0.5834684464090494, "efficiency": 0.1939409835893729, "cost": 0.5444166586458725, "score": 0.5856512061295025}