{"quality": 0.17485242826781305, "novelty": 0.3089887630101865, "diversity": 0.6972942422821333, "efficiency": 0.15365791045530552, "cost": 0.6352650757932445, "score": 0.2286839466782886}