{"quality": 0.7061959999134176, "novelty": 0.6490722618039336, "diversity": 0.9099546874273032, "efficiency": 0.3795991807628462, "cost": 0.4952593295174154, "score": 0.5635317470731548}