{"quality": 0.5782190684673806, "novelty": 0.5917467142520962, "diversity": 0.6445767669346483, "efficiency": 0.17723807199374947, "cost": 0.08123538927294138, "score": 0.46877992436193616}