{"quality": 0.7617768662524675, "novelty": 0.9718864774668536, "diversity": 0.7378042995653038, "efficiency": 0.15742741296994173, "cost": 0.6628817740367081, "score": 0.5763914736973349}