{"quality": 1, "novelty": 0.016494199829088424, "diversity": 0.6336449333147881, "efficiency": 0.5322407092648007, "cost": 0.3654943698937611, "score": 0.47413920602057363}