{"quality": 0.19222604140977523, "novelty": 1, "diversity": 0.9683462431437899, "efficiency": 0.4155034666000039, "cost": 0.2739978784295489, "score": 0.5362627931987362}