{"quality": 0.5631286300004572, "novelty": 0.7663483171446954, "diversity": 0.2581762237904647, "efficiency": 0.443111481789148, "cost": 0.37072187568523063, "score": 0.44155544774425315}