{"quality": 0.7473385493624279, "novelty": 0.9557784577992443, "diversity": 0.7953409713116029, "efficiency": 0.47047363943694515, "cost": 0.8500190661039377, "score": 0.6077835128260081}