{"quality": 0.045264971052261765, "novelty": 0.596320363298458, "diversity": 0.8820022099624747, "efficiency": 0, "cost": 0.04831599807054415, "score": 0.3342284243257335}