{"quality": 1.0, "novelty": 0.6783882089437274, "diversity": 0.09586706426600161, "efficiency": 0.8049594686531881, "cost": 0.44121945646087535}