{"quality": 0.06547369437624356, "novelty": 0.28180622512361275, "diversity": 0.4945455577480222, "efficiency": 0, "cost": 0.2116500454974057, "score": 0.16783777159364013}