{"quality": 0.14034261911178716, "novelty": 0.19593168186864288, "diversity": 0.6122947101831226, "efficiency": 0.49800148670102984, "cost": 0.12343683622192597, "score": 0.27590118762028326}