{"quality": 0.4350447200314521, "novelty": 0.3289466890822705, "diversity": 0, "efficiency": 0.2951799174849542, "cost": 0.7362242424142513, "score": 0.18340465166132125}