{"quality": 0.27622618673508553, "novelty": 0.5377460618648288, "diversity": 0.03000144153747797, "efficiency": 0.7031209842663856, "cost": 0, "score": 0.3287728074341863}