{"quality": 0.7475629947412756, "novelty": 0.8098101031473715, "diversity": 0.280988338106615, "efficiency": 0.4922747088758901, "cost": 0.8547413222789884, "score": 0.4712861659340332}