{"quality": 0.10528983183006502, "novelty": 0.3003459597551625, "diversity": 0.8113511482365537, "efficiency": 0.3618673593323365, "cost": 0.6405220824153677, "score": 0.2591715647934346}