{"quality": 0.9481419295163512, "novelty": 0.3773457479407357, "diversity": 0, "efficiency": 0.5849707656088449, "cost": 1, "score": 0.36652463068141605}