{"quality": 0.349112348604465, "novelty": 0, "diversity": 0.6842236322297727, "efficiency": 0.1740146038713276, "cost": 0.8329090758536288, "score": 0.18438971402263027}