{"quality": 0.3822128002368532, "novelty": 0, "diversity": 0.3078944019601619, "efficiency": 0.5250357600777724, "cost": 0.5636386597192906, "score": 0.19863421850282514}