{"quality": 1, "novelty": 0.9372316297341363, "diversity": 0.4264158009602532, "efficiency": 1, "cost": 0.7601644851428828, "score": 0.6935746191112964}