{"quality": 0.42220162815879064, "novelty": 0.25426575780716926, "diversity": 0.010029835151109306, "efficiency": 0.14107426689404456, "cost": 0.17566772023043273, "score": 0.19582726294071479}