{"quality": 0.3663172921398406, "novelty": 0.660115931619584, "diversity": 0.300899277168103, "efficiency": 0.8783185730844549, "cost": 0.467394788606338, "score": 0.42011233308250323}