{"quality": 0.47378469610607343, "novelty": 0.9851173001178368, "diversity": 0.9047688227177842, "efficiency": 0, "cost": 0.7624597935388057, "score": 0.4931225190509575}