{"quality": 0.5564312688818578, "novelty": 0.32907359762852095, "diversity": 0.37414630455667497, "efficiency": 0.08625434382604184, "cost": 0.7738375151120143, "score": 0.25958144104572745}