{"quality": 0.505678195315531, "novelty": 0.7497955904823728, "diversity": 0.8055868831854318, "efficiency": 0.721170117155933, "cost": 0.13841199764428108, "score": 0.5946040506613007}