{"quality": 0.2717838089213874, "novelty": 0.7112687193541973, "diversity": 0.6062926452178996, "efficiency": 0.42298932189622324, "cost": 0.8828150761475919, "score": 0.3557777422282198}