{"quality": 0.5312827231341626, "novelty": 0.7148815778182475, "diversity": 0.8117397625557498, "efficiency": 0.5293489235397318, "cost": 0.6426450140032338, "score": 0.515591001036597}