{"quality": 0.8098384502032366, "novelty": 0.9619490902515826, "diversity": 0.6667191344580853, "efficiency": 1.0, "cost": 0.860125138750329}