{"quality": 0, "novelty": 0.3547535448101003, "diversity": 0.3412265037532446, "efficiency": 1, "cost": 0.7456171619739164, "score": 0.23237197075578236}