{"quality": 0.8659404667693061, "novelty": 0.669921995111102, "diversity": 0.15749460211863558, "efficiency": 0.055557928769667975, "cost": 1, "score": 0.36709524854774456}