{"quality": 0.6169844144033201, "novelty": 0.27153479334774366, "diversity": 0.7501558100889194, "efficiency": 0.8028963746046466, "cost": 0.32036487677632064, "score": 0.4914081531887808}