{"quality": 0.04820964470389308, "novelty": 0.0660513695134792, "diversity": 0.8020469530907477, "efficiency": 0.42861501902409227, "cost": 1, "score": 0.15567737926130107}