{"quality": 0.8916720959282645, "novelty": 0, "diversity": 0.7737363463395844, "efficiency": 0.35443053497778354, "cost": 0, "score": 0.47541347829306374}