{"quality": 0.24349206899764192, "novelty": 0.01703296741168525, "diversity": 1, "efficiency": 0.3868956331907316, "cost": 0.41776390944607267, "score": 0.29356381658621633}