{"quality": 0.36247494390672247, "novelty": 0.647067412067264, "diversity": 0.4458643322765887, "efficiency": 0.8696983738207457, "cost": 0, "score": 0.49013695871726237}