{"quality": 0.6263355947077501, "novelty": 0.3850665019380795, "diversity": 0.06525121531530492, "efficiency": 0.5228992041084972, "cost": 0.8495210117239675, "score": 0.2907003264037837}