{"quality": 0.3802304992554123, "novelty": 0.6327551831139546, "diversity": 0.4254940816515467, "efficiency": 0.35402026460174574, "cost": 0.12541411908709352, "score": 0.39791838966697424}