{"quality": 0.9505604415503014, "novelty": 0.18006272174411977, "diversity": 0, "efficiency": 0.445662576382195, "cost": 0.4394726456716469, "score": 0.3530859347912849}