{"quality": 0.15303923546144288, "novelty": 0.6136520002727187, "diversity": 0.9352366132924179, "efficiency": 1, "cost": 0.6129924384919012, "score": 0.47507284951590606}