{"quality": 0.32922655989441285, "novelty": 0.18608004621271904, "diversity": 0.4843731312450295, "efficiency": 0.49218615987067177, "cost": 0.7637718476066417, "score": 0.23961334499044612}