{"quality": 0.3981743400648071, "novelty": 0.7402014821325683, "diversity": 0.6833058429660764, "efficiency": 0.23913744148885607, "cost": 1, "score": 0.377034457369128}