{"quality": 0.7203542362217459, "novelty": 0.26050047567428203, "diversity": 0.18418243774807452, "efficiency": 0.5151590062294356, "cost": 0.27363056078149905, "score": 0.3679786721909746}