{"quality": 0.8215922422687194, "novelty": 0.761526224358652, "diversity": 0.9092011678233214, "efficiency": 0.08446147885263891, "cost": 1, "score": 0.531368684162839}