{"quality": 0.3414043651058502, "novelty": 0.4421430676385348, "diversity": 0.4418640253651713, "efficiency": 0.24215298897974322, "cost": 0, "score": 0.3376528298613845}