{"quality": 0.21432993864568345, "novelty": 0.595500874600752, "diversity": 0.5568108174281032, "efficiency": 0, "cost": 0.6518884625212431, "score": 0.2593475174773894}