{"quality": 0.20966525316582182, "novelty": 0, "diversity": 0.9464546088002167, "efficiency": 0.891531436512041, "cost": 0.16282226865754168, "score": 0.36963798632084194}