{"quality": 0.8441678079887074, "novelty": 0.5586068007196321, "diversity": 0.9400651312377535, "efficiency": 0.8678299658288167, "cost": 0.7669257800406173, "score": 0.6343969856943318}