{"quality": 0.30855382657094865, "novelty": 0.2910220561863245, "diversity": 0.5133324633587608, "efficiency": 0.7951802403160374, "cost": 0.00397755016569834, "score": 0.3868674357204536}