{"quality": 0.5480719155209988, "novelty": 0.5022150371709995, "diversity": 0.39619744880096797, "efficiency": 0.9216242507126426, "cost": 0.4328511167225294, "score": 0.4641733496438865}