{"quality": 0.5538972015364465, "novelty": 0.7542532848893806, "diversity": 0.20734607353581547, "efficiency": 0.578347694442975, "cost": 0.6352692006199671, "score": 0.4194269304948917}