{"quality": 0.9758889567763553, "novelty": 1.0, "diversity": 0.468205365857551, "efficiency": 0.21748708593062782, "cost": 0.5971336122425313}