{"quality": 0.38526545710014354, "novelty": 0.7195090955788863, "diversity": 0.39984249364272223, "efficiency": 0.7393664618584825, "cost": 0.7233361389731248, "score": 0.41399676513476896}