{"quality": 0.18804035700275307, "novelty": 0.01205924246290746, "diversity": 0.16876181258119505, "efficiency": 0.32285865433863165, "cost": 0.5033628315914228, "score": 0.09127179522444423}