{"quality": 0.5295058610444405, "novelty": 0, "diversity": 0.21901494406701233, "efficiency": 0.8911546055411956, "cost": 0.22072427036889491, "score": 0.31425551092102444}