{"quality": 0.9410688702346643, "novelty": 0.3399603875686574, "diversity": 0.4488493874243712, "efficiency": 0.8944535261985085, "cost": 0.16557043504422186, "score": 0.5746916208727919}