{"quality": 0.7679487995515262, "novelty": 0.44805014326791676, "diversity": 0.9852505596699688, "efficiency": 0, "cost": 0.10039591377474455, "score": 0.5294076962389563}