{"quality": 0.09184181973310679, "novelty": 0.9015322976611096, "diversity": 0.1967447566529481, "efficiency": 0.832946616918813, "cost": 0.864396508048111, "score": 0.33078691339880995}