{"quality": 0.6618159782430362, "novelty": 0.7867620615511759, "diversity": 0.037250712986491685, "efficiency": 0.32909070080443203, "cost": 1, "score": 0.3520490565786679}