{"quality": 0.3863556176429357, "novelty": 0.11998648540510812, "diversity": 0.614979342045384, "efficiency": 0.5280235741352184, "cost": 0.8471646336269953, "score": 0.2633862478108177}