{"quality": 0.46016408955221777, "novelty": 0.6604510745161172, "diversity": 0.5073284265185843, "efficiency": 0.20685035831250825, "cost": 0.4783580939753382, "score": 0.3878194251477538}