{"quality": 0.37545095914724136, "novelty": 0.17195986940116298, "diversity": 0.289527434442766, "efficiency": 0.45584960608026937, "cost": 0.4855271682893167, "score": 0.2333554660661251}