{"quality": 0.5689086407113233, "novelty": 0.3871580339927274, "diversity": 0.6775469619406078, "efficiency": 0.8184827908058795, "cost": 0.2763343385405576, "score": 0.49811047786652657}