{"quality": 0.7348588572601684, "novelty": 0.18183675173110472, "diversity": 0.5199557912778728, "efficiency": 0.8103412755080398, "cost": 0.8534873478136403, "score": 0.40611045991124317}