{"quality": 0.9560237319025598, "novelty": 0.4971856872819683, "diversity": 0.6493230493281872, "efficiency": 0.5326055958918278, "cost": 0.5404959717428288, "score": 0.5668093934663887}