{"quality": 0.467047113876482, "novelty": 0.374311277429345, "diversity": 0.5105831979973825, "efficiency": 0.5123421730686852, "cost": 0.5553957568431416, "score": 0.357120343395746}