{"quality": 0.23057576594111887, "novelty": 0.7139867936655749, "diversity": 0.03763304083759145, "efficiency": 0.3174801098609248, "cost": 0.2070150864658411, "score": 0.2821165441988023}