{"quality": 0.21262248240432086, "novelty": 0.7170853884493745, "diversity": 0.8190717874878402, "efficiency": 0.3020636823975029, "cost": 0.036254433241255296, "score": 0.4485565583667078}