{"quality": 0.5296174423580169, "novelty": 0.9327102125302015, "diversity": 0.9874523236512331, "efficiency": 0.9786585863806172, "cost": 0.2591595067907543, "score": 0.7104360878482192}