{"quality": 0.705673950379456, "novelty": 0.8863289603269835, "diversity": 0.6884033716911058, "efficiency": 0.18254771514865234, "cost": 0.49048097059232537, "score": 0.5492991597468692}