{"quality": 0.0994616327153364, "novelty": 0.6770598883522646, "diversity": 0.06643797046841915, "efficiency": 0.44485410091221633, "cost": 0.4212656377822679, "score": 0.23699260735495656}