{"quality": 0.1464108209954838, "novelty": 0.3829697097280334, "diversity": 0.0723407838860303, "efficiency": 0.6770967966180461, "cost": 0.6266030169622555, "score": 0.1930380483043409}