{"quality": 0, "novelty": 0.16733007170367586, "diversity": 0.31205556138736945, "efficiency": 0.6868682896250171, "cost": 0.4807449532080096, "score": 0.15919937832634448}