{"quality": 0.5490583575525148, "novelty": 0.49712766128904307, "diversity": 0.6512817091946788, "efficiency": 0.037099882052703564, "cost": 0.06183355005500277, "score": 0.4186373917293562}