{"quality": 1, "novelty": 0.682446536002278, "diversity": 0.3031956362812081, "efficiency": 0.8810605237181277, "cost": 0.9311376616840148, "score": 0.5702960736461288}