{"quality": 0.32802083452024255, "novelty": 0.31685883989411595, "diversity": 0.8674268307725694, "efficiency": 0.09683339719123285, "cost": 0.4284722688807334, "score": 0.3227841091747272}