{"quality": 0.5789430533848572, "novelty": 0.4418095924716851, "diversity": 0.4535795568759459, "efficiency": 0.09088399116597878, "cost": 0.7587532273961936, "score": 0.3126085014438451}