{"quality": 0.7781674765191767, "novelty": 0.6808637681557255, "diversity": 0.6484892038291646, "efficiency": 0, "cost": 0.5353607390557706, "score": 0.47982795185494026}