{"quality": 0.9822509968913071, "novelty": 0.444600436422671, "diversity": 0.6955000888029339, "efficiency": 0.49450772063015075, "cost": 0.19446447399387728, "score": 0.5996551366287816}