{"quality": 0.2377774831224989, "novelty": 0.43085753526325066, "diversity": 0.23827609663776972, "efficiency": 0, "cost": 0.22380446361613093, "score": 0.2043224017185032}