{"quality": 0.6615003262432778, "novelty": 0.823506629149549, "diversity": 0.3715555176596024, "efficiency": 0.7848727513475182, "cost": 0.1546895043732855, "score": 0.5808998209570903}