{"quality": 0.9600451403795631, "novelty": 0.30779549738284406, "diversity": 0.7873964091677341, "efficiency": 0.16427567818373026, "cost": 0.474302319879118}