{"quality": 0.47919899686385553, "novelty": 0.9401272360464914, "diversity": 0, "efficiency": 0.594301062253353, "cost": 0.5253504210503464, "score": 0.4154016253037478}