{"quality": 0.5106905391040234, "novelty": 0.7869813775540142, "diversity": 0.9134588524439037, "efficiency": 0.5946380000330345, "cost": 0.19175730921051715, "score": 0.6026642456923947}