{"quality": 0.6765673813241716, "novelty": 0.4476101570634013, "diversity": 0.18831695224538297, "efficiency": 0.6742515115834553, "cost": 0.4025651427239885, "score": 0.41341735657729783}