{"quality": 0.4210007790332019, "novelty": 0.7629481165103815, "diversity": 0.4163021262351421, "efficiency": 0.5627355393172921, "cost": 0.04679652536390863, "score": 0.48002836644578734}