{"quality": 0.31408630554570244, "novelty": 0.3277398218918728, "diversity": 0, "efficiency": 0.4236069788769078, "cost": 0.5151397744810231, "score": 0.18818791652011277}