{"quality": 0.6201489360861902, "novelty": 0.45288987196637587, "diversity": 0.6013718908233274, "efficiency": 0.5948128469178622, "cost": 0.8709030972040006, "score": 0.4216731442993957}