{"quality": 0.8839380527168434, "novelty": 0.6307438465707554, "diversity": 0.48933577285719526, "efficiency": 0.6983508669333582, "cost": 0.6034781790532076, "score": 0.5651393441638639}