{"quality": 0.4167408518853392, "novelty": 0.9019761226846803, "diversity": 0.4139990083680804, "efficiency": 0.23683419956728008, "cost": 0.7523282906323616, "score": 0.3936083887822437}