{"quality": 0.5575250132562999, "novelty": 0.7368780640886285, "diversity": 0.5638991875202009, "efficiency": 0.5786891371930505, "cost": 0.8995976323479171, "score": 0.4611004648472532}