{"quality": 0.6061907358479943, "novelty": 0.46836278026241457, "diversity": 0.5270291418038108, "efficiency": 0.4628468712423173, "cost": 0.7977882085172268, "score": 0.394001954015389}