{"quality": 0.43365376432340774, "novelty": 0.4326680276590083, "diversity": 0.42327675355204974, "efficiency": 0.5072093066631488, "cost": 0.36925406850511977, "score": 0.36207447607114474}