{"quality": 0.05398802579023387, "novelty": 0.37520843583180724, "diversity": 0.7318284398038637, "efficiency": 0.4294206524159737, "cost": 0, "score": 0.32077730251819075}