{"quality": 0.7428157329194475, "novelty": 0.382876605448073, "diversity": 0.6699789029298111, "efficiency": 0.026668958375158258, "cost": 0.6893789036636161, "score": 0.3876221052137268}