{"quality": 0.041634065060785264, "novelty": 0, "diversity": 0.3864054783504015, "efficiency": 0.17589392403341778, "cost": 0.594141649328475, "score": 0.05674123886048104}