{"quality": 0.8098491700572702, "novelty": 0.7073901226073297, "diversity": 0.690475288150745, "efficiency": 0.0673768817753916, "cost": 0.8471519273756277}