{"quality": 1, "novelty": 0.49678741316400554, "diversity": 0.030489938763769292, "efficiency": 0.2152634016369697, "cost": 0.2854734798428343, "score": 0.43403700330501727}