{"quality": 1, "novelty": 0.16087206822375316, "diversity": 0.09039857756953229, "efficiency": 0.28831563754070305, "cost": 0.25327865795911936, "score": 0.37621721240503825}