{"quality": 0.39529638264815947, "novelty": 0.35294397057297144, "diversity": 0.7606813305372058, "efficiency": 0.8848818807893895, "cost": 0.5316877292174087, "score": 0.4385246827417994}