{"quality": 0.4904143554383988, "novelty": 0.43112804495670054, "diversity": 0.884497606085868, "efficiency": 0.7422827218496167, "cost": 0.19723203762563551, "score": 0.5234250436027473}