{"quality": 0.5368818802341154, "novelty": 0.41601879233855493, "diversity": 0.6836950976864129, "efficiency": 0.7804944692813257, "cost": 0, "score": 0.5188824520843548}