{"quality": 0.7662941796347733, "novelty": 0.8425101574431672, "diversity": 0.46228378110033835, "efficiency": 0.20351960254494247, "cost": 0.23599247978946616, "score": 0.5399012418740862}