{"quality": 0.34731200256591654, "novelty": 0.3081788019671559, "diversity": 0.9958604936241339, "efficiency": 0.787769944020019, "cost": 0.08651906937357884, "score": 0.4899239846520356}