{"quality": 0.9811132627667498, "novelty": 0, "diversity": 0.36667581875519745, "efficiency": 0.41641388815942293, "cost": 0.14453774784685272, "score": 0.4156774510202926}