{"quality": 0.6811083635405949, "novelty": 1.0, "diversity": 0.5387312751234846, "efficiency": 0.5008547634481094, "cost": 0.6084755649847465}