{"quality": 0.67288626145879, "novelty": 0.5898875648690161, "diversity": 0.7841206594829212, "efficiency": 0.1848940294029737, "cost": 0.41879472369863424, "score": 0.492016533592058}