{"quality": 1, "novelty": 0.8309511614538678, "diversity": 0.687781460058888, "efficiency": 0.47882133778526254, "cost": 0.5742421051873516, "score": 0.6596930725242989}