{"quality": 0.8685559051682401, "novelty": 1, "diversity": 0.41158782521072945, "efficiency": 0.7773761654014375, "cost": 0.3522923961641466, "score": 0.674261521786419}