{"quality": 0.7115918394043441, "novelty": 0.803939373298065, "diversity": 0.45551917439476497, "efficiency": 0.2927331246519268, "cost": 0.4604665064568268, "score": 0.5034295480768789}