{"quality": 0.5575541554664644, "novelty": 0.4648984298932424, "diversity": 0.445165093201514, "efficiency": 0.7776751296741371, "cost": 0.18126713905637348, "score": 0.4710484282990359}