{"quality": 0.611788812277579, "novelty": 0.24960748224534485, "diversity": 1, "efficiency": 0.6635906724010386, "cost": 0.0019172173549751315, "score": 0.5452853933692682}