{"quality": 0.2008947804936441, "novelty": 0.750324835876753, "diversity": 0.32353450881787094, "efficiency": 0.4537614457007188, "cost": 0.7688325283204154, "score": 0.3037375089039219}