{"quality": 0.49430361684227075, "novelty": 0.0707745348761831, "diversity": 0.17711971222065054, "efficiency": 0.18945926863846374, "cost": 0.3909896815350871, "score": 0.19072858335811793}