{"quality": 0.26421869347795407, "novelty": 0.028014549670002914, "diversity": 0.5944599246160702, "efficiency": 0.5667247997444658, "cost": 0.3437602035942241, "score": 0.2557939299863485}