{"quality": 0.44943997779449796, "novelty": 0.5644740846619154, "diversity": 0, "efficiency": 0.7286965920967703, "cost": 0.7018162847091864, "score": 0.31507337484742515}