{"quality": 0.8965104623689756, "novelty": 0, "diversity": 0.1794505302974304, "efficiency": 0.12450570864194771, "cost": 0.028625434257644675, "score": 0.3206565576407064}