{"quality": 0.2790205664062152, "novelty": 0.34141465982496705, "diversity": 0.8357936314302992, "efficiency": 0.31257643410096825, "cost": 0.674857972406417, "score": 0.3156192290386697}