{"quality": 0.505935225974874, "novelty": 0, "diversity": 0.4727319846536405, "efficiency": 0.47350557343092053, "cost": 0.46334227449926896, "score": 0.27101857328790147}