{"quality": 0.03252408516604294, "novelty": 0.05162755065316528, "diversity": 0, "efficiency": 0.7408870268686755, "cost": 0.9458164807396736, "score": 0.03921551916943815}