{"quality": 0, "novelty": 0.42388177033060376, "diversity": 0.001136014338584762, "efficiency": 0.646941468338299, "cost": 0, "score": 0.20323886570111274}