{"quality": 0.2596670669230777, "novelty": 0.6057427113285059, "diversity": 0.3501055070273073, "efficiency": 0.4578707030516617, "cost": 1, "score": 0.2680375047722605}