{"quality": 0.8893919008337672, "novelty": 0.007272839223883332, "diversity": 0.2875652406944377, "efficiency": 0.5509860141859305, "cost": 0.14684100818094226, "score": 0.3941126295047839}