{"quality": 0.40835752026500377, "novelty": 0.9310709150082375, "diversity": 0.6443191422298752, "efficiency": 0.4829014499226267, "cost": 0.3225401369980396, "score": 0.5243200170661256}