{"quality": 0.5077885650693085, "novelty": 0.3130021371938721, "diversity": 0.7187222733443025, "efficiency": 0.5461284574609246, "cost": 0.7130440928653354, "score": 0.3849464178207262}