{"quality": 0.3163282044140786, "novelty": 0.5224361613455755, "diversity": 0.07341519725359619, "efficiency": 0.4650213610230103, "cost": 0.7200746902037591, "score": 0.23793627624441233}