{"quality": 0.9151020810131933, "novelty": 0, "diversity": 0.35414781862822775, "efficiency": 0.20600661312851892, "cost": 0.8181213069363062, "score": 0.29444904930525073}