{"quality": 0.4010415858139324, "novelty": 0.3374377968834528, "diversity": 0.34487874590461526, "efficiency": 0.7194181510292916, "cost": 0.3286357763871004, "score": 0.3486968191616497}