{"quality": 0.19445687801020614, "novelty": 0.5499157674299282, "diversity": 0.008492268224973773, "efficiency": 0.5028637057665786, "cost": 1, "score": 0.17294401477052543}