{"quality": 0.767515365251885, "novelty": 0.3972647801187671, "diversity": 0, "efficiency": 0.7089771882239653, "cost": 0.1568778308855973, "score": 0.4202295997502923}