{"quality": 0.49427144229806863, "novelty": 0.680546122252356, "diversity": 0.5245783512809665, "efficiency": 0.9128009213146802, "cost": 0.07945110351750914, "score": 0.552308661354154}