{"quality": 0.7753451143814396, "novelty": 0.08765703180067194, "diversity": 0.1851979130945157, "efficiency": 0.6654832176035814, "cost": 0.31259813410526893, "score": 0.3601200441135133}