{"quality": 0.45790995398029744, "novelty": 0.12547408676196142, "diversity": 0, "efficiency": 0.05704224356531368, "cost": 0.2914672920259784, "score": 0.1481511152167788}