{"quality": 0.12058971388589224, "novelty": 0.8502932649794391, "diversity": 0, "efficiency": 0.6254949193139434, "cost": 0.45623432332738945, "score": 0.29695103597497996}