{"quality": 0.28726159329880685, "novelty": 0.8751831712911204, "diversity": 0.8111975799570944, "efficiency": 0.6672548367883094, "cost": 0.939371192385266, "score": 0.47336489308356083}