{"quality": 0.9104070566059816, "novelty": 0.8497121954387621, "diversity": 0.7507190986370813, "efficiency": 0.40970394970788604, "cost": 0.13887554222651483, "score": 0.6832620238024327}