{"quality": 0, "novelty": 0.6473029380644775, "diversity": 1, "efficiency": 0.8810452623734846, "cost": 0.1694219187859347, "score": 0.47704033199354856}