{"quality": 0.6599723705660048, "novelty": 0.4354081065742953, "diversity": 0.043238632505365415, "efficiency": 0.1310609299261945, "cost": 1, "score": 0.23515060380337752}