{"quality": 0.9334508582802743, "novelty": 0.2618710664279033, "diversity": 0.18246222442030346, "efficiency": 0.5222809057797526, "cost": 0.9115322593401638, "score": 0.36918437890806527}