{"quality": 0.9546056509222024, "novelty": 0.19437633734983745, "diversity": 0.2819145983910544, "efficiency": 0.13524736917007485, "cost": 1, "score": 0.3116458046678422}