{"quality": 0.725401112312643, "novelty": 0.56060694877968, "diversity": 0.10825891168544594, "efficiency": 0.49921664059542065, "cost": 0.0338997198644134, "score": 0.4509163773286738}