{"quality": 0.18236564656058296, "novelty": 0.4823170422857961, "diversity": 0.30240057555756594, "efficiency": 0, "cost": 0.9038093694746723, "score": 0.14538813270366985}