{"quality": 0.42146017551173476, "novelty": 0.8767703426855106, "diversity": 0.6220006638769783, "efficiency": 1, "cost": 0.43336165705214147, "score": 0.5766946053950796}