{"quality": 0.564944968843028, "novelty": 0.478075124571385, "diversity": 0.0045610210590537326, "efficiency": 0.6433991305458443, "cost": 0.80378995223338, "score": 0.30604535036610403}