{"quality": 0.1813489529894615, "novelty": 0.8599624928002855, "diversity": 0.06093334821563132, "efficiency": 0.7472691238762006, "cost": 0.6245811567114967, "score": 0.33121423165031644}