{"quality": 0.39200502974243145, "novelty": 0, "diversity": 0.2924123944335254, "efficiency": 0.08699090094471931, "cost": 1, "score": 0.08913262295114241}