{"quality": 0.4963901248913926, "novelty": 0.1745377743253809, "diversity": 0.1057687136462174, "efficiency": 0.27516784290635166, "cost": 0.18732715344380346, "score": 0.2362476848695789}