{"quality": 1.0, "novelty": 0.8623419410388429, "diversity": 0.5767459458838371, "efficiency": 0.06923612927540472, "cost": 0.9269086332056524}