{"quality": 0.98765028524055, "novelty": 0.45216839056977337, "diversity": 0.6185976576718131, "efficiency": 0.35933296549265975, "cost": 0.7584737956262284, "score": 0.511109280010247}