{"quality": 0.7918207762265941, "novelty": 0.35870290373411906, "diversity": 0.5390953880917793, "efficiency": 0.22400246535549106, "cost": 0.015168494714239034, "score": 0.46712455675176356}