{"quality": 0.5817972907783393, "novelty": 0.21059077883224786, "diversity": 0.49860175538486895, "efficiency": 0.45070166280811064, "cost": 0.10932110625110904, "score": 0.3835803718146432}