{"quality": 0.6830304991557489, "novelty": 0.9304806478468783, "diversity": 0.21262323974574523, "efficiency": 0.20490788160778478, "cost": 0.4518190579598965}