{"quality": 0.9184008810132294, "novelty": 0.6693294872653308, "diversity": 0.48003506654878814, "efficiency": 0.08178018215806204, "cost": 0, "score": 0.5511266767537685}