{"quality": 0.13298896858424591, "novelty": 0.4255976846531883, "diversity": 0.5017286826037106, "efficiency": 0.7485136240320783, "cost": 0.038941336150668665, "score": 0.3550247582490579}