{"quality": 0.28462336018898227, "novelty": 0.37752415001656253, "diversity": 0.5325736738432048, "efficiency": 0, "cost": 0.4744013806564223, "score": 0.23884264226383406}