{"quality": 0.8611639431288851, "novelty": 0.7342780739961007, "diversity": 0.39918403644419526, "efficiency": 0.7630994731023887, "cost": 0.32332512845914096, "score": 0.603887916845974}