{"quality": 0.7472550332006199, "novelty": 0.10510231264976355, "diversity": 0.6283105819839181, "efficiency": 0.25461547860384137, "cost": 0.4533933407179884, "score": 0.3689671922381878}