{"quality": 0.6164585540409748, "novelty": 0.38214853450107794, "diversity": 0.041492183914708186, "efficiency": 0.18689414260211046, "cost": 0.8044677631696101, "score": 0.2363604816938591}