{"quality": 0.9990782049259052, "novelty": 0.45158533261535294, "diversity": 0.030126160393070256, "efficiency": 0.6895014337408072, "cost": 0.04094726963891268, "score": 0.5179755148074536}