{"quality": 0.9645289371507637, "novelty": 0.55274971023834, "diversity": 0.2194248954352048, "efficiency": 1, "cost": 0.058919888014566324, "score": 0.6155390989903985}