{"quality": 0.6649303512801658, "novelty": 0.6184822201948302, "diversity": 0.2476283119418232, "efficiency": 0.3778048867031737, "cost": 0.5581580132622147, "score": 0.4044802545003765}