{"quality": 0.7133613081924001, "novelty": 0.39095039272868526, "diversity": 0.921431878958145, "efficiency": 0.5139289285374098, "cost": 0.4829047417552075, "score": 0.524831231536611}