{"quality": 0.6259889441861701, "novelty": 0.28343136808454467, "diversity": 0.6650229408569394, "efficiency": 0.33294655024926717, "cost": 0.0017543233369138878, "score": 0.44142566365207375}