{"quality": 0.5489443745680965, "novelty": 0.35248456559708413, "diversity": 0.31777885201437445, "efficiency": 0.4184898703336001, "cost": 0.049693457719629935, "score": 0.3741643589506519}