{"quality": 0.6787216529056186, "novelty": 0.802820678661375, "diversity": 0.7827554057914824, "efficiency": 0.5377175746488415, "cost": 0.16491242374694998, "score": 0.6250391405179571}