{"quality": 0.5605374025684133, "novelty": 0.3915276787905104, "diversity": 0.3875502914970222, "efficiency": 0.15253729558310566, "cost": 0, "score": 0.3664337931050219}