{"quality": 0, "novelty": 0.3271938052504426, "diversity": 0, "efficiency": 0.40717954504305237, "cost": 0.5483792253926403, "score": 0.08803746052980446}