{"quality": 0.1746495215735417, "novelty": 0.2832761850437474, "diversity": 0.6420832094131588, "efficiency": 0.38971909908824814, "cost": 0.5259819530097478, "score": 0.25749021417789353}