{"quality": 0.5869720126790838, "novelty": 0.2123169494775345, "diversity": 0.11264585024113699, "efficiency": 0.7749340119157611, "cost": 0.5934936144387599, "score": 0.30859075156482435}