{"quality": 0.05608675398810323, "novelty": 0.20015330033984674, "diversity": 0.12143347024250596, "efficiency": 0.26037550486441857, "cost": 0.3335140936027695, "score": 0.09685596169927968}