{"quality": 0.08007300421884639, "novelty": 0.261431213383104, "diversity": 0.7727173967206353, "efficiency": 0.326473909514603, "cost": 0.39859943835725054, "score": 0.25303432654702235}