{"quality": 0.1972231751163653, "novelty": 0.6231380775037955, "diversity": 0.5798766473326447, "efficiency": 0.633135437513653, "cost": 0.16624867678178373, "score": 0.40927224932625694}