{"quality": 0.28569652145586544, "novelty": 0.1942561764520067, "diversity": 0.6041246432032489, "efficiency": 0.4954374844858797, "cost": 0.03175152716954471, "score": 0.32623839914633856}