{"quality": 0.6779403504294497, "novelty": 0.20319918776180237, "diversity": 0.35887879100120795, "efficiency": 0.07375571758482394, "cost": 0.10058216210897403, "score": 0.3269628016963533}