{"quality": 0.947136356690525, "novelty": 0, "diversity": 0.8130857850769332, "efficiency": 0.4015504086536651, "cost": 0.551395453425754, "score": 0.4518510799780185}