{"quality": 0.6940528497498186, "novelty": 0.1982169801488638, "diversity": 0.7142653363805707, "efficiency": 0, "cost": 0.3015669586284472, "score": 0.37046647137543093}