{"quality": 0.4963713706229843, "novelty": 0.5653982542151026, "diversity": 0.40437412586628313, "efficiency": 0.7672120780653932, "cost": 0.6226458524086116, "score": 0.42395302638287535}