{"quality": 0.6566398642924496, "novelty": 0.4828716103119926, "diversity": 0.4083296158553609, "efficiency": 0.8344542963442199, "cost": 1, "score": 0.4245439294884382}