{"quality": 0.9928278892334921, "novelty": 0.046643526786850575, "diversity": 0.2495835016675244, "efficiency": 0.7523127257277378, "cost": 0.4190086469978011, "score": 0.4303719929596457}