{"quality": 0.485397535496839, "novelty": 1, "diversity": 0.4808393581794095, "efficiency": 0.3699080985528066, "cost": 0.6617923135621081, "score": 0.48109411571164384}