{"quality": 0.3214147421368705, "novelty": 1, "diversity": 0.3359967778274396, "efficiency": 0.5146157634822667, "cost": 0.5203727294032556, "score": 0.4387788697885635}