{"quality": 0.8027025723747754, "novelty": 0.495449384910695, "diversity": 0.8483984116143256, "efficiency": 0.47153330404672306, "cost": 0.3706585916799069}