{"quality": 0, "novelty": 0.6336877108912145, "diversity": 0.9666626576210672, "efficiency": 1, "cost": 0.7752502057855504, "score": 0.4242294386684621}