{"quality": 0, "novelty": 0.24364094961225446, "diversity": 0.6185169125862651, "efficiency": 0.345573586141766, "cost": 0.3159533685402086, "score": 0.20485432098756068}