{"quality": 0.3947069146275393, "novelty": 0, "diversity": 0.33274305612451827, "efficiency": 0.736522882825962, "cost": 0.8004516746416466, "score": 0.21539395057289507}