{"quality": 0.1745567323452003, "novelty": 0.6166452984106409, "diversity": 0.7828800901635676, "efficiency": 0.9492485873152486, "cost": 0.8082575178968818, "score": 0.4246658986465329}