{"quality": 0.3920046745147037, "novelty": 0.6999447351693806, "diversity": 0.5956759483982952, "efficiency": 0.8417554764286159, "cost": 0.2532192268206083, "score": 0.5126641746086469}