{"quality": 0.23157433645883668, "novelty": 0.5515089221476721, "diversity": 0.9660645625051667, "efficiency": 0.6620002115546069, "cost": 0.42283857465897756, "score": 0.45757861824289564}