{"quality": 0.029206690299760585, "novelty": 0.8871014805973996, "diversity": 0.5043576966894825, "efficiency": 0.7574314982514634, "cost": 0.6850324034050925, "score": 0.3765204009743848}