{"quality": 0.3196785169489552, "novelty": 0.10401006132333962, "diversity": 0.6985147869798689, "efficiency": 0.6508237744207378, "cost": 0.5839273197629558, "score": 0.30083986199831037}