{"quality": 0.944258607643278, "novelty": 0, "diversity": 0.7367931880845437, "efficiency": 0, "cost": 1, "score": 0.3306362199098921}