{"quality": 0.9850942473615454, "novelty": 1, "diversity": 0, "efficiency": 0.672982933980022, "cost": 0.2840538406821394, "score": 0.618070330237253}