{"quality": 0.22150214446123478, "novelty": 0.08063351722176781, "diversity": 0.5602093407495061, "efficiency": 0.8856849707770355, "cost": 0.6499575549362389, "score": 0.266507880916645}