{"quality": 1, "novelty": 0.2116379974834684, "diversity": 0.6080127239797793, "efficiency": 0.09218588600399746, "cost": 0.27273511414871665, "score": 0.4610664156525509}