{"quality": 0.2951252430512086, "novelty": 0.2290848250238362, "diversity": 0, "efficiency": 0.47380647813651444, "cost": 0.4436004814814779, "score": 0.172519702743651}