{"quality": 0.3766297876645123, "novelty": 0.4323931810942562, "diversity": 0.4161546696923463, "efficiency": 0.7013813865454264, "cost": 0.7114382132660486, "score": 0.3383815521665961}