{"quality": 0.8039729897217215, "novelty": 0.2994114357402398, "diversity": 0.9668128453387016, "efficiency": 0.3757480861691598, "cost": 0.19480433322591237}