{"quality": 0.8451548351649176, "novelty": 0.7831428229968755, "diversity": 0.3289303009505333, "efficiency": 0.7759948157855306, "cost": 0.4580139595118527, "score": 0.5857160429054452}