{"quality": 0.8943027189515671, "novelty": 0.9425182150535424, "diversity": 0.527818223425857, "efficiency": 0.9454910595807232, "cost": 0.6002285598582643}