{"quality": 0.3027842843536488, "novelty": 0.27126309429907125, "diversity": 0.3383898284480837, "efficiency": 0.8432704242481146, "cost": 0.7651003802106005, "score": 0.2763095501866364}