{"quality": 1, "novelty": 0.423126989880712, "diversity": 0.6648803273298801, "efficiency": 0.04737270693095061, "cost": 0.7174312491484938, "score": 0.4741205940609472}