{"quality": 0.6470586315922338, "novelty": 0.6558561851077366, "diversity": 0.663106000453082, "efficiency": 0.2308602257265503, "cost": 0.3369181049470256, "score": 0.49164005920950066}