{"quality": 0.6746478248802501, "novelty": 0.7523297567044183, "diversity": 0.9043108500521868, "efficiency": 0.49437264477893983, "cost": 1, "score": 0.545494853367458}