{"quality": 0.7439513965756724, "novelty": 0.14506166779635465, "diversity": 0.23817713408507135, "efficiency": 0.6405988893552029, "cost": 0.5932403837290714, "score": 0.34385205776917793}