{"quality": 0.9607532603307154, "novelty": 0.4486097444142476, "diversity": 0, "efficiency": 0.6216104340462411, "cost": 0.5535165344333441, "score": 0.43826832586637826}