{"quality": 0.3162988367499928, "novelty": 0.834564993989627, "diversity": 0.5328312280151632, "efficiency": 0.9661700982160952, "cost": 0.1065064355975262, "score": 0.544372016298099}