{"quality": 0.40366527138406927, "novelty": 0.11576920587155454, "diversity": 0.1232001822467344, "efficiency": 0.2273649423062903, "cost": 0.7956095376356822, "score": 0.12922570691483162}