{"quality": 0.567947218561552, "novelty": 0.43397946847941854, "diversity": 0.44623031198482854, "efficiency": 0.7276973040312633, "cost": 0.8570236873808205, "score": 0.3915773219518933}