{"quality": 0.6163793375635724, "novelty": 0.9982552667118714, "diversity": 0.9123456433371283, "efficiency": 0.9792123898841066, "cost": 0.2742721770052, "score": 0.7364013873965612}