{"quality": 0.9170925482103167, "novelty": 0.5084139399202698, "diversity": 0.7725318581514418, "efficiency": 0.06537737245245112, "cost": 0.5287258534482503, "score": 0.5136716415964935}