{"quality": 0.8814852822683048, "novelty": 0.629546251607144, "diversity": 0.6487948477917198, "efficiency": 0.3358602619829275, "cost": 0.5962272166669338, "score": 0.5423474347713672}