{"quality": 0.6710896863207516, "novelty": 0.24453552628699077, "diversity": 0, "efficiency": 0.1347317406017457, "cost": 0.9123570278829671, "score": 0.1914348457699383}