{"quality": 0.7555727081455939, "novelty": 0.7598323051056652, "diversity": 0.16188587936793822, "efficiency": 0.7918885095312684, "cost": 0.6489466137711971, "score": 0.5028956796462526}