{"quality": 0.3790391981811323, "novelty": 0.6850042635794413, "diversity": 0.9255034494010415, "efficiency": 1, "cost": 0.7880964708769553, "score": 0.5412538681417128}