{"quality": 0.502920685459339, "novelty": 0.8090725014593836, "diversity": 0.30683135039358184, "efficiency": 0.9132036218319535, "cost": 0.5846729159538291, "score": 0.4930238527607741}