{"quality": 0.8730712119095438, "novelty": 0.37567015242084456, "diversity": 1, "efficiency": 0.6504437189172242, "cost": 0.1670853737392057, "score": 0.6366969221417373}