{"quality": 1, "novelty": 0.14652843754497819, "diversity": 0.24851463623859066, "efficiency": 0.7607717050592433, "cost": 0.7386604066591955, "score": 0.4265847517269296}