{"quality": 0.5357241251632959, "novelty": 0.12657352771182473, "diversity": 0.42936311239742864, "efficiency": 0.6028929994014798, "cost": 0.1708576577509578, "score": 0.3515814260915569}