{"quality": 0.3163425021133572, "novelty": 0.07637183215984022, "diversity": 0.5507501485686446, "efficiency": 0.3004139343139575, "cost": 0.3091347392633003, "score": 0.2382943546084597}