{"quality": 0.020019061464978616, "novelty": 0.7753576102893022, "diversity": 0.6366504224512062, "efficiency": 0.27023699448817873, "cost": 0.32579124311266827, "score": 0.3351316303640204}