{"quality": 0.7711686062283668, "novelty": 0.678631636849949, "diversity": 0.45811195330024324, "efficiency": 0.4267339583056897, "cost": 0.5512917555848097}