{"quality": 0.707036317370641, "novelty": 0.46288196124386627, "diversity": 0.9079734884059409, "efficiency": 0.2466895440829175, "cost": 0.2275060133395816, "score": 0.5236789134818265}