{"quality": 0.25057561156432384, "novelty": 0.6675385107446266, "diversity": 0.2643822569203017, "efficiency": 0.3095230219756912, "cost": 0.8198351712655325, "score": 0.25937869870931457}