{"quality": 0.11614579512648643, "novelty": 0.2801345609918825, "diversity": 0.551151551244635, "efficiency": 0.3253505740784199, "cost": 1, "score": 0.16391027514660653}