{"quality": 0.10918942142988985, "novelty": 0.16146771710285593, "diversity": 0.7592294761807654, "efficiency": 0.33645688226692916, "cost": 0.9527971716983296, "score": 0.18015846611104047}