{"quality": 1, "novelty": 0.7533750413164585, "diversity": 0.4145526312353812, "efficiency": 0, "cost": 0.3423298842051664, "score": 0.5370212981556743}