{"quality": 0.6197223917805084, "novelty": 0.9409728089493602, "diversity": 0.5619011306722627, "efficiency": 1.0, "cost": 0.4420983584601942}