{"quality": 0.7585897820877189, "novelty": 0.8131433534105768, "diversity": 0.8211567227551319, "efficiency": 0.3565811881916806, "cost": 0.7946773829109592, "score": 0.5691135574676423}