{"quality": 0.10612652153832586, "novelty": 0.6999215363167768, "diversity": 0.5752013900017554, "efficiency": 0.0620442520450912, "cost": 0.5050032264044025, "score": 0.28066493370736645}