{"quality": 0.23604593796341772, "novelty": 0.5401073276707825, "diversity": 0.867086878275976, "efficiency": 0.7972203569787331, "cost": 0.5889424980873689, "score": 0.43994679269998915}