{"quality": 0.6404405797960008, "novelty": 0.7924049475227652, "diversity": 0.48580874303139954, "efficiency": 0.6200016984953871, "cost": 0.008735671886368007, "score": 0.5795218470114427}