{"quality": 0.30469389429883675, "novelty": 0.7366398856877777, "diversity": 0.35194151801757506, "efficiency": 0.7551854492554161, "cost": 0.5383981687233845, "score": 0.4053944438310844}