{"quality": 0.7034456707416104, "novelty": 0.9515715607310107, "diversity": 0.9017597080845754, "efficiency": 0.4855677550093623, "cost": 0.0756445816454695, "score": 0.6945492381090083}