{"quality": 0.1426870361783017, "novelty": 0.5787615017892284, "diversity": 0.19088209905546671, "efficiency": 1, "cost": 0.6067831342751038, "score": 0.31499459268438057}