{"quality": 0.7770618972351782, "novelty": 0.00985560145758066, "diversity": 0.42703561388472466, "efficiency": 0.7662989964813449, "cost": 0.49404076698612, "score": 0.3865303650854833}