{"quality": 0.4703104359585864, "novelty": 0.6728352335950618, "diversity": 0.1214144550085047, "efficiency": 0.6558350520660144, "cost": 0, "score": 0.4319600879979445}