{"quality": 0.32405291315211887, "novelty": 0.2552462100261493, "diversity": 0.8646511883796895, "efficiency": 0.31388982632234563, "cost": 0.7467524902402649, "score": 0.3063658890524362}