{"quality": 0.9501532173847431, "novelty": 0.7113510823264337, "diversity": 0.7226418865510311, "efficiency": 0.48116142748568513, "cost": 0.12564211393614722, "score": 0.6670221158364756}