{"quality": 0.24102523903131856, "novelty": 0.2714050752832982, "diversity": 0.8606041022309203, "efficiency": 0.06951358088603365, "cost": 0.04256719466825373, "score": 0.31844997864248387}