{"quality": 0.38137594236952427, "novelty": 0.8759424715172326, "diversity": 0.526264354008044, "efficiency": 0.4208014848151216, "cost": 0.44765859400942487, "score": 0.4570056347131001}