{"quality": 0.7979566114328414, "novelty": 0.2748533612179383, "diversity": 0.6112987279057691, "efficiency": 0.1977503416054896, "cost": 0.0167728829362446, "score": 0.4583453322626898}