{"quality": 0.5871091807748028, "novelty": 0.9571937303592095, "diversity": 0.7189934189472305, "efficiency": 0.5655323759497173, "cost": 0.29389424722717905, "score": 0.614670302281429}