{"quality": 0.07651065009694669, "novelty": 0.9388525528590644, "diversity": 0.9018769380909798, "efficiency": 0, "cost": 0.12742506828572434, "score": 0.42529921403347365}