{"quality": 0.4714721720080114, "novelty": 0.24831404896302514, "diversity": 0.5563796129330104, "efficiency": 0.5159932157327088, "cost": 0.9240032706420943, "score": 0.29979474172545867}