{"quality": 0.6130165780206087, "novelty": 0.10245576973515774, "diversity": 0.01774975464859896, "efficiency": 0.2699727469298872, "cost": 0.8285620664614272, "score": 0.1707085721630322}