{"quality": 0.11545390144637602, "novelty": 0.6938225622361904, "diversity": 0.7052437372765408, "efficiency": 0.6474814371619861, "cost": 0.05921939807344537, "score": 0.44034083421522197}