{"quality": 1, "novelty": 0.46125715275158785, "diversity": 0.7961592035354718, "efficiency": 0.9266423037039297, "cost": 0.8528657157335571, "score": 0.6282559028772251}