{"quality": 0.6819799768623623, "novelty": 0.9910436191291947, "diversity": 0.6788310091424066, "efficiency": 0.9491816630819048, "cost": 0.08108193149133508, "score": 0.7223901559826409}