{"quality": 0.20227042876749463, "novelty": 0.6527513356019338, "diversity": 0.12319202478157881, "efficiency": 0.08946446342972217, "cost": 0.9462422161979454, "score": 0.16730281538171138}