{"quality": 0.6204989868856148, "novelty": 0, "diversity": 0.7381218978979299, "efficiency": 0, "cost": 0.5472260666806653, "score": 0.27905146897720384}