{"quality": 0.5466534211571515, "novelty": 0.14495631516769905, "diversity": 0.24436010672212377, "efficiency": 0.5806138127152484, "cost": 0.3356836989209928, "score": 0.30263082849868295}