{"quality": 0.038326860244344674, "novelty": 0.46550408528207715, "diversity": 0.7929496777214838, "efficiency": 0.6344819260025357, "cost": 0.2675009202221981, "score": 0.35488621181628}