{"quality": 0.43892152656756306, "novelty": 0.33096735923702897, "diversity": 0.773600281168827, "efficiency": 0.3889784653551389, "cost": 0.6653138225187695, "score": 0.3609537415646854}