{"quality": 0, "novelty": 1, "diversity": 1, "efficiency": 0.4165568461128496, "cost": 1, "score": 0.41248352691692747}