{"quality": 0.7408846114146793, "novelty": 0.446843963252119, "diversity": 0.22072853293309735, "efficiency": 0.9162327061967303, "cost": 0.4449152600219492, "score": 0.4710654607513676}