{"quality": 0.3442103963962364, "novelty": 0.2732585870108314, "diversity": 0.6618466748436023, "efficiency": 1, "cost": 0.27803879095952894, "score": 0.4261432215443464}