{"quality": 0.9256716353845922, "novelty": 0.7772509771273606, "diversity": 0.7148021745361791, "efficiency": 0.13344977648975453, "cost": 0.8878523724142982, "score": 0.5462068990364869}