{"quality": 0.8736114673141375, "novelty": 0.0811943358108059, "diversity": 0.22201448898126647, "efficiency": 0.7056370599525463, "cost": 0.6830917025456377, "score": 0.36432131068151413}