{"quality": 0.07291493905859309, "novelty": 0.7378163368339908, "diversity": 0.6505168718396941, "efficiency": 0.060595100990658846, "cost": 0.015181218271515251, "score": 0.3440030836154617}