{"quality": 0.6309098101368893, "novelty": 0, "diversity": 0.25157893841625667, "efficiency": 0.5563907786585593, "cost": 0.8975046997188798, "score": 0.23329687755121406}