{"quality": 1, "novelty": 0.4953718621115317, "diversity": 0.23947039492199768, "efficiency": 0.32980643756088995, "cost": 1, "score": 0.42120801014641596}