{"quality": 0, "novelty": 1, "diversity": 0.4167605239534563, "efficiency": 0.5304685933922436, "cost": 0.0520544960001445, "score": 0.4077169441995134}