{"quality": 0.05547835021481845, "novelty": 0.6275324362501664, "diversity": 0.9231395240038465, "efficiency": 0.39955172309929854, "cost": 0, "score": 0.41808727739265117}