{"quality": 0.41122452646152763, "novelty": 0.527302572670551, "diversity": 0.21379384234486878, "efficiency": 0.5801303037554959, "cost": 0.45547243217365707, "score": 0.33942407192102847}