{"quality": 0.7655659737113191, "novelty": 0.4023719124962038, "diversity": 0.2844445480670854, "efficiency": 0.5291267596565465, "cost": 0.5352173201327683, "score": 0.4129989617860689}