{"quality": 0.7430657665891869, "novelty": 0.5857226209040629, "diversity": 0.16778018348210272, "efficiency": 0.564741427528449, "cost": 0.7934226008109162, "score": 0.408275375947368}