{"quality": 1, "novelty": 0.4308738538886137, "diversity": 0.050882535519109345, "efficiency": 0.36168648555687904, "cost": 0.7745268605993133, "score": 0.3946952573495758}