{"quality": 0.5992562641377444, "novelty": 0.27056586166542884, "diversity": 0.16408027925968804, "efficiency": 0.7846459746617195, "cost": 0.09674844019972689, "score": 0.38825645268890335}