{"quality": 0.9923096093974795, "novelty": 0, "diversity": 0.9577499725048437, "efficiency": 0.9235543958799028, "cost": 0.9311919788618612, "score": 0.5346568388160119}