{"quality": 0.6945178488334736, "novelty": 0.23740067912577192, "diversity": 0.35796159325414173, "efficiency": 0.3722231010408114, "cost": 0.8935290397629637, "score": 0.3057784042621387}