{"quality": 0.15630452681626777, "novelty": 0.7412850215820284, "diversity": 0.95647054105399, "efficiency": 0.4816930495557088, "cost": 0.06842087615477112, "score": 0.48891859146906463}