{"quality": 0, "novelty": 0.7634441988040249, "diversity": 0.7253065738717128, "efficiency": 0.8551777477638214, "cost": 0, "score": 0.46419902663992196}