{"quality": 0.5470617278687072, "novelty": 0, "diversity": 0.7937466318435185, "efficiency": 0, "cost": 0.6653151165554299, "score": 0.25633633307377285}