{"quality": 0, "novelty": 1, "diversity": 0.7245907325935725, "efficiency": 0.4392526124583382, "cost": 0.021318387364936714, "score": 0.4586741996509715}