{"quality": 0.7791469024938675, "novelty": 0.6293166814636344, "diversity": 0.08944901487289622, "efficiency": 0.841829762132213, "cost": 0.05529109438454968, "score": 0.5297083989700251}