{"quality": 0.6078642192956819, "novelty": 0.4464721359371713, "diversity": 0.9329757172804696, "efficiency": 0.23170757243298729, "cost": 0.1945175998437364, "score": 0.49587681910966575}