{"quality": 0.17029133505000846, "novelty": 0.09079979324192738, "diversity": 0.5932309209323676, "efficiency": 0.8893675735947352, "cost": 0.4903389225449087, "score": 0.27680477679667737}