{"quality": 0.7943702455544983, "novelty": 0.005755283360423524, "diversity": 0.19272684257251516, "efficiency": 0.1623709168164948, "cost": 0.14792805374382278, "score": 0.28785809516905037}