{"quality": 0.2730070393460112, "novelty": 0.8227638215171851, "diversity": 0.4271492737442145, "efficiency": 0.511990373334348, "cost": 0.5630108887755907, "score": 0.3935203890545356}