{"quality": 0.4719178702501977, "novelty": 0.2637560464554495, "diversity": 0.4568174258927845, "efficiency": 0.6986444863781454, "cost": 1, "score": 0.3036745308242004}