{"quality": 0.5415539256688735, "novelty": 0.2929866359461826, "diversity": 0.758231525422352, "efficiency": 0.06870042263396207, "cost": 0.9139841879230929, "score": 0.3062657863744631}