{"quality": 0.8229182702776868, "novelty": 0.6933699190089397, "diversity": 0.04208127708691506, "efficiency": 0.7661111786315149, "cost": 0.6018086399078499, "score": 0.48337002905686616}