{"quality": 0.739350950490243, "novelty": 0.5093332980361582, "diversity": 0.2942944287324326, "efficiency": 0.8525732107466595, "cost": 0.5560545642282373, "score": 0.4802780205917741}