{"quality": 0.45086770485146915, "novelty": 0.8927909156328135, "diversity": 0.26514015543326297, "efficiency": 0.8421159307806365, "cost": 0.8134864882141366, "score": 0.4564548122459785}