{"quality": 0.7198298368202642, "novelty": 1, "diversity": 0.2353628618685607, "efficiency": 0.4652916736188179, "cost": 0.8454109016903298, "score": 0.49827418429358106}