{"quality": 0.575263725167442, "novelty": 0.7796676633213045, "diversity": 0.583296482781624, "efficiency": 0.29466576078101275, "cost": 1, "score": 0.42835519405403544}