{"quality": 0.2800913346323259, "novelty": 0.527356740313589, "diversity": 0.6674431093576527, "efficiency": 0.47046613932569675, "cost": 0.41608616591996267, "score": 0.3783165116464838}