{"quality": 0.09461592134437674, "novelty": 0.024149567859805265, "diversity": 0.25857432857193346, "efficiency": 1, "cost": 0.18435291958273467, "score": 0.21770174212437754}