{"quality": 0.8037871364317843, "novelty": 0.7592955848820508, "diversity": 0.13363236856057836, "efficiency": 0.9596338808044699, "cost": 0.6365871761688104, "score": 0.5379728753659532}