{"quality": 0.33651177045653224, "novelty": 0.3627327411186869, "diversity": 0.41682116957884047, "efficiency": 0.20701500615206947, "cost": 0, "score": 0.3060532012552099}