{"quality": 0.579115737237391, "novelty": 0.3350103774381317, "diversity": 0.3870412256942101, "efficiency": 0.7110525204770449, "cost": 0.6439080353472135, "score": 0.3771626352064276}