{"quality": 0.8627064998846966, "novelty": 0.046946169332209686, "diversity": 0.9464694899201758, "efficiency": 0.49792918069016984, "cost": 0.46976681553208943, "score": 0.4875550858328131}