{"quality": 0.20057491562366947, "novelty": 0.48136030897750903, "diversity": 0, "efficiency": 0.5396781120538451, "cost": 0.10698010971120273, "score": 0.2507662577684346}