{"quality": 0.9531184550328693, "novelty": 0.3405052494579679, "diversity": 0.38126376901665526, "efficiency": 0.7489226353319696, "cost": 0, "score": 0.5596529979774792}