{"quality": 0.7348571689698189, "novelty": 0.09468265188601471, "diversity": 0.6619917265215531, "efficiency": 0.033934735063945926, "cost": 0.862564262324051, "score": 0.2953599429939468}