{"quality": 0.4574279542098275, "novelty": 0.618919950744693, "diversity": 0.6935332191549486, "efficiency": 0.11781324792823836, "cost": 0.2643014451035759, "score": 0.4219068604589894}