{"quality": 0.05686254140394931, "novelty": 0.052090897002374986, "diversity": 0.9067087292821594, "efficiency": 0.11564978517293933, "cost": 0.5702503640997986, "score": 0.17174566389417148}