{"quality": 0.26153678953701415, "novelty": 0.42451166384509476, "diversity": 0.10220217766775588, "efficiency": 0.35454691087900086, "cost": 0.06109764013420557, "score": 0.25210166097435865}