{"quality": 0.464977687695303, "novelty": 0.8943413249838534, "diversity": 0.9459007892340927, "efficiency": 0, "cost": 0.1285626705236248, "score": 0.5394025283490103}