{"quality": 0.3862595438389326, "novelty": 0.5670824318983687, "diversity": 1, "efficiency": 0.6637035530053257, "cost": 0.2029993902970506, "score": 0.5369040650473658}