{"quality": 0.3211786598612318, "novelty": 0.5689153801249891, "diversity": 0.8792555455298617, "efficiency": 1, "cost": 0.8851996642199012, "score": 0.4759135856735991}