{"quality": 0, "novelty": 0, "diversity": 0.6306976813883787, "efficiency": 0.28797745015208454, "cost": 0.5580122860691943, "score": 0.11353492519356898}