{"quality": 0.760623874288989, "novelty": 0.31446075514458943, "diversity": 0.2553568761814648, "efficiency": 0.09891909608681683, "cost": 0.6632182392265583, "score": 0.3063897667995037}