{"quality": 0.27023411816845155, "novelty": 0.4789692623413226, "diversity": 0.9630714506482566, "efficiency": 0.27811368309158274, "cost": 0.4758197985460968, "score": 0.3875619137746451}