{"quality": 0.07341506693398037, "novelty": 0.35887951010491975, "diversity": 0.14271585780165896, "efficiency": 0.07590713732050389, "cost": 0.2454927031428124, "score": 0.12712436945055017}