{"quality": 0.9536791368488626, "novelty": 0.9790309891950065, "diversity": 0.6142667721006329, "efficiency": 0.9049622324557693, "cost": 0.93306132981873, "score": 0.6961530446600295}