{"quality": 0.49779168195681545, "novelty": 0.5011282782185401, "diversity": 0.7205373524219252, "efficiency": 0.1526166783184618, "cost": 0.6383630636588475, "score": 0.37778324000794916}