{"quality": 0.6031312862535285, "novelty": 0.5549909114384478, "diversity": 0.12253672415794983, "efficiency": 0.6656954903439138, "cost": 0.01020437859883161, "score": 0.44302834425896437}