{"quality": 0.7590325809841911, "novelty": 0.3881890178387017, "diversity": 0.24206692280792996, "efficiency": 0.9372120741973999, "cost": 0.8334107402008486, "score": 0.43041115042604394}