{"quality": 1, "novelty": 0.2433122498513357, "diversity": 0, "efficiency": 0.2389578961240103, "cost": 0.9871259777453382, "score": 0.29795914910690163}