{"quality": 0.18390131109856772, "novelty": 0.7067758530033196, "diversity": 0.10579328365087393, "efficiency": 0.8032949678766618, "cost": 0.24370298610804558, "score": 0.34914695988126976}