{"quality": 0.8090720744375248, "novelty": 1.0, "diversity": 0.37332740101943085, "efficiency": 0.20280103673991962, "cost": 0.5017971480960423}