{"quality": 0.4468833234182549, "novelty": 0.28259164154476535, "diversity": 0.7963437091416241, "efficiency": 0.8376504411370772, "cost": 0.4767063204968127, "score": 0.441958583360873}