{"quality": 0.5886900932600708, "novelty": 0.08394291389640324, "diversity": 0.4151028985225521, "efficiency": 0.6104618427994591, "cost": 0.7548627396465846, "score": 0.2966963386118929}