{"quality": 0.7667777477740474, "novelty": 0.5720961339327576, "diversity": 0.15083051415038215, "efficiency": 0.6054762853104568, "cost": 0.8882897347499711, "score": 0.4052159299670514}