{"quality": 0.267189023340154, "novelty": 0, "diversity": 0.43599255891420907, "efficiency": 0.7823677240504654, "cost": 0, "score": 0.2847103773924578}