{"quality": 0.24938788103227116, "novelty": 0.8316908220025139, "diversity": 0.7521538221509865, "efficiency": 0.4998269134919209, "cost": 0.41767417565957254, "score": 0.466376453698338}