{"quality": 0.5443604185223128, "novelty": 0.7264008243585403, "diversity": 0.4303898559608915, "efficiency": 0.5388374097011313, "cost": 0.5206785623395762, "score": 0.4597440580597193}