{"quality": 0.1579362458673413, "novelty": 0.4489415999261911, "diversity": 0.3217614441399692, "efficiency": 0, "cost": 0.6547001226595839, "score": 0.15849855030378562}