{"quality": 0, "novelty": 0.47641210314400717, "diversity": 0, "efficiency": 0.3399320761361172, "cost": 0.8243840623499912, "score": 0.08765443097142026}