{"quality": 0.5568818774903586, "novelty": 0.27603015489673044, "diversity": 0.007333888028381003, "efficiency": 0.6360386538035777, "cost": 0.6209610254059664, "score": 0.27084857510690635}