{"quality": 0.8873651481278096, "novelty": 0.5952130570216317, "diversity": 0.3844418321142511, "efficiency": 0.5805677592482872, "cost": 0.3579552114414607}