{"quality": 0.6329446506824603, "novelty": 0.0658401026807259, "diversity": 0.3120563331232848, "efficiency": 0.7166980514920969, "cost": 0.7070585214462997, "score": 0.3055535430787611}