{"quality": 0.13960189410044815, "novelty": 0.6982995710457487, "diversity": 0.6284149871589992, "efficiency": 0.511316350678904, "cost": 0.7054347804471919, "score": 0.34829243298048784}