{"quality": 0, "novelty": 0.36764976679944583, "diversity": 1, "efficiency": 0.510617756673807, "cost": 0.4719223840115945, "score": 0.32131286679977306}