{"quality": 0.8557245197054514, "novelty": 0.2186203610129088, "diversity": 0.0, "efficiency": 1.0, "cost": 0.09676738812957464}