{"quality": 0.5712850258594453, "novelty": 0.8366167622476154, "diversity": 0.6591251612723887, "efficiency": 0.3354724944742166, "cost": 0.24238308500493788, "score": 0.5384472962448539}