{"quality": 0.5657129131884343, "novelty": 0.228828472840719, "diversity": 0.544838401536341, "efficiency": 0.48328274343784533, "cost": 0, "score": 0.40838108398965506}