{"quality": 0.47486154030284317, "novelty": 0.05676227937575046, "diversity": 0.23367904930101366, "efficiency": 0.24194086973436796, "cost": 0.14662177721682212, "score": 0.2250137945334663}