{"quality": 0.8208064930952814, "novelty": 0.6168298587806513, "diversity": 0.16457238007162162, "efficiency": 0.26972697219512726, "cost": 0.2571111540807088, "score": 0.4481118190592698}