{"quality": 0.31022873768472137, "novelty": 1, "diversity": 0.4587866496321871, "efficiency": 0.4988217166664106, "cost": 0.7492182633254605, "score": 0.43472738239926934}