{"quality": 0.5834297947478996, "novelty": 0.4670603334347812, "diversity": 0.8260492152449368, "efficiency": 0.902817368700215, "cost": 0.9023035857881712, "score": 0.5021961115582677}