{"quality": 0.77509121103874, "novelty": 0.8701073984174169, "diversity": 0.024295603837562657, "efficiency": 0.6489405451642654, "cost": 0.09787361745473494, "score": 0.5424670537126551}