{"quality": 0.05444170429804723, "novelty": 0.729422710259475, "diversity": 0.7258859362899286, "efficiency": 0.04737370201098168, "cost": 0.25552438372725034, "score": 0.3254189930411909}