{"quality": 0.7078890073293778, "novelty": 0.5051118926620489, "diversity": 0, "efficiency": 0.016483165814059147, "cost": 0.13899876273442374, "score": 0.32721727396299205}