{"quality": 0, "novelty": 0.3513973132312357, "diversity": 0.10294656764554569, "efficiency": 0.24013075050005372, "cost": 0.6256742484252787, "score": 0.08189082956939824}