{"quality": 0.9652920821749328, "novelty": 0.8393780541169712, "diversity": 0.5795703497385452, "efficiency": 0.9577203801559142, "cost": 0.6019482675993469, "score": 0.6988094383928841}