{"quality": 0.07243943607779546, "novelty": 0.2865927561034608, "diversity": 0, "efficiency": 0.12392014324825887, "cost": 0.8912273543181659, "score": 0.02284530590462608}