{"quality": 0.22353310383587716, "novelty": 0, "diversity": 0.1501617974680176, "efficiency": 0.6614345413465393, "cost": 0.4702014371232468, "score": 0.14928732813402287}