{"quality": 0.28986750369826286, "novelty": 0.09806200884010477, "diversity": 0.07171877415829554, "efficiency": 1, "cost": 0.7650829105242296, "score": 0.19931121709874122}