{"quality": 1, "novelty": 0.9304873205369659, "diversity": 0.23104055185300854, "efficiency": 0.8452960271933311, "cost": 0.5361451976918877, "score": 0.6520098248146541}