{"quality": 0.46147320989579976, "novelty": 0.0368677974480931, "diversity": 0.5623650352766633, "efficiency": 0.8975545699266445, "cost": 0.09135189321211429, "score": 0.3856299155538811}