{"quality": 0.7488340524544672, "novelty": 0.6647851397649636, "diversity": 0.09036147677569195, "efficiency": 0.18285456847155385, "cost": 0.8793968028697637, "score": 0.3484073010164762}