{"quality": 0.9204918124960204, "novelty": 0.13033736344629482, "diversity": 0.5526209871109925, "efficiency": 0.22995278451896084, "cost": 0, "score": 0.45374899971042243}