{"quality": 0.7943666062044603, "novelty": 0.5557386237051911, "diversity": 0.9739039177237008, "efficiency": 0.8038746901180673, "cost": 0.5154697131287367, "score": 0.6410596535372124}