{"quality": 0.5936680091514315, "novelty": 0.7702860838181018, "diversity": 0.8608067123131982, "efficiency": 0.5287183817191268, "cost": 0.4590284166531534, "score": 0.5762381817551482}