{"quality": 0.04209346551365617, "novelty": 0.6171851794009331, "diversity": 0.49565053025644273, "efficiency": 0.4280249827886561, "cost": 0.16752518273660028, "score": 0.31350566970025706}