{"quality": 0.9232705377758915, "novelty": 0.0, "diversity": 0.674357609258788, "efficiency": 1.0, "cost": 0.9284905317942638}