{"quality": 0.6547152692194247, "novelty": 0.9242217667820852, "diversity": 0.10929594568236817, "efficiency": 0.7965206275191381, "cost": 0.6860819849078635, "score": 0.5001991072349067}