{"quality": 0.7179998501460778, "novelty": 0, "diversity": 0.3113722982719756, "efficiency": 1, "cost": 0.9229694489994805, "score": 0.3353774697982704}