{"quality": 0.5267517027037905, "novelty": 0.2942861100717481, "diversity": 0.08655125558709784, "efficiency": 0.09406065674539577, "cost": 1, "score": 0.16301638795830312}