{"quality": 0.8639450959377757, "novelty": 0.4771357854567774, "diversity": 0.40172285222933396, "efficiency": 0.36013456913190883, "cost": 0.22698687791083905, "score": 0.4901335431700962}