{"quality": 0.3650389936414068, "novelty": 0.014458373347538772, "diversity": 0, "efficiency": 0.2621053469059376, "cost": 0.17482889404108298, "score": 0.13495920406108905}