{"quality": 0.13883531046150716, "novelty": 0.49367390636512376, "diversity": 0.36246518998296534, "efficiency": 0.6937314166780804, "cost": 0.7680854378903084, "score": 0.2648132764390074}