{"quality": 0.4258224593358811, "novelty": 0.6029788034110495, "diversity": 0.8377630991409971, "efficiency": 0.2750591008979596, "cost": 0.6282086738569171, "score": 0.4244820562307284}