{"quality": 0.31708236452302774, "novelty": 1, "diversity": 0.636460102657888, "efficiency": 0.6041661248560193, "cost": 0.40462309544787006, "score": 0.5225793390721017}