{"quality": 0.16718602924996753, "novelty": 0.23587405463617156, "diversity": 0.7834438739725771, "efficiency": 0.6154891230691653, "cost": 0.3794702323918315, "score": 0.3201894424497402}