{"quality": 0.27860636546448825, "novelty": 0.32863123101280334, "diversity": 0, "efficiency": 0.3929070970656878, "cost": 0.06315152966806928, "score": 0.21836062898559355}