{"quality": 0.832176740324456, "novelty": 0.33577141067235045, "diversity": 0.8348013622133458, "efficiency": 0.595010937390306, "cost": 0.5270225472955905, "score": 0.5371055330870804}