{"quality": 0.18530114477139006, "novelty": 0.4477049376246272, "diversity": 0.373409870834605, "efficiency": 0.17629903584713374, "cost": 0, "score": 0.2686434073815649}