{"quality": 0.7295332390899131, "novelty": 0.7920503293947009, "diversity": 0.48059422310907224, "efficiency": 0, "cost": 0.25241687581668304, "score": 0.4877497111157953}