{"quality": 0.4853653124847601, "novelty": 0.791083020647188, "diversity": 0.6027399750746663, "efficiency": 0.5305813268588476, "cost": 0.21940201719444208, "score": 0.5215753412315411}