{"quality": 1, "novelty": 0.6903311536441132, "diversity": 0.18485411117821143, "efficiency": 0.2920830704470449, "cost": 0.5185676490729427, "score": 0.5015093063064331}