{"quality": 0.7449098618827872, "novelty": 1, "diversity": 0.275274721732263, "efficiency": 0.761959653327581, "cost": 0, "score": 0.642821850910426}