{"quality": 0.9406430464152616, "novelty": 1, "diversity": 0.09124289658781243, "efficiency": 0, "cost": 0.768976809134415, "score": 0.47354381232869946}