{"quality": 0.44046726967605415, "novelty": 0, "diversity": 0.9726432609646698, "efficiency": 0.7572606230133119, "cost": 0.09163721360294017, "score": 0.43109420518745295}