{"quality": 0.8122145326940031, "novelty": 0, "diversity": 0.47840556524288713, "efficiency": 0.7004115030795242, "cost": 0.9516192969566877, "score": 0.3492452686230382}