{"quality": 0.9694612655765895, "novelty": 0, "diversity": 0.9665168198532129, "efficiency": 1, "cost": 0.9745683204568147, "score": 0.536684911597938}