{"quality": 0, "novelty": 0.44328791072618734, "diversity": 0.8462363410770857, "efficiency": 0.323955694341064, "cost": 0.8402987438705395, "score": 0.24463272566106964}