{"quality": 0.7043962707497551, "novelty": 0.36707474864227824, "diversity": 0.6279436218563864, "efficiency": 0.8359064312816818, "cost": 0.2575412597686946}