{"quality": 0.11901978408177498, "novelty": 0.3312184991977635, "diversity": 0.907492150005934, "efficiency": 0.6614586648611818, "cost": 0.5631003678029949, "score": 0.3429177529740379}