{"quality": 0.882922651018677, "novelty": 0.6400530126991681, "diversity": 1, "efficiency": 0, "cost": 0.4494648054720878, "score": 0.5799435679331865}