{"quality": 0.7115682005224976, "novelty": 0.5493030514145849, "diversity": 0.8378772722331969, "efficiency": 0.5742504138169908, "cost": 0.43751902595748315, "score": 0.5607573369338351}