{"quality": 1, "novelty": 0, "diversity": 0.9407245359921784, "efficiency": 0.5520374301321236, "cost": 0.6408401761786149, "score": 0.5068665041003927}