{"quality": 0.4306797204967299, "novelty": 0.5868046904465165, "diversity": 0.5493480963535242, "efficiency": 0.832375022961652, "cost": 0, "score": 0.5106309614756007}