{"quality": 0.9277096022312675, "novelty": 0.15444526804686398, "diversity": 0.5694665601872901, "efficiency": 0.6445946770759815, "cost": 0.5368731923584085, "score": 0.47381939204411067}