{"quality": 0.04387876512370917, "novelty": 1, "diversity": 0.573844223520487, "efficiency": 0.8762466922744606, "cost": 0.48617650750103225, "score": 0.460751827332276}