{"quality": 0.8638994675583511, "novelty": 0.5972470116619972, "diversity": 0.12744565513373138, "efficiency": 0.9924024831072475, "cost": 0.18160359139458676, "score": 0.5646707375363794}