{"quality": 0.9192300769563506, "novelty": 0.1520873000179526, "diversity": 0.7288587361748998, "efficiency": 0.970961809721969, "cost": 1.0}