{"quality": 0.4690334775059263, "novelty": 0.6548980704948517, "diversity": 0.5289065395195132, "efficiency": 0.06813679657316377, "cost": 0.516635625924663, "score": 0.3687728256729017}