{"quality": 0, "novelty": 0.8706376828063114, "diversity": 0.7654117234276705, "efficiency": 0.274633292447449, "cost": 0.336937894980217, "score": 0.3782429697562076}