{"quality": 0.9683917633636968, "novelty": 0.4547617668380296, "diversity": 0.0, "efficiency": 0.7509380064865206, "cost": 0.2617930402890959}