{"quality": 0.3837250336896243, "novelty": 0.6740863426098699, "diversity": 0.9419797240790209, "efficiency": 0.9449378386184045, "cost": 0.0}