{"quality": 0.9706041656143918, "novelty": 0, "diversity": 0.2260644262552921, "efficiency": 0.29751590035375086, "cost": 0, "score": 0.3810215199884386}