{"quality": 0.8441766009164584, "novelty": 0.7427466773701437, "diversity": 0.3574090475931467, "efficiency": 0.6790393224761444, "cost": 0.24022615114309087, "score": 0.5882547423932154}