{"quality": 0.8024355865587227, "novelty": 0.16169147683226687, "diversity": 0.8477710904420819, "efficiency": 0.6428089578740195, "cost": 0.7677097835643535, "score": 0.4703581285887674}