{"quality": 0.8067492756622785, "novelty": 0.7969633582596021, "diversity": 0.31729631385776946, "efficiency": 0.6171476139057166, "cost": 0.24491898542396848, "score": 0.5728051285785987}