{"quality": 0.08926497604308328, "novelty": 0.4265164666926211, "diversity": 0.04517611160172097, "efficiency": 0.5201660671216322, "cost": 0, "score": 0.2204687418746693}