{"quality": 0.12482427045735553, "novelty": 0.8703778921390394, "diversity": 0.8156124412385445, "efficiency": 0.22825694083401515, "cost": 0.5919431614264885, "score": 0.39320846740212884}