{"quality": 0.8718709636480944, "novelty": 0, "diversity": 0.31975578198350396, "efficiency": 0.6846232630095913, "cost": 0.8500920677526915, "score": 0.3431967281672986}