{"quality": 0.7589859304780711, "novelty": 0.57709645180059, "diversity": 0.7164238722198858, "efficiency": 0.4277160843848305, "cost": 0.6944006048523935, "score": 0.5099720187100312}