{"quality": 0.7043267391629651, "novelty": 0.5940536672409243, "diversity": 0.7980759792179347, "efficiency": 0.7912433439842661, "cost": 0.6012940486345548}