{"quality": 0.9450554233714208, "novelty": 0.20692529187884093, "diversity": 0.7470045152250292, "efficiency": 0.837086723869422, "cost": 0, "score": 0.6102118616065555}