{"quality": 0.29384200550270845, "novelty": 0.7819654235786191, "diversity": 0.8666083281707448, "efficiency": 0.41602370294037083, "cost": 0.36026853944536075, "score": 0.4833423246761358}