{"quality": 0.2980638824423576, "novelty": 0.5898225575710179, "diversity": 0.5100559649701302, "efficiency": 0.6983313258851942, "cost": 0.7013226800910748, "score": 0.37350342799315944}