{"quality": 0.5697297381300309, "novelty": 0, "diversity": 0.43602210825315013, "efficiency": 1, "cost": 0.2578545538210084, "score": 0.3823378877075384}