{"quality": 0.6868759200367172, "novelty": 0.36931469667727923, "diversity": 0.43259434742365466, "efficiency": 0.06953227230449113, "cost": 0.9553775574467479, "score": 0.2998024047660648}