{"quality": 0.7498122854281997, "novelty": 0.8148954511493182, "diversity": 0.28445363049234185, "efficiency": 0.5988525434514435, "cost": 0.7655661230051234, "score": 0.49882954373146193}