{"quality": 0.6348557711721392, "novelty": 0.7787737273103456, "diversity": 0.6207905776020546, "efficiency": 0.42657910045419095, "cost": 0.4060975497759767, "score": 0.53268538879017}