{"quality": 1, "novelty": 0.5461473592118076, "diversity": 0, "efficiency": 0.03486223463863258, "cost": 0.3187084084717762, "score": 0.40989533415156915}