{"quality": 0.6224548579092684, "novelty": 0.7817842075336977, "diversity": 0.8990446015220908, "efficiency": 0.3258898509892385, "cost": 0.3808351136398418, "score": 0.5727913958450247}