{"quality": 0.1538754306486056, "novelty": 0.6786047436766738, "diversity": 0, "efficiency": 0.8440415578027006, "cost": 0.8194077168701385, "score": 0.26047927709714136}