{"quality": 0.43541868212831053, "novelty": 0.47850801300675566, "diversity": 0.5306511117413346, "efficiency": 0.34209550218500206, "cost": 0.6110015406486707, "score": 0.3465970015013322}