{"quality": 0.24354741336910835, "novelty": 0.2379077630871601, "diversity": 0.6390857180591185, "efficiency": 0.32151676108634303, "cost": 0.5300247895936772, "score": 0.25558334359793}