{"quality": 0.8266053921043962, "novelty": 0.889604348461954, "diversity": 0.7757095274404915, "efficiency": 0.35076953041910125, "cost": 0.7968568788314102, "score": 0.5984543519146298}