{"quality": 0.48292709210633245, "novelty": 0, "diversity": 0.43617230864599277, "efficiency": 0.7902500916089039, "cost": 0.22155078420665641, "score": 0.3284950246817682}