{"quality": 0.40742827465729353, "novelty": 0.48940753199398646, "diversity": 0.728712753931942, "efficiency": 0.6195235936405634, "cost": 0.3265640688508073, "score": 0.45059504834307684}