{"quality": 0.21263125856354187, "novelty": 0.8583209520252482, "diversity": 0.5690436400163568, "efficiency": 0.1582754686361285, "cost": 0.8741101495640826, "score": 0.32850864891765696}