{"quality": 0.6437922218020165, "novelty": 0.3101661575668868, "diversity": 0.688904182972292, "efficiency": 0.2576128304897813, "cost": 0.8797142500020351, "score": 0.35913054210004874}