{"quality": 0.13165322031489735, "novelty": 0.31041534723525804, "diversity": 0.033652220344816436, "efficiency": 0.0336978610713721, "cost": 0.6275471491927652, "score": 0.06613021121367628}