{"quality": 0.6329763811278436, "novelty": 0.45272402302673803, "diversity": 0.1877507177352829, "efficiency": 0.5292561196959686, "cost": 0.5787602493191896, "score": 0.3621364566645705}