{"quality": 0.8446878440042291, "novelty": 0.9923508521841411, "diversity": 0.6282577158644633, "efficiency": 0.8326114214823672, "cost": 0.5906699320390119}