{"quality": 0.5011582593661468, "novelty": 0.2471184261111117, "diversity": 0.9759553263849643, "efficiency": 0.8969298340158771, "cost": 0.70892309728834, "score": 0.4709653149881624}