{"quality": 0.2625389461867202, "novelty": 0.2188981986730993, "diversity": 0.36793410958866957, "efficiency": 0.4757846462798234, "cost": 0.19081381377252352, "score": 0.25935937100674594}