{"quality": 0.24014287194971407, "novelty": 0.7085244804369321, "diversity": 0.5172921818497268, "efficiency": 0.8422235114066354, "cost": 0.1533578783389472, "score": 0.4636301569411932}