{"quality": 1, "novelty": 0.7203427327839443, "diversity": 0.6473755665886161, "efficiency": 0.7673940141601483, "cost": 0.037410349431261675, "score": 0.7209288636946054}