{"quality": 0.27933914718969755, "novelty": 0.38360021442062514, "diversity": 0.6380243593255908, "efficiency": 0.475256199214641, "cost": 0.5315247703250783, "score": 0.32544262247687195}