{"quality": 0.5068970624605829, "novelty": 0.7756208146863082, "diversity": 0.341908341536556, "efficiency": 0.7365644205595148, "cost": 0.9602101479839877, "score": 0.42881963900259157}