{"quality": 0.21518339214591994, "novelty": 0.7276920796110686, "diversity": 0.9584517663448464, "efficiency": 0.5729197691281296, "cost": 0.5604227534278031, "score": 0.46806408084195156}