{"quality": 0.9615028838786521, "novelty": 0.9038657261269516, "diversity": 0.21859867629154944, "efficiency": 0.8067673064631093, "cost": 0.4436023876223383, "score": 0.6347918891608759}