{"quality": 0.8030630497531761, "novelty": 0.13644022795211383, "diversity": 0.08653063407251771, "efficiency": 0.8347100443383738, "cost": 1, "score": 0.3175416053792409}