{"quality": 0.6144232673272352, "novelty": 0.9017998656651627, "diversity": 0.30044461382520216, "efficiency": 0.22206321234517798, "cost": 0.5450403549694367, "score": 0.44867131573433466}