{"quality": 0.7210026535076166, "novelty": 0.6036190597833243, "diversity": 0.948235038110523, "efficiency": 0.7462311758621826, "cost": 0.1655310699355168, "score": 0.6522341380059964}