{"quality": 0.39793832813356145, "novelty": 0.3274808842929827, "diversity": 0.25116877540125726, "efficiency": 0.8621687393366594, "cost": 0, "score": 0.38081078549406444}