{"quality": 0, "novelty": 1, "diversity": 0.536003153730634, "efficiency": 0.6232109804324769, "cost": 0.7449518947383676, "score": 0.3761870883371616}