{"quality": 0.3101105849695255, "novelty": 0.2027158035338351, "diversity": 0.003896001709214586, "efficiency": 0.41249517393326274, "cost": 0.34035718635485035, "score": 0.1723298841706637}