{"quality": 1, "novelty": 0.7104583196642174, "diversity": 0.14942169456346638, "efficiency": 0.4957313945149293, "cost": 0.699315160508747, "score": 0.5119271119551124}