{"quality": 0.756026078114145, "novelty": 0.9421556245889237, "diversity": 0.14759340369098461, "efficiency": 0.8554915376136261, "cost": 0.9157385044834331, "score": 0.5286152905133719}