{"quality": 0.8580046386962104, "novelty": 0.004989382359849942, "diversity": 0.6131448589084237, "efficiency": 1.0, "cost": 0.7533939339482167}