{"quality": 0.3899621245412602, "novelty": 0.6067086041293307, "diversity": 0.3734410531760645, "efficiency": 0.7273131658760141, "cost": 0.5642288159916617}