{"quality": 0.8935521043586557, "novelty": 0.620003037809381, "diversity": 0.6833073084413699, "efficiency": 0.19655511650155372, "cost": 0.017536767576698503}