{"quality": 0.1312507073091076, "novelty": 0.8852875817458048, "diversity": 0.2546271284537456, "efficiency": 0.11728606602788533, "cost": 0.7794144039391584, "score": 0.2512740028301995}