{"quality": 0.18238659218496087, "novelty": 0.7357316443885525, "diversity": 1, "efficiency": 0.4868803889522382, "cost": 0.587192690420484, "score": 0.4529616780534138}