{"quality": 0.564633495023974, "novelty": 0.2768154847781839, "diversity": 0.4672723905707165, "efficiency": 0.35067070813013207, "cost": 0.6019104956389841, "score": 0.32445795447150283}