{"quality": 0.20933708773503795, "novelty": 0.8027774383635955, "diversity": 0.4540356132705123, "efficiency": 0.9942266441991789, "cost": 0.3402207900160671, "score": 0.4694145261937829}