{"quality": 0.9112581534148423, "novelty": 1, "diversity": 0.13028665817570195, "efficiency": 0.5517107287191543, "cost": 0.4524974750529118, "score": 0.5869416394621749}