{"quality": 0.4529028430436197, "novelty": 0.2752917452204879, "diversity": 0.39795191362233967, "efficiency": 0.30096811534276374, "cost": 0.6244505335038465, "score": 0.26698433589370574}