{"quality": 1.0, "novelty": 0.639113348561057, "diversity": 0.708411799196281, "efficiency": 0.2706197952216406, "cost": 0.13939107857114472}