{"quality": 0.9319804582798463, "novelty": 0.7891275065392174, "diversity": 0.8009250308017646, "efficiency": 0.2473819549507077, "cost": 0.0}