{"quality": 0.90183838588297, "novelty": 0.459713312244207, "diversity": 0.8011991885496248, "efficiency": 0.33364376685153585, "cost": 0.11962644330951086, "score": 0.583803602232647}