{"quality": 1, "novelty": 0.5389413730656014, "diversity": 0.6581802247106098, "efficiency": 0.24949741992965382, "cost": 0.15190846804047564, "score": 0.5886051543939228}