{"quality": 0.3650445167062445, "novelty": 0.4114075087264214, "diversity": 0.6322013610106323, "efficiency": 0.563286176208253, "cost": 0.33844117319969586, "score": 0.38945431350687354}