{"quality": 0.8954972753711798, "novelty": 0.7949860349884441, "diversity": 0.8872868447850554, "efficiency": 0.5724251514635549, "cost": 0.8589808973257871, "score": 0.6448187433024306}