{"quality": 1, "novelty": 0.9278836237985945, "diversity": 0.7432185876696538, "efficiency": 0, "cost": 0.32399761142520384, "score": 0.648214862341059}