{"quality": 0.18634442848782645, "novelty": 0.19699389331220263, "diversity": 0, "efficiency": 0.9293833730490748, "cost": 0.5921913837254729, "score": 0.1853401694592125}