{"quality": 0.8240048893987589, "novelty": 0.07079057460331525, "diversity": 1, "efficiency": 0.6380363474244957, "cost": 0.83589939202382, "score": 0.4770146233817488}