{"quality": 0.6979072829666624, "novelty": 0, "diversity": 0.1080262338323981, "efficiency": 0.9768375650933177, "cost": 0, "score": 0.37750306642047593}