{"quality": 0.5162549674025594, "novelty": 0.9870590153971577, "diversity": 0.1327047213954485, "efficiency": 0.7389051265343805, "cost": 0.34817569562698314, "score": 0.5042003877666056}