{"quality": 0, "novelty": 0.36092124660757996, "diversity": 0.405381516114109, "efficiency": 0.9100182827778449, "cost": 0.6414334952428733, "score": 0.24366600776710617}