{"quality": 1, "novelty": 0.4405611319427242, "diversity": 0.012731303531793525, "efficiency": 0.8741243276771447, "cost": 0.13627788839874738, "score": 0.5301774040037368}