{"quality": 0, "novelty": 0.5596253624346663, "diversity": 0.9680066169740915, "efficiency": 0.3434850289782202, "cost": 0.24703830142454614, "score": 0.3603265882077633}