{"quality": 0.8789965681334372, "novelty": 0.4447507608218826, "diversity": 0.328463226628987, "efficiency": 0.4185561684529454, "cost": 0.08718801781623448}