{"quality": 0.5985176380988249, "novelty": 0.8800360654400579, "diversity": 0.08819224826767447, "efficiency": 0, "cost": 0.08806158982248641, "score": 0.40839659846094817}