{"quality": 0.44407015233238256, "novelty": 0.232982852469176, "diversity": 0.24226134968123872, "efficiency": 0.4057085438285314, "cost": 0.3958513436277673, "score": 0.26119017596475946}