{"quality": 0.021679628088913494, "novelty": 0.6946951131771534, "diversity": 0.3062042648389435, "efficiency": 0.9019835848811636, "cost": 0.40595599164701945, "score": 0.33612045825622366}