{"quality": 0.3725882233763295, "novelty": 0.19525343903624492, "diversity": 0.9188566104110225, "efficiency": 0.5891894768464521, "cost": 0.8317931568647698, "score": 0.34956025469465535}