{"quality": 0.6678845836434961, "novelty": 0.3525140656241067, "diversity": 0.7871190292368434, "efficiency": 0.3183676769237211, "cost": 0, "score": 0.49367284888500235}