{"quality": 0.48687581546199316, "novelty": 0.30371710757521553, "diversity": 0.39544423345280577, "efficiency": 0.8544364333856687, "cost": 0.6148220309457657, "score": 0.3677641301362367}