{"quality": 0.4539265322539516, "novelty": 0.4633055942061218, "diversity": 0.7598923335073791, "efficiency": 0.4140629277231337, "cost": 0.9907389688750852, "score": 0.36701836720015324}