{"quality": 0.9910562153546278, "novelty": 0.3911506380220431, "diversity": 0.3989678680317298, "efficiency": 0.38613517676547865, "cost": 0.13611230329798302}