{"quality": 0.1511719313441126, "novelty": 0.7199621442810011, "diversity": 0.14258822305973243, "efficiency": 0.006206946679042785, "cost": 0, "score": 0.25479080208728694}