{"quality": 0.5078234117343396, "novelty": 0.8480869126485163, "diversity": 1, "efficiency": 0.9574979673851349, "cost": 0.2091041280541509, "score": 0.6870830339847861}