{"quality": 0.22462783900535638, "novelty": 0.27470302324720325, "diversity": 0.8481102736169356, "efficiency": 1, "cost": 0.07137719929477876, "score": 0.44854844230731694}