{"quality": 0, "novelty": 0.6791964784541971, "diversity": 0.8342630759753961, "efficiency": 0.15649831968526834, "cost": 0.3240558522126948, "score": 0.32772089754014927}