{"quality": 0.44534565716211133, "novelty": 0.5306607660086338, "diversity": 0.8618052210670117, "efficiency": 0.6474295304617999, "cost": 0.8743898512102231, "score": 0.4483053773124419}