{"quality": 0, "novelty": 0.4847704045836477, "diversity": 0.4967855835303899, "efficiency": 0, "cost": 0.7134542098389511, "score": 0.14920429686809478}