{"quality": 0.9095530856299019, "novelty": 0.39628547685971893, "diversity": 0.7834303368691807, "efficiency": 0.2577950322290563, "cost": 0.3225442098179612, "score": 0.5350381961302988}