{"quality": 0.721545615457162, "novelty": 0.19021936721494248, "diversity": 0.8929089895463626, "efficiency": 0.9257408892127149, "cost": 0.13359830735430261, "score": 0.5681016269966337}