{"quality": 0.6899313908504723, "novelty": 0.5711018110598722, "diversity": 0.7048101407134604, "efficiency": 0.2379440755471871, "cost": 0.7863264266584822, "score": 0.4477758668290317}