{"quality": 0.6884020372584709, "novelty": 0.9442926787397021, "diversity": 1, "efficiency": 0.9189349449773245, "cost": 0.7993314815085959, "score": 0.700500874458206}