{"quality": 0.2529447378449718, "novelty": 0.5617221523788068, "diversity": 0.8241117869959163, "efficiency": 0.03429284043201397, "cost": 0.8086807329811878, "score": 0.3054121696140598}