{"quality": 0.3473019457550838, "novelty": 0.4993986559216652, "diversity": 0.918488656733385, "efficiency": 1, "cost": 0.1933332475403622, "score": 0.5434046542995822}