{"quality": 0.8857001566239335, "novelty": 0.5040194299964541, "diversity": 0.14033140715738912, "efficiency": 0.5765151689098047, "cost": 0.04923290739311026, "score": 0.5013351705149309}