{"quality": 0.5619319666888998, "novelty": 0.6483571593779025, "diversity": 0.8324776016541113, "efficiency": 0.1668667219884704, "cost": 0.20583486203418916, "score": 0.5016109222768195}