{"quality": 0.31704804664287123, "novelty": 0.7592932563670055, "diversity": 0.48642742814130246, "efficiency": 0.1524609125653678, "cost": 0.8180570586834777, "score": 0.32328664472933066}