{"quality": 0.8994116189233172, "novelty": 0.3006797354404441, "diversity": 0.35585929706295427, "efficiency": 0.5540835549781257, "cost": 0.44859891995507223, "score": 0.45441792020090865}