{"quality": 0.3612327199653794, "novelty": 0.6931584263474305, "diversity": 0.6907359169814922, "efficiency": 0.6313994710042646, "cost": 0.7973535795673593, "score": 0.4347811686666737}