{"quality": 0.9874093668414587, "novelty": 0.39850519532508005, "diversity": 0.30028569129351645, "efficiency": 0.6618221589334738, "cost": 0.956430474537129, "score": 0.4595365235287191}