{"quality": 1, "novelty": 0.4473597673299179, "diversity": 0.09851300447536837, "efficiency": 0.44824568129100933, "cost": 0.7331694498578858, "score": 0.42546244993541593}