{"quality": 0.20677990826288967, "novelty": 0.7218208873333019, "diversity": 0.39284671754306383, "efficiency": 0.5877304653866138, "cost": 0.24427426231955957, "score": 0.38479068139684125}