{"quality": 0.5798745773388415, "novelty": 0.6603739841463125, "diversity": 0.3104170889945845, "efficiency": 0.83516288007999, "cost": 1, "score": 0.42641371904914604}