{"quality": 0.6754006936509638, "novelty": 0.600330266550064, "diversity": 0.8806613940717687, "efficiency": 0.5422034497915561, "cost": 0.3457440628925781, "score": 0.5755911647266345}