{"quality": 0.606154805302636, "novelty": 0.14856036537375586, "diversity": 0.523627671055262, "efficiency": 0, "cost": 0.8594856549832605, "score": 0.23776350164695612}