{"quality": 0.44115473822037554, "novelty": 0.3057040243711362, "diversity": 0.481282809813093, "efficiency": 0.7077471472369714, "cost": 1, "score": 0.3111910616070611}