{"quality": 0.1268955508617773, "novelty": 0.008908043787093173, "diversity": 0.3521614098799767, "efficiency": 0.443590441426119, "cost": 0.013780223523055274, "score": 0.17588850204291415}