{"quality": 0, "novelty": 0.693924679124703, "diversity": 0.5430584434132106, "efficiency": 0.13131182213811476, "cost": 0.047490495651721476, "score": 0.29704058221936297}