{"quality": 0.7401914645185919, "novelty": 0.5848531400604942, "diversity": 1, "efficiency": 0.9306345486615617, "cost": 0.4954938491776123, "score": 0.658316521752174}