{"quality": 0.007145262574178857, "novelty": 0.35581358169457306, "diversity": 0.3877029585507006, "efficiency": 0.11067403758765071, "cost": 0.20224413819418802, "score": 0.16501425772476583}