{"quality": 1, "novelty": 0.35745595296409843, "diversity": 0.38227507334987965, "efficiency": 0.6250777348558966, "cost": 0.4164142717235941, "score": 0.5179392359670256}