{"quality": 0.6839720319768923, "novelty": 0.047424797816158826, "diversity": 0.8000396779416314, "efficiency": 0.8469614367081737, "cost": 0.47944686527969993, "score": 0.4561552736136897}