{"quality": 0.9357442890886398, "novelty": 0.036305604541069014, "diversity": 0.32131096558242345, "efficiency": 0.7390396488239099, "cost": 0.8248170435709324, "score": 0.3824361239448371}