{"quality": 0.15664239766362936, "novelty": 0.8198036303709568, "diversity": 1.0, "efficiency": 0.6666414606453388, "cost": 1.0}