{"quality": 0.4551796483200845, "novelty": 0.5327877265352083, "diversity": 0.15384258670342219, "efficiency": 0.31141514772233364, "cost": 0.9771168387653217, "score": 0.24951993175232973}