{"quality": 0.47373170464784864, "novelty": 0.43510540488308513, "diversity": 0.6694251325533278, "efficiency": 0.6837580735090434, "cost": 0, "score": 0.487344600152148}