{"quality": 0.9732059583561196, "novelty": 0.046798810512493766, "diversity": 0.3532268419820125, "efficiency": 0.5702515290519921, "cost": 1, "score": 0.3598445878891606}