{"quality": 1, "novelty": 0.4667710346704888, "diversity": 0.4016880459108503, "efficiency": 0, "cost": 0.3500679529531544, "score": 0.46202357255447685}