{"quality": 0.2863909961916331, "novelty": 0.7339484909847505, "diversity": 0.6178849571927871, "efficiency": 1, "cost": 0.7930494450965841, "score": 0.4636764685325766}