{"quality": 0.0804518573345574, "novelty": 0.18223307709813968, "diversity": 0.2245891284811059, "efficiency": 0.5625984779890051, "cost": 0.45610570953570473, "score": 0.1533908529159036}