{"quality": 0.7377037281303156, "novelty": 0, "diversity": 0.1547926811912798, "efficiency": 0.5794969707762027, "cost": 0.12713907588560616, "score": 0.3264802927052204}