{"quality": 0.37533490696547805, "novelty": 0.998608003537925, "diversity": 0.4390938549947305, "efficiency": 0.5845084081078398, "cost": 0.9259471124291148, "score": 0.4451527939463353}