{"quality": 0.7310516831729837, "novelty": 0.7761723764412636, "diversity": 0.22374849852671924, "efficiency": 0.10353820647506962, "cost": 0.7047646695909423, "score": 0.40316256277972107}