{"quality": 0.33429471812710937, "novelty": 1, "diversity": 0.41503952342893524, "efficiency": 0.10875379879827796, "cost": 0.30039525444820564, "score": 0.419569864498841}