{"quality": 0.6987150064511496, "novelty": 0.16210085699536014, "diversity": 0.7652513582847951, "efficiency": 0.9136194328982867, "cost": 0.00600342647482488, "score": 0.5396325601284044}