{"quality": 0.6216351182421496, "novelty": 0.40403914052740075, "diversity": 0.08999833444963581, "efficiency": 0.9138143213890633, "cost": 0.5290725513755588, "score": 0.38966488056522575}