{"quality": 0.25910678021906247, "novelty": 1, "diversity": 0.7395940842586137, "efficiency": 0.5801340589165669, "cost": 0.10292386219002722, "score": 0.5523785735359238}