{"quality": 0.08332554273288897, "novelty": 0.009724720511396001, "diversity": 0.4132777042093086, "efficiency": 0.11926347656046277, "cost": 0.9142864485062216, "score": 0.03654526042302465}