{"quality": 0.5629434049393016, "novelty": 0, "diversity": 0.3340147486901476, "efficiency": 0.68704981771859, "cost": 0, "score": 0.33874344387760846}