{"quality": 0.6283057478561234, "novelty": 0.2929760714403309, "diversity": 0.9722155109521482, "efficiency": 0.197369621922931, "cost": 0.7025792006506286, "score": 0.4155263676307262}