{"quality": 0.8501258923104823, "novelty": 0.542775582637242, "diversity": 0.5221860854998274, "efficiency": 0.39171704698910975, "cost": 0.6882497907072003, "score": 0.48510145843006713}