{"quality": 0.32753716152285084, "novelty": 0.8065067051869157, "diversity": 0.8989020460915209, "efficiency": 0.6101799275096689, "cost": 0, "score": 0.5711952230983387}