{"quality": 0.4049850241414966, "novelty": 0.6249915617492776, "diversity": 0.05153464093233706, "efficiency": 0.16097500481837684, "cost": 0.5623108735140298, "score": 0.2559654892375893}