{"quality": 0.9994134848851692, "novelty": 0.7438722014103394, "diversity": 0.3694404131189176, "efficiency": 0.27716838900332785, "cost": 0.7795269556315847, "score": 0.5233027412292597}