{"quality": 0.5392747781478341, "novelty": 0.7917245245045941, "diversity": 0.34837878163928115, "efficiency": 0.8334482945476414, "cost": 0.20879209116546582, "score": 0.5335273559639545}