{"quality": 0.15925495965116404, "novelty": 0.4529203788622726, "diversity": 0.6148555792333774, "efficiency": 0.8277641642071145, "cost": 0.2745500754123923, "score": 0.3806873155474208}