{"quality": 0.22912770473559568, "novelty": 0.7520338559547621, "diversity": 0.10469591375143147, "efficiency": 0, "cost": 1, "score": 0.17768595815965552}