{"quality": 0.6051007872125224, "novelty": 0.1142428428198552, "diversity": 0.7361768024247518, "efficiency": 0.02969876117039405, "cost": 0.3085347408085773, "score": 0.3309276474483722}