{"quality": 0.3397118152576537, "novelty": 0.9566159431999399, "diversity": 1, "efficiency": 0.9720307516846238, "cost": 0.6278370651768508, "score": 0.6240884366122896}