{"quality": 0.21883876211349468, "novelty": 0, "diversity": 0, "efficiency": 0.9703678969678932, "cost": 0.286351823559494, "score": 0.18257163082328293}