{"quality": 0.7342630076276988, "novelty": 0.7117146933966042, "diversity": 0.8555538336791778, "efficiency": 0.38801839594301524, "cost": 0.9732762594894155, "score": 0.5301934758158069}