{"quality": 0.3321319277036204, "novelty": 0.1800073871284889, "diversity": 0.5020188414926436, "efficiency": 0.1800314783977791, "cost": 0.653506691768541, "score": 0.2066992459745498}