{"quality": 0.6338691046906377, "novelty": 0.2268473313437249, "diversity": 0.5833485958066872, "efficiency": 0.758690875272811, "cost": 0.5117517971739198}