{"quality": 0.22104401173147567, "novelty": 0.4224596158799483, "diversity": 0.5151802424579639, "efficiency": 1, "cost": 0.8849674166461734, "score": 0.3364674143164052}