{"quality": 0.4810647472281674, "novelty": 0.8452747186792353, "diversity": 0.8248029206991229, "efficiency": 1.0, "cost": 0.601364177017841}