{"quality": 0.014386675163294727, "novelty": 0.9102893240136026, "diversity": 0.4848005874210717, "efficiency": 0.1318950264345815, "cost": 0.24755806044801434, "score": 0.32387689895698923}