{"quality": 0.7701137319044413, "novelty": 0.009838091596824514, "diversity": 0.9165117480851378, "efficiency": 0.7627040950501232, "cost": 0.5509067089518618, "score": 0.47611093544989835}