{"quality": 0.26989035202347156, "novelty": 0.5570972548420967, "diversity": 0.7054152829279927, "efficiency": 0.3622991285475025, "cost": 0.8691720942629493, "score": 0.32875213575899465}