{"quality": 0.6150537580508617, "novelty": 0.578974734632385, "diversity": 0.19782796960931254, "efficiency": 0.5272650118048055, "cost": 0.6007732204264296, "score": 0.38783783472329514}