{"quality": 0.3894357963030428, "novelty": 0.8983000264305416, "diversity": 0.30219017040432433, "efficiency": 0.3653143007928235, "cost": 0, "score": 0.4566409246983366}