{"quality": 0.3284469460956225, "novelty": 1, "diversity": 0.5770737779334044, "efficiency": 0.6303753374775469, "cost": 0.9357434372203233, "score": 0.46493079631496737}