{"quality": 0.5154676663362582, "novelty": 0.4050002965030616, "diversity": 0.811142476771518, "efficiency": 0.7992431377155609, "cost": 0.6724522938212838, "score": 0.4707601106561522}