{"quality": 0.5671539949683514, "novelty": 0.5902316464006577, "diversity": 0.25709660649597627, "efficiency": 0.6255677083932626, "cost": 0.5286164723054447, "score": 0.41009694041830996}