{"quality": 1, "novelty": 0.5291454789420885, "diversity": 0.2874173833196587, "efficiency": 0, "cost": 1, "score": 0.3897698463994539}