{"quality": 0.2930094403697393, "novelty": 0.23704720364359105, "diversity": 0.6552287220640285, "efficiency": 1, "cost": 0.28279789683128953, "score": 0.39993058775149626}