{"quality": 0.19577823372601966, "novelty": 0.8459831533035794, "diversity": 0.19997256090555737, "efficiency": 0.20500784274342018, "cost": 0.9407955876847884, "score": 0.24689538826784646}