{"quality": 0.27699295431227144, "novelty": 1, "diversity": 0.22250434462171176, "efficiency": 1, "cost": 1, "score": 0.4275987552180238}