{"quality": 0.21327165157916583, "novelty": 0, "diversity": 0.033153804955166566, "efficiency": 0.12876663562640595, "cost": 0.9375839795501684, "score": -0.00383114614627289}