{"quality": 0.5022783352232412, "novelty": 0.3356075810540645, "diversity": 1, "efficiency": 0.17054587256533094, "cost": 0.6585345615508335, "score": 0.39431382056020475}