{"quality": 1, "novelty": 0.5771186177028644, "diversity": 0.7634019591424143, "efficiency": 0.4506091096988645, "cost": 0.7962210585840348, "score": 0.5849293068506252}