{"quality": 0.1766894614907467, "novelty": 0.6595014043730659, "diversity": 0.9359580586854048, "efficiency": 0.12313399077759246, "cost": 0.4629512025175079, "score": 0.37724877964245956}