{"quality": 0.4641625865808976, "novelty": 0.3432588175159233, "diversity": 1, "efficiency": 0.14563299757280715, "cost": 0.17408125855912052, "score": 0.4295003041332591}