{"quality": 0.5487668441788797, "novelty": 0.5750893573921314, "diversity": 0.7246491090753351, "efficiency": 0.4522519990243612, "cost": 0.9145699304046182, "score": 0.42971302122995614}