{"quality": 0.16568649654783082, "novelty": 0.8581147214722002, "diversity": 0.48025815381434955, "efficiency": 0.6992592938252362, "cost": 0.5997100637764334, "score": 0.40520414779141134}