{"quality": 0.720866429541953, "novelty": 0.22938402964847893, "diversity": 0.9324903689087087, "efficiency": 0.5868121262281832, "cost": 0.5673854344647844, "score": 0.4913872855441964}