{"quality": 0.6169501703957524, "novelty": 0.15640502225746433, "diversity": 0.0074883326989022, "efficiency": 1, "cost": 0.4986034553939026, "score": 0.325823627683482}