{"quality": 0.3377596346891033, "novelty": 0.6787885678231925, "diversity": 0.6972508417775515, "efficiency": 0.7100151148813392, "cost": 0.17613612800542555, "score": 0.4993638551496978}