{"quality": 0.4089302254553119, "novelty": 0, "diversity": 0.31517386478973247, "efficiency": 0.26446091881697464, "cost": 0.6324593024463598, "score": 0.16213704817245025}