{"quality": 0.6170152163567408, "novelty": 0.8283295038424876, "diversity": 0, "efficiency": 0.2887510544308532, "cost": 0.4891565027355692, "score": 0.3865839487587152}