{"quality": 0, "novelty": 0.49168758043843647, "diversity": 0.2936452958519566, "efficiency": 0.19330737250470503, "cost": 0.2935634134384668, "score": 0.1812907188118595}