{"quality": 0.8902712335061727, "novelty": 0, "diversity": 0.6741429997333368, "efficiency": 0.0014232820173871452, "cost": 0.8101502785428901, "score": 0.32110843444683823}