{"quality": 0.19334953862726117, "novelty": 0.8235583499901609, "diversity": 0.4124271021443585, "efficiency": 0.16206902997556707, "cost": 0.60845795574789, "score": 0.30984442843613635}