{"quality": 0.4504267705015199, "novelty": 0.6706557981693558, "diversity": 0.7588228317112865, "efficiency": 0.9915101952297136, "cost": 0.2442362995032681, "score": 0.5788594463691825}