{"quality": 1, "novelty": 0.9097042712736768, "diversity": 0.5074019605669465, "efficiency": 0.6413924387548373, "cost": 0.8928814833251901, "score": 0.635827177412515}