{"quality": 0.7088816228129224, "novelty": 0.9105779845009546, "diversity": 0.07788302257145308, "efficiency": 0.15154488650354242, "cost": 0.7546755704080388, "score": 0.40314976341813347}