{"quality": 0.8594188846424757, "novelty": 0.7181185380522008, "diversity": 0.6499019223481051, "efficiency": 0, "cost": 0.2203449383064648, "score": 0.5453011905447674}