{"quality": 0.6289707135228442, "novelty": 0.8325914450342939, "diversity": 0.5442674564359188, "efficiency": 0.8368009092214147, "cost": 0.2986588684817489, "score": 0.6013468161376478}