{"quality": 1, "novelty": 0.952533987434675, "diversity": 0.18027115512961706, "efficiency": 0.4795472543478799, "cost": 0.47382103400774345, "score": 0.5987377126359998}