{"quality": 1, "novelty": 1, "diversity": 0, "efficiency": 0.7313413437379676, "cost": 0.22494894971586027, "score": 0.637206306589109}