{"quality": 0.5542372374458822, "novelty": 0.7666736033341572, "diversity": 0.4874304566074293, "efficiency": 0.6933266168122519, "cost": 0.7042141188863222, "score": 0.4890032440219954}