{"quality": 0.4792678320512404, "novelty": 0.6620455911594596, "diversity": 0.3394471730991638, "efficiency": 0.3270234010736549, "cost": 0.41043920139469514, "score": 0.38519077204664853}