{"quality": 0.5455621140270628, "novelty": 0.09079755396661329, "diversity": 0.48389176772817066, "efficiency": 0.6669732521223802, "cost": 0.5013752670483944, "score": 0.3330548373589239}