{"quality": 0.0908938585471474, "novelty": 0.4166165644375626, "diversity": 0.9680170360703031, "efficiency": 0.5994281480478618, "cost": 0.7617314922881171, "score": 0.33876677886596307}