{"quality": 0.542227264713656, "novelty": 0.34986710604562427, "diversity": 0.029397005265542536, "efficiency": 0.34465588560933236, "cost": 0.009409099966364826, "score": 0.30677182982337475}