{"quality": 0.0708280962253803, "novelty": 0.7028609465732781, "diversity": 0.5828327027880384, "efficiency": 0.06683786227928198, "cost": 0.7134606632400824, "score": 0.25220981908642537}