{"quality": 0.7172428463617762, "novelty": 0.534733226871775, "diversity": 0.24826435336674196, "efficiency": 0.4174233512929459, "cost": 0.5604804839243578, "score": 0.40507448560133114}