{"quality": 0.9322551025285502, "novelty": 0.5467089364295775, "diversity": 0.19362995347260878, "efficiency": 0.7898969538606366, "cost": 0.3565925260055084}