{"quality": 0.742094052251016, "novelty": 0.4676096901808883, "diversity": 0.7792045802621914, "efficiency": 0.17829484651705851, "cost": 0.8154445277812692, "score": 0.440571328472397}