{"quality": 0.728619099898224, "novelty": 1, "diversity": 0.7694673492506623, "efficiency": 0.08476992611088022, "cost": 0.470539578097751, "score": 0.5881407309264567}