{"quality": 0.6853239223697698, "novelty": 0.39326166075926916, "diversity": 1.0, "efficiency": 0.5810073292008747, "cost": 0.5212865820739678}