{"quality": 0.23617879310382855, "novelty": 0.6538463477159535, "diversity": 0.3922340836334578, "efficiency": 0.01180302006274761, "cost": 0.13653225294137394, "score": 0.3008792693021033}