{"quality": 0.38995709608464535, "novelty": 0.8902053695644652, "diversity": 0.4961009912603922, "efficiency": 0.7924561446541144, "cost": 0.577583522899463, "score": 0.4998687388767592}