{"quality": 0.01764307852291655, "novelty": 0.6418974944081105, "diversity": 0.4193992853029312, "efficiency": 0.44246837857549215, "cost": 0.2866584962297191, "score": 0.28735156138284074}