{"quality": 0.7045527589111311, "novelty": 1, "diversity": 0.5176952090371952, "efficiency": 0.7292260440827576, "cost": 0.4399156789419315, "score": 0.6302972081989988}