{"quality": 0.3246757776470288, "novelty": 0.6975089349863742, "diversity": 0.14661083531079339, "efficiency": 0.6313465122518978, "cost": 0.47530648964506655, "score": 0.34827346197613884}