{"quality": 0.9252023799309788, "novelty": 0.4965875090725365, "diversity": 0.7463070119339088, "efficiency": 0.2976056888855586, "cost": 0.8883638143417405, "score": 0.5067734655328692}