{"quality": 0.6968912276516857, "novelty": 0.5444702124394782, "diversity": 0, "efficiency": 1, "cost": 0.7891465486373507, "score": 0.41627026654164023}