{"quality": 0.6691956398322987, "novelty": 0.5614196477928407, "diversity": 0.5811861765196509, "efficiency": 0.15677768190258837, "cost": 0.10823248939348329, "score": 0.47004424254786986}