{"quality": 0.735805113836681, "novelty": 0.4434286113273738, "diversity": 0.4342821198037572, "efficiency": 1, "cost": 0.15757469267543983, "score": 0.5526976416760553}