{"quality": 0.5706725188337913, "novelty": 0.7417476896655855, "diversity": 0.9025866991083435, "efficiency": 0.48938982181243135, "cost": 0.6244707331330188, "score": 0.5481174178467653}