{"quality": 0.4717878067264974, "novelty": 0.51153044553013, "diversity": 0.33495424659827694, "efficiency": 0, "cost": 0.198500794380387, "score": 0.3165597232820984}