{"quality": 0.5108706191892219, "novelty": 0.25936943180893546, "diversity": 0.59441820903111, "efficiency": 0.5747796557825156, "cost": 0.9545347145292828, "score": 0.32775066242967144}