{"quality": 0.4423577994290058, "novelty": 0.09311558977121842, "diversity": 0.0798940926854459, "efficiency": 0.3063476564606471, "cost": 0.2880674532301134, "score": 0.18911045895468126}