{"quality": 0.5486243978182885, "novelty": 0.27684296289512894, "diversity": 0.7725815083657361, "efficiency": 0.28786649045743784, "cost": 0.10463466115614695, "score": 0.421030869195417}