{"quality": 0.635653048732876, "novelty": 0.0793532656094112, "diversity": 0.5271621066860155, "efficiency": 0, "cost": 0.24684443588843757, "score": 0.2912822087705749}