{"quality": 0.9243644603004573, "novelty": 0.7770896507546785, "diversity": 0.6889772332393855, "efficiency": 0.7690676238628361, "cost": 0.9402695504051226}