{"quality": 0.4591519120851991, "novelty": 0.7273140610407417, "diversity": 0.5944972821121453, "efficiency": 0.8084071125623699, "cost": 0.6044862557892161, "score": 0.499285986613608}