{"quality": 0, "novelty": 0.4487985001064636, "diversity": 0.6881880137925027, "efficiency": 0.7486655654910886, "cost": 0.28914929665676314, "score": 0.33322213294310343}