{"quality": 0.1557340060997299, "novelty": 0.7076912253541277, "diversity": 0.9115877431842632, "efficiency": 0.8139391908955161, "cost": 0, "score": 0.528051435439631}