{"quality": 0.6576505283655295, "novelty": 0.3597424849095563, "diversity": 0.7626579999313697, "efficiency": 0.8817152314817621, "cost": 0.577493572193461, "score": 0.51427030722624}