{"quality": 0.45857756971911184, "novelty": 0.8341887441882672, "diversity": 0.2944538135609094, "efficiency": 0.8125348206021175, "cost": 0.7786647023920394, "score": 0.4490249725260959}