{"quality": 0.7458973891658225, "novelty": 0.4656465976081403, "diversity": 0.4228819986482459, "efficiency": 0.4647651497589971, "cost": 0.4195695787842604, "score": 0.4525150804668545}