{"quality": 0.6576371828153325, "novelty": 0.43052685390570505, "diversity": 0.08519227355900416, "efficiency": 0.38773744286295997, "cost": 0.2770350297587945, "score": 0.3524184364863914}