{"quality": 0.5763061678377941, "novelty": 0.5918639044354937, "diversity": 0.46452996782126954, "efficiency": 0.85643617488666, "cost": 0.7073629465453084, "score": 0.47149295160293364}