{"quality": 0.48263947108813704, "novelty": 0, "diversity": 0.7255258744553854, "efficiency": 0.08230502242968402, "cost": 0.8966200691123594, "score": 0.21258076267073484}