{"quality": 0.6641273114711344, "novelty": 0.8388271760609941, "diversity": 0.6620313492164631, "efficiency": 0.9254266382913573, "cost": 0.5794730753560396}