{"quality": 0.9396017411810533, "novelty": 0.9561372980918876, "diversity": 1, "efficiency": 0.46717634063433655, "cost": 0.22836070176550866, "score": 0.7681552277958875}