{"quality": 0.5769203373648348, "novelty": 0.35582073721486956, "diversity": 0.5193375085796479, "efficiency": 0.8166311400841064, "cost": 0.8256951599637135, "score": 0.405823942245342}