{"quality": 0.9677990364640423, "novelty": 0.23761904080791013, "diversity": 0.3539654794490782, "efficiency": 1, "cost": 0.7763020351934655, "score": 0.4929073635116593}