{"quality": 0.07281496080016764, "novelty": 0.18176191301791186, "diversity": 0.4314298997072993, "efficiency": 0.04670069205417807, "cost": 0.521215382842506, "score": 0.10845451195986423}