{"quality": 0.7650513505234156, "novelty": 0.5697841491710899, "diversity": 0.736895528767418, "efficiency": 0.4837373559703936, "cost": 0, "score": 0.5919011515988397}