{"quality": 0.1494966579596054, "novelty": 0.3129854597290826, "diversity": 0.574964181620609, "efficiency": 0.11584532414235954, "cost": 0.2802035844134094, "score": 0.22744463882428706}