{"quality": 1, "novelty": 0.5127316733379191, "diversity": 0.7734925988745986, "efficiency": 0.3011494782877159, "cost": 0.15794390558452703, "score": 0.6122594692941042}