{"quality": 0.7978208093111643, "novelty": 0.3051201336944704, "diversity": 0.6550138542563616, "efficiency": 0.35571838488185625, "cost": 0.28606930354130455, "score": 0.4713798744463871}