{"quality": 0.1473169838922975, "novelty": 0.9808819680684544, "diversity": 0.11234317185107481, "efficiency": 0.2126708612818835, "cost": 0.8848467590182907, "score": 0.2553001748454713}