{"quality": 0.2664998553271477, "novelty": 0.6883139638746393, "diversity": 0.7183450862900815, "efficiency": 0.8053485074000599, "cost": 0.530623507165926, "score": 0.46343739021823693}