{"quality": 0.35571385870374683, "novelty": 0.04212844269283056, "diversity": 0.061746758928878015, "efficiency": 0.3052645663622771, "cost": 0.4849584304997245, "score": 0.1268894619744764}