{"quality": 0.804991399000649, "novelty": 0.14020719251717037, "diversity": 0.8997284656283346, "efficiency": 1.0, "cost": 0.9016178429587625}