{"quality": 0.9796347507564002, "novelty": 0.28886605994117787, "diversity": 0.1827307164669428, "efficiency": 0.45258035997642815, "cost": 0.4038775015296304, "score": 0.43015238734910427}