{"quality": 0.48358065628767877, "novelty": 0.26505970472557006, "diversity": 0.356936218944156, "efficiency": 0.11435536282806774, "cost": 0.026186418580422297, "score": 0.2972610294226953}