{"quality": 0.742105030144822, "novelty": 0.15834110421194017, "diversity": 0.19266790842978862, "efficiency": 0.6581877926950634, "cost": 0.16174680885511222, "score": 0.38330385480113766}