{"quality": 0.5768893293316436, "novelty": 0.5827261445444408, "diversity": 0.1549007648704302, "efficiency": 0.4399997013099975, "cost": 0.9284729347139491, "score": 0.32288114963479403}