{"quality": 0.3795089258829637, "novelty": 0.912137790302276, "diversity": 0.66644522366015, "efficiency": 0.18321630566978309, "cost": 0.5924072553557042, "score": 0.44341789038738516}