{"quality": 0.2078581499827082, "novelty": 0.11072347025361062, "diversity": 0, "efficiency": 0.10042468084312978, "cost": 0.8483125424785243, "score": 0.020270760436832153}