{"quality": 0.6199062298284161, "novelty": 0.1305361512741853, "diversity": 0.8506934617849632, "efficiency": 0.40945505295638385, "cost": 0.836094132657963, "score": 0.36655344380172505}