{"quality": 0.9187265609805684, "novelty": 0.41632256754518115, "diversity": 0.6218173369468085, "efficiency": 0.5433839554385772, "cost": 0.7534289492244999, "score": 0.510226775963164}