{"quality": 0.342188940871068, "novelty": 0.5963034055093991, "diversity": 0.9842157628665447, "efficiency": 0.7992740091041232, "cost": 0.2643183561281381, "score": 0.5420349519647837}