{"quality": 0.41264413303112346, "novelty": 0.021481672791080597, "diversity": 0.9745299266060314, "efficiency": 0.3951525830173242, "cost": 0.8550568205478992, "score": 0.29783684882612216}