{"quality": 0.24892267204296484, "novelty": 0, "diversity": 0.61608603097438, "efficiency": 0.3540490641217645, "cost": 0.2505779935996841, "score": 0.22594356806606172}