{"quality": 0.5475918202541241, "novelty": 0.49154241203563565, "diversity": 0.3864170577780788, "efficiency": 0.4903689764370554, "cost": 0.470994840618097, "score": 0.39090242304451056}