{"quality": 0.2251916396545653, "novelty": 0.47635310938154785, "diversity": 0.31542804435714045, "efficiency": 0.07295981016647157, "cost": 0.9913792990494359, "score": 0.16153741973321178}