{"quality": 0.4393053312544156, "novelty": 0.672124914273192, "diversity": 0.645286718039628, "efficiency": 0.5806617650891199, "cost": 0.8946103847568506, "score": 0.42651839784023116}