{"quality": 0.002908122465507229, "novelty": 0.1754607878643652, "diversity": 0.3799116886866514, "efficiency": 0.25870559331022985, "cost": 0, "score": 0.15952581043960823}