{"quality": 0.733333423374418, "novelty": 0.41235704540509893, "diversity": 0.7644074091201725, "efficiency": 0.5896328398518066, "cost": 0.44991404916848676, "score": 0.5194242912485569}