{"quality": 0.363150765703071, "novelty": 0.5719665769213871, "diversity": 0.8190577037809492, "efficiency": 0.5507870908659627, "cost": 0, "score": 0.4983664783273523}