{"quality": 0.6787273188124612, "novelty": 0.43293563499143084, "diversity": 0.9840532081789761, "efficiency": 1, "cost": 0.5115634335840289, "score": 0.6075064026689884}