{"quality": 0.7069750148735428, "novelty": 0.4523819730276298, "diversity": 0.9639517694950004, "efficiency": 0.29927149565357414, "cost": 0.421018994479161, "score": 0.5207671765180903}