{"quality": 0.7834604509762039, "novelty": 0.07042808799901148, "diversity": 0.6988955715342227, "efficiency": 0.4640413998745093, "cost": 0.016342317604525314, "score": 0.46039624982018246}