{"quality": 0.2635370786017881, "novelty": 0.6677197233598344, "diversity": 0.2506119042917272, "efficiency": 0.8102920461010872, "cost": 0.4865993907530462, "score": 0.36899730311869894}