{"quality": 0.3999139106317665, "novelty": 0.2996402747676437, "diversity": 0.7062618833156453, "efficiency": 1, "cost": 0.19840942517019333, "score": 0.46629567602755057}