{"quality": 0.5757886310872797, "novelty": 0.3805071757683128, "diversity": 0.6506464045221709, "efficiency": 0.190611907836963, "cost": 0.26115132225333126, "score": 0.40046931812290765}