{"quality": 0.7198399859431007, "novelty": 0.7764599707123547, "diversity": 0.5667137029245432, "efficiency": 0.06355561718125019, "cost": 0.2867040260165503, "score": 0.5042726690214601}