{"quality": 0.3062510780891783, "novelty": 0.030468350556018153, "diversity": 0.12265697247938559, "efficiency": 0.6934818585167148, "cost": 0.6590940625668227, "score": 0.16213667808246007}