{"quality": 0.45087932580330176, "novelty": 0.7995061054226098, "diversity": 0.7285199530320103, "efficiency": 0.6278181397258886, "cost": 0.7365599097739011, "score": 0.5013610446845382}