{"quality": 0.3333952323447851, "novelty": 0.15294497048004074, "diversity": 0.7305336833764383, "efficiency": 0.9939076520435325, "cost": 0.39208122997798556, "score": 0.3942395738074647}