{"quality": 0.17650810969452405, "novelty": 1, "diversity": 0.3396038547846957, "efficiency": 1, "cost": 0.32119179579585283, "score": 0.4887540242857111}