{"quality": 0.6716382591286527, "novelty": 0.9070735163644034, "diversity": 1.0, "efficiency": 0.5437350266812774, "cost": 0.9543064820492817}