{"quality": 0.14836589610454312, "novelty": 0.8589450887193599, "diversity": 0.7211311473075763, "efficiency": 0.7303503526138742, "cost": 0.4514570660645287, "score": 0.46787911675834637}