{"quality": 0.7608383149033289, "novelty": 0.7784063840097711, "diversity": 1, "efficiency": 0.9161336095228376, "cost": 0.9601759289001809, "score": 0.6642555390118491}