{"quality": 0.07517364270652108, "novelty": 1, "diversity": 0.7271069563231944, "efficiency": 0.5345347426062831, "cost": 0.353085372814541, "score": 0.4628451581860835}