{"quality": 0.1372037729895111, "novelty": 0.5234569796489722, "diversity": 0.6069915135775638, "efficiency": 0.9824530933170634, "cost": 0.8322187813289217, "score": 0.35756976538927643}