{"quality": 0.6816062396218782, "novelty": 0.6274487905373349, "diversity": 0.20792351607095355, "efficiency": 0.2992371805948648, "cost": 0.21878798314905107, "score": 0.42593555150941254}