{"quality": 0.3222952620540676, "novelty": 0.1876561980999615, "diversity": 0.5199699644545321, "efficiency": 0.010289257531522572, "cost": 0.5263417091648869, "score": 0.1965058387453568}