{"quality": 0.7917685755165857, "novelty": 0.2338003664784185, "diversity": 0.2539744035548134, "efficiency": 0.8608666507348304, "cost": 0.91568352142318, "score": 0.38433719045344955}