{"quality": 0.5071712665613051, "novelty": 0.5198025948233235, "diversity": 0.7597659717992782, "efficiency": 0.37924149461899376, "cost": 0, "score": 0.4909414472269271}