{"quality": 0.8847553364528011, "novelty": 0.1694496963234833, "diversity": 0.6030166865548973, "efficiency": 0.2664921361136474, "cost": 0.22121259202755056, "score": 0.44624492354198264}