{"quality": 0.9129557146566594, "novelty": 0.9224391308115245, "diversity": 0.3596233823356429, "efficiency": 0.7411616399631037, "cost": 0.06620876995502162, "score": 0.6809745425659709}