{"quality": 0.809586519379255, "novelty": 0.26104319154190014, "diversity": 0.008630075606488326, "efficiency": 1.0, "cost": 0.24418108095754582}