{"quality": 0.2701762308022668, "novelty": 0.741188196883438, "diversity": 0.44927188328762924, "efficiency": 0.38800246404518923, "cost": 0.44215951886587435, "score": 0.3701887128392563}