{"quality": 0.4825725936515309, "novelty": 0.4746855686382482, "diversity": 0.3265250321740819, "efficiency": 0.815917871549105, "cost": 0.7987041658338017, "score": 0.37126544083882324}