{"quality": 0.19858572745649689, "novelty": 0.7768930629173766, "diversity": 0.3382403432624013, "efficiency": 0.7689305202064363, "cost": 0.020010672838447735, "score": 0.4347855633658942}