{"quality": 0.0817044641467719, "novelty": 0.03746307101443322, "diversity": 0, "efficiency": 0.0724928906688539, "cost": 0.6056751437612661, "score": -0.015816473778158653}