{"quality": 1.0, "novelty": 0.6765228409362329, "diversity": 0.3496275335108401, "efficiency": 0.6604681739824116, "cost": 0.8049106216213954}