{"quality": 0.7424010147178253, "novelty": 0.43264070788790127, "diversity": 0.5538496584828461, "efficiency": 0.8563923528360964, "cost": 0.15634356206138586, "score": 0.5544749098031679}