{"quality": 0.8978474670150857, "novelty": 0.6580947746275189, "diversity": 0.08791072498056729, "efficiency": 0.813692210458003, "cost": 0.5916659319244398, "score": 0.5143473171337752}