{"quality": 0.4595525644743955, "novelty": 0.4815287171571607, "diversity": 0.5381098718193517, "efficiency": 0.5408902001527744, "cost": 0.4995054939631267, "score": 0.3970529036220827}