{"quality": 0.5168564003652866, "novelty": 0.7559327282349118, "diversity": 0.6154811737528334, "efficiency": 0.4290853279369231, "cost": 0.5254448029339663}