{"quality": 0.0759329705594615, "novelty": 0.8622671225610271, "diversity": 0.2964527841380376, "efficiency": 0.3665315766887943, "cost": 0.3874388718509338, "score": 0.31387307795392855}