{"quality": 0.714465371841225, "novelty": 0.845867448438286, "diversity": 0.7562229270562186, "efficiency": 0.6142800318093847, "cost": 0.7574787452244613, "score": 0.5934451893221443}