{"quality": 0.7782320354350735, "novelty": 0.09670248259958714, "diversity": 0.9604887820848894, "efficiency": 0.8022654862877285, "cost": 0.4588411769063422, "score": 0.5241986929499218}