{"quality": 0.5022185564211183, "novelty": 0.6973231868638777, "diversity": 0.25482976577792615, "efficiency": 0.9030663590391457, "cost": 0.47365667377815335}