{"quality": 0.8250870484651374, "novelty": 0.9103189487457433, "diversity": 0.4135433563312302, "efficiency": 0.4107896370045412, "cost": 0.4101091120630389, "score": 0.5784220573366005}