{"quality": 0.5847356425622797, "novelty": 0.41065664271498614, "diversity": 0.5208327861392372, "efficiency": 0.2397488407035927, "cost": 0, "score": 0.4182137367808168}