{"quality": 0.16524514813497265, "novelty": 0, "diversity": 0.8246321809578102, "efficiency": 0.3348443426339173, "cost": 0.3182141465455559, "score": 0.23290521737258582}