{"quality": 0.045448910895104, "novelty": 0.29274154484024606, "diversity": 0.7727812329531315, "efficiency": 0.4674609701235467, "cost": 0.6556372896649294, "score": 0.24593172262125806}