{"quality": 0.7422983640243708, "novelty": 0.7133140862945032, "diversity": 0.6938223119810456, "efficiency": 0.8632930096101545, "cost": 0.8574265590820757}