{"quality": 0.262022993085411, "novelty": 0.5496218478001806, "diversity": 0.4961841343536405, "efficiency": 0.24682476805503936, "cost": 0.17519248721653224, "score": 0.33475365323299927}