{"quality": 0.3842445983138088, "novelty": 0, "diversity": 0.5668058548709702, "efficiency": 0.9371987521646501, "cost": 0.028248002396032257, "score": 0.36638956305343096}