{"quality": 0.3932920362490086, "novelty": 0.3664920347698571, "diversity": 0, "efficiency": 0.22474406583437112, "cost": 0.1804474662312854, "score": 0.225277482819194}