{"quality": 0.2322737208762149, "novelty": 0.590299994604814, "diversity": 0.6258618250541138, "efficiency": 0.4850264377123909, "cost": 0.8113404084185647, "score": 0.33404940473989286}