{"quality": 0.3599762839598241, "novelty": 0.7684981776622213, "diversity": 0.910033187547388, "efficiency": 0.9727318126877667, "cost": 0.6070319818539733, "score": 0.5673306408307478}