{"quality": 0.5968054110487226, "novelty": 0.6546464338829663, "diversity": 0.6535913708547924, "efficiency": 0.7911419856990224, "cost": 0.40977633023569016, "score": 0.5511151707876011}