{"quality": 0.5476218376025366, "novelty": 0.7604381882936215, "diversity": 0.08166966908609022, "efficiency": 0.23538057211085206, "cost": 0.8343416705529534, "score": 0.3226029509327169}