{"quality": 0.826245483685876, "novelty": 0.7557523704620664, "diversity": 0.604758020824874, "efficiency": 0.5307826594919497, "cost": 0.2632804216020285}