{"quality": 0.5730693837760588, "novelty": 0.08089320689926005, "diversity": 0.4695925774001558, "efficiency": 0.5713215363377587, "cost": 0.10214452885961867, "score": 0.3615464099023658}