{"quality": 0.2821970426446178, "novelty": 0.5827828533269143, "diversity": 0.21828579784540983, "efficiency": 0.22025947924750833, "cost": 0.9056273471179407, "score": 0.21648817286952807}