{"quality": 0, "novelty": 0.7047767448932507, "diversity": 0.9275782390361209, "efficiency": 0.07837393551023664, "cost": 0.3695990719228274, "score": 0.3365060171647896}