{"quality": 0.40883093661997155, "novelty": 0.784783456414998, "diversity": 0.8685948962724694, "efficiency": 0.2676305649394879, "cost": 0.16526924582475666, "score": 0.5161817845026824}