{"quality": 0.23054462946816637, "novelty": 0.10792017638067017, "diversity": 0.7946017593740518, "efficiency": 0.003206294670137569, "cost": 0.2500818968681794, "score": 0.23053653932413048}