{"quality": 0.8167516577248359, "novelty": 0.6899569255968667, "diversity": 0.11723446232332022, "efficiency": 0.2221006851571108, "cost": 1, "score": 0.3742767239548981}