{"quality": 0.26287288053617835, "novelty": 0.37204210847438013, "diversity": 0.8033452601434646, "efficiency": 0.3744090078107613, "cost": 0.5555964946824922, "score": 0.3331431450115065}