{"quality": 0.865061186732389, "novelty": 0.8095665936665355, "diversity": 0.3699090677176582, "efficiency": 1, "cost": 0.5084066631751805, "score": 0.6350511516623641}