{"quality": 0.5978574303818267, "novelty": 0.6554055051833443, "diversity": 0.11378114543130985, "efficiency": 0.9393359542723232, "cost": 0.5374192321863109, "score": 0.45312330441886345}