{"quality": 0.6990084357518698, "novelty": 0.05133185744019411, "diversity": 0.7231570542221684, "efficiency": 0.839761087903897, "cost": 0.7656694533955183, "score": 0.4165641237760758}