{"quality": 0.3835867035454736, "novelty": 0.8139702361708778, "diversity": 0.7754176544253665, "efficiency": 0.8433852251848865, "cost": 0.340001336086295, "score": 0.5661597511605383}