{"quality": 0.9662606656886822, "novelty": 0.6966037041826113, "diversity": 0.07925184778356452, "efficiency": 0.8068636374233669, "cost": 0.3958519525687636}