{"quality": 0.900743244146933, "novelty": 0.9461387476123673, "diversity": 0.3440966125796865, "efficiency": 0.30024847286974665, "cost": 0.9313269861079763, "score": 0.5274815549827733}