{"quality": 0.3670430962078989, "novelty": 0.41638840729309146, "diversity": 0.3457841221739742, "efficiency": 0, "cost": 0.7109038354842903, "score": 0.21227647157200832}