{"quality": 0.0757354629488494, "novelty": 0.9867468752305173, "diversity": 0.10304681785818015, "efficiency": 0, "cost": 0.49783639017710773, "score": 0.24023308224620937}