{"quality": 1, "novelty": 0.7302701882868228, "diversity": 0.3001331518882779, "efficiency": 0.8071846138187616, "cost": 0.8203178202343924, "score": 0.5816400874987362}