{"quality": 0.5864418159729711, "novelty": 0.7775086748031146, "diversity": 0.7536984362565968, "efficiency": 0.9626926786698002, "cost": 0.41457885679472417, "score": 0.6239954168649869}