{"quality": 0.6715727609410882, "novelty": 1, "diversity": 0.7045942810243213, "efficiency": 0.6514185860880153, "cost": 0.3971789808505862, "score": 0.6503855743153343}