{"quality": 0.6032675934874254, "novelty": 0, "diversity": 0, "efficiency": 0.41348420755998966, "cost": 0.651284936017569, "score": 0.17787441557846917}