{"quality": 0.20816820532563124, "novelty": 0.09362617793933795, "diversity": 0.9014742342739737, "efficiency": 0.45327237892451455, "cost": 0, "score": 0.33414270977599575}