{"quality": 0.8277091968015516, "novelty": 0.8048877856728772, "diversity": 0.13481187256589044, "efficiency": 0.27345608318943243, "cost": 0.6800417354535515, "score": 0.4495113189049226}