{"quality": 0.08903701963572433, "novelty": 0.966772893893563, "diversity": 0, "efficiency": 0.8366858786961817, "cost": 0.9679872679565023, "score": 0.2971084843728851}