{"quality": 0.564196759842801, "novelty": 0.3413740577289093, "diversity": 0.24127930761784133, "efficiency": 0.8740706532997407, "cost": 1, "score": 0.333969001903597}