{"quality": 0.6686850985208248, "novelty": 0.8193068213625891, "diversity": 0.07129389378302609, "efficiency": 0.8233521532475103, "cost": 0.42580932617073297, "score": 0.5006129040235532}