{"quality": 0.4892191161880032, "novelty": 0.2675466813623591, "diversity": 0.6853890251024628, "efficiency": 0.4774564276867782, "cost": 1, "score": 0.3223486743705001}