{"quality": 0.7973843915917082, "novelty": 0.20115205880375653, "diversity": 0.5702476872513679, "efficiency": 0.29267999710932147, "cost": 0.9205498463950281, "score": 0.35539988455562055}