{"quality": 0.5203616353642779, "novelty": 1, "diversity": 0.026616914759043403, "efficiency": 0.8955217331636024, "cost": 0.31056962350432343, "score": 0.5147031711852}