{"quality": 0.07457496431524513, "novelty": 0.6907125735020566, "diversity": 0.7784664388283926, "efficiency": 0.06577821634239617, "cost": 0.36560166470197936, "score": 0.3240504864169277}