{"quality": 0.23106430122429994, "novelty": 0, "diversity": 0.31038615882874226, "efficiency": 0.42562574749100657, "cost": 0.4354348844675001, "score": 0.1516968958099394}