{"quality": 0.5790415929568854, "novelty": 0.6212337224001439, "diversity": 0, "efficiency": 0.6994512185477789, "cost": 0.8506571068985469, "score": 0.34887288057941374}