{"quality": 0.7620814557496002, "novelty": 0.45706738471676855, "diversity": 0.20518018225563936, "efficiency": 0.800594172929398, "cost": 0.2804767097517469, "score": 0.4759687743194351}