{"quality": 0.5821908320975214, "novelty": 0.4454740831153452, "diversity": 0.4147033170782355, "efficiency": 0.6549305736446822, "cost": 0.7933753916315529, "score": 0.3878684807072869}