{"quality": 0.21880549153292625, "novelty": 0.6150632465112433, "diversity": 0.15139960961416646, "efficiency": 0.17657692448226459, "cost": 0.40961318692524584, "score": 0.2352126009903371}