{"quality": 0, "novelty": 0.7974824177576482, "diversity": 0.6361270587530781, "efficiency": 0.0680184640346291, "cost": 0.8092350680531633, "score": 0.25587527898990564}