{"quality": 0.5175239327022921, "novelty": 0.4762147438422328, "diversity": 1, "efficiency": 0.20500660354326805, "cost": 0.2937236210722928, "score": 0.47568949419550677}