{"quality": 0.5481169116593769, "novelty": 0.5884116777614918, "diversity": 0.1626174466695748, "efficiency": 0.5049042830334898, "cost": 0.10397207442965634, "score": 0.40939991728415887}