{"quality": 0.2619351347677965, "novelty": 0.2630071641947498, "diversity": 0.6979582039434682, "efficiency": 0.1302076599798749, "cost": 0.294581292162626, "score": 0.27399699204843864}