{"quality": 0.5830675683381515, "novelty": 0.7698436953711225, "diversity": 0.9851421621038844, "efficiency": 0.2527962261403071, "cost": 0.5990325762878034}