{"quality": 1, "novelty": 0.6540390542927398, "diversity": 0.2208719918257705, "efficiency": 0.3180670316932636, "cost": 0.12224341330247662, "score": 0.5431698753620811}