{"quality": 0.812317236711529, "novelty": 0.5797435913725737, "diversity": 0.9363477760792889, "efficiency": 0.6229610918136349, "cost": 0.7762396803341873, "score": 0.5917208198110864}