{"quality": 0.5498174767746422, "novelty": 0.805881369375634, "diversity": 0.4052773443407478, "efficiency": 0.2658608004126068, "cost": 0.272178835011549, "score": 0.46013229080518686}