{"quality": 0.13504638412015438, "novelty": 0.7748968695912082, "diversity": 0.018134150567240048, "efficiency": 0, "cost": 0.9586509279524258, "score": 0.14199986995205377}