{"quality": 0.7333936128670208, "novelty": 1, "diversity": 0, "efficiency": 0.461143150065683, "cost": 0.5298283004429419, "score": 0.4862067263256645}