{"quality": 0.5047844726531712, "novelty": 0.6311689301738005, "diversity": 0.32216047570703293, "efficiency": 1, "cost": 0.3354522847531841, "score": 0.49011444100548957}