{"quality": 0.41895301803884977, "novelty": 0.5285298758763084, "diversity": 0.12347056888686397, "efficiency": 0.3026631584193289, "cost": 0.8133454586916199, "score": 0.24657741605184214}