{"quality": 0.6143316006685852, "novelty": 0.8684862655303904, "diversity": 0.5927262411320693, "efficiency": 0.31088349563129153, "cost": 0.7470489838387542, "score": 0.4918939207704054}