{"quality": 0.08804691962648642, "novelty": 0.4163990122389836, "diversity": 0.3806725160389292, "efficiency": 0.571571344503853, "cost": 0.5897661299568094, "score": 0.23340742083537466}