{"quality": 0.23298505357532456, "novelty": 0, "diversity": 0.12921697722462694, "efficiency": 0.36591715902179367, "cost": 0, "score": 0.15062648537079182}