{"quality": 0.062433610337348566, "novelty": 0.12981153043566657, "diversity": 0.2874707848420829, "efficiency": 0.5617509729056384, "cost": 0.5293180451302326, "score": 0.1400079641013603}