{"quality": 1, "novelty": 0.6486373456511476, "diversity": 0.8907375483090534, "efficiency": 0.8724871163916532, "cost": 0.20593400192413758, "score": 0.7505865133409317}