{"quality": 1, "novelty": 0.6799829291501706, "diversity": 0.2796180111986849, "efficiency": 0.5462151187815393, "cost": 0.717123453501797, "score": 0.5361392569943308}