{"quality": 0.04408542856008418, "novelty": 0.462002117774314, "diversity": 0.8491506965361482, "efficiency": 0.3973437444827327, "cost": 0.5056330498329468, "score": 0.3075945540079486}