{"quality": 0.3095868693436084, "novelty": 0.11483961233458578, "diversity": 0.16998672134998194, "efficiency": 0.6635282045149304, "cost": 0.655190307346087, "score": 0.1895935080993562}