{"quality": 0.3265499654695722, "novelty": 0.4464468647642761, "diversity": 0.1957133226989966, "efficiency": 0.4815071276674882, "cost": 0.6060486312618596, "score": 0.2603405763956773}