{"quality": 0.5576117800564859, "novelty": 0.5340405293985023, "diversity": 0.6030957417113102, "efficiency": 0.2913349582727341, "cost": 0.06244637503734651, "score": 0.4588684209460088}