{"quality": 0.347663968149826, "novelty": 0.3201494182482169, "diversity": 0.6323874012039665, "efficiency": 0.5830384225546208, "cost": 1, "score": 0.2982697886309884}