{"quality": 0.26814436358677907, "novelty": 0.12828633694166153, "diversity": 0.4141907413107944, "efficiency": 0.4026168975430525, "cost": 0.3880704596042851, "score": 0.21693853024463738}