{"quality": 0.10639646057330769, "novelty": 0.6513723361100172, "diversity": 0.7994266530609837, "efficiency": 0.8996515012949433, "cost": 0.3353196571818165, "score": 0.4560631122877532}