{"quality": 0.6795893739855294, "novelty": 0.7136954214809057, "diversity": 0.4957181443677753, "efficiency": 0.10637927509141107, "cost": 0.3793733194497927, "score": 0.4594638557581726}