{"quality": 0.0599024586992771, "novelty": 0.7551860498817347, "diversity": 0.25404812670824195, "efficiency": 0.3142126588122554, "cost": 1, "score": 0.2047087742437035}