{"quality": 0.45285306391746316, "novelty": 0.7408193101992877, "diversity": 0.29410925842609675, "efficiency": 0.5370172108516627, "cost": 0.8282101542241103, "score": 0.3776141646156186}