{"quality": 0.8219303623166825, "novelty": 0.9882351525249284, "diversity": 0.6863190773826252, "efficiency": 0.27307411432704276, "cost": 0.3664027119241323}