{"quality": 0.3750560896580155, "novelty": 1, "diversity": 0.18137596268988526, "efficiency": 0.4849331852482407, "cost": 0.3884020597592907, "score": 0.4326917912466888}