{"quality": 0.37312004385766356, "novelty": 0.5805948890163247, "diversity": 0.7268512442886503, "efficiency": 0.9845411721395276, "cost": 0, "score": 0.5501361600900394}