{"quality": 0.10763360044121342, "novelty": 0.08466295148892505, "diversity": 0.5805118908295264, "efficiency": 0.7536867498028349, "cost": 0.7179415495224171, "score": 0.2108170536886841}