{"quality": 0.9522076325983069, "novelty": 0.7622210494054906, "diversity": 1, "efficiency": 0.2554765899114606, "cost": 0, "score": 0.7145390406175838}