{"quality": 0.32431512151979974, "novelty": 0.4769248292386365, "diversity": 0.7221739366512873, "efficiency": 0.712407067663638, "cost": 1, "score": 0.36782159124540226}