{"quality": 0.24193942355836295, "novelty": 0.5587863028092342, "diversity": 0.8361810917690209, "efficiency": 0.1855887638748645, "cost": 0.30208638619103867, "score": 0.3771442970857474}