{"quality": 0.7520920317111772, "novelty": 0.4779294853351212, "diversity": 0.6033516240807155, "efficiency": 0.16749874210667604, "cost": 0.2820710662054654, "score": 0.4626980103587314}