{"quality": 0.7934924845342091, "novelty": 0, "diversity": 0, "efficiency": 0.6164052333976281, "cost": 0.39568518701398914, "score": 0.29094001166850797}