{"quality": 0.6961633990563569, "novelty": 0.23433012271075834, "diversity": 0.4293367799419696, "efficiency": 1, "cost": 0.3887737849436359, "score": 0.464421527888627}