{"quality": 0.99968143111114, "novelty": 0.7853003529840676, "diversity": 0.49398794852517797, "efficiency": 0.49813076919685273, "cost": 0.5459768475987503, "score": 0.6151490379040473}