{"quality": 0.39680916290905066, "novelty": 0.4567954663525135, "diversity": 0.6627863816558607, "efficiency": 0.023651489837868966, "cost": 0.08719625517961441, "score": 0.3606269897497346}