{"quality": 0.796909722910977, "novelty": 0.6981595068675278, "diversity": 0.36518180801164085, "efficiency": 0.7194012060129618, "cost": 0.2121052730245398, "score": 0.5733488087919935}