{"quality": 0.23894249595601572, "novelty": 0.4992872988174137, "diversity": 0.7907148422957344, "efficiency": 0.09378704742645527, "cost": 0.6263345295525665, "score": 0.30608214610901663}