{"quality": 0.9754694382749538, "novelty": 0.6986806217375862, "diversity": 0.7902247008942291, "efficiency": 0.9564915166080391, "cost": 0.23145244650201519, "score": 0.7456844099367329}