{"quality": 0.7674658209652454, "novelty": 0.5268526773003668, "diversity": 1, "efficiency": 0.5655270009738071, "cost": 0.300354070734606, "score": 0.6167465586872758}