{"quality": 0.1495568651590235, "novelty": 0.1646201434180527, "diversity": 0.4687740862110241, "efficiency": 0.9329392849291269, "cost": 0.4717566846070156, "score": 0.2725421369230925}