{"quality": 0.15058388127915212, "novelty": 0.43907106223629805, "diversity": 0.9954067769154744, "efficiency": 0.6285104354627957, "cost": 0.1615177048039423, "score": 0.4321490801649402}