{"quality": 0.7338457751114845, "novelty": 0.27365672478314046, "diversity": 0.2347662190297965, "efficiency": 1, "cost": 1, "score": 0.3855211575351898}