{"quality": 0.44525137755317, "novelty": 0.49257335774474464, "diversity": 0.832123372625297, "efficiency": 1, "cost": 0.2920644388262581, "score": 0.5439369833445707}