{"quality": 1, "novelty": 0.14902469198005167, "diversity": 0.9654832326354728, "efficiency": 0.6835892197615379, "cost": 0.964740838430961, "score": 0.536417118643242}