{"quality": 0.8391777959359425, "novelty": 0.14649770636712486, "diversity": 0.9816308385186858, "efficiency": 0.9057670404648099, "cost": 0.8277982096379436}