{"quality": 0.7967329311342228, "novelty": 0.718202391170769, "diversity": 0.27492920689039646, "efficiency": 0.4023716746199778, "cost": 0.7402778782958557, "score": 0.45988428187444946}