{"quality": 0.4583478119367628, "novelty": 0.42012164657002077, "diversity": 0.44362118647203697, "efficiency": 0.47979671436345067, "cost": 0.5660072971256005, "score": 0.34662776995989897}