{"quality": 0.9413630294118672, "novelty": 0.8093463087442381, "diversity": 0.7291735545038012, "efficiency": 0.4400713105151557, "cost": 0.20173141952125817, "score": 0.6764177515355274}