{"quality": 0.9718851599431656, "novelty": 0.2992611183110072, "diversity": 0.8773921270238028, "efficiency": 0.5480446298829449, "cost": 0.11374457117452805}