{"quality": 0.4037200957820251, "novelty": 0.5920893703135823, "diversity": 0.3603032650708654, "efficiency": 0.798379125826729, "cost": 0.34628808959095625, "score": 0.42632708424208987}