{"quality": 0.15634413729094776, "novelty": 0.6671203735588789, "diversity": 1, "efficiency": 0.19442152255437667, "cost": 0.482135799367768, "score": 0.3946329830233838}