{"quality": 0.09094787615226418, "novelty": 0.26267518453074135, "diversity": 0.611310011976604, "efficiency": 0.8514048662658349, "cost": 0.3266056773474146, "score": 0.3102653235788192}