{"quality": 0.4630334784966827, "novelty": 0.8057836075870728, "diversity": 0.37766698253498504, "efficiency": 0.13505781812455933, "cost": 0.7249971583999197, "score": 0.36364829883146194}