{"quality": 0.3705841305981907, "novelty": 0.9383171513893662, "diversity": 0.735038906325101, "efficiency": 0.31904220273741457, "cost": 0.7855856701352795}