{"quality": 0.4002336473659152, "novelty": 0.589320225913359, "diversity": 0.008524411951186861, "efficiency": 0.3762436979319053, "cost": 0.14456448039266168, "score": 0.3110851397288713}