{"quality": 0, "novelty": 0, "diversity": 0.07710615306155472, "efficiency": 0.7421232210977395, "cost": 0.21001206451324028, "score": 0.10573850732564785}