{"quality": 0.4676863545344268, "novelty": 1.0, "diversity": 0.60220487671502, "efficiency": 0.1796831284435165, "cost": 0.9889311766898032}