{"quality": 0.3801485518103313, "novelty": 0.8416652457847704, "diversity": 0.9641805072895625, "efficiency": 0.2975081722888611, "cost": 1, "score": 0.4619232042905338}