{"quality": 0, "novelty": 0.8539329742418144, "diversity": 0.6605356907238791, "efficiency": 0.5281640066182233, "cost": 0.8486019303922646, "score": 0.3399547896587364}