{"quality": 0.08498100565512295, "novelty": 0.9375468484326099, "diversity": 0.22303585120807, "efficiency": 0.8204331697120253, "cost": 1, "score": 0.32755315950310715}