{"quality": 0.1651398329300768, "novelty": 0.3830941290768278, "diversity": 0.12712271673180486, "efficiency": 1, "cost": 0.7196205330902894, "score": 0.24877797218556208}