{"quality": 0.24985386817024735, "novelty": 0.6583265285761272, "diversity": 0.14101844100061334, "efficiency": 0.7726095596960536, "cost": 0.5938645415621863, "score": 0.32424646059341805}