{"quality": 0.6326751518926674, "novelty": 0.13357984011889862, "diversity": 0.6118963121798445, "efficiency": 0.324689396441031, "cost": 1, "score": 0.2942801774996484}