{"quality": 0.7010783620658577, "novelty": 1, "diversity": 0.8715148257529309, "efficiency": 0.06232990149481343, "cost": 1, "score": 0.5439759589945655}