{"quality": 0.6211843765773293, "novelty": 0.7310827793491788, "diversity": 0.20653565872077945, "efficiency": 0.2044094673547384, "cost": 0.799253002587152, "score": 0.3611692593991449}