{"quality": 0.7466981814763141, "novelty": 0.25242878683819353, "diversity": 0.6618481667203074, "efficiency": 0.5803941195792763, "cost": 0.061118250421968806, "score": 0.5004335773911986}