{"quality": 0.46165498056446713, "novelty": 1, "diversity": 0, "efficiency": 0.4937631724567997, "cost": 0.4303650780374383, "score": 0.4195244622341162}