{"quality": 0.899677148089937, "novelty": 0, "diversity": 0.8699905814943957, "efficiency": 0.46854108225661995, "cost": 0.9475703575734513, "score": 0.4194253873070081}