{"quality": 0.2077216991413323, "novelty": 0.735144127897176, "diversity": 0.23684238594052207, "efficiency": 0.22829046676793072, "cost": 0.9156202989260958, "score": 0.23615255902737814}