{"quality": 0.6502394668710413, "novelty": 0.05642317716279743, "diversity": 0.13053054325994556, "efficiency": 1, "cost": 0.3711923751053571, "score": 0.3481645054934651}