{"quality": 0.38940706138730885, "novelty": 0.6887120457597891, "diversity": 0.8104047967164855, "efficiency": 0.6424542493470488, "cost": 0.9755410600246677, "score": 0.44989512059902753}