{"quality": 0.9112989860784328, "novelty": 0.8272998511382007, "diversity": 0.45100582546174967, "efficiency": 0.5522719105173189, "cost": 0.652648977076201, "score": 0.5879917125704077}