{"quality": 0.9238801369592856, "novelty": 0.7086750141231243, "diversity": 0.8087261961234952, "efficiency": 0.5780553383601423, "cost": 1, "score": 0.6027863345972873}