{"quality": 0, "novelty": 0.7309799849226939, "diversity": 0.48223961868421794, "efficiency": 0.2272201416843206, "cost": 1, "score": 0.2132759412201651}