{"quality": 0.3033292042909248, "novelty": 0.8062771632727366, "diversity": 0, "efficiency": 0.8867842689895299, "cost": 0.45435502858607474, "score": 0.3801501895952835}