{"quality": 0.8490485170590325, "novelty": 1, "diversity": 0.7636801784817245, "efficiency": 0, "cost": 0.7365572334306589, "score": 0.5837948674709887}