{"quality": 0.8796898057916276, "novelty": 0.2657530378147575, "diversity": 0.9059804769598182, "efficiency": 0.3778729167607052, "cost": 0.1891491571575935}