{"quality": 0.6630388955095355, "novelty": 0.4977871790365028, "diversity": 0.08886239438452881, "efficiency": 0.20730367960925905, "cost": 0.8240425026683743, "score": 0.2898222439634435}