{"quality": 0.3392784700042926, "novelty": 0.8791127009043007, "diversity": 0.46037906393656414, "efficiency": 0.5735160154323252, "cost": 0.7808108229831785, "score": 0.4215838490312067}