{"quality": 0.9718776159609839, "novelty": 0.7972359063081509, "diversity": 0.23796210502226417, "efficiency": 0.8650464778083848, "cost": 0.9957204050763739}