{"quality": 0.14141956336680678, "novelty": 0.7149126787192914, "diversity": 0.8434404588925877, "efficiency": 0.6796032230383828, "cost": 0.47238599523053765, "score": 0.4445440144010861}