{"quality": 0.2896322135176413, "novelty": 0.6350206460089813, "diversity": 0.14706872788937075, "efficiency": 0.349191883284218, "cost": 0.19630541674513102, "score": 0.3078068119535315}