{"quality": 0.7224991108385728, "novelty": 0.7011882925769013, "diversity": 0.689933686781602, "efficiency": 0.7201362185813026, "cost": 0.2729174340570718}