{"quality": 1, "novelty": 0, "diversity": 0.5197142214627529, "efficiency": 0.20386816554337261, "cost": 0.5468918831714427, "score": 0.3798338808069122}