{"quality": 0.5561263849657547, "novelty": 0.5534365391322937, "diversity": 0.5130349896227617, "efficiency": 0.24424627595758092, "cost": 0.37683426635632733, "score": 0.40675756295535664}