{"quality": 0.43591011719410133, "novelty": 0, "diversity": 0.8266191583363792, "efficiency": 0.38938047694500905, "cost": 0.09751282179417065, "score": 0.3447526561878405}