{"quality": 0.10478821397593588, "novelty": 0.02710960585177935, "diversity": 0.9350993920530767, "efficiency": 0.6497767092513287, "cost": 0.8481204983644282, "score": 0.23788820061759747}