{"quality": 0.7255668517156129, "novelty": 0.7839722860222516, "diversity": 0.9327076604396067, "efficiency": 0.5679895016781297, "cost": 0.4173715970488485, "score": 0.6436659246550026}