{"quality": 0.24140379195416473, "novelty": 0.2954752911411592, "diversity": 0.7846640742640734, "efficiency": 0.46766593812867546, "cost": 0.9249795633165541, "score": 0.28087470961199984}