{"quality": 0.795625225680684, "novelty": 0.6345310354552667, "diversity": 0.2739568924788983, "efficiency": 0.6552651281688904, "cost": 0.39155223533060524, "score": 0.5112462507560744}