{"quality": 1, "novelty": 0.21485608310785753, "diversity": 0.8888234311186238, "efficiency": 0.49809564806238066, "cost": 0.31572946525103956, "score": 0.5746201076849422}