{"quality": 0.21859564706198648, "novelty": 0.5989021531646335, "diversity": 0, "efficiency": 0.5638800862628951, "cost": 0.6831083383034281, "score": 0.2315754115188458}