{"quality": 0.4671852716543693, "novelty": 0.1207415785422396, "diversity": 0.040136497258060844, "efficiency": 0.36440868476747573, "cost": 0.11888095114031608, "score": 0.2211414831845726}