{"quality": 0.3279940548334822, "novelty": 0.43350640830415504, "diversity": 0, "efficiency": 0.42888416965170606, "cost": 0, "score": 0.27110744397383935}