{"quality": 0.08448169189122112, "novelty": 0.1730835997390036, "diversity": 0.16901146572354347, "efficiency": 0.5308497633827625, "cost": 0.6333766397513856, "score": 0.11870750117910174}