{"quality": 0.513953758180872, "novelty": 0.5023133048244761, "diversity": 0.07827730441428923, "efficiency": 0.8763172887845858, "cost": 0.6423910619048185, "score": 0.36262840167044447}