{"quality": 0.4777085175935931, "novelty": 0.997966680840461, "diversity": 1, "efficiency": 0.171588886838454, "cost": 0.050776218109812865, "score": 0.61346493670298}