{"quality": 0.5376416337833345, "novelty": 0.6154756854754353, "diversity": 0, "efficiency": 0, "cost": 0, "score": 0.3151614115038592}