{"quality": 0.6976011354642359, "novelty": 0.4354921951630894, "diversity": 0.3476883588011304, "efficiency": 0.18352681354129702, "cost": 0.4998518788761914, "score": 0.3652348953338446}