{"quality": 0.7629123043194148, "novelty": 0.9061530290106948, "diversity": 0.661716613042603, "efficiency": 0.2989883907572336, "cost": 0, "score": 0.6326035297706037}