{"quality": 0.41185037196532015, "novelty": 0.29737128384890954, "diversity": 0.7428959592641378, "efficiency": 0, "cost": 0.5619282941683956, "score": 0.2902842949878114}