{"quality": 0.5728859175009926, "novelty": 0.6670630901921253, "diversity": 0.8013280264203084, "efficiency": 0.7737902644751105, "cost": 0.2838560415651385, "score": 0.5865800885971435}