{"quality": 0.7785170997010411, "novelty": 0.2885268290074541, "diversity": 0.9172807886304761, "efficiency": 0.40189416838490793, "cost": 0.7258338837336014, "score": 0.4768437317726471}