{"quality": 0.7110436976857858, "novelty": 0.18761241524161448, "diversity": 0.3025720280844791, "efficiency": 0.8422540179089404, "cost": 0.15802435342570972, "score": 0.4312662860768052}