{"quality": 0.4354238615671318, "novelty": 0, "diversity": 0.7545586210331341, "efficiency": 0.010489031368726615, "cost": 0.28900083900482715, "score": 0.25421215348159265}