{"quality": 0, "novelty": 0.4560447688071542, "diversity": 0.9288620846136524, "efficiency": 0.6161972549479522, "cost": 0.17433511322918926, "score": 0.37477968604379297}