{"quality": 1, "novelty": 0.2619577247163161, "diversity": 0.795967567524713, "efficiency": 0.42757791986465754, "cost": 0.47736737361081377, "score": 0.5410828953026388}