{"quality": 0.5603605119978567, "novelty": 0.7358976736162401, "diversity": 0.6000937322094305, "efficiency": 0.8502989281505249, "cost": 0, "score": 0.5996461576678819}