{"quality": 0.918082353470565, "novelty": 0.4818302932283701, "diversity": 0.8174920137027355, "efficiency": 0.7396849293023704, "cost": 0.5839524229589916, "score": 0.6119381791882655}