{"quality": 0.8321729032308252, "novelty": 0.38743408776774396, "diversity": 0.7777104297051985, "efficiency": 0, "cost": 0.212339307118925, "score": 0.48081854814033076}