{"quality": 0.018543783691122723, "novelty": 0.9423949290166145, "diversity": 0.9427259532359422, "efficiency": 0.68752075832533, "cost": 0.7231325377933735, "score": 0.46052191797814107}