{"quality": 0, "novelty": 1, "diversity": 0.5652287810397747, "efficiency": 0.9281907174972484, "cost": 0.3466428280744834, "score": 0.4676100810250939}