{"quality": 0, "novelty": 0.06518475220385253, "diversity": 0.1844659400939529, "efficiency": 0.7432824934799934, "cost": 0.9521136979630946, "score": 0.06947038029544327}