{"quality": 0.8894516290850951, "novelty": 0.9535277614951234, "diversity": 0.874509338696061, "efficiency": 0.12365688053970336, "cost": 1, "score": 0.5986678289194772}