{"quality": 0.7069208314921925, "novelty": 0.13021659491693413, "diversity": 0.8066443953836704, "efficiency": 0.3615806329302561, "cost": 0.45499169649554716, "score": 0.4146972025436091}