{"quality": 0.15110441004797232, "novelty": 0.7234770414508609, "diversity": 0.41214431732917944, "efficiency": 0.15758563557228433, "cost": 0.16792048414508237, "score": 0.31547524376427727}