{"quality": 0, "novelty": 0.6341247183616727, "diversity": 0.6513518070781037, "efficiency": 0.0729066273738953, "cost": 0.4969747480456924, "score": 0.250040060307554}