{"quality": 0.830647850956894, "novelty": 0.6901742065953165, "diversity": 0.772282228012388, "efficiency": 0.5488373900368961, "cost": 0.372642244048393, "score": 0.62125573663907}