{"quality": 0.9921062092792077, "novelty": 0.30347205285268225, "diversity": 0.5421345819451865, "efficiency": 0.43923097757237795, "cost": 0.4128600871554264, "score": 0.5065254303062842}