{"quality": 0.5661091821939082, "novelty": 0.506075340709894, "diversity": 0.5615650456882253, "efficiency": 0.07071642401885336, "cost": 0.523721038693934, "score": 0.3668999587067256}