{"quality": 0.20323301923702905, "novelty": 0.3066882953956953, "diversity": 0.8204800673936745, "efficiency": 0.11568117151921598, "cost": 0.26593423359853874, "score": 0.292496745466796}