{"quality": 0.9125377175435908, "novelty": 0.9241207259217425, "diversity": 0.4905000533783409, "efficiency": 0.1530787764013972, "cost": 0.34842343550073496}