{"quality": 0.39929016058961236, "novelty": 0.7469357024283352, "diversity": 0.8793597029267236, "efficiency": 0.2403650316106365, "cost": 0.3992729926755719, "score": 0.47852036984335045}