{"quality": 0.5352636420686864, "novelty": 0.1956454754604901, "diversity": 0.23772007877209064, "efficiency": 0.5646630576664659, "cost": 0.945486974621843, "score": 0.2471852384279321}