{"quality": 0.034742165669571, "novelty": 0.4397807329932668, "diversity": 0.7295738233844268, "efficiency": 0.7970027362473545, "cost": 0.23723051860908134, "score": 0.36210995620226843}