{"quality": 0.2717560565897893, "novelty": 0.8218436353966562, "diversity": 0.9700779718537775, "efficiency": 0.8896717096094192, "cost": 0.5874476260051685, "score": 0.5557093140377524}