{"quality": 0.32109200858183523, "novelty": 0.613224238393746, "diversity": 0.06913585861779649, "efficiency": 0.8039267859052314, "cost": 0.2962055490761675, "score": 0.3544292968747143}