{"quality": 0.7837976668655826, "novelty": 0.09364963495230824, "diversity": 0.8786421911088669, "efficiency": 0.6409858841322366, "cost": 0.396556040702604, "score": 0.4907724255691002}