{"quality": 0.17847408905214535, "novelty": 0.26148541306099105, "diversity": 0.1458727613026215, "efficiency": 0.8895594186411561, "cost": 0.4581054851625421, "score": 0.23571149652133483}