{"quality": 0.8230948208459565, "novelty": 0, "diversity": 0.6794061422152368, "efficiency": 0.26205554470452835, "cost": 0.524697845307299, "score": 0.3696482218717837}