{"quality": 0.42463004747021044, "novelty": 0.3013303874335244, "diversity": 0.3499628197371759, "efficiency": 1, "cost": 1, "score": 0.3227141750468795}