{"quality": 0.04716902984264962, "novelty": 0.40481903670182573, "diversity": 0.7999228425408718, "efficiency": 0.17498806668470657, "cost": 0.2196602138809191, "score": 0.2796222252510398}