{"quality": 0.16319496746252973, "novelty": 0.29623939627294027, "diversity": 0.11488424993899776, "efficiency": 0.46107341200920837, "cost": 0.8339036666228087, "score": 0.1317658344338939}