{"quality": 0.7274109454559261, "novelty": 0.893122430318009, "diversity": 0.824913210970948, "efficiency": 0.4337221336436031, "cost": 0.6444522564972783, "score": 0.6070996278072822}