{"quality": 0.02965161861689347, "novelty": 0.9167853743479186, "diversity": 0.6306499619550994, "efficiency": 1, "cost": 0.4563551957245337, "score": 0.46858630199061424}