{"quality": 0.9644034594146333, "novelty": 0, "diversity": 0.7493793880540678, "efficiency": 0.11603981754715181, "cost": 0.06664328740853367, "score": 0.44993855932642296}