{"quality": 0.9730548699214769, "novelty": 0.2358166749997172, "diversity": 0.33906425300849835, "efficiency": 0.399897002714335, "cost": 0.7179936001466369, "score": 0.4068686707205586}