{"quality": 0.944024583844006, "novelty": 0.39177870827794725, "diversity": 0.888610328868448, "efficiency": 0.8216645897785697, "cost": 0.9433342760609943}