{"quality": 0.8017805890109428, "novelty": 0.30649933233124044, "diversity": 0.8938336456316571, "efficiency": 0.37751494833529115, "cost": 0.34291129063041503, "score": 0.5182618520996766}