{"quality": 0.591666224967287, "novelty": 0.021534027805266476, "diversity": 0.9849353783994075, "efficiency": 0.4598546406327642, "cost": 0.6101639210276009, "score": 0.3878322541135387}