{"quality": 0.4965446157613128, "novelty": 0.46791008700649306, "diversity": 1, "efficiency": 0.1200544748992606, "cost": 0.6356117287472922, "score": 0.42038790484017696}