{"quality": 0.11099517950236049, "novelty": 0.28892263695970805, "diversity": 0.5228498633595273, "efficiency": 0.5453574448034935, "cost": 0.9826740907571656, "score": 0.19363539340734803}