{"quality": 0.21584249913566017, "novelty": 0.7572918380510849, "diversity": 0.6872160203773245, "efficiency": 0.7729232463839668, "cost": 0.33054703399419194, "score": 0.47440269688711}