{"quality": 0.9286465837543649, "novelty": 0.5386738163642699, "diversity": 0.25634735147470733, "efficiency": 0.4337734334457383, "cost": 0.739160939490926, "score": 0.45568182058008655}