{"quality": 0.8815340022457803, "novelty": 0.6643985746994296, "diversity": 0.5751044785434191, "efficiency": 0.3745960525174815, "cost": 0.8689290055835069}