{"quality": 0.19932683899958548, "novelty": 0.08331202046621589, "diversity": 0.7032346875918782, "efficiency": 0.6461101259685134, "cost": 0.8710416256773266, "score": 0.2310853506623496}