{"quality": 0.4239727259520668, "novelty": 0.2409642922615885, "diversity": 0.8304651640522696, "efficiency": 0.002725607906780378, "cost": 0.42045858493004584, "score": 0.3118889063544836}