{"quality": 0.650328353099084, "novelty": 0.19670302157683692, "diversity": 0.3688465496859246, "efficiency": 0.8990008116159376, "cost": 0.2989669156351629, "score": 0.42299700143999375}