{"quality": 0.3733840484828902, "novelty": 0.7784923610370676, "diversity": 0.19426160371535683, "efficiency": 0.41635843131181643, "cost": 0.49821922825092285, "score": 0.3581224674188855}