{"quality": 0.9272603011834024, "novelty": 0.40328084057538177, "diversity": 1, "efficiency": 0.35535130029494255, "cost": 0.28613913219746434, "score": 0.6036870823233611}