{"quality": 1, "novelty": 0.5036037291104881, "diversity": 0.5880619070450797, "efficiency": 1, "cost": 0.676932304773427, "score": 0.6258200832092954}