{"quality": 0, "novelty": 0.5517546875104129, "diversity": 1, "efficiency": 0.3406198117842084, "cost": 0.0036289646526219688, "score": 0.3886687471799723}