{"quality": 0.5543522962778566, "novelty": 0.8817481820201751, "diversity": 1, "efficiency": 0, "cost": 0.05436726635098277, "score": 0.5813060077533025}