{"quality": 0.3642858822723783, "novelty": 0.2375893022067878, "diversity": 0.31461462647488536, "efficiency": 0.8000461704157141, "cost": 0.5128372471761127, "score": 0.3003292163731333}