{"quality": 0.745355413360985, "novelty": 0.3367432448075124, "diversity": 0.42957054660601746, "efficiency": 0.4480081837416705, "cost": 0.7155992516723223, "score": 0.3893478469253954}