{"quality": 0.20670379110602705, "novelty": 0.37120236709288484, "diversity": 0.5890110848653461, "efficiency": 0.8588235571682751, "cost": 0.2612145252360485, "score": 0.375316027129735}