{"quality": 0.7649493620419174, "novelty": 0.10363549662950994, "diversity": 1, "efficiency": 0.9524290254540527, "cost": 0.7335468811319389, "score": 0.5249033484748667}