{"quality": 0.99861839489614, "novelty": 0.9083332411765944, "diversity": 0.6712161072059776, "efficiency": 0.17146273540719537, "cost": 0.7904908383292691}