{"quality": 0.1996467837547606, "novelty": 0, "diversity": 0.8906862720168487, "efficiency": 0.44494506071545603, "cost": 0.3857842262948537, "score": 0.266194626007631}