{"quality": 0, "novelty": 0.6655976773870966, "diversity": 0.7160419693765927, "efficiency": 0.09092645363546481, "cost": 0.6097601112898365, "score": 0.2622707701384288}