{"quality": 0.8760156224248727, "novelty": 0.06903844095765785, "diversity": 0.6012806014914396, "efficiency": 0.8231226300973331, "cost": 0.609322963442898, "score": 0.4628565154354744}