{"quality": 0.1932648923656559, "novelty": 0.5599327800953682, "diversity": 0.532543345644491, "efficiency": 0.3710128970030186, "cost": 0.989681717638473, "score": 0.2611550946490425}