{"quality": 0.3711592887277987, "novelty": 0.7602625622921924, "diversity": 0.4406037102935355, "efficiency": 0, "cost": 0.40534162849648575, "score": 0.34900000640044626}