{"quality": 0.38834096667038487, "novelty": 1, "diversity": 0.4998955851393809, "efficiency": 1, "cost": 0.9394976075983171, "score": 0.5225316462691599}