{"quality": 0.3911565291473755, "novelty": 0.7792393526698033, "diversity": 0.6891904996408394, "efficiency": 0.22121624828716005, "cost": 0.7198633401904098}