{"quality": 0.900771629584064, "novelty": 0.5661082473307434, "diversity": 0.18976716616496198, "efficiency": 0.6579932780500662, "cost": 0.8194705168057688, "score": 0.4664639239678305}