{"quality": 0.39694363878926436, "novelty": 0, "diversity": 0.02522847693176268, "efficiency": 1, "cost": 0.43629324966638994, "score": 0.23049946205649283}