{"quality": 0.414621611083242, "novelty": 0.06439181517734621, "diversity": 0.16345580915410426, "efficiency": 0.34391857737085135, "cost": 0.843836787277618, "score": 0.1403797068279959}