{"quality": 0.2960014709459766, "novelty": 0.08182171566602736, "diversity": 0.06119488711706045, "efficiency": 0.27442620687564534, "cost": 0.419460902005377, "score": 0.12071268845452103}