{"quality": 0.21572277746079097, "novelty": 0.9469511576978924, "diversity": 0.26693144500598764, "efficiency": 0, "cost": 0.6600902744510944, "score": 0.28883188421879846}