{"quality": 0, "novelty": 0.4540785711578168, "diversity": 1, "efficiency": 0.5173530536383166, "cost": 0.006186136626364691, "score": 0.3905039871725652}