{"quality": 0.2319571668227065, "novelty": 0.7638569057499605, "diversity": 0.09578476889469947, "efficiency": 0.2411423012909134, "cost": 0.886772193973275, "score": 0.22720245605955144}