{"quality": 0.6628984773583768, "novelty": 0.02952372427996075, "diversity": 0.9650784481357568, "efficiency": 0, "cost": 0, "score": 0.39926616390465464}