{"quality": 0.8763939986294933, "novelty": 0.6752977778877693, "diversity": 0.5047101822157717, "efficiency": 0.11583782793513486, "cost": 0.3846111874836739, "score": 0.5115992359458474}