{"quality": 0.538120522932555, "novelty": 0.6651235706919113, "diversity": 0.2507891648939863, "efficiency": 0.8190139379200038, "cost": 0.8800716535022095, "score": 0.4127198078693211}