{"quality": 0.34441538406220457, "novelty": 0.25142773441721666, "diversity": 0.028417593030265836, "efficiency": 0.5460484976174655, "cost": 0.06665292605966139, "score": 0.24710704946567244}