{"quality": 1, "novelty": 0.6826297067483211, "diversity": 0.16523210694501392, "efficiency": 1, "cost": 0.4473656093887672, "score": 0.6089672871372064}