{"quality": 0.13550783349295675, "novelty": 0.39248999774669246, "diversity": 0, "efficiency": 0.2549157093343334, "cost": 0.5011074974062777, "score": 0.12690145614408238}