{"quality": 0.727305261857604, "novelty": 0.8323384330441895, "diversity": 0.19770850972525195, "efficiency": 0.15950535917095787, "cost": 0.5267321558417148}