{"quality": 0, "novelty": 0.7202140326489159, "diversity": 0.6055168238271206, "efficiency": 0.11228794975971176, "cost": 0.3918229886680023, "score": 0.2788177665248096}