{"quality": 0.7545662088477323, "novelty": 0.5063018954593461, "diversity": 0.6339914250728055, "efficiency": 0.6547279761904615, "cost": 0.9032691123399845, "score": 0.48762590672828804}