{"quality": 1, "novelty": 0.592212266537677, "diversity": 0.36390126525508093, "efficiency": 0.6365962389169291, "cost": 0.6360127201241965, "score": 0.5527214835105552}