{"quality": 0, "novelty": 0.7558242511673529, "diversity": 0.9589848399351579, "efficiency": 0.7478915402394526, "cost": 0.5075113969626249, "score": 0.4421856221185252}