{"quality": 0.7903681973964067, "novelty": 0.3004988868776524, "diversity": 0.4733489324778695, "efficiency": 1, "cost": 0.6164012860281299, "score": 0.49526483883109607}