{"quality": 0.8350207891521102, "novelty": 0.42772252584365483, "diversity": 0.9029100725500607, "efficiency": 0.7154812396878425, "cost": 0.5639728435192763, "score": 0.5889437843178076}