{"quality": 0.7380438847275002, "novelty": 0.7369056823121009, "diversity": 0.5279286319515717, "efficiency": 0.8377047702590724, "cost": 0.3858665347669881}