{"quality": 0.4106840669639182, "novelty": 0.4395679187678121, "diversity": 0.7242083867984505, "efficiency": 0.8162243351544415, "cost": 0.9283321565982607, "score": 0.4075393117541587}