{"quality": 0, "novelty": 0.4525543472997657, "diversity": 0.18697066991721706, "efficiency": 0.19932559387602847, "cost": 0.36426818567502206, "score": 0.14400474132228688}