{"quality": 0.3600910237218849, "novelty": 0.329319443671636, "diversity": 0.49874905309014167, "efficiency": 0.1296131295069991, "cost": 0.5665054041394998, "score": 0.2528984076646027}