{"quality": 0.38928313749343074, "novelty": 0.16837025663481675, "diversity": 0.048549259024154315, "efficiency": 0, "cost": 0.32544296364548225, "score": 0.13604306084701603}