{"quality": 0.71451972226294, "novelty": 0.5071366645065097, "diversity": 0.6915166027455248, "efficiency": 1.0, "cost": 0.47351479947196906}