{"quality": 0.5828665393569428, "novelty": 0.8120120917123654, "diversity": 0.7152503799852401, "efficiency": 0.2449576686208862, "cost": 0, "score": 0.5576567110253552}