{"quality": 0.3963840902267015, "novelty": 0.6938651352394781, "diversity": 0.7976002592424571, "efficiency": 0.9430866417034283, "cost": 0.9003984682655666, "score": 0.503324712155329}