{"quality": 0.7009425313073236, "novelty": 0.1051270252277825, "diversity": 0.4938543849107727, "efficiency": 0.48189791008773436, "cost": 0.5064311943985345, "score": 0.356976959754604}