{"quality": 0.17082960491713745, "novelty": 0.6665339461878443, "diversity": 0.5240273303950898, "efficiency": 0.9590586497411234, "cost": 0.4729629748670404, "score": 0.41925033407558476}