{"quality": 0, "novelty": 0.5093009332167737, "diversity": 0, "efficiency": 0.013346912020134827, "cost": 0, "score": 0.12932727010721365}