{"quality": 0.5140254374767541, "novelty": 0.9409794418318571, "diversity": 0.2054974124496462, "efficiency": 0.5657854342153263, "cost": 0.35259488870067535, "score": 0.4801603004531511}