{"quality": 0.023949983683072718, "novelty": 0.3198352249373206, "diversity": 0.5815868929857937, "efficiency": 0.5466982900825074, "cost": 0.307495056855506, "score": 0.2547164177632363}