{"quality": 0.6090003866218452, "novelty": 0.43317996778715795, "diversity": 0.3538757741635962, "efficiency": 0.845600042727364, "cost": 0.5338391427229613, "score": 0.43522635490287076}