{"quality": 0.4474410786183318, "novelty": 0.8252027669846659, "diversity": 0.8049370608969093, "efficiency": 0.8384226629339312, "cost": 0.7369564167537926, "score": 0.5535881852757584}