{"quality": 0.08111486588739988, "novelty": 0.27356536162950257, "diversity": 0.6513711250955025, "efficiency": 0.6617842406847072, "cost": 0, "score": 0.3222676612954022}