{"quality": 0.058687241468585505, "novelty": 0.7088184310808732, "diversity": 0.7246903100441576, "efficiency": 0.5691619418814817, "cost": 0.6967289593932999, "score": 0.3554502375625177}