{"quality": 0.914763129522838, "novelty": 0.8640909517194678, "diversity": 0.4861852764881137, "efficiency": 0.49181407003906863, "cost": 0.31912646933086186, "score": 0.6295481956571152}