{"quality": 0.5643042253652343, "novelty": 0.4386490183313696, "diversity": 0.39295641809694554, "efficiency": 0.2736752486396571, "cost": 0.738666056914449, "score": 0.3247294874163055}