{"quality": 0.7484524849354255, "novelty": 0.44021175996140355, "diversity": 0.3668406560436449, "efficiency": 0.24417194325228336, "cost": 0.5176042612024192, "score": 0.3928221820473081}