{"quality": 0.2805558804381124, "novelty": 0.01711304666257052, "diversity": 0.16104236552393963, "efficiency": 0.39097598892401036, "cost": 0.2204521192188068, "score": 0.15725468531858514}