{"quality": 0.35108213474958344, "novelty": 0.7085879028380527, "diversity": 0.7399078781379335, "efficiency": 0.2638174462052665, "cost": 0.26140083513546897}