{"quality": 0.00348956781122306, "novelty": 0.2745993217700911, "diversity": 0.6710784161281259, "efficiency": 0.8931502257811631, "cost": 1, "score": 0.23788491787868934}