{"quality": 0.04375584742143471, "novelty": 0.4637671814008829, "diversity": 0.0771776158945725, "efficiency": 0.008270317215763323, "cost": 0.20075629028224562, "score": 0.12566899130970557}