{"quality": 0.5894887969480707, "novelty": 0.22429294193111943, "diversity": 0.3320101491745101, "efficiency": 0.4594890683586966, "cost": 0.3902329018364612, "score": 0.32922197447226137}