{"quality": 0.4211015517279363, "novelty": 0.5028548247677189, "diversity": 0.7700627421991039, "efficiency": 0.5499538805440707, "cost": 0.31938751490360057, "score": 0.4566110507413819}