{"quality": 0.7194289176843216, "novelty": 0.588774840378075, "diversity": 0.9404853419534581, "efficiency": 0.6375315654655114, "cost": 0.8994115498451656, "score": 0.556808033625817}