{"quality": 0.307099053841764, "novelty": 0.786319284431999, "diversity": 0.2166714680943052, "efficiency": 0.2930438512312064, "cost": 0.6857162303101654, "score": 0.3074287855330544}