{"quality": 0.754448362626883, "novelty": 0.17522570569300874, "diversity": 0.5338034721259401, "efficiency": 0.2052805483808826, "cost": 0.4081020792699122, "score": 0.36688350396664626}