{"quality": 0.4125322014899168, "novelty": 0.5240004052692386, "diversity": 0.01663596712742743, "efficiency": 0.830106731798689, "cost": 0.4053258382166015, "score": 0.34207038113791344}