{"quality": 0.48996484165187026, "novelty": 0.737597585012467, "diversity": 0.7484924768459795, "efficiency": 0.5830221364616076, "cost": 0.48946214378440045, "score": 0.5195944502086748}