{"quality": 0.4350044185967214, "novelty": 0.3362490218461288, "diversity": 0.35057514729905825, "efficiency": 0, "cost": 0.34488532648386827, "score": 0.25019007785197345}