{"quality": 1, "novelty": 0.2837810366620295, "diversity": 0.8118404602449187, "efficiency": 0.44611571909769254, "cost": 0.535273144434423, "score": 0.5467033946357027}