{"quality": 0.7326898221008787, "novelty": 0.583247407342576, "diversity": 0.9019451401221636, "efficiency": 0.702926840725743, "cost": 1, "score": 0.5514468525992018}