{"quality": 0.7176432369370076, "novelty": 0.8859254407644614, "diversity": 0.7855597817040663, "efficiency": 0.42254567470931303, "cost": 0.6194587425475748, "score": 0.5953222645646703}