{"quality": 0.1666332573050599, "novelty": 0.7424904597877442, "diversity": 0.785903931942213, "efficiency": 0.8612762288269612, "cost": 0.9035167971333427, "score": 0.43163313313760654}