{"quality": 0.7464840760318957, "novelty": 0.10329454227816179, "diversity": 0.784883784624471, "efficiency": 0.9234657253786991, "cost": 0.8012363200592542, "score": 0.46514184210488285}