{"quality": 0.9148206781506831, "novelty": 0.08587682928409271, "diversity": 0.8986489200278662, "efficiency": 0.31487057911414595, "cost": 0.47529118737050213, "score": 0.4753466629018731}