{"quality": 0.4708895126185365, "novelty": 0.6877224693113261, "diversity": 1, "efficiency": 1, "cost": 0.016045509175465572, "score": 0.6615929201958459}