{"quality": 0.13520826206696954, "novelty": 0.49728914428434956, "diversity": 0.7555952454242677, "efficiency": 0.8617606194045674, "cost": 0.7977554619230045, "score": 0.36549236049441647}