{"quality": 0.1942662668232913, "novelty": 0.9699353859535054, "diversity": 0.1471401768178951, "efficiency": 1, "cost": 1, "score": 0.38019176189894277}