{"quality": 0.23126675697620594, "novelty": 0.7267250952396724, "diversity": 0.7867108245125274, "efficiency": 0.6087819425349399, "cost": 0.5840817690377412, "score": 0.44131258028175224}