{"quality": 1.0, "novelty": 0.12434154057141071, "diversity": 0.5946870746760129, "efficiency": 0.6888941060732512, "cost": 0.592832077717065}