{"quality": 0.9408841907472102, "novelty": 0.925988790547966, "diversity": 0.0, "efficiency": 0.9691630191407203, "cost": 1.0}