{"quality": 0.3822736528972959, "novelty": 0, "diversity": 0.8921903166662231, "efficiency": 0.4904255070801895, "cost": 0.3416440323614897, "score": 0.3325195820283129}