{"quality": 0.28486485750703794, "novelty": 0.8291058372327658, "diversity": 0.2402414796542659, "efficiency": 0.88449418556904, "cost": 0.7758574198925092, "score": 0.3958725983372611}