{"quality": 0.6572425154561387, "novelty": 0, "diversity": 0.5431570867507816, "efficiency": 0.8589077588320062, "cost": 0.5528326814451722, "score": 0.3793570676672816}