{"quality": 0.1669067730615828, "novelty": 0.5025289073747949, "diversity": 0.5770571702985701, "efficiency": 0.9719043445336184, "cost": 0.9249375426217541, "score": 0.3444075902397549}