{"quality": 0.654761957713965, "novelty": 0.9296054315635947, "diversity": 0.6041565153099108, "efficiency": 0.28103157487971275, "cost": 0.21379366862604748, "score": 0.5704366176364224}