{"quality": 0.25659885857581344, "novelty": 0.9369246061800584, "diversity": 0.5023435425079699, "efficiency": 0.7240104820377807, "cost": 0.9176634573280708, "score": 0.4285147441922127}