{"quality": 0.6795059709568829, "novelty": 0.75732767135267, "diversity": 0, "efficiency": 0.14844889795891048, "cost": 0.7857749802577335, "score": 0.3368735457932956}