{"quality": 0.12438969103192325, "novelty": 0.24282679078988986, "diversity": 1, "efficiency": 0, "cost": 0.40926369952855046, "score": 0.2570972350541944}