{"quality": 0.47223009410273675, "novelty": 0.312058700246551, "diversity": 0.79104054412744, "efficiency": 0.32722890749345224, "cost": 0.16102434975197702, "score": 0.4108737132667669}