{"quality": 0.14882192363351968, "novelty": 0.14778373583265272, "diversity": 0.956503510688097, "efficiency": 0.38220673240674896, "cost": 0.3148330779759789, "score": 0.29874091524925295}