{"quality": 0.27514498133560633, "novelty": 0.597736171705239, "diversity": 1, "efficiency": 0.4534265509559297, "cost": 0.20683432685600633, "score": 0.4793080872847804}