{"quality": 0.8387350531069562, "novelty": 0.8788372559352582, "diversity": 0.7266459666857668, "efficiency": 0.3139341087345696, "cost": 0.08771946437436533, "score": 0.6549771931258037}