{"quality": 0.7224419222195064, "novelty": 0.08268357679524699, "diversity": 0.4819694384026683, "efficiency": 0.6653946582150154, "cost": 1, "score": 0.3336065572774496}