{"quality": 0.7376349984455063, "novelty": 0.21225569122508947, "diversity": 0.27812020531257153, "efficiency": 0.25613459432220564, "cost": 0.5413888541335303, "score": 0.3142597671374163}