{"quality": 0.9666447547936574, "novelty": 1, "diversity": 0.5386081232445389, "efficiency": 0.31263196184771125, "cost": 0.7509310111444608, "score": 0.6195167442497156}