{"quality": 0.596547187468313, "novelty": 0.6562377436166744, "diversity": 0.3464140957646396, "efficiency": 0.8231973710256131, "cost": 0.6912273017207531, "score": 0.46666328677935703}