{"quality": 0.8109070004126817, "novelty": 0.9051154184127633, "diversity": 0.7084660494121408, "efficiency": 0.13406382393998414, "cost": 0.8056142752906748}