{"quality": 0.2449023692565498, "novelty": 0.6490598893725941, "diversity": 0.9319685720400166, "efficiency": 1.0, "cost": 0.7443980463866169}