{"quality": 0.31626769162757573, "novelty": 0.5265148617814741, "diversity": 0.7301132787820963, "efficiency": 0.543842366361428, "cost": 0.5538027410996205, "score": 0.3987277595343126}