{"quality": 1, "novelty": 0, "diversity": 0.7942858047161201, "efficiency": 0.5432307587130971, "cost": 0.9499546796235725, "score": 0.4453463067878314}