{"quality": 0.7568664885665863, "novelty": 0.6222426709806126, "diversity": 0.2994633011172305, "efficiency": 0.32890579541555665, "cost": 0.6712756333381469, "score": 0.4247215805170939}