{"quality": 1, "novelty": 0.847883737106633, "diversity": 0.0828283032274795, "efficiency": 0.8911737402358899, "cost": 0, "score": 0.6622126559575376}