{"quality": 0.6898245495777446, "novelty": 0.3021895460436165, "diversity": 0.6775731968017807, "efficiency": 0.7760712852455687, "cost": 0.5999499562626733}