{"quality": 0.7318265177667772, "novelty": 0.6972512568340938, "diversity": 0.16920636321605392, "efficiency": 0.9217093608426692, "cost": 0.6506667295514874, "score": 0.500891773353019}