{"quality": 0.8066141512922681, "novelty": 0.31971153575262184, "diversity": 0, "efficiency": 0.3911982639177702, "cost": 0.13975016396443762, "score": 0.36661685251705767}