{"quality": 0.9038050834655771, "novelty": 0.8798412732227734, "diversity": 0.5366461302934833, "efficiency": 0.49651318647417286, "cost": 0.6037071841949183, "score": 0.6125373289556972}