{"quality": 0.4221211483542432, "novelty": 0, "diversity": 0.9069422173666049, "efficiency": 0.12799916333400396, "cost": 0.8397271115588555, "score": 0.24325195132380895}