{"quality": 0.6153361250336674, "novelty": 0.08357238711303089, "diversity": 0.7368988873139929, "efficiency": 0.331556899667564, "cost": 0.2831929756779918, "score": 0.374287949133492}