{"quality": 0.07893921540357662, "novelty": 0.7482601543409038, "diversity": 0.6835852825035742, "efficiency": 0.7111239579156258, "cost": 0.46037035788387526, "score": 0.4080954176059701}