{"quality": 0.9887207813189913, "novelty": 0.31726846312819845, "diversity": 0.964223616732158, "efficiency": 0.864261811981926, "cost": 0.657923104570796, "score": 0.6326250348643879}