{"quality": 0.6221833446198095, "novelty": 0.8723865485639972, "diversity": 1, "efficiency": 1, "cost": 0.7577748494261132, "score": 0.6789741555843309}