{"quality": 0.118898577245511, "novelty": 0.43089440611585983, "diversity": 0, "efficiency": 0.34219642025389885, "cost": 0.1620266316332214, "score": 0.17851997457738095}