{"quality": 0.7171860361389628, "novelty": 0.2348748907251734, "diversity": 0.1732714094387468, "efficiency": 0.554576319624412, "cost": 0.6728422590317658, "score": 0.3244310374512168}