{"quality": 0.6278268819968666, "novelty": 0.44105686067581273, "diversity": 0.6215240551984568, "efficiency": 0.6099968339317847, "cost": 0.5559704671059671, "score": 0.4588195691868755}