{"quality": 0.30337411668893577, "novelty": 0.4211857920773019, "diversity": 0, "efficiency": 0.6384123942587686, "cost": 0.7032470789682275, "score": 0.2217458342679987}