{"quality": 0.024501717833504855, "novelty": 0.7432046057444766, "diversity": 0, "efficiency": 0.6076066621528847, "cost": 0.4708963762785417, "score": 0.23720302848124913}