{"quality": 1, "novelty": 0.9164925116681959, "diversity": 0.39382139029115526, "efficiency": 0.7103981951650356, "cost": 0.6308172872524994, "score": 0.6513654065247854}