{"quality": 0.12192313244864877, "novelty": 0, "diversity": 0.2874286523350502, "efficiency": 0.1317066011485911, "cost": 0.07629193469343043, "score": 0.1061894669045503}