{"quality": 0.4821194133116847, "novelty": 0.24535860562354678, "diversity": 0.6586011482749146, "efficiency": 0.010108741218783746, "cost": 0.08507817995184419, "score": 0.3307041982420082}