{"quality": 0.4899181216990354, "novelty": 0.23494371929637262, "diversity": 0.35249626698527037, "efficiency": 1, "cost": 0, "score": 0.42621061973085783}