{"quality": 0.7329812071639888, "novelty": 0.9477186666671478, "diversity": 0.3285529288653097, "efficiency": 0.4630080183499304, "cost": 0.4203880614416419, "score": 0.5499470111973709}