{"quality": 0.6115804515719101, "novelty": 0.649003877036473, "diversity": 0.41239123737961453, "efficiency": 0.0032385138788434964, "cost": 0.26064851555701213, "score": 0.4026242777327395}