{"quality": 0.5889679782079218, "novelty": 0, "diversity": 0.03381061053917431, "efficiency": 0.21234097404194258, "cost": 0.041763343497593156, "score": 0.21112732732674347}