{"quality": 0.2518609448099137, "novelty": 0.5379687986713738, "diversity": 0.1817831757382481, "efficiency": 0.02875106249365582, "cost": 0.6038413107255831, "score": 0.19033564655995727}