{"quality": 0.1432488695928302, "novelty": 0.8185383006609033, "diversity": 0.8386904276110704, "efficiency": 0.7227369684233871, "cost": 0.738926237461297, "score": 0.4498652430826673}