{"quality": 0.44845821297767946, "novelty": 0.09416094429050204, "diversity": 0.838481352762691, "efficiency": 0.3577977816957546, "cost": 0, "score": 0.37944363777283074}