{"quality": 0.3493344585926672, "novelty": 0.6799134531668827, "diversity": 1, "efficiency": 0.7638095450908302, "cost": 0.12214445825398978, "score": 0.5771356868077464}