{"quality": 0.24419209814599074, "novelty": 0.8294154124601548, "diversity": 0.8471357231413862, "efficiency": 0.77939142574416, "cost": 0.4269903937933379, "score": 0.5242483016694033}