{"quality": 0.3995414026455043, "novelty": 0.11517292261481904, "diversity": 0.9219287158144029, "efficiency": 0.5268853637493589, "cost": 0, "score": 0.41207419917264043}