{"quality": 0.37505999083926644, "novelty": 0.6147476788099517, "diversity": 0.9914538071780101, "efficiency": 0, "cost": 0.8398079327037011, "score": 0.38051488511949977}