{"quality": 0.8279082492375482, "novelty": 0.18808511362063018, "diversity": 0.18723579123277856, "efficiency": 0.2821848913912065, "cost": 0.7370194461556756, "score": 0.30146670051609115}