{"quality": 0.973451450442039, "novelty": 0.7914633087149461, "diversity": 0.13948791999681676, "efficiency": 0.8468022855825615, "cost": 0.7807023937064496}