{"quality": 1, "novelty": 0.1595971646651113, "diversity": 1, "efficiency": 0.0817577412492061, "cost": 0.2833980784108334, "score": 0.5238231445125754}