{"quality": 0, "novelty": 0.25902594365064496, "diversity": 0.4357657767792764, "efficiency": 0.9427593551109208, "cost": 0.7945947851068889, "score": 0.21386406602446573}