{"quality": 0.64246376322099, "novelty": 0.45634759312122175, "diversity": 0.11563478261086874, "efficiency": 0.5357950838459327, "cost": 0.9250710354408269, "score": 0.31781514280158335}