{"quality": 0.6979709499484575, "novelty": 0.5224946673494585, "diversity": 0.3176352796978863, "efficiency": 0.5434004668170077, "cost": 0.3151344176776682, "score": 0.4535386360162635}