{"quality": 1, "novelty": 0.879958946075041, "diversity": 0.11355757354303542, "efficiency": 0.7438388442950485, "cost": 0.5684045230390289, "score": 0.5974366255677217}