{"quality": 0.45267577323850516, "novelty": 0.2187137527672081, "diversity": 0.7269735697376328, "efficiency": 0.5713628162877009, "cost": 0.5098528163676357, "score": 0.3705950249172717}