{"quality": 0.6960722075878171, "novelty": 0.40141206491752923, "diversity": 0.8411516865714884, "efficiency": 0.6951586540572602, "cost": 0.19353818607047102, "score": 0.5623249953215671}