{"quality": 0.25692052378954366, "novelty": 0.0835985419266155, "diversity": 0.7611678772922742, "efficiency": 0.7425655296380134, "cost": 1, "score": 0.26159419752267377}