{"quality": 0.48428187842191384, "novelty": 0.49384398531294144, "diversity": 0.2909391007647819, "efficiency": 0.6689456678388259, "cost": 0.3226593935847554, "score": 0.3950092908251142}