{"quality": 0.35323701432532684, "novelty": 0.733275085564482, "diversity": 0.49595827816161886, "efficiency": 0.08265305299963593, "cost": 0.4507794782854115, "score": 0.35580154144244663}