{"quality": 0.17469790109229014, "novelty": 0.23246712862363342, "diversity": 0.8530838585683265, "efficiency": 0.3994014618955299, "cost": 0.035266486897328614, "score": 0.33752649479185737}