{"quality": 0.3590399630580296, "novelty": 0.8150561183701119, "diversity": 0.8262724316189166, "efficiency": 0.44124385188720716, "cost": 1, "score": 0.4429170826168013}