{"quality": 0.5060375647331495, "novelty": 0.45086122616281576, "diversity": 0.5475560784573167, "efficiency": 0.6069456975295826, "cost": 0.5494712538891912, "score": 0.41013252089263036}