{"quality": 0.6903770202753933, "novelty": 0.003742132625358399, "diversity": 0.8079218392205876, "efficiency": 0.5283320434667167, "cost": 0.11866034291766173, "score": 0.43701677931131644}