{"quality": 0.06184395725311859, "novelty": 0.06636469490970084, "diversity": 0.4389731845555255, "efficiency": 1, "cost": 0.8675410616182446, "score": 0.18618489165264143}