{"quality": 0.6920035215528715, "novelty": 0.44626490836465327, "diversity": 0.8268342138323261, "efficiency": 0.5463752250771117, "cost": 0.5442591033693925, "score": 0.5120644997481175}