{"quality": 0.7608719264798971, "novelty": 0.07691806266292348, "diversity": 0.49235651123964985, "efficiency": 0.9681713024844791, "cost": 0.2501118901094994, "score": 0.4661769022193519}