{"quality": 0.36124678820318307, "novelty": 0.5635176894502816, "diversity": 0.37728513014210546, "efficiency": 0.9410358782284501, "cost": 0.39396804010358827, "score": 0.4264690625758551}