{"quality": 0.3666420100439674, "novelty": 0.6173993107589972, "diversity": 0.6422073696645059, "efficiency": 0.20918252463852494, "cost": 0.35104997387421905, "score": 0.3890562859441975}