{"quality": 0.06763444731076532, "novelty": 0.8666887579480372, "diversity": 0.30500791148826517, "efficiency": 0, "cost": 1, "score": 0.1979641059778919}