{"quality": 0.5219015189298979, "novelty": 0.7744300465190499, "diversity": 0.3020235580571146, "efficiency": 0.9599728520892117, "cost": 0.6978270057064326, "score": 0.48479590616289325}