{"quality": 0.5443460396687171, "novelty": 0.5994192614216644, "diversity": 0.15549203190418232, "efficiency": 0.38260668162111633, "cost": 0.2877659658208175, "score": 0.37287143929795336}