{"quality": 0.47099005470120237, "novelty": 0.7922578389720734, "diversity": 0.29438876934082053, "efficiency": 0.5114732671781598, "cost": 0.15392289879749244, "score": 0.45956793021851794}