{"quality": 0.38067859373229684, "novelty": 0.8176242488697673, "diversity": 0.9880147277720073, "efficiency": 0.4493181694370084, "cost": 0.1836370406652661, "score": 0.5652466072405569}