{"quality": 0.35592993667022677, "novelty": 0.815688287815008, "diversity": 0.27017813552504893, "efficiency": 0.018305707114044945, "cost": 0.9655331827103202, "score": 0.27092921785590457}