{"quality": 0.2845287041989075, "novelty": 0.38706428173743745, "diversity": 0.6349344850523451, "efficiency": 0.06796865984996933, "cost": 0.8593935856925967, "score": 0.2333675191127364}