{"quality": 0.41064088477785615, "novelty": 0.9610246837600571, "diversity": 0.5664923647624851, "efficiency": 0.5468034901749523, "cost": 0.029432573307135362, "score": 0.5558241755213974}