{"quality": 0.6066845398807541, "novelty": 0.6186033609321294, "diversity": 0.30643474792338077, "efficiency": 1.0, "cost": 0.3947216587817785}