{"quality": 0.5859468927630506, "novelty": 0, "diversity": 0.2750935133595119, "efficiency": 0.7212817118729141, "cost": 0.3503249977621645, "score": 0.3039625275055382}