{"quality": 0.9080790570754256, "novelty": 0.1064505221963411, "diversity": 0.21990762995142576, "efficiency": 0.7003696394676753, "cost": 0.8457279683463137, "score": 0.363500522747518}