{"quality": 0.29844804387454904, "novelty": 0.8111323113736469, "diversity": 1, "efficiency": 0.22171980408813902, "cost": 0.7136452966315463, "score": 0.4542109319558426}