{"quality": 0.493333765725555, "novelty": 0.4231028089330332, "diversity": 0.5422365895330066, "efficiency": 0.20298765607543012, "cost": 0.4525067849064667, "score": 0.34742061977819394}