{"quality": 0.43327156406128264, "novelty": 0.5653742172186587, "diversity": 0, "efficiency": 0.20263476048085444, "cost": 0.35826925933857245, "score": 0.26589331166132035}