{"quality": 0.1871904182890106, "novelty": 0.7737806322594335, "diversity": 1, "efficiency": 0.4754133066382895, "cost": 0.6542322101802913, "score": 0.45549105852927585}