{"quality": 0.24301823562656982, "novelty": 1, "diversity": 0.4903264122591159, "efficiency": 0.17798952167827808, "cost": 0.7076105619836355, "score": 0.3769081251931723}