{"quality": 0.8663285301113204, "novelty": 0.1497686634823387, "diversity": 0.5929157232758273, "efficiency": 0.2668789614329303, "cost": 0.6445623014141344, "score": 0.39149948363267234}