{"quality": 0.5311020389544125, "novelty": 0.9429849985671168, "diversity": 0.5608355276678897, "efficiency": 0.5613208616842926, "cost": 0.21868952418233062, "score": 0.5695731436960917}