{"quality": 0.4179626525636617, "novelty": 0.45116017152961674, "diversity": 0.9483867278670297, "efficiency": 0.15583192427466006, "cost": 0.7712060671109946, "score": 0.37411036615500826}