{"quality": 0.5541448767059949, "novelty": 0.47420356612960834, "diversity": 0.6382376092130978, "efficiency": 0.3815807157302701, "cost": 0.2832838306757751, "score": 0.4413506006787831}