{"quality": 0, "novelty": 1, "diversity": 0.9535184304988491, "efficiency": 0.5621382863205121, "cost": 0.4412986528216748, "score": 0.48089456376567913}