{"quality": 0, "novelty": 0.3686444541615033, "diversity": 0.19507352392507732, "efficiency": 1, "cost": 0.2970876859570338, "score": 0.2514670497296879}