{"quality": 0.6487565666590903, "novelty": 0.675865920250082, "diversity": 0.7880949119399534, "efficiency": 0.755976813406583, "cost": 0.992584069848328}