{"quality": 0.1598194915352132, "novelty": 0.03990749855800621, "diversity": 0.2654691893712582, "efficiency": 0.5609041522523164, "cost": 0.6947531715268371, "score": 0.12567686565948089}