{"quality": 0.6901312812523293, "novelty": 0.5271743701805668, "diversity": 0.7868745589930771, "efficiency": 0.5081480943049959, "cost": 0.900449073066981}