{"quality": 0.6564001667505996, "novelty": 0.7627590016394219, "diversity": 0.9306403602687011, "efficiency": 0.021640664926948938, "cost": 0.991176467296914, "score": 0.4778663254981265}