{"quality": 0.5961685509786171, "novelty": 0.506043787989085, "diversity": 0.37826340721730434, "efficiency": 0.8775179039804633, "cost": 0.3860969069656498, "score": 0.4740321886348217}