{"quality": 0.960144754196538, "novelty": 0.7070010215770781, "diversity": 0.4410837356050228, "efficiency": 0.5891138363327213, "cost": 0.5308570120580571, "score": 0.5882918030183379}