{"quality": 0.9188550654401673, "novelty": 0.747068303488948, "diversity": 0.5310042363277976, "efficiency": 0.4425107839032687, "cost": 0.8075691547129494}