{"quality": 0.344347916071218, "novelty": 0.7054052524067491, "diversity": 0.8729127741902183, "efficiency": 0.1978904616777366, "cost": 0.5287199912139654, "score": 0.4310498128913603}