{"quality": 0.8193353751037913, "novelty": 0.24702627481367265, "diversity": 0.5117498240018972, "efficiency": 0.33244327405690965, "cost": 0.6693092972154547, "score": 0.392842707421926}