{"quality": 1, "novelty": 0.5885567892421253, "diversity": 0.3444765844135379, "efficiency": 0.2554194608151892, "cost": 0.5607557307700358, "score": 0.49827186023851366}