{"quality": 0.3397984515358745, "novelty": 0.1862004177188693, "diversity": 0.9156922701243295, "efficiency": 0.6411028245586764, "cost": 0.3460914876350005, "score": 0.393184368835647}