{"quality": 0.6641741517411528, "novelty": 0.39728759123000523, "diversity": 0.978500022811949, "efficiency": 0.6392066358004085, "cost": 0.5924021349513298, "score": 0.5309149297671651}