{"quality": 0.7738306755302575, "novelty": 0.8569432379013748, "diversity": 0.49212167998702155, "efficiency": 0.38344312813593373, "cost": 0.26754266468722315, "score": 0.5755715508834929}