{"quality": 0.5494763584824689, "novelty": 0.49678390619314705, "diversity": 0.0798365840735569, "efficiency": 0.5100977750482241, "cost": 0.5897737488737695, "score": 0.3225434922775954}