{"quality": 0.06615516280866088, "novelty": 0.9903193392587308, "diversity": 0.27334676824115606, "efficiency": 0.5287095215348406, "cost": 0.20931223493994103, "score": 0.3804709420417442}