{"quality": 0.2748039893011741, "novelty": 0.7225094477992104, "diversity": 0.7259318540337875, "efficiency": 0, "cost": 0.9878698462898677, "score": 0.30946794491792556}