{"quality": 0.4480309210595964, "novelty": 0.4588031582744564, "diversity": 0.6897090927611786, "efficiency": 0.8180355109558703, "cost": 0.7514903022866909, "score": 0.43460818085344016}