{"quality": 0.2389246631628293, "novelty": 0.4460070129953664, "diversity": 0.6184211452302064, "efficiency": 0.7397808927859066, "cost": 0.22664982841139075, "score": 0.3951655323204786}