{"quality": 0.7404323156353605, "novelty": 0.4973348386894889, "diversity": 0.3390648137344825, "efficiency": 0, "cost": 0.407904606920004, "score": 0.3734859064178765}