{"quality": 0.15688573399997935, "novelty": 0.7606937448287374, "diversity": 0.6565357260221764, "efficiency": 0.5178462662874193, "cost": 0.06661330562562595, "score": 0.43956191099216374}