{"quality": 0.5034975141641427, "novelty": 0.9718108534001184, "diversity": 0.3697540484148759, "efficiency": 0.24802832520062917, "cost": 0.7694168139472445, "score": 0.42821534466761746}