{"quality": 0, "novelty": 0.8707701990674934, "diversity": 0.47301868761951643, "efficiency": 0.9453432630735237, "cost": 0.780961151186771, "score": 0.3760016616331281}