{"quality": 0.450777788608874, "novelty": 0.5397526857839506, "diversity": 0.009968733606131791, "efficiency": 0.3117173207429008, "cost": 0.6553454198552474, "score": 0.2533883108757866}