{"quality": 0.991075431010296, "novelty": 0.08743827385582842, "diversity": 0.5745320753392121, "efficiency": 0.4398638343429372, "cost": 0.08311007184447958, "score": 0.49175718080188097}