{"quality": 0.8417836026578112, "novelty": 0.8841533930477739, "diversity": 0.09678858312148264, "efficiency": 0.44331406940799734, "cost": 0.18584939686304214, "score": 0.5408433164084787}