{"quality": 0.765580351527052, "novelty": 0.1135824897939601, "diversity": 0.6297029557661206, "efficiency": 0.6522275675696405, "cost": 0, "score": 0.48184445419527583}