{"quality": 0.9089631703067801, "novelty": 0.44672805082600414, "diversity": 0.44375456606670227, "efficiency": 0.10159550420770447, "cost": 0.4075147754742692, "score": 0.4476097250956042}