{"quality": 0.8129657482051709, "novelty": 0.6735852038511154, "diversity": 0.3092883428256229, "efficiency": 0, "cost": 0.6138262582783173, "score": 0.412761068161623}