{"quality": 0.46114186660493606, "novelty": 0.576523320151597, "diversity": 0.4073447024692677, "efficiency": 0.5374132490003477, "cost": 0.43322088414216864, "score": 0.40123222944906894}