{"quality": 0.4865776445555195, "novelty": 1, "diversity": 0.5549239884965611, "efficiency": 0.213780327937674, "cost": 0.33906482331604626, "score": 0.5051186579250145}