{"quality": 0.5758789633879702, "novelty": 0.9838068267972404, "diversity": 0.7441022709992007, "efficiency": 0.2364754732914758, "cost": 0.5722371047544464, "score": 0.5457834604338181}