{"quality": 0.6430396106895871, "novelty": 0.46615107597710936, "diversity": 0.6871137878094398, "efficiency": 0.8770656482974285, "cost": 0.19504348439571673, "score": 0.5589279085680839}