{"quality": 0.6490864397168932, "novelty": 0.6521575805211149, "diversity": 0.8066371674461261, "efficiency": 0.7249203030891319, "cost": 0.8773033975877986}