{"quality": 0.42560081215522577, "novelty": 0.36902707464816975, "diversity": 0.02321797811578455, "efficiency": 0.15615594259342103, "cost": 0.611467501090392, "score": 0.18685724921174102}