{"quality": 0.6295585608320285, "novelty": 0.4078478898843415, "diversity": 0.43231722984782206, "efficiency": 0.6606526572795082, "cost": 0.19824070674200267, "score": 0.45656681460798426}