{"quality": 0.5813941033564125, "novelty": 1, "diversity": 0.11372772256550545, "efficiency": 0.014898202403782534, "cost": 0.87746861504585, "score": 0.3616516443760072}