{"quality": 0.699709961527108, "novelty": 0.7306138770539916, "diversity": 0.5155827963879147, "efficiency": 0, "cost": 0.5184142126200563, "score": 0.4438415957372076}