{"quality": 0.41755311317764165, "novelty": 0.454331453314998, "diversity": 0.909422397675985, "efficiency": 0.34717006675849804, "cost": 0.08103456857110275, "score": 0.46470532997390346}