{"quality": 0.19677222471705874, "novelty": 0.6757544162756303, "diversity": 0.7327899043392433, "efficiency": 0.7882456537883636, "cost": 0.5321575503220264, "score": 0.43954934538792567}