{"quality": 0.1347414355820999, "novelty": 0.013264145789477405, "diversity": 0.6502178169109176, "efficiency": 0.36041859523108466, "cost": 0.6890026277309796, "score": 0.15894455701574756}