{"quality": 0.43887803675075976, "novelty": 0.7255963758607946, "diversity": 0.6441314463538181, "efficiency": 0.3715021223136227, "cost": 0, "score": 0.4976141126082336}