{"quality": 0.05145170912823116, "novelty": 0.03359969092612408, "diversity": 0.04187171475536333, "efficiency": 0.7143651269116137, "cost": 0.8679322572091739, "score": 0.05257132173689767}