{"quality": 0.8868945651701192, "novelty": 0.5251698100965818, "diversity": 0.4450227205692075, "efficiency": 0.7173779131763346, "cost": 0.48601758960790753, "score": 0.5453702942046821}