{"quality": 1, "novelty": 0.36232921907426086, "diversity": 0.3142929667661491, "efficiency": 0.6198447943149084, "cost": 0.9069411203967566, "score": 0.4557235052293556}