{"quality": 0.3108846992046506, "novelty": 0.3564406859037482, "diversity": 0.0654141774758826, "efficiency": 0.359209593711347, "cost": 0.7141046606434277, "score": 0.177929389724868}