{"quality": 1, "novelty": 0.580017989987901, "diversity": 0.5057989051643474, "efficiency": 1, "cost": 0.895695534516439, "score": 0.6065947250782009}