{"quality": 0.32166830028757964, "novelty": 0, "diversity": 0.4218353711910346, "efficiency": 0.9085655482785081, "cost": 0.01225049021515201, "score": 0.31592734754474183}