{"quality": 0.5650169006232713, "novelty": 0.17445036698543392, "diversity": 0.9770293604262614, "efficiency": 0.44470745231992215, "cost": 0.39806924891423734, "score": 0.4354227269751567}