{"quality": 0.6383121581861319, "novelty": 0.033822072722094754, "diversity": 0.3389828592470149, "efficiency": 0.8713556014501049, "cost": 0.6080366891447399, "score": 0.33764540878880794}