{"quality": 0.6698040564713703, "novelty": 0.8691572779308991, "diversity": 0.27302462169680286, "efficiency": 0.09037395164849171, "cost": 0.09254804066724986, "score": 0.47713674944404527}