{"quality": 0.5577378107764834, "novelty": 0.8784805857993594, "diversity": 0.5850930874286059, "efficiency": 0.3309117698998938, "cost": 0.6126229009491468, "score": 0.49233458255857543}