{"quality": 0.8318095292488842, "novelty": 0.5554018793409792, "diversity": 0.4619795443648767, "efficiency": 0.32563861324605115, "cost": 0.012632260273646168, "score": 0.5283718034424284}