{"quality": 0.43813495125585944, "novelty": 0.24029703677300215, "diversity": 0.2875307127514073, "efficiency": 0.3162501475465351, "cost": 0.24913030068754968, "score": 0.2715453791835151}