{"quality": 0, "novelty": 0.08795372451382766, "diversity": 0.28207210464835936, "efficiency": 0.07988504152921846, "cost": 0.5685534208473351, "score": 0.033530266202778054}