{"quality": 0.5928744823377803, "novelty": 0.8397428925204372, "diversity": 0.5450280909079894, "efficiency": 1, "cost": 0.02302787595684208, "score": 0.644500898417357}