{"quality": 0.09273127637539041, "novelty": 0.1599845514939397, "diversity": 0.6660934999058454, "efficiency": 0.3893167216267581, "cost": 0.23121176628073764, "score": 0.23631055238321108}