{"quality": 0.8360840957118407, "novelty": 0.17419630230051392, "diversity": 0.46909603645468007, "efficiency": 0.34065404901312285, "cost": 0.6150110851449222, "score": 0.3777905104170929}