{"quality": 0.7833877034669107, "novelty": 0.14140427550580847, "diversity": 0, "efficiency": 0.3946350855272145, "cost": 0.738798566899906, "score": 0.2556827860556169}