{"quality": 0.34534450202871086, "novelty": 0.4876401675581802, "diversity": 0.9069604294027651, "efficiency": 0.7319450793768232, "cost": 0.19136489575165788, "score": 0.497560750710069}