{"quality": 0.7959820574596871, "novelty": 0.7854922317602564, "diversity": 0.9096860552354207, "efficiency": 0.35455471010028206, "cost": 0, "score": 0.6702880927400966}