{"quality": 0.9196711011912319, "novelty": 0.8870963646719946, "diversity": 0.913288472062012, "efficiency": 0.04816840429267, "cost": 0.45360545714703787, "score": 0.6421978308669672}