{"quality": 0.6916171257790055, "novelty": 0.7287086040191716, "diversity": 0.6841823197378314, "efficiency": 0.06654283684597484, "cost": 0.3008930963173803, "score": 0.506390868581219}