{"quality": 0.23309133919443267, "novelty": 0.18494108915788612, "diversity": 0.27018780232399964, "efficiency": 0.3027747660625497, "cost": 0.6511033232364725, "score": 0.15050611709833644}