{"quality": 0.4718946825951135, "novelty": 0.2058946118578251, "diversity": 0.5944464682631572, "efficiency": 0.777753906693315, "cost": 0.5463857420162288, "score": 0.3739558631979961}