{"quality": 0.4394508275551391, "novelty": 0.04764742838124206, "diversity": 0.6620219175246258, "efficiency": 0.04003148795783834, "cost": 0.9524192387758194, "score": 0.1869142881828712}