{"quality": 0.4567877532066247, "novelty": 0.1954663277913924, "diversity": 0.2626341289736088, "efficiency": 0.48699507862454655, "cost": 0.4473065819596464, "score": 0.26674833730227454}