{"quality": 0.32430028155332136, "novelty": 0.3142984234973987, "diversity": 0.6278475535251754, "efficiency": 0.47469721617346233, "cost": 0.8178192387754999, "score": 0.2908568595938505}