{"quality": 0.04003519357024943, "novelty": 0.6528304563361209, "diversity": 0.3437176762132368, "efficiency": 0.47183051396752285, "cost": 0.982559373391624, "score": 0.21648034715371842}