{"quality": 0.7209661325779279, "novelty": 0.6009454085947723, "diversity": 0.8036858818058992, "efficiency": 0.5978354326600925, "cost": 0.9841428626915424}