{"quality": 0.760261211108652, "novelty": 0.5970650407442036, "diversity": 0.5892881737622748, "efficiency": 0.30758869287912954, "cost": 0.09543654950931676, "score": 0.5317969072520392}