{"quality": 0, "novelty": 0.8099156037300316, "diversity": 0, "efficiency": 0.6756831518638662, "cost": 0.7865791307536325, "score": 0.22517346063672455}