{"quality": 0.9510322660139972, "novelty": 1, "diversity": 0.5630302423068902, "efficiency": 0.3320037181645037, "cost": 0.7974318424862187, "score": 0.6179731017416308}