{"quality": 0.881507413279472, "novelty": 0.792824163575919, "diversity": 0.9627548634472922, "efficiency": 0.8353975174877295, "cost": 0.22383050848683464, "score": 0.7581358143417558}