{"quality": 0.7674843382612114, "novelty": 0.20720067880226567, "diversity": 0.44567723086546773, "efficiency": 0.9565354739273333, "cost": 0.3574987967485699, "score": 0.47891135876626645}