{"quality": 0.9007670431043473, "novelty": 0.5487756313050363, "diversity": 0.471169708893055, "efficiency": 0.647894958328706, "cost": 1, "score": 0.49884220628548015}