{"quality": 0.11323491712126874, "novelty": 0.5950784055845004, "diversity": 0.33574438321231137, "efficiency": 0.020424193868705434, "cost": 0.5774923272988151, "score": 0.19520334952539234}