{"quality": 0.9927273316551877, "novelty": 0.6586242943533496, "diversity": 0.9101634552424807, "efficiency": 0.9675961004922549, "cost": 0.7112366412319561, "score": 0.7185227150840324}