{"quality": 0.6866833243220613, "novelty": 0.9559275333505739, "diversity": 0.07944488321489879, "efficiency": 0.1807504669597857, "cost": 0.8617021255981983, "score": 0.4018182147613896}