{"quality": 0.4247032436749551, "novelty": 0.6310485603892422, "diversity": 0.6406997474103473, "efficiency": 0.15364735754155023, "cost": 0.4741164325993607, "score": 0.388948523053163}