{"quality": 0.6248473427274399, "novelty": 0.4588393512654595, "diversity": 0.19920767212538432, "efficiency": 0, "cost": 0.771081974203983, "score": 0.2648973776392754}