{"quality": 0.4139937038221958, "novelty": 0.10176234938379031, "diversity": 0.7250829759123191, "efficiency": 0.11161620132344041, "cost": 0.8516787210577523, "score": 0.22622985176781096}