{"quality": 0.60353319959378, "novelty": 0.8580787509399324, "diversity": 0.37035381502212367, "efficiency": 0.8595740727434844, "cost": 0.15041292889540542, "score": 0.5835452286395238}