{"quality": 0.3307592240210956, "novelty": 0.5411718072925124, "diversity": 0.08525474674453032, "efficiency": 0.024605666603123827, "cost": 0.07471828163018404, "score": 0.247790690205813}