{"quality": 0.40527193114110593, "novelty": 0.7878033943629879, "diversity": 0.7121976299891992, "efficiency": 0.8029534991008228, "cost": 0.15201376561766947, "score": 0.5662136022342751}