{"quality": 0.6195645954131515, "novelty": 0.7803986243807159, "diversity": 0.821033193305269, "efficiency": 0.32510994558911316, "cost": 0.3607447545444452, "score": 0.5578676897641007}