{"quality": 0.01894267199192709, "novelty": 0.13034654342642224, "diversity": 0.4800027047529728, "efficiency": 0.2824881885521168, "cost": 0.5614988701452723, "score": 0.12049331967306855}