{"quality": 0.31279646544471074, "novelty": 0.7883282687016455, "diversity": 0.213332762377217, "efficiency": 0.25322240159692105, "cost": 0.9782646313780601, "score": 0.2737444563860001}