{"quality": 0.6487007221685783, "novelty": 0.11331347291568661, "diversity": 0.19170657614571432, "efficiency": 0.8729585924246697, "cost": 0.7966662559094955, "score": 0.3125570633813889}