{"quality": 0.6119745330810804, "novelty": 0.2958063276833246, "diversity": 0.5596166945183071, "efficiency": 0.37828832045856775, "cost": 1, "score": 0.3262105288176018}