{"quality": 0.8305864217168999, "novelty": 0.35202540998485043, "diversity": 0.5440793806714971, "efficiency": 0.3529593621543351, "cost": 0.31162844686630775, "score": 0.4677792147821015}