{"quality": 0.2631147174971087, "novelty": 0.7972759794084627, "diversity": 0.9912619987586235, "efficiency": 0.6606051281760722, "cost": 0.6434564420888285, "score": 0.5112509348705009}