{"quality": 0.2625923615429659, "novelty": 0.6157700852861654, "diversity": 0.8307112813546738, "efficiency": 0.663648561583519, "cost": 0.6893804057635274, "score": 0.429471729716541}