{"quality": 0.7603075478687648, "novelty": 0.8695576066006547, "diversity": 0.7850977470179258, "efficiency": 0.04547971993804378, "cost": 0.5841843251558931, "score": 0.5509047408894956}