{"quality": 0.025212465813279294, "novelty": 0.6705576455479991, "diversity": 0.2853543385220695, "efficiency": 0.3230849350991717, "cost": 0.24988824149211664, "score": 0.2557479349510615}