{"quality": 0, "novelty": 0.42218613788367104, "diversity": 0.4364775187675852, "efficiency": 0.2657571415993965, "cost": 0.26973104702382933, "score": 0.20573250476196134}