{"quality": 0.9590542085719647, "novelty": 0.4659609362726621, "diversity": 0.69901157692417, "efficiency": 0.33551060758958445, "cost": 0.9034719365892471}