{"quality": 0.2688019959306479, "novelty": 0.3565182830393299, "diversity": 0.4752110373889631, "efficiency": 0.708767391255074, "cost": 0.36021386712768194, "score": 0.33510609899231236}