{"quality": 0.027474919002961118, "novelty": 0.5548693571055763, "diversity": 0.5442400637718551, "efficiency": 0.5467514931093109, "cost": 0.5463266370705835, "score": 0.2831878879909917}