{"quality": 0.4120695410456852, "novelty": 0.7583291776663762, "diversity": 0.2762253558260106, "efficiency": 0, "cost": 0.6182901054648797, "score": 0.30661921734901376}