{"quality": 0.8094980487454497, "novelty": 0.7205687425549354, "diversity": 0.8675100396955041, "efficiency": 0.7058114442249221, "cost": 0.01812363762895003, "score": 0.7005529610723129}