{"quality": 0.9510116815115665, "novelty": 0.528737316725024, "diversity": 0.6603895400134013, "efficiency": 0.46731082464810936, "cost": 0.3256411876986268, "score": 0.58709824656476}