{"quality": 0.5595244065238473, "novelty": 0.6349234150099242, "diversity": 0.2514468899343008, "efficiency": 0.8966634250808327, "cost": 0.4385256167012529}