{"quality": 0.7731880737090194, "novelty": 0.9029741199714846, "diversity": 0.9501133354067549, "efficiency": 0.014913222770104012, "cost": 1.0}