{"quality": 0.9618724806900107, "novelty": 0.683559222222957, "diversity": 0.21129690689484099, "efficiency": 0.8441459196180807, "cost": 0, "score": 0.6283328190844227}