{"quality": 0.43706712900376743, "novelty": 0.5363941319994394, "diversity": 0, "efficiency": 0.19435616772304148, "cost": 0.5369949179975803, "score": 0.2406726050596883}