{"quality": 0.18928566476782444, "novelty": 0.6999074676269257, "diversity": 0.6196083321818757, "efficiency": 0.034592869093898665, "cost": 0.4843304028007499, "score": 0.3124401228574637}