{"quality": 0.10599341200190016, "novelty": 0.46193300580176805, "diversity": 0.517018679308451, "efficiency": 0.4244650029701304, "cost": 0.6468325591936491, "score": 0.2496715054388569}