{"quality": 0.3000921836856133, "novelty": 0.06616055771894136, "diversity": 0.13826849931408677, "efficiency": 0.5591396104918723, "cost": 0.8500197417217346, "score": 0.13309046179984407}