{"quality": 0.07337853101215489, "novelty": 0.05660577259401538, "diversity": 0.26402994486566317, "efficiency": 0.230455640342688, "cost": 0.17198402438790733, "score": 0.1063409350378954}