{"quality": 0.33810826011022, "novelty": 0.5408560040453121, "diversity": 0.42260074681133475, "efficiency": 0.7842819421223588, "cost": 0.6793580639386104, "score": 0.37087311333115375}