{"quality": 0.1760399572490611, "novelty": 0.2810493994420858, "diversity": 0.09836259831580411, "efficiency": 0.5935442609168544, "cost": 0.6665948435385114, "score": 0.16511901148207758}