{"quality": 0.42586477615525664, "novelty": 0.5991777440489319, "diversity": 0.7869516043050824, "efficiency": 0.676744531433494, "cost": 0.9990429670687699, "score": 0.43655157272797346}