{"quality": 0.9177219888675745, "novelty": 0.2793166279874194, "diversity": 0.018876160787358376, "efficiency": 0.5269641245923915, "cost": 0, "score": 0.42796560450345755}