{"quality": 0.952742453090867, "novelty": 0.7833721576765529, "diversity": 0.09747812933804317, "efficiency": 0.3008371267494934, "cost": 0.3862307862689538, "score": 0.5076638915995356}