{"quality": 0.5193949930926316, "novelty": 0.9541265088143931, "diversity": 0.9758045815367236, "efficiency": 0.674821368224288, "cost": 0.12562589186802495, "score": 0.6781716574855732}