{"quality": 0.28026223731849276, "novelty": 0.2967284530534648, "diversity": 0.3167704967755634, "efficiency": 0.9993816158874487, "cost": 0.9391570757349356, "score": 0.27760641862365043}