{"quality": 0.610795001406258, "novelty": 0.17062710489552033, "diversity": 0.6447440847787104, "efficiency": 0.8018675425497537, "cost": 0.6685095134276343, "score": 0.40827327364119925}