{"quality": 0.5160046678700666, "novelty": 0.8399350995007158, "diversity": 0.12766873038652599, "efficiency": 0.4767352939862462, "cost": 0.21512198764152218, "score": 0.4403170166472888}