{"quality": 0.8898255830297576, "novelty": 0.9274388793939079, "diversity": 0.8697360814215339, "efficiency": 0.19292169419435212, "cost": 0.019616427465682956, "score": 0.6997312224242955}