{"quality": 0.41991581768137587, "novelty": 0.16140566057187228, "diversity": 1, "efficiency": 0.77482106055744, "cost": 0.7110574940985237, "score": 0.4114435701211444}