{"quality": 0.1549765750970779, "novelty": 0.17885821058414533, "diversity": 0.07654638929914304, "efficiency": 0.5287974661572941, "cost": 1, "score": 0.08583642295858243}