{"quality": 0.7607644796200337, "novelty": 0.3490678672381114, "diversity": 0.8923796150288615, "efficiency": 0.32636781105869495, "cost": 0.15148080543575307, "score": 0.5277793248165392}