{"quality": 0, "novelty": 0.4493231000631945, "diversity": 0.27759854057304345, "efficiency": 0.7543033049682268, "cost": 0.6441426123690918, "score": 0.21658171763873213}