{"quality": 0.2824854193322141, "novelty": 0.7207616981120103, "diversity": 0.2369221811237007, "efficiency": 0.21833531866513675, "cost": 0.5212482712223607, "score": 0.2929459572299414}