{"quality": 0, "novelty": 0.3105006975875137, "diversity": 0.8127342059569417, "efficiency": 1, "cost": 0.5740333700747207, "score": 0.3327686785807947}