{"quality": 0.8442165438902987, "novelty": 0.6572431183793086, "diversity": 0.49188451472041433, "efficiency": 0.21034482717442698, "cost": 0.16209599160794463, "score": 0.5312947706213692}