{"quality": 0.5239175702940186, "novelty": 0.9499548278974821, "diversity": 0.22571383040366283, "efficiency": 0.5452998379066416, "cost": 0.46951890943789926, "score": 0.474649828885515}