{"quality": 0.37859829360227754, "novelty": 0.8388718070970521, "diversity": 0.8831283368333263, "efficiency": 0.8951727144582982, "cost": 0.7586750337765602, "score": 0.5583315110127003}