{"quality": 0.5541833013503514, "novelty": 0.5515797032930483, "diversity": 0.03408564760392924, "efficiency": 0.7821686067065335, "cost": 0.2808912482199068, "score": 0.4002032119331427}