{"quality": 0.4495690973395532, "novelty": 0.15260779949471398, "diversity": 0, "efficiency": 0.14521533741177645, "cost": 0.08003527079180889, "score": 0.18680145260813005}