{"quality": 0.008100461466788611, "novelty": 0.7317791574290127, "diversity": 0.41831640864233244, "efficiency": 0.685719294918108, "cost": 0.9441513697469612, "score": 0.2774809667887763}