{"quality": 0.7064248141466842, "novelty": 0.33204374639422063, "diversity": 0.6584487452733302, "efficiency": 0.9654634467370264, "cost": 1, "score": 0.4714476469077804}