{"quality": 0.7546583628062928, "novelty": 0.6993311542588423, "diversity": 0.18969803486375475, "efficiency": 0.41588144676891703, "cost": 0.8187825161423546, "score": 0.4196738697804515}