{"quality": 0.30431421478616477, "novelty": 0.06945241359976762, "diversity": 0.518866832947398, "efficiency": 0.5298076601495721, "cost": 0.07347901109719507, "score": 0.28455398233798723}