{"quality": 0.14398089539189923, "novelty": 0, "diversity": 0.49982590971235485, "efficiency": 0.1294615062131344, "cost": 1, "score": 0.0625786764920109}