{"quality": 0.8545493052097621, "novelty": 0.08226099130578124, "diversity": 0.9154648918204017, "efficiency": 0.2203721585504648, "cost": 0.5021843651387572}