{"quality": 0.262244056078551, "novelty": 0.5101384035717719, "diversity": 0.38102027839790453, "efficiency": 0.35820231263399144, "cost": 0.7365858228183517, "score": 0.2624836380093527}