{"quality": 0.5131887072270067, "novelty": 0.837833410191541, "diversity": 0.47255594414687674, "efficiency": 0.6247462111404837, "cost": 0.6714454296360246, "score": 0.48449354225283264}