{"quality": 0.7446648001563272, "novelty": 0.16129214995901842, "diversity": 0.2510312199345491, "efficiency": 0.3411423737728215, "cost": 0.6739676688582753, "score": 0.2977033107036583}