{"quality": 0.3420324018101211, "novelty": 0.7624667172142832, "diversity": 1, "efficiency": 0.9609075233001934, "cost": 0, "score": 0.6373625283416362}