{"quality": 0.02049192049647605, "novelty": 0.8537048321353752, "diversity": 0, "efficiency": 0.47706831926169185, "cost": 0.23483691222937214, "score": 0.26765034084910316}