{"quality": 0.42008141743515137, "novelty": 0.4299109366821303, "diversity": 0.9064380423486691, "efficiency": 0.8318909520916419, "cost": 1, "score": 0.43957341068455813}