{"quality": 0.9561856019815786, "novelty": 0.7684082057471311, "diversity": 0.5558048334648799, "efficiency": 0.009608877066337285, "cost": 0.4483314698067154, "score": 0.5467268833035115}