{"quality": 0.51906683551408, "novelty": 0.8725771739776542, "diversity": 0.9979251240896856, "efficiency": 0.7088232569166488, "cost": 0.15808315092161074, "score": 0.6639645424119109}