{"quality": 0.3194228078132671, "novelty": 0.7726736348095076, "diversity": 0.6963671755976151, "efficiency": 1, "cost": 0.8378304395824367, "score": 0.49448564220763647}