{"quality": 0.46826737872195684, "novelty": 0.18249774965626508, "diversity": 0.09173402068770264, "efficiency": 0.7469709870134866, "cost": 0.312886227426458, "score": 0.285208480477571}