{"quality": 0.7743735244603445, "novelty": 0.8690174546669941, "diversity": 0.8690468304629294, "efficiency": 0.7687099288204139, "cost": 0.7896342614561778, "score": 0.6597188502748821}