{"quality": 0.8881617871883901, "novelty": 0.4825966031704657, "diversity": 0.5592039269439159, "efficiency": 0.6904162546681611, "cost": 0.22717599050253984}