{"quality": 0.8468438494275137, "novelty": 0, "diversity": 0.993987022804667, "efficiency": 0.8447236011951302, "cost": 0.7093760270470012, "score": 0.5086214968637568}