{"quality": 0, "novelty": 0.3437989693939608, "diversity": 0.9296600385684501, "efficiency": 0.9518287708491806, "cost": 1, "score": 0.3146560656895573}