{"quality": 0.828200473791606, "novelty": 1, "diversity": 0.2548995258677602, "efficiency": 0.20169589211820999, "cost": 0.2865807276480924, "score": 0.551036358363956}