{"quality": 0.06708886830422506, "novelty": 0.5882004481847924, "diversity": 0.8995571278624024, "efficiency": 0.650162238771156, "cost": 0, "score": 0.4446125339256195}