{"quality": 0.023805023546876247, "novelty": 0.905707145035729, "diversity": 0.9120001016064356, "efficiency": 0.8335317246555626, "cost": 0.38660847803663545, "score": 0.5023372245389531}