{"quality": 0.003473269047928898, "novelty": 0.6193147248684682, "diversity": 0.09267120441509977, "efficiency": 0, "cost": 0.6162508248417354, "score": 0.1127798203303421}