{"quality": 0.7256225301038206, "novelty": 0.329493960852664, "diversity": 0.9266885583295681, "efficiency": 0.4369467412240917, "cost": 0.8876926238938802, "score": 0.46217070970445157}