{"quality": 1, "novelty": 0.4295373994227366, "diversity": 0.10967424931202668, "efficiency": 0.686459989930719, "cost": 0.49019602205274143, "score": 0.4832685960024232}