{"quality": 0.7058477435453991, "novelty": 0.8860678731286966, "diversity": 0.7684417666796695, "efficiency": 0.2611523155771136, "cost": 0.21011324086544486, "score": 0.6051211679317503}