{"quality": 0.9654322385039418, "novelty": 0.23725324269311637, "diversity": 0.4895312356440257, "efficiency": 0.6831812446151388, "cost": 0.8243070806666556, "score": 0.466895707978872}