{"quality": 0.24651254389717403, "novelty": 0.27780335967803615, "diversity": 0.32078190004765494, "efficiency": 0.6445722543796992, "cost": 0.5786392342260875, "score": 0.24638289783253836}