{"quality": 0.702320763510702, "novelty": 0.8143655996099991, "diversity": 0.7053130429183605, "efficiency": 0.8827662495695834, "cost": 1.0}