{"quality": 0.4959349432741875, "novelty": 0.5236205400663696, "diversity": 0.8630284498816604, "efficiency": 0.17204496789768403, "cost": 0.5868051167142698, "score": 0.41941754148840626}