{"quality": 1.0, "novelty": 0.09358567630137568, "diversity": 0.9524784284473241, "efficiency": 0.6039477876156538, "cost": 0.49979601722405226}