{"quality": 0.7236888068571332, "novelty": 0.0260081517176326, "diversity": 0.038529810468008935, "efficiency": 0.9951961047864265, "cost": 0, "score": 0.38059405779811384}