{"quality": 0.025153281415769335, "novelty": 0.657371324071476, "diversity": 0.5687484696649232, "efficiency": 0.39092802655729414, "cost": 0.525751382867148, "score": 0.2917025750724638}