{"quality": 0.3274817298986831, "novelty": 0.6308076108202866, "diversity": 0, "efficiency": 0.9673829500387201, "cost": 0.593100163937167, "score": 0.3417438477867679}