{"quality": 1, "novelty": 0.38747859739479845, "diversity": 0.6143038055586396, "efficiency": 0.5678809015765505, "cost": 0.8839332441233257, "score": 0.5165192212845775}