{"quality": 0.3142295007919356, "novelty": 0.017609137836093608, "diversity": 1, "efficiency": 0.6947190908527942, "cost": 0.08338447832023699, "score": 0.39454055049249953}