{"quality": 0.5585111884541382, "novelty": 0, "diversity": 0.8010907771412976, "efficiency": 0.24892680907726666, "cost": 0.12644573764158687, "score": 0.35246595956193233}