{"quality": 0.5875508280392935, "novelty": 0.047658554389418295, "diversity": 0.7363668342268771, "efficiency": 0.16039245428778165, "cost": 0, "score": 0.35951212199768534}