{"quality": 0.11158292119970162, "novelty": 0.6406361596867645, "diversity": 0.7494228518257811, "efficiency": 0.8160565221399163, "cost": 0.79735714570183, "score": 0.3861912503975622}