{"quality": 0.5993067862733967, "novelty": 0.5452624240821959, "diversity": 0.5020789140879274, "efficiency": 0.4704367631015776, "cost": 0.14353448376673078, "score": 0.472735490808717}