{"quality": 0.018978837880035543, "novelty": 0.9422174866862834, "diversity": 0.6724188628115773, "efficiency": 1, "cost": 0.15589250513803013, "score": 0.510142545084094}