{"quality": 0.07817943650550857, "novelty": 0.09677649259553109, "diversity": 0.5217967801852182, "efficiency": 0.3885076919602996, "cost": 0.22183528042794048, "score": 0.1880999358888299}