{"quality": 0.23999576483356003, "novelty": 0.6231412566424332, "diversity": 0.8152168675533561, "efficiency": 0.13324724913498034, "cost": 0.7966453681186427, "score": 0.3311499676797304}