{"quality": 0.7744986105003661, "novelty": 0.19515751913379495, "diversity": 0.9151847185174187, "efficiency": 0.26680730670216674, "cost": 0.3781964982662236, "score": 0.466377352815745}