{"quality": 0, "novelty": 0.305990430033101, "diversity": 0.5524160290449396, "efficiency": 0.5092258276127218, "cost": 0.8908005115111404, "score": 0.1742846363080574}