{"quality": 0.4767086842440808, "novelty": 0.3052648527686274, "diversity": 0.8426269123327714, "efficiency": 0.2950506029714219, "cost": 0.8352415083329299, "score": 0.34858764054435565}