{"quality": 0.1328093103594652, "novelty": 0.19700468135910965, "diversity": 0.5005290305622745, "efficiency": 0.04279934755823914, "cost": 0.03950013336414496, "score": 0.19166965835739325}