{"quality": 0.12100192564813811, "novelty": 0, "diversity": 0.4311598933383494, "efficiency": 0.8624477173412489, "cost": 0.11276596453709398, "score": 0.24062311750958928}