{"quality": 0.4894561814651562, "novelty": 0.395826201858573, "diversity": 0.3636019715525848, "efficiency": 0.8504810158199481, "cost": 0.31787840917266524, "score": 0.41429811067043276}