{"quality": 0.19086595980418264, "novelty": 0.029623177654902216, "diversity": 0.30090050781733046, "efficiency": 0.24861082692869002, "cost": 0.5883320626223427, "score": 0.10330410169551567}