{"quality": 0.287284463865573, "novelty": 0.3984725541093743, "diversity": 0.024688605445216033, "efficiency": 0.1725540986390491, "cost": 0.2191362226529582, "score": 0.19471069130662022}