{"quality": 0.004733892585380428, "novelty": 0.1255945256699474, "diversity": 1, "efficiency": 0.0499057778853228, "cost": 0.1925812394797642, "score": 0.221046541927923}