{"quality": 0.14803222777685573, "novelty": 0.4629559716638506, "diversity": 0.3660890951662332, "efficiency": 0.7573193960457477, "cost": 0.9142108122062349, "score": 0.2555433084685047}