{"quality": 0.9180210625081282, "novelty": 0.06343962186379028, "diversity": 0.4159688991035342, "efficiency": 0.6463784592267163, "cost": 0.3005630409350642, "score": 0.4413604688295939}