{"quality": 1, "novelty": 1, "diversity": 0.5149461053300706, "efficiency": 0.17433587076239404, "cost": 0, "score": 0.6791396016803734}