{"quality": 0.5530693061535314, "novelty": 0.005761931078008042, "diversity": 0.4718116631267435, "efficiency": 0.49979993068862216, "cost": 0.016184582307752354, "score": 0.33507513861342825}