{"quality": 0.13517690846438524, "novelty": 0.35070095035379967, "diversity": 0.1733915573754337, "efficiency": 0.2706024049208274, "cost": 0.4189525556111699, "score": 0.16160172677985934}