{"quality": 1, "novelty": 0.2673998194609475, "diversity": 0, "efficiency": 0.26256945300850776, "cost": 0.44740723822751205, "score": 0.3614946489937618}