{"quality": 0.6967987085235456, "novelty": 0.5162001879587279, "diversity": 0.4257373731790652, "efficiency": 0.7663388881930867, "cost": 0.08280387607429474, "score": 0.5299075798040923}