{"quality": 0.3305154118974673, "novelty": 0.6358127759885532, "diversity": 0.38141063848432144, "efficiency": 0.6053610053615451, "cost": 0.23342688745637385, "score": 0.4018514073218372}