{"quality": 1, "novelty": 0.9275279372979683, "diversity": 0.1954756227421185, "efficiency": 0.7484789902588291, "cost": 0.918755284684391, "score": 0.591373428943301}