{"quality": 1, "novelty": 0.7258531174286424, "diversity": 0.7053665324636291, "efficiency": 0.19904634962229695, "cost": 0.4497422505158034, "score": 0.6074193132416507}