{"quality": 0.5256284711270429, "novelty": 0.9070388871910464, "diversity": 0.22625727571632478, "efficiency": 0.8841281546670859, "cost": 0.6853914808859916, "score": 0.4937797933906031}