{"quality": 0.438718379000398, "novelty": 0.23146297921763997, "diversity": 0.9467106296795615, "efficiency": 0.65482645496091, "cost": 0.8589629144855444, "score": 0.3911510612360238}