{"quality": 0.24840174616838018, "novelty": 0.832782668918959, "diversity": 0.1945434993312144, "efficiency": 0.9987834152625907, "cost": 0.8455727715992303, "score": 0.38688512607596226}