{"quality": 0.4368746596212525, "novelty": 0.7888887389487159, "diversity": 0.7078535285221907, "efficiency": 0.5018374665254395, "cost": 0.5190467121476917, "score": 0.4932262370920397}