{"quality": 1, "novelty": 0.22453740150862167, "diversity": 0.4027886491831078, "efficiency": 0.9578872206886099, "cost": 0.9321094022124172, "score": 0.4871642230958267}