{"quality": 0, "novelty": 0.8116436181936495, "diversity": 0.7398054225402713, "efficiency": 0.6417497541870559, "cost": 0, "score": 0.4471344521845251}