{"quality": 0.6373941425937497, "novelty": 0.543718232717165, "diversity": 0.9840674529001255, "efficiency": 0.11796709023936214, "cost": 0.2061867128387369, "score": 0.5210376837894718}