{"quality": 0.046053291895315415, "novelty": 0.7540960430004471, "diversity": 0.6023737340933897, "efficiency": 0.8251538814454975, "cost": 0.4307274684969893, "score": 0.40351508050451007}