{"quality": 0.829480565086482, "novelty": 0.601941984413231, "diversity": 0.6158419204203052, "efficiency": 0.05696611602958529, "cost": 0.9658163763097739}