{"quality": 0.43413136459515594, "novelty": 0.07547674140899296, "diversity": 0.7946036483141554, "efficiency": 1, "cost": 0.362235194919475, "score": 0.42180580490167857}