{"quality": 0.21309891658585559, "novelty": 0.8786883316966378, "diversity": 0.9359299042708683, "efficiency": 0.3050403502528413, "cost": 0.783359810722795, "score": 0.4382078102197366}