{"quality": 0.7902274754482441, "novelty": 0, "diversity": 0.22742926561640758, "efficiency": 0.6700093946292816, "cost": 1, "score": 0.28305550495214693}