{"quality": 0, "novelty": 0.2931981857553358, "diversity": 0.8596124323467724, "efficiency": 0.8778403085458539, "cost": 0, "score": 0.37689807919006657}