{"quality": 0.24547865646555045, "novelty": 1, "diversity": 0.01949949417995883, "efficiency": 0.2870267207871723, "cost": 0.25141820861481673, "score": 0.34545568303225116}