{"quality": 0.6431299212513624, "novelty": 0.15323208296719393, "diversity": 0.6850241436380843, "efficiency": 0.07613567584243688, "cost": 0.2784249548630272, "score": 0.3518296817348869}