{"quality": 0.3741948342550897, "novelty": 0.7406186033694337, "diversity": 0.5252001107689177, "efficiency": 0.8487390877081866, "cost": 0.3109451668311969, "score": 0.4986694697457772}