{"quality": 0.8614810748682546, "novelty": 0.4776157473634961, "diversity": 0.6392993431442215, "efficiency": 0.6736400668278302, "cost": 0.26107342209696277, "score": 0.580646795744673}