{"quality": 0.4425254637495716, "novelty": 1, "diversity": 0.6453325010821743, "efficiency": 0.7427224552347342, "cost": 0.23887349627733667, "score": 0.5993451579987829}