{"quality": 0.6677295126947469, "novelty": 0.28087081591034746, "diversity": 0.5044183846676729, "efficiency": 0.6324621721526433, "cost": 0.9309420471415213, "score": 0.37319535582828983}