{"quality": 0.12653525160885618, "novelty": 0.5613504979785156, "diversity": 0.653177667652962, "efficiency": 0.5444449135807997, "cost": 0.8535454408705895, "score": 0.30524592645793913}