{"quality": 0.398660093788616, "novelty": 0.8485899062027851, "diversity": 0.27790661553754337, "efficiency": 0, "cost": 0.07294596820399976, "score": 0.38003223097438976}