{"quality": 0, "novelty": 0.7146053923532784, "diversity": 0.11488264307476315, "efficiency": 0.14481422095828725, "cost": 0.19584412085557906, "score": 0.2037655977614574}