{"quality": 0.4921527508186816, "novelty": 0.06435682125759105, "diversity": 0.8550885515031466, "efficiency": 1, "cost": 0.8297896469322064, "score": 0.40177377616741095}