{"quality": 0.18258703013590355, "novelty": 0.3931232423599413, "diversity": 0.3669883341341564, "efficiency": 0.5216621462995441, "cost": 0.3477395282459947, "score": 0.26992995557791977}