{"quality": 0.21463095857556225, "novelty": 0.7801786018177703, "diversity": 0.2750322960909184, "efficiency": 0.037586753499155856, "cost": 0.8512702802895676, "score": 0.23495138224121154}