{"quality": 0.3972084868029582, "novelty": 0.5357132497090928, "diversity": 0, "efficiency": 0.6203944761375335, "cost": 0.6383361878578924, "score": 0.2823164111030015}