{"quality": 0.5536615906201516, "novelty": 0.6895116147911726, "diversity": 0.6311611869597735, "efficiency": 0.36811212757597617, "cost": 0.029668169658003576, "score": 0.5169586204463894}