{"quality": 0.5615343043979913, "novelty": 0.003286705188825789, "diversity": 0.25100867333238697, "efficiency": 0.7756586149930196, "cost": 0.6363180393475357, "score": 0.2722006905972806}