{"quality": 0.0929142669727866, "novelty": 1, "diversity": 0.23021791788777785, "efficiency": 0.9543146281241672, "cost": 0.8060588443894294, "score": 0.3864591734490736}