{"quality": 0.161273936245343, "novelty": 0.9386445498306052, "diversity": 0.784552240924641, "efficiency": 0.44842592073234433, "cost": 0.3203907984243363}