{"quality": 0.6087980625605742, "novelty": 0.5048944994291749, "diversity": 0.611201016261032, "efficiency": 0.6238439702791787, "cost": 0.20508418180478294, "score": 0.5041714242390709}