{"quality": 0.5967648392554221, "novelty": 0.7698569765254607, "diversity": 0.3956107241166712, "efficiency": 0.27546190522508474, "cost": 1, "score": 0.39193512651508877}