{"quality": 0.9257635356245567, "novelty": 0.23923936662760265, "diversity": 0.30129176612184394, "efficiency": 0.5292410905999444, "cost": 0.44024671023336637, "score": 0.43315874813529154}