{"quality": 0, "novelty": 0.5612722454443776, "diversity": 0.9994320033793006, "efficiency": 1, "cost": 0, "score": 0.49020446203695456}