{"quality": 0.23341755749862958, "novelty": 0.16354452200010688, "diversity": 0.8244380049915261, "efficiency": 0.9356367953727193, "cost": 0, "score": 0.4161445180538287}