{"quality": 0.33543122327387404, "novelty": 0.35777586407458467, "diversity": 0.3737070668963315, "efficiency": 0.47382894736986547, "cost": 0.3751401867833911, "score": 0.2983750698072154}