{"quality": 0.7458737673390381, "novelty": 0.6531910803287212, "diversity": 0.2570643489707566, "efficiency": 0.9525328611831552, "cost": 0.1893620559841656, "score": 0.5624164936570997}