{"quality": 0.02332446763287989, "novelty": 0.47932868781966886, "diversity": 0.5201351724758188, "efficiency": 0.2785477821443236, "cost": 0.20509787469680668, "score": 0.25212892659191277}