{"quality": 1, "novelty": 0.21275821976825277, "diversity": 0.32994800364614996, "efficiency": 0, "cost": 0.6735371439509913, "score": 0.35182544127619403}