{"quality": 0.12319623892811365, "novelty": 0.1893697461868959, "diversity": 1, "efficiency": 0.6164212463089402, "cost": 0.27773364368154807, "score": 0.3489911308033443}