{"quality": 0.6151834534411271, "novelty": 1, "diversity": 0.4765651898690377, "efficiency": 0.7083971462815074, "cost": 0.9082272172238444, "score": 0.5453049242259873}