{"quality": 0.4106374371484709, "novelty": 0.8444457037744687, "diversity": 0.176040515650291, "efficiency": 0.45156552824262, "cost": 0.753991951315784, "score": 0.36184639432303123}