{"quality": 0.12183849478679734, "novelty": 0.3819705854583798, "diversity": 0.8017896284991262, "efficiency": 0.38215598043187554, "cost": 0.0985014582175264, "score": 0.3398753717434881}