{"quality": 0.7348292559884105, "novelty": 0.39868215805200025, "diversity": 0.29611117716026086, "efficiency": 0.33679184697372244, "cost": 0.38990923230817104, "score": 0.3908694055568167}