{"quality": 0.14296491109629594, "novelty": 0.7559522913801562, "diversity": 1, "efficiency": 0.02373021529472652, "cost": 0.7910273944391168, "score": 0.35633433902422507}