{"quality": 0.9326477682384409, "novelty": 0.7028021631945097, "diversity": 0.5619410687570107, "efficiency": 0.029292095289018133, "cost": 1, "score": 0.47227689931491457}