{"quality": 0.7251621765399037, "novelty": 0.6365264388879859, "diversity": 0.11855603681265534, "efficiency": 0.7583280944844731, "cost": 0.4116817196051362, "score": 0.47297251225865594}