{"quality": 0.683380526199434, "novelty": 0.7903432404546948, "diversity": 0.4140538561110565, "efficiency": 0.635420209516315, "cost": 0.9943532317884789, "score": 0.4812884474443146}