{"quality": 0.8163820845488623, "novelty": 0.6052783441535392, "diversity": 0.672404548228948, "efficiency": 0.4158457093689353, "cost": 0.31378720134655025, "score": 0.5617132573195184}