{"quality": 0, "novelty": 0.51079510066916, "diversity": 0.015320937824383679, "efficiency": 0.7872237108217931, "cost": 0.49396874606422936, "score": 0.19944964474901272}