{"quality": 0.12382288303530684, "novelty": 0.6187894328008606, "diversity": 0.9684490596937186, "efficiency": 1, "cost": 0.06722927300345277, "score": 0.5288111077492057}