{"quality": 0.6798012094754036, "novelty": 1, "diversity": 0.6507161323537982, "efficiency": 0.7318983946472661, "cost": 0.821244652130453, "score": 0.6117438832974254}