{"quality": 0.5304744730991449, "novelty": 0.6205058412930458, "diversity": 0.39317669943118366, "efficiency": 0.7032148147524411, "cost": 0.18630432408374908, "score": 0.4797559319437329}