{"quality": 0.5381225975352727, "novelty": 0.8812887345958955, "diversity": 0.7666043702920414, "efficiency": 1.0, "cost": 0.4773011920828037}