{"quality": 0.34629975757161363, "novelty": 0.6328370945450728, "diversity": 0.24607585547922864, "efficiency": 0.2634935344689894, "cost": 0.138763406716658, "score": 0.3369620615022806}