{"quality": 0.3690064238059635, "novelty": 0.6962142076601661, "diversity": 0.5109682341647552, "efficiency": 0.845689486399677, "cost": 0.4854464334800814, "score": 0.4652579055017251}