{"quality": 0.13444630405854308, "novelty": 0.3970359312726903, "diversity": 0.012843506304665409, "efficiency": 0.4767838903740598, "cost": 0.6739166372847941, "score": 0.14628749512429812}