{"quality": 0.7729640806878438, "novelty": 0.710853326354755, "diversity": 0.3323085817780656, "efficiency": 0.15672775511677495, "cost": 0.9636318003463153, "score": 0.4032102553835397}