{"quality": 0.4159928435014495, "novelty": 0, "diversity": 0.8899869380592313, "efficiency": 0.4959443839438604, "cost": 0.7322305798905586, "score": 0.30396384026480433}