{"quality": 0.03672321075270782, "novelty": 0.6592645095221314, "diversity": 0.6537283243616101, "efficiency": 0.9578717733389972, "cost": 0.8487731190082988, "score": 0.365382209578687}