{"quality": 0.4597818590606658, "novelty": 0.7047844198528443, "diversity": 0, "efficiency": 0.674352102174191, "cost": 0.5967500139154533, "score": 0.3556084766159941}