{"quality": 1.0, "novelty": 0.2876798519308994, "diversity": 0.299065092522974, "efficiency": 0.7963505819747486, "cost": 0.42314408803534087}