{"quality": 0.45888427253645303, "novelty": 0.219481149925312, "diversity": 0.42862234158008317, "efficiency": 0.9285875683130946, "cost": 0.5843036599163884, "score": 0.35911780681360583}