{"quality": 0.5081205972229467, "novelty": 0.9949877156959072, "diversity": 0, "efficiency": 0.6818810137393558, "cost": 0.5173042763304458, "score": 0.4517348325187196}