{"quality": 0.47215837963724283, "novelty": 0.20124362356285894, "diversity": 0.492153653617329, "efficiency": 0.4448851513700943, "cost": 0.2611279680539938, "score": 0.3310091264054682}