{"quality": 0.6156510188493949, "novelty": 0.4317068869693393, "diversity": 0.7425170589338771, "efficiency": 0.9018502268624549, "cost": 0, "score": 0.5764029732132969}