{"quality": 0.5767160973572432, "novelty": 0.07478517051617903, "diversity": 0, "efficiency": 0.3772868443504157, "cost": 0.6444349440432433, "score": 0.18386065408445573}