{"quality": 0.42910101695225655, "novelty": 0.28437770428952414, "diversity": 0.23119812570830173, "efficiency": 0.19077135921923977, "cost": 0.5782080690592681, "score": 0.21685925327667752}