{"quality": 0.5516658030641509, "novelty": 0.679949616109475, "diversity": 0.9323357915739776, "efficiency": 0.30011292177597165, "cost": 0.08041592998780386}