{"quality": 0.33743928535726847, "novelty": 0.1963322197538067, "diversity": 0.8808766146330833, "efficiency": 0.4855008722247188, "cost": 0.33290937694647144, "score": 0.3660243566113096}