{"quality": 0.8050676234878374, "novelty": 0.32290328646170896, "diversity": 0.3135497879876819, "efficiency": 0.21469444780191121, "cost": 0.2752330160213733, "score": 0.38963693182746423}