{"quality": 0.44059710433341576, "novelty": 0.02287578078193203, "diversity": 1, "efficiency": 0.2458006298420265, "cost": 0.16913075761082053, "score": 0.35785509521072967}