{"quality": 0.938844355714527, "novelty": 0.2974785822041226, "diversity": 0.05838364141862723, "efficiency": 0.4336599393642188, "cost": 0.7123016149198388, "score": 0.36151850996176305}