{"quality": 0.672452990782814, "novelty": 0.7928648834617864, "diversity": 0.5660351922842161, "efficiency": 0.8221642674687921, "cost": 0.6451159319723268}