{"quality": 0.6789127153085597, "novelty": 0, "diversity": 0.9898501973624045, "efficiency": 0.7790927561059575, "cost": 0.4671875722657882, "score": 0.4717890102543636}