{"quality": 0.5895166302019443, "novelty": 0.8426107752670189, "diversity": 0.32573461195338405, "efficiency": 1, "cost": 0.41481122389074454, "score": 0.5611734828789404}