{"quality": 0.9300629222216268, "novelty": 0.15342582609952474, "diversity": 0.45975994107123197, "efficiency": 0.861885714514389, "cost": 0.4869868186802585, "score": 0.4899114967147481}