{"quality": 0.4646193251817382, "novelty": 0.07314240119020854, "diversity": 0.2684854649737099, "efficiency": 0.48687694683795235, "cost": 0.5495240199288397, "score": 0.22944763087962444}