{"quality": 0.24688406062196247, "novelty": 0.9762094860538969, "diversity": 1.0, "efficiency": 0.2161180269061667, "cost": 0.7142453118671379}