{"quality": 0.4596617692448612, "novelty": 0.7192953666543266, "diversity": 0.2728759943511185, "efficiency": 1, "cost": 1, "score": 0.42229757130726375}