{"quality": 0.7876442818418533, "novelty": 0.2107934417393617, "diversity": 1, "efficiency": 0, "cost": 0.9698621813851995, "score": 0.3920054268488765}