{"quality": 0.8242129688499717, "novelty": 0.02824481409794155, "diversity": 0.4855452359129028, "efficiency": 0.15955223001261537, "cost": 0.1675092786130496, "score": 0.35861604800264485}