{"quality": 0.7250667613541728, "novelty": 1, "diversity": 0.2787363371470375, "efficiency": 0.5653377700875399, "cost": 1, "score": 0.5080679613487904}