{"quality": 0.9807079726435763, "novelty": 0.4366484616720568, "diversity": 0.6209512727391855, "efficiency": 1, "cost": 0.3506158999174549, "score": 0.6425031717671787}