{"quality": 0.46241913530907086, "novelty": 0.13807963099898035, "diversity": 0.7515129082887031, "efficiency": 0.51464296101252, "cost": 0.020631535810640533, "score": 0.39868152057102085}