{"quality": 0.41770952199798606, "novelty": 0.6025342388767928, "diversity": 0.9877219867510665, "efficiency": 0.9231358092685215, "cost": 0.34853646140063155, "score": 0.5771075389190223}