{"quality": 0.9423768306117056, "novelty": 0.019690031210468, "diversity": 0.7420474626447918, "efficiency": 0.38772509283997725, "cost": 0.36669807185396586}