{"quality": 0.6958758461670067, "novelty": 0.3566603494962356, "diversity": 1, "efficiency": 0.339807467241273, "cost": 0.3151122528716392, "score": 0.517387736023188}