{"quality": 0.818861404034695, "novelty": 0.5384777516358512, "diversity": 0.212054709191443, "efficiency": 0.6310077483206852, "cost": 0.08083920171323133, "score": 0.5092560430344396}