{"quality": 0.6053590975503828, "novelty": 0.6701237690976303, "diversity": 0.18837383279437275, "efficiency": 0.06402152810272851, "cost": 0.057483142734025494, "score": 0.3906683530404037}