{"quality": 0.675664058470623, "novelty": 0.16124715230773126, "diversity": 0.9711123552667055, "efficiency": 0.08488248281213168, "cost": 0.25002336473859, "score": 0.42496351261942156}