{"quality": 0.6163788032076767, "novelty": 0.6073807225521949, "diversity": 0.4410612366558591, "efficiency": 0.2557517881653155, "cost": 0.7735533645824215, "score": 0.38597850069807876}