{"quality": 0.30584904219272213, "novelty": 0.6820682026089224, "diversity": 0.45030417545228724, "efficiency": 0.037890974647124265, "cost": 0.2522698928585798, "score": 0.3327892553117153}