{"quality": 0.43943028442388904, "novelty": 0.9587210350480022, "diversity": 0.4759076502848853, "efficiency": 0.6100479027217092, "cost": 0.6715289007378247, "score": 0.49104516948061827}