{"quality": 0.7678611619101402, "novelty": 0.3503489697332416, "diversity": 0.3966865422232468, "efficiency": 0.03612266025453356, "cost": 0.15712032068435042, "score": 0.3869892664207468}