{"quality": 0.7284175402632664, "novelty": 0.6446008751121455, "diversity": 0.661790278664156, "efficiency": 0.2805678673351356, "cost": 1, "score": 0.45411871669011783}