{"quality": 0.6025301198735702, "novelty": 0.12830095063622915, "diversity": 0.7610577058530805, "efficiency": 1, "cost": 1, "score": 0.4150458147917445}