{"quality": 0.7680151811452217, "novelty": 0.730734374367912, "diversity": 0.7139320016429233, "efficiency": 0.384226955428986, "cost": 0, "score": 0.613508591578477}