{"quality": 0.26832580779268556, "novelty": 0.5050241588064965, "diversity": 0.876913891312992, "efficiency": 0.7141247482046537, "cost": 0.4325439980232297, "score": 0.4460008727304033}