{"quality": 0.1964891338038751, "novelty": 0.2790880568776791, "diversity": 0.7659703152532891, "efficiency": 0.26215311237838856, "cost": 0.6370873984677928, "score": 0.25752704442121915}