{"quality": 0.23648519373722515, "novelty": 0.20024844672904707, "diversity": 0.2965871144881513, "efficiency": 0.683666592953053, "cost": 1, "score": 0.18287508164401753}