{"quality": 1, "novelty": 0.5561082788772447, "diversity": 0.05223034950873144, "efficiency": 0.5539328325592807, "cost": 0.35754150866969236, "score": 0.49680891363798024}