{"quality": 0.8444226064958927, "novelty": 0.5768635363954531, "diversity": 0.1613202289077402, "efficiency": 0.877322683162522, "cost": 0.6358396926058734, "score": 0.49782114504297}