{"quality": 0.18040446563126444, "novelty": 0.8527283288535548, "diversity": 0.6861571147161701, "efficiency": 0.24092963182913787, "cost": 0.21660719255047878, "score": 0.4190135703653249}