{"quality": 0.8042948832825794, "novelty": 0.07478020284106363, "diversity": 0.12032748673848172, "efficiency": 0.2666045518411317, "cost": 0.8595584350816741, "score": 0.23808385231073836}