{"quality": 0.757685592023351, "novelty": 0.8527018007124103, "diversity": 0.6868052648998377, "efficiency": 0.06615474622442694, "cost": 0.668215286537374, "score": 0.5209438640450021}