{"quality": 1, "novelty": 0.11306550621558703, "diversity": 0.6643612006929411, "efficiency": 0.6871941549502468, "cost": 0.4271961276427059, "score": 0.5214981271707514}