{"quality": 0.16299032330979984, "novelty": 0.6120821514305242, "diversity": 0.8628148665595139, "efficiency": 0.13442394385166928, "cost": 0.8456640558978388, "score": 0.3100777941504403}