{"quality": 0.576263248343093, "novelty": 0.32996991732939995, "diversity": 0.8934872919049263, "efficiency": 0, "cost": 0.48547566218389376, "score": 0.3855213459978738}