{"quality": 0.6702368330369406, "novelty": 0.2185434383995951, "diversity": 0.8366604794772162, "efficiency": 0.07780478264493088, "cost": 0.6087315254222831, "score": 0.3738365702609356}