{"quality": 0.36016030857687326, "novelty": 0.8066709419044265, "diversity": 0.5615757377592936, "efficiency": 0.5644507550555842, "cost": 0.44165930210064996, "score": 0.46253265864929993}