{"quality": 0.26176677762774325, "novelty": 0.1574159292903911, "diversity": 1, "efficiency": 0, "cost": 0.7553436251474958, "score": 0.24234965309617118}