{"quality": 0.20436237912745087, "novelty": 0.7113820910028096, "diversity": 0.5199009809964384, "efficiency": 1, "cost": 0.38478760877042506, "score": 0.4546556718111828}