{"quality": 0.34808205767501765, "novelty": 0.5692725866089425, "diversity": 0.7706509543029532, "efficiency": 0.18105005701081417, "cost": 0.14539086373321436, "score": 0.41349137699363225}