{"quality": 0.39293885476193446, "novelty": 0.8004275990823976, "diversity": 0.3645794185792235, "efficiency": 0.012688873261122668, "cost": 0.30830976263721005, "score": 0.36197679464047183}