{"quality": 0.6619855348550194, "novelty": 0.6058615088757355, "diversity": 0.4157497920096148, "efficiency": 0.8059546983189594, "cost": 0.15435925048430094, "score": 0.5386682757767766}