{"quality": 0.688477817834238, "novelty": 0.38004717494477064, "diversity": 0.5196295899281081, "efficiency": 0.6317765357148185, "cost": 0, "score": 0.5002475374293084}