{"quality": 0.8170320323988027, "novelty": 0, "diversity": 0.6868919975329908, "efficiency": 0.014804572302843322, "cost": 0.40461241965218353, "score": 0.3442474531064471}