{"quality": 0.7044896814624484, "novelty": 0.14110897470499403, "diversity": 0.6672594864165957, "efficiency": 0.6876436516464153, "cost": 0.8804220457260916, "score": 0.39518038857265536}