{"quality": 0.1890751145885931, "novelty": 0.39505281354317107, "diversity": 0.31056635658838627, "efficiency": 0.1792661374273003, "cost": 0.9438524327305011, "score": 0.15010368642109284}