{"quality": 0.31697055324332674, "novelty": 0.5429513190878584, "diversity": 0.8710718847020975, "efficiency": 0.7540380583770876, "cost": 0.35170975814960925, "score": 0.48297810562698434}