{"quality": 0.32756109501298614, "novelty": 0.03463538457791107, "diversity": 0.4308617069392767, "efficiency": 0.4072025383783349, "cost": 0.3751270365401882, "score": 0.21666719313896038}