{"quality": 0.5226117063096116, "novelty": 1, "diversity": 0.453400417683953, "efficiency": 0.781203546082062, "cost": 0.7151617038128896, "score": 0.5431279569606944}