{"quality": 0.16849153132947736, "novelty": 0.9228342081663694, "diversity": 0.11019331465697571, "efficiency": 0.33267963594136535, "cost": 0.7183158373301469, "score": 0.2813650360300208}