{"quality": 0.25903475853096525, "novelty": 0.55666647731637, "diversity": 0.4624856849282491, "efficiency": 0.9026976044698858, "cost": 0.825455977648407, "score": 0.362233226779674}