{"quality": 0, "novelty": 0.4738249887034415, "diversity": 0.04125797590159083, "efficiency": 0, "cost": 0, "score": 0.12670784235617855}