{"quality": 0.8142862281458277, "novelty": 0.6119887566840077, "diversity": 1, "efficiency": 0.4186161752189916, "cost": 0.31685001087110115, "score": 0.6283904828104889}