{"quality": 0.7811514824058003, "novelty": 0.7160452799158364, "diversity": 0.7613734354007522, "efficiency": 1, "cost": 0.8499943564607801, "score": 0.6306320161347716}