{"quality": 0.25865835030173856, "novelty": 0.2458321289999676, "diversity": 0.5144349333497763, "efficiency": 0.37354822148966726, "cost": 0.04815340419820624, "score": 0.2931594168140982}