{"quality": 0.13714852844294698, "novelty": 0.11286550736513334, "diversity": 0.025524773727060468, "efficiency": 0.4354749107808437, "cost": 0.682126005890908, "score": 0.07157452614761527}