{"quality": 0.7114268965534298, "novelty": 0.9600669290743874, "diversity": 0.9109795226926456, "efficiency": 0.17734093106511167, "cost": 0.5687550363309791}