{"quality": 0.7364501738586109, "novelty": 0.764391706778154, "diversity": 0.9806622671730922, "efficiency": 0.8852165149171524, "cost": 0.4866422433343244, "score": 0.6922836851908807}