{"quality": 0, "novelty": 0.10984909965579609, "diversity": 0.3781105018528388, "efficiency": 1, "cost": 0.12419749512203293, "score": 0.24066462577231348}