{"quality": 0.19326612837539514, "novelty": 1, "diversity": 0.8949756448631385, "efficiency": 0.4083634082191585, "cost": 0.42591502609314247, "score": 0.5056379761088058}