{"quality": 0.6918658621970668, "novelty": 0.7442625550594484, "diversity": 0.6624916184209083, "efficiency": 0.6035981647586522, "cost": 0.6605058590491052, "score": 0.5506128599170511}