{"quality": 0.656022561118889, "novelty": 0.8834313864884455, "diversity": 0.6524783030168142, "efficiency": 0.42049726606812, "cost": 0.614668651805028, "score": 0.549768000290856}