{"quality": 0.9032853869008148, "novelty": 0.9566655595811102, "diversity": 0.200731863462289, "efficiency": 0.4310196202093127, "cost": 0.3002263565767505, "score": 0.5849286860317017}