{"quality": 0.8941028301463494, "novelty": 0.46753877394642246, "diversity": 0.40974837003133757, "efficiency": 0.5532907843585938, "cost": 0.8549758798488122, "score": 0.4645612462056858}