{"quality": 0.15919068294784122, "novelty": 0.7294970426866616, "diversity": 0.047722045183610395, "efficiency": 0.2575340881987493, "cost": 1, "score": 0.17830598782255222}