{"quality": 0.05087582451667577, "novelty": 0.15607393752417864, "diversity": 0.8896250402862163, "efficiency": 0.9563913002299542, "cost": 0.39772394045876625, "score": 0.3358925407819071}