{"quality": 0.20404979805960335, "novelty": 0.5580253246586271, "diversity": 0.2653284388597057, "efficiency": 0.19314869097870635, "cost": 0.16988637665001433, "score": 0.26577062433628346}