{"quality": 0.25742598829370006, "novelty": 0.6687316296817699, "diversity": 0.18477997257276985, "efficiency": 0.24862457674087013, "cost": 0.7116050852706647, "score": 0.24749987640717053}