{"quality": 0.342366707653186, "novelty": 0.41122237554518104, "diversity": 0.5976470904925983, "efficiency": 1, "cost": 0.43720749152562877, "score": 0.4313242751282079}