{"quality": 0.9498545640656106, "novelty": 0.6727031575117308, "diversity": 0.3177046307310496, "efficiency": 0.5747469522402877, "cost": 0.88935783682405, "score": 0.5139493438974638}