{"quality": 0.5432529510804974, "novelty": 0.7774719521822903, "diversity": 0.20591536560855736, "efficiency": 0.3303536305252265, "cost": 0.6875576330198625, "score": 0.379324227768231}