{"quality": 0.5491166298196952, "novelty": 0.29391733913551654, "diversity": 0.3121693157859557, "efficiency": 0.654123761913528, "cost": 0.3726951353007432, "score": 0.3614972376439337}