{"quality": 0.7365697769857862, "novelty": 0.6967778468927766, "diversity": 0.6117120412788577, "efficiency": 0.5970844014227564, "cost": 0, "score": 0.607070463288115}