{"quality": 1.0, "novelty": 0.0, "diversity": 0.6444500906635474, "efficiency": 0.3085979094595407, "cost": 0.4488360007187232}