{"quality": 0.42066792981342715, "novelty": 0.49657757421750337, "diversity": 0.02745065771172811, "efficiency": 0.23082027617653825, "cost": 0, "score": 0.29045794546723036}