{"quality": 0.6470112243888887, "novelty": 0.5914099750096898, "diversity": 0.6076018058941866, "efficiency": 0.4989354353984399, "cost": 0.3908305241830078, "score": 0.4992334851393916}