{"quality": 0.22915514331431813, "novelty": 0.19060600067688216, "diversity": 0.9302099832416633, "efficiency": 0.05340914114258252, "cost": 0.5254191515343625, "score": 0.2579094958297998}