{"quality": 0.8427918565139119, "novelty": 0.6872756479491124, "diversity": 0.11397364175207753, "efficiency": 0.96201348044514, "cost": 0.6735601874441188, "score": 0.5243972006142262}