{"quality": 0.702303598523589, "novelty": 0.07088988419658507, "diversity": 0.5331481260411106, "efficiency": 0.42039617175383, "cost": 0.235648864960663, "score": 0.3745377150814533}