{"quality": 0.47164383343391736, "novelty": 0.05264894900791606, "diversity": 0.10512439016588657, "efficiency": 0.19893905262679623, "cost": 0.33320701419219956, "score": 0.172200421790131}