{"quality": 0.9033052565750966, "novelty": 0.7835426701013397, "diversity": 0.9382307954222943, "efficiency": 0.7419237729212304, "cost": 0.3091949083537892, "score": 0.7348924786851284}