{"quality": 0.4902834910796985, "novelty": 0.502605832743145, "diversity": 0.07685829596027272, "efficiency": 0.14481174211596587, "cost": 0.8967709833217462, "score": 0.22015282768697053}