{"quality": 0.3037389913808758, "novelty": 1, "diversity": 0.43045476287001383, "efficiency": 0, "cost": 0, "score": 0.4272126499882655}