{"quality": 0.3212697202566023, "novelty": 0.5020200489710034, "diversity": 0.476979069965198, "efficiency": 0.1520266235983468, "cost": 0.39849826962345636, "score": 0.30023590889017754}