{"quality": 0.11723506741639927, "novelty": 0.6100754730094495, "diversity": 0.5459739392548077, "efficiency": 0.4696796616748339, "cost": 0.13801283517270993, "score": 0.3535348420621978}