{"quality": 0, "novelty": 0.16825654031622114, "diversity": 0.48577264842907564, "efficiency": 0.7192019024283053, "cost": 0.7283884294503743, "score": 0.17426010718407875}