{"quality": 0.07466131814602495, "novelty": 1, "diversity": 0.09818180308261759, "efficiency": 0.4641016517840265, "cost": 0.6678443509701826, "score": 0.29486556873091674}