{"quality": 0.8697249962815636, "novelty": 1, "diversity": 0.7890187928662403, "efficiency": 0.9012253360268625, "cost": 0.5116913583862033, "score": 0.7527359220231262}