{"quality": 0.37601769435078725, "novelty": 0.2931464928759696, "diversity": 0.3306027046456084, "efficiency": 0.06383070603765001, "cost": 0, "score": 0.2617870783589978}