{"quality": 0.5191013173152232, "novelty": 0.36331254377434474, "diversity": 0.21662292114110027, "efficiency": 0.626268360745489, "cost": 0.447333367585556, "score": 0.33909003271964094}