{"quality": 0.2880364273909877, "novelty": 0.507389483403461, "diversity": 0.2289349429411804, "efficiency": 1, "cost": 0.1499238760676668, "score": 0.394052900049631}