{"quality": 0.6656872313625448, "novelty": 0.2566346499575121, "diversity": 0.8170481972809854, "efficiency": 0.7587260972837355, "cost": 0.12651261229188845, "score": 0.5284321247177101}