{"quality": 0.6741992939458861, "novelty": 0.5612267529977655, "diversity": 0.7909938404932892, "efficiency": 1, "cost": 0.6581231286929672, "score": 0.5849529316625683}