{"quality": 0.9410919498271297, "novelty": 0.72331302229303, "diversity": 0.7696525052799675, "efficiency": 0.9713237633805278, "cost": 0.06904251495760744, "score": 0.7558806545887083}