{"quality": 0.1298783028167332, "novelty": 0.6177614189346807, "diversity": 1, "efficiency": 0.33129335584007064, "cost": 0.8393878630868832, "score": 0.3591590626460124}