{"quality": 0, "novelty": 0.2212087995707664, "diversity": 0.33319653459355425, "efficiency": 0.3903363497731119, "cost": 0.4031216461789085, "score": 0.14017979465947836}