{"quality": 0.3654978462932347, "novelty": 1, "diversity": 0.7910434834995582, "efficiency": 0.27006467639269266, "cost": 0.0054325740923145405, "score": 0.5578244946375545}