{"quality": 0.9994236957109852, "novelty": 0.5187012147786363, "diversity": 0.37642930380952855, "efficiency": 0.9568741145773363, "cost": 0.7799886569177471, "score": 0.5703205246646861}