{"quality": 0.15870699765517685, "novelty": 0.09630778389970937, "diversity": 0.7358088153983777, "efficiency": 0.5904576471496881, "cost": 0.8807407030509738, "score": 0.21934538511851176}