{"quality": 0.22069296847254316, "novelty": 0.6967353092138657, "diversity": 1, "efficiency": 0.4581614482357822, "cost": 0.21053165307454594, "score": 0.4880627697731421}