{"quality": 0.6957203714921758, "novelty": 0.7047892127856974, "diversity": 0.45054954223315585, "efficiency": 0.8368364448327119, "cost": 0.9372889102448887, "score": 0.5068198987911261}