{"quality": 0.5903163615557726, "novelty": 0.928223963054751, "diversity": 0.16581187222156002, "efficiency": 0.3692179036292312, "cost": 0.528881545226442, "score": 0.444807804696472}