{"quality": 0.28715691431836815, "novelty": 1, "diversity": 0.2702608851174195, "efficiency": 0.5807018894825247, "cost": 0.43037162436923815, "score": 0.43426737230444923}