{"quality": 0.3939461571842629, "novelty": 0.27817576964223273, "diversity": 0.670741810282012, "efficiency": 0.8823991103307243, "cost": 0.9961759104944841, "score": 0.3546184271223997}