{"quality": 0.5459136191281163, "novelty": 0.7878750864776631, "diversity": 0.12915294458403398, "efficiency": 0.5769813731087785, "cost": 0.9147920982303057, "score": 0.3816414424179436}