{"quality": 0.40414860345886355, "novelty": 0.2904841513465699, "diversity": 0.22557450387973937, "efficiency": 0.294755071188403, "cost": 0.7487193682012663, "score": 0.2083218435083832}