{"quality": 0.4910376985476252, "novelty": 0.20944259994008452, "diversity": 0.7816494499647266, "efficiency": 0.31500744643276424, "cost": 0.7161534200308723, "score": 0.3316376245040814}