{"quality": 0.9528788076169356, "novelty": 0.8294435461433214, "diversity": 0.6245009553587137, "efficiency": 0.09856493468512208, "cost": 0.8350071938463038}