{"quality": 1, "novelty": 0.8548488995464956, "diversity": 0.41398898769291975, "efficiency": 0.5148688688023404, "cost": 1, "score": 0.573740352745559}