{"quality": 0.4514317321377208, "novelty": 0.20873689160801556, "diversity": 0.21462866116787432, "efficiency": 0.12688903793474482, "cost": 0.42368099045539215, "score": 0.20720473142156753}