{"quality": 0, "novelty": 0.5713298844337986, "diversity": 0.8212851955889009, "efficiency": 0.5547703867594221, "cost": 0.37022819978041743, "score": 0.3532822482621015}