{"quality": 0.6565559620500008, "novelty": 1, "diversity": 0.10726880392365923, "efficiency": 0.7235167060866099, "cost": 0.8609250861903539, "score": 0.49085554669368814}