{"quality": 0.14185314783699032, "novelty": 0, "diversity": 0.26516987091478506, "efficiency": 0.6672366418373457, "cost": 0.42770712303757136, "score": 0.1529047025058988}