{"quality": 0.5793143788646186, "novelty": 1, "diversity": 0.010697198949476516, "efficiency": 0.30527108651728674, "cost": 0.6075293946662171, "score": 0.41097147696025216}