{"quality": 0.3785214968085226, "novelty": 0.4592165747551684, "diversity": 0.8705442688463443, "efficiency": 0.7821807873159498, "cost": 0.11567294294291039, "score": 0.5082292703037192}