{"quality": 0.5734699886445649, "novelty": 0.29405940275544995, "diversity": 0.7198180938433607, "efficiency": 0.49510760327145986, "cost": 0, "score": 0.46378560654162304}