{"quality": 0.36001040419731617, "novelty": 0.17997948815771397, "diversity": 0.719439076664077, "efficiency": 0.4147221798430373, "cost": 0.9798258988317519, "score": 0.2611115457247192}