{"quality": 0.8073436119266038, "novelty": 0.42608914869253706, "diversity": 0.17047317838093684, "efficiency": 0.014241317705129347, "cost": 0.09297057682477589, "score": 0.37565914640059456}