{"quality": 0, "novelty": 0.28666413910556604, "diversity": 0.6551804359240567, "efficiency": 0.5668017614360088, "cost": 0.17848833976741957, "score": 0.2698735521998622}