{"quality": 0.9832404295514285, "novelty": 0.5587111758231116, "diversity": 0.35027632447708956, "efficiency": 0.33077553678138677, "cost": 0.33899423431487746, "score": 0.5204220948023447}