{"quality": 0.916005228035003, "novelty": 0.07837777220266288, "diversity": 0.26263597058557697, "efficiency": 0.2937847297909866, "cost": 1, "score": 0.29099091504692987}