{"quality": 0.8409342084743927, "novelty": 0.5007065948175651, "diversity": 1.0, "efficiency": 0.40388445662207756, "cost": 0.5069781770359865}