{"quality": 0.31511098462525217, "novelty": 0.2773466428829596, "diversity": 1, "efficiency": 0.9877897819669523, "cost": 0.8454669488731313, "score": 0.4274917285160452}