{"quality": 0.6858210966333464, "novelty": 0.16063276846632302, "diversity": 0.005492928631032429, "efficiency": 0.6715415026275269, "cost": 0.6619568800878172, "score": 0.28153864421813846}