{"quality": 0.6791867661785973, "novelty": 0, "diversity": 0.5194446564983682, "efficiency": 0.45991223872657977, "cost": 0.27134379458364666, "score": 0.34949741750387514}