{"quality": 0.5354199342504612, "novelty": 0.0928825320964255, "diversity": 0.5657885444420667, "efficiency": 0.9833893527624928, "cost": 0.31144103638026716, "score": 0.41336862146400527}