{"quality": 0.4270114340856611, "novelty": 0.7512297956852739, "diversity": 0, "efficiency": 0.4383717785379114, "cost": 0.7675592030950198, "score": 0.30491072561820154}