{"quality": 0.3121449195003779, "novelty": 0.20319017874424036, "diversity": 0.8776963906961135, "efficiency": 0.38920893651922117, "cost": 0.2261323019000549, "score": 0.35574840896327387}