{"quality": 1, "novelty": 0.49833900750812604, "diversity": 0.09648610402705232, "efficiency": 0.24294810180448342, "cost": 0.5208953150857705, "score": 0.42823465644453745}