{"quality": 0.5179638041017671, "novelty": 0.21661302978519334, "diversity": 0.8695433349248433, "efficiency": 0.8613963475944859, "cost": 0.4749502501618941, "score": 0.4651654927847806}