{"quality": 0.7223385656182532, "novelty": 0.5642366931881281, "diversity": 0.7858446452265508, "efficiency": 1, "cost": 1, "score": 0.5649296720278182}