{"quality": 0.9487188583229126, "novelty": 0.6519024573124297, "diversity": 0.2730720684786042, "efficiency": 0.36465156717903385, "cost": 0.6062899382729314, "score": 0.4962744267702639}