{"quality": 0.0807753692833773, "novelty": 0.5047583076927523, "diversity": 0.8463349655974778, "efficiency": 0.5000191435152284, "cost": 0.29320808815339244, "score": 0.3653712435396418}