{"quality": 0.5530606286338626, "novelty": 0.5567205400050206, "diversity": 0.5239939078054902, "efficiency": 0, "cost": 0.046458719055827796, "score": 0.4052512332469292}