{"quality": 0.9888259579861065, "novelty": 0.9236695557579023, "diversity": 0.7217949109219661, "efficiency": 0.43538654696360574, "cost": 0.4612604120516077, "score": 0.691106099359081}