{"quality": 0.7050025824306878, "novelty": 0.2733174116868049, "diversity": 0.6751652350125353, "efficiency": 0.47637763801297633, "cost": 0.9255264573183783, "score": 0.3937671746235232}