{"quality": 0.3387168464517755, "novelty": 0.6031067804152127, "diversity": 0.05928252936512332, "efficiency": 0.1994374264597764, "cost": 1, "score": 0.19416386888132695}