{"quality": 0.20579579920458477, "novelty": 0.5223473162194638, "diversity": 0.2506604853148114, "efficiency": 0.877209331682894, "cost": 0.45301236362308284, "score": 0.3287378292693295}