{"quality": 0, "novelty": 0.6200659398023701, "diversity": 0.9379834527145812, "efficiency": 0.8241988261872717, "cost": 0.037813054623886844, "score": 0.46246169395921083}