{"quality": 0.5076510478914256, "novelty": 0.24913470291731019, "diversity": 0.21604683904653735, "efficiency": 0.10576835708834886, "cost": 0.4295600386453534, "score": 0.23069760760477964}