{"quality": 0.2690510870392284, "novelty": 0.3586390447959078, "diversity": 0.19500260557906923, "efficiency": 0.5073920794008174, "cost": 0.015317210583289997, "score": 0.2839526992783529}