{"quality": 0.5545297751304635, "novelty": 0.36292431988536483, "diversity": 0.7775324618271091, "efficiency": 0.7919323539436041, "cost": 0.6675335498648385, "score": 0.4646330029809589}