{"quality": 0.1414361964686171, "novelty": 0.3185419632300962, "diversity": 0.3007605824916406, "efficiency": 0.9606215567522078, "cost": 0.0789647145815367, "score": 0.3184152283011148}