{"quality": 0.6728429773067386, "novelty": 0.13843819094368906, "diversity": 0.3488046083405353, "efficiency": 0.47495877811659754, "cost": 0.061364607650099656, "score": 0.37133071854853056}