{"quality": 1, "novelty": 0.39380728667066517, "diversity": 0.6535096195534691, "efficiency": 0.49721655024834266, "cost": 0.12993031262765556, "score": 0.590743196852846}