{"quality": 0, "novelty": 0.11347065513307372, "diversity": 0.5298510628284077, "efficiency": 0.44406172907321806, "cost": 0.518162676826226, "score": 0.14913086802731007}