{"quality": 0.8852935049803954, "novelty": 0.6991880848836337, "diversity": 0.899835895058916, "efficiency": 0.009602712463645469, "cost": 0.9762671708798544, "score": 0.5241659415083717}