{"quality": 0.7466009753012834, "novelty": 0.37606643202200973, "diversity": 0, "efficiency": 0.5024034869707705, "cost": 0.5213964910501152, "score": 0.34121777453649155}