{"quality": 0.9532269267288421, "novelty": 0.219164796433382, "diversity": 0.8244329158702534, "efficiency": 0.3080814225681812, "cost": 0.3878160872179804, "score": 0.513076464964478}