{"quality": 0.19591883474449098, "novelty": 0.6450620070723099, "diversity": 0.6900230501555644, "efficiency": 0.3557696955592273, "cost": 0.7371720882861467, "score": 0.33769400772780706}