{"quality": 0, "novelty": 0.7860307530974461, "diversity": 0.7597642414794611, "efficiency": 0.1582116881595603, "cost": 0.5790422730684897, "score": 0.31428806248733887}