{"quality": 0, "novelty": 0.39271867986083886, "diversity": 0.6686741545922178, "efficiency": 0.3407460959198442, "cost": 0.4465568094702703, "score": 0.23837073432460287}