{"quality": 0.8844865797995087, "novelty": 0.050886277906423985, "diversity": 0.4023983987584431, "efficiency": 0.36866035907694755, "cost": 0.4557245685316857, "score": 0.36827382017652077}