{"quality": 1, "novelty": 0.55336152654902, "diversity": 0.2706981686585884, "efficiency": 0.5389364992103622, "cost": 0.34337144284011956, "score": 0.5389833459665151}