{"quality": 0.17491238090696337, "novelty": 1, "diversity": 0.3446647198064177, "efficiency": 0.6762746176980934, "cost": 0.2982836105803107, "score": 0.44301948983005557}