{"quality": 0.6487582737387543, "novelty": 1, "diversity": 0.13576930510505716, "efficiency": 0, "cost": 0.6282210940060112, "score": 0.4089592337420366}