{"quality": 0.46993788232747563, "novelty": 0.6797876578671441, "diversity": 0.5963306149564489, "efficiency": 0.6377262524482703, "cost": 0.4028615767788949, "score": 0.4855671823456696}