{"quality": 0.5059703353269167, "novelty": 0.9541183829310589, "diversity": 0.7412403915130481, "efficiency": 0, "cost": 0.301138947395741, "score": 0.5084548798938753}