{"quality": 0.0708698675599603, "novelty": 0.42342156501171285, "diversity": 0.6895471943068214, "efficiency": 0.13614749085939662, "cost": 0.5839321542894288, "score": 0.2270546985822472}