{"quality": 0.9625013246538894, "novelty": 0.8534790072486504, "diversity": 0.03552377980828719, "efficiency": 0.25360286281871813, "cost": 0.020165037736557423, "score": 0.5452488308191389}