{"quality": 0.4638322887297648, "novelty": 0.323791702070775, "diversity": 1, "efficiency": 0.3786934812178041, "cost": 0.2730869797146065, "score": 0.4495929363478332}