{"quality": 0.39127172756267503, "novelty": 0.21900352169345222, "diversity": 0.6181870053378531, "efficiency": 0.27000965867066284, "cost": 0.6025651515114103, "score": 0.2760147334091945}