{"quality": 0.9190598089820912, "novelty": 0, "diversity": 0.11875522748500628, "efficiency": 0.7955359630030401, "cost": 0.2946656575710591, "score": 0.38933281688497867}