{"quality": 0.33248566394774154, "novelty": 0.2693737648640673, "diversity": 0.259240744819492, "efficiency": 0.6446442281713343, "cost": 0.4541245316208527, "score": 0.27022147042785255}