{"quality": 0.6233582166702274, "novelty": 0.7006784295852654, "diversity": 0.8180823725353478, "efficiency": 0.6635689868593114, "cost": 0.7818983662108272}