{"quality": 0.7626841019023033, "novelty": 0.570783120948209, "diversity": 0.5209147125586512, "efficiency": 0.7100452012777441, "cost": 0.9269308973505026, "score": 0.4894976437760848}