{"quality": 0.355456255736063, "novelty": 0.6370015047297234, "diversity": 0.375400442845414, "efficiency": 0.7663921555558124, "cost": 0, "score": 0.45592616480570447}