{"quality": 0.6811054367691672, "novelty": 0.8673939376175565, "diversity": 0.33648395181146773, "efficiency": 0.7447123679457803, "cost": 0.6553647456998799}