{"quality": 0.5157635668582314, "novelty": 0.29290941106741636, "diversity": 0.8882513039891446, "efficiency": 0.9073396062242937, "cost": 1, "score": 0.4417076245557966}