{"quality": 0.6539636814542165, "novelty": 0.060531360587456215, "diversity": 1.0, "efficiency": 0.817006635156188, "cost": 0.37349874916035053}