{"quality": 0.060810271139990796, "novelty": 0.49081041403785697, "diversity": 0.24737475959845084, "efficiency": 0.42618567433490834, "cost": 0.1809569533437717, "score": 0.2362527925870107}