{"quality": 0.9106612475459211, "novelty": 0.6318192675957772, "diversity": 0.055872083705229, "efficiency": 0.6950082919143448, "cost": 0.34430795205475473, "score": 0.5121480564854427}