{"quality": 1, "novelty": 0.6222269552712942, "diversity": 0.4361402492381774, "efficiency": 0.9526998930110077, "cost": 0.32535496231335964, "score": 0.6531542763857743}