{"quality": 0.35124593929959885, "novelty": 0.7426535224104196, "diversity": 0.7134955691782885, "efficiency": 0.9028234280769899, "cost": 1, "score": 0.4691597904396908}