{"quality": 0.5306164553223451, "novelty": 0.463873688699212, "diversity": 0.515507409391836, "efficiency": 0.23774800163746723, "cost": 0.3692892804966583, "score": 0.376988112845828}