{"quality": 0.6948584071610352, "novelty": 0.17382610007082075, "diversity": 0.37218560839595594, "efficiency": 0.9666959548030238, "cost": 0.4312255580118549, "score": 0.428233006264475}