{"quality": 0.7011159030412359, "novelty": 0.3596568822120301, "diversity": 0.7860059728904274, "efficiency": 0.41277823030888744, "cost": 0.7399570395021438, "score": 0.44537121663958246}