{"quality": 0.7012862721239846, "novelty": 1, "diversity": 0, "efficiency": 0.7647470292903644, "cost": 0.060174280883531966, "score": 0.569080507942397}