{"quality": 0.8754564935621229, "novelty": 0.5360607194043903, "diversity": 0.6974874486641016, "efficiency": 1, "cost": 0.8748981424856255, "score": 0.5986598034039923}