{"quality": 0.3681514133868903, "novelty": 0.681515050958013, "diversity": 0.017415454925278934, "efficiency": 0, "cost": 0.1433215148083899, "score": 0.2699751262597871}