{"quality": 0.2527700908967169, "novelty": 0.7250478120833241, "diversity": 0.5950155564298929, "efficiency": 0.19988475315054155, "cost": 0.5863245363698302, "score": 0.34744635091142295}