{"quality": 0.3946736990126534, "novelty": 0.48001175282009806, "diversity": 0.6065321742207023, "efficiency": 0.6297993249086029, "cost": 0.35333794161588095, "score": 0.4188475873276633}