{"quality": 0.3953543045715681, "novelty": 0.27056016578877723, "diversity": 0.9941024250906312, "efficiency": 0.8851058221011255, "cost": 0.02680875273571759, "score": 0.515151815878388}