{"quality": 0.7243277896656632, "novelty": 0.5545941335709247, "diversity": 0.9846277355052453, "efficiency": 0.7542759898996368, "cost": 0.3712756850036781, "score": 0.6288862473780569}