{"quality": 0.6856045908966043, "novelty": 0.5603216866177319, "diversity": 0.6594873003835668, "efficiency": 0.0297615507013769, "cost": 0.0026129019495908234}