{"quality": 0.35353887394510214, "novelty": 0.6682477841387592, "diversity": 0.3055390181266158, "efficiency": 0.9598696409206215, "cost": 0.8384721836620872, "score": 0.39436463961542817}