{"quality": 0.7771841402231532, "novelty": 0.04506001110754776, "diversity": 0.29985487864184285, "efficiency": 0.9427220562531218, "cost": 0.6090516520625127, "score": 0.38489436380391845}