{"quality": 0.5418041654800441, "novelty": 1, "diversity": 0.8350064550473205, "efficiency": 0.18718611699235488, "cost": 0.19921547029905148, "score": 0.5876989111724255}