{"quality": 0.9727551916783235, "novelty": 0.08446429686640311, "diversity": 0.8242252483155714, "efficiency": 0.9530224832749888, "cost": 0.29760937648853003, "score": 0.5909801162256074}