{"quality": 0.8293117895790815, "novelty": 0.5746918152902356, "diversity": 0.6746982600984397, "efficiency": 0.17777373531126178, "cost": 0.0}