{"quality": 0.7725584625126973, "novelty": 0.25070187357025786, "diversity": 0.8657849431414049, "efficiency": 0.22623308258360447, "cost": 0.010749744779824405, "score": 0.5004599836842129}