{"quality": 0.9135658126205166, "novelty": 0.5219395492149898, "diversity": 1, "efficiency": 1, "cost": 1, "score": 0.6545546310899024}