{"quality": 0.4849140141323003, "novelty": 0.8856618961127625, "diversity": 0.0039964831891619035, "efficiency": 0.7252807223419055, "cost": 0.14149490113432853, "score": 0.46233159314356603}