{"quality": 0.5592879810728281, "novelty": 1, "diversity": 0.5651875474294004, "efficiency": 0.6225651495340363, "cost": 0.33537942627545286, "score": 0.5906707336102887}