{"quality": 0.6076546397169033, "novelty": 0.3306941060705556, "diversity": 0.5158760758944116, "efficiency": 0.5698171761905308, "cost": 0.9464600910898883, "score": 0.358971700931183}