{"quality": 0, "novelty": 0.03225260682258588, "diversity": 0.25655910841373775, "efficiency": 0.9507634563069451, "cost": 0.4745250767446172, "score": 0.15453698415997405}