{"quality": 0.4553502543670246, "novelty": 0.6998019323076403, "diversity": 0.1094378045016054, "efficiency": 0.21500561354546016, "cost": 0.22592816407411215, "score": 0.3431011459117463}