{"quality": 0.985272213639246, "novelty": 0.8883028289118591, "diversity": 0.35189614159401056, "efficiency": 0.5245332017352163, "cost": 1, "score": 0.5667165798988231}