{"quality": 0.8088239185705031, "novelty": 0.28668750718981617, "diversity": 0.5523933779195221, "efficiency": 0.4757379932736955, "cost": 0.1593666760822325}