{"quality": 0.5617723195157996, "novelty": 0.4678209821602436, "diversity": 0.6175858582599281, "efficiency": 0.7914599771428343, "cost": 0.8838066668239895, "score": 0.4393424429358126}