{"quality": 0.8928618511604345, "novelty": 0, "diversity": 0, "efficiency": 0, "cost": 0.026627009136533264, "score": 0.265195854434477}