{"quality": 0, "novelty": 0.6046468149155484, "diversity": 0.5990986480693254, "efficiency": 0.28577338435866095, "cost": 0.9666774583392359, "score": 0.21717969516262778}