{"quality": 0.7576230934893649, "novelty": 0.4097424054600414, "diversity": 0.5426933175611139, "efficiency": 0.10460613464293037, "cost": 0.4068753742237801, "score": 0.4132645756981041}