{"quality": 0.5493226727226084, "novelty": 0.6673550811625145, "diversity": 0, "efficiency": 0.6886689216926796, "cost": 0.2916877165556947, "score": 0.4057671387057436}