{"quality": 0.822453617278604, "novelty": 0.007457836252222683, "diversity": 0.15412138815810972, "efficiency": 0.7819423684242208, "cost": 0.11042991071963587, "score": 0.3856731860699283}