{"quality": 0.5710651899374062, "novelty": 0.00947601966398582, "diversity": 0.928567976977418, "efficiency": 0.8469859686702308, "cost": 0.436724753752149}