{"quality": 0.09118292303442987, "novelty": 0.2961810633853234, "diversity": 0.18135997142850088, "efficiency": 0.8865862033837155, "cost": 0.48824222376335474, "score": 0.22183584517358185}