{"quality": 0.9050743401360646, "novelty": 0.18874723977269653, "diversity": 0.1749592638781234, "efficiency": 0.8244314861855796, "cost": 0.6149121109128484, "score": 0.4158744765961702}