{"quality": 0.6666410985678277, "novelty": 0.35441955803433023, "diversity": 0.0032868570445091505, "efficiency": 0.7643216997427815, "cost": 0.814641875928387, "score": 0.32243865785641124}