{"quality": 0.46823185616819163, "novelty": 0.9236809347008277, "diversity": 0.6675629444079603, "efficiency": 0, "cost": 0, "score": 0.5049023794072565}