{"quality": 0.7021675633731859, "novelty": 0.8060175449535598, "diversity": 0, "efficiency": 0.7401197478364427, "cost": 0.9086340392913257, "score": 0.43230921349667956}