{"quality": 0.5964825621939214, "novelty": 1, "diversity": 0.3754180424969066, "efficiency": 0.630106666771125, "cost": 0.23015410525830235, "score": 0.5755289666473963}