{"quality": 0.7435867906646645, "novelty": 0.19322778869625729, "diversity": 0, "efficiency": 0.7785356543988565, "cost": 0.004890793856663106, "score": 0.38767425314762577}