{"quality": 0.6793251039332466, "novelty": 0.545653112022193, "diversity": 0.3768742805074167, "efficiency": 0.5748119682141549, "cost": 0.191042186815767, "score": 0.48270324183755214}