{"quality": 0.6876349421110468, "novelty": 0.9152058962015588, "diversity": 0.8048659158292799, "efficiency": 0.02913420751917556, "cost": 0.5944621399857075, "score": 0.5409890569788652}