{"quality": 0.27745967825736967, "novelty": 0.45241680572569787, "diversity": 0.5110198713478278, "efficiency": 0.021352942648041662, "cost": 0.4284372757217112, "score": 0.258905293003236}