{"quality": 0.19895780761523849, "novelty": 0.6864265152988839, "diversity": 0.2383124266044124, "efficiency": 0.7752428827321163, "cost": 0.9542084560192687, "score": 0.29982204323806555}