{"quality": 0.754923019604966, "novelty": 0.64356515027989, "diversity": 0.4778043073220247, "efficiency": 0.36565655241051626, "cost": 0.6208196322931624, "score": 0.4756955745481284}