{"quality": 0.5327902714333332, "novelty": 1, "diversity": 0.1636461004599317, "efficiency": 0.31764570231892775, "cost": 0.03250725756313741, "score": 0.48696243111351173}