{"quality": 0.8054202474328711, "novelty": 0.2416193511162814, "diversity": 0.4603820639456955, "efficiency": 0.796354860743728, "cost": 0.7827839288284999, "score": 0.43528216102677997}