{"quality": 0.17805551275325474, "novelty": 0.24813325814171, "diversity": 0.6850551164988352, "efficiency": 0.8168672946014557, "cost": 0.20921973166643318, "score": 0.35406911268474595}