{"quality": 0.8348441565391898, "novelty": 0.23635050621443765, "diversity": 0.8560249366345819, "efficiency": 0.9141087054945689, "cost": 0, "score": 0.617862166666468}