{"quality": 0.6854731190201153, "novelty": 0.6566216190631486, "diversity": 0.8956871208912934, "efficiency": 0.5469271640277398, "cost": 0.19352275925463358, "score": 0.611621563328778}