{"quality": 0.5283965368492665, "novelty": 0.9263936741271688, "diversity": 0.10915650377036132, "efficiency": 0.7086700020279285, "cost": 0.7391586751479446, "score": 0.44433331313003915}