{"quality": 0.7048755171393698, "novelty": 0.2990450643658006, "diversity": 0.12033310201606703, "efficiency": 0.6357741120110236, "cost": 0.5077321078535288, "score": 0.3548834476527751}