{"quality": 0, "novelty": 0.9992166260019089, "diversity": 0.6617073377164526, "efficiency": 0.8227202792501052, "cost": 0.4238667395562149, "score": 0.46316699197566197}