{"quality": 0.016453535637383984, "novelty": 0.1625588123152511, "diversity": 0.7825316690982673, "efficiency": 0.8560898930393437, "cost": 0.7069835181556189, "score": 0.2597972297300211}