{"quality": 0.7067205344046974, "novelty": 0.16589318028440775, "diversity": 0.6183532279796325, "efficiency": 0.6241647439234539, "cost": 0.3813312743053193, "score": 0.4326516851464238}