{"quality": 0.8801076693995569, "novelty": 0.7900379976102372, "diversity": 0.7263956648917947, "efficiency": 0.8869978137311205, "cost": 0.3473073746835051, "score": 0.7051398677921029}