{"quality": 0.15166570845251381, "novelty": 0, "diversity": 0.4150620098935516, "efficiency": 0.45052620361067675, "cost": 0.4861108465085758, "score": 0.14747996040520836}