{"quality": 0.07222099283704625, "novelty": 0.16924020933835746, "diversity": 0.36626076961040893, "efficiency": 1, "cost": 0.47377687712526917, "score": 0.23985081639525807}