{"quality": 0.5931494946401122, "novelty": 0.7061567132528439, "diversity": 0.9266089839218971, "efficiency": 0.7598843478646609, "cost": 0.4164074731267537, "score": 0.6121477283566479}