{"quality": 0.8687606069606995, "novelty": 0.3171088683033643, "diversity": 0.892145137911124, "efficiency": 0.6436102554135957, "cost": 0.2101368276198373, "score": 0.5938622822963313}