{"quality": 0.454241484967852, "novelty": 0.03085514270822326, "diversity": 0.20659347536353412, "efficiency": 0.3132144764223555, "cost": 0.657804140893641, "score": 0.16650668361410742}