{"quality": 0.9271964883843209, "novelty": 0.12887744480048582, "diversity": 0.6485846404504858, "efficiency": 0.9546287624652159, "cost": 0.5712375880424412, "score": 0.5261657913710531}