{"quality": 0.1963336142674097, "novelty": 0.8523154644962654, "diversity": 0.2495376287233309, "efficiency": 0.7307157021032633, "cost": 0.10666613414382406, "score": 0.4208272180500625}