{"quality": 0.7218779365273338, "novelty": 0.5013348067001644, "diversity": 0.4603892522050754, "efficiency": 0.16688938848085583, "cost": 0.7125627291440142, "score": 0.3877520684319833}