{"quality": 0.6657966791961287, "novelty": 0.7329686020370424, "diversity": 0.7676737069826293, "efficiency": 0.6865739019319766, "cost": 0.5191156410221873, "score": 0.5875904168522028}