{"quality": 1, "novelty": 0.1858588980109625, "diversity": 0.7507250676687635, "efficiency": 0.568299485803746, "cost": 0.333993308107347, "score": 0.5484553300963205}