{"quality": 0.6738632218486705, "novelty": 0.8887238041282548, "diversity": 0.5283125428009923, "efficiency": 0.012830996762055846, "cost": 0.9004539586218077}