{"quality": 0.14662002782438316, "novelty": 0.5646262941323003, "diversity": 0.4937728355212262, "efficiency": 0.27751406852477084, "cost": 0.9058804036152014, "score": 0.23493621890183075}