{"quality": 0.839965060287745, "novelty": 0.8399904077759572, "diversity": 0.639139041376561, "efficiency": 0.6290631781499924, "cost": 0, "score": 0.6841744050281239}