{"quality": 0.6653791941874319, "novelty": 0.6219813344594387, "diversity": 0.09796951624919142, "efficiency": 0.3994980269968459, "cost": 0.7116031545887394, "score": 0.3634673837115804}