{"quality": 0.13460791866587352, "novelty": 0.8107138404102532, "diversity": 0.9616936229812434, "efficiency": 0.8748951219040806, "cost": 0.8482085371277505, "score": 0.48181297487141106}