{"quality": 0.9592603725347786, "novelty": 0.7495846540263583, "diversity": 0.7194041255369448, "efficiency": 0.4332891568248375, "cost": 0.38751665276477615}