{"quality": 0.19134308598815947, "novelty": 0.9677124198931677, "diversity": 1, "efficiency": 0.23100994133955233, "cost": 0, "score": 0.5339825219706726}