{"quality": 0.8466080385332767, "novelty": 0.5735377432496518, "diversity": 0.9387019335972426, "efficiency": 0.13883668098210286, "cost": 0.17540902906764366, "score": 0.5883918333323955}