{"quality": 0.30896394237864067, "novelty": 0.09712491993938208, "diversity": 0.43961352603654447, "efficiency": 0.8194786408709431, "cost": 0.17785811218782577, "score": 0.3100291028176055}