{"quality": 0, "novelty": 0.22086326705954937, "diversity": 0.7032581987123135, "efficiency": 0.27374478706696886, "cost": 0.11570572713090599, "score": 0.2253586018543048}