{"quality": 0.8920863738803491, "novelty": 0.20314356290835103, "diversity": 0.6543468429570463, "efficiency": 0.6312305162555354, "cost": 0.5128809605172986}