{"quality": 0.4946611068904536, "novelty": 0.5660717155560888, "diversity": 0.8115622263692146, "efficiency": 0, "cost": 0.5439870900696715, "score": 0.3978299972230341}