{"quality": 0, "novelty": 0, "diversity": 0, "efficiency": 0.9969490915178988, "cost": 0.6981216082735018, "score": 0.07973020290033463}