{"quality": 0.49573948443559396, "novelty": 0.7247025992575782, "diversity": 0.6488448350874749, "efficiency": 0.4513225967558241, "cost": 0.4208649241710851, "score": 0.4852783592588328}