{"quality": 0.26387902145477704, "novelty": 0.36918084984936766, "diversity": 0.5776709038476494, "efficiency": 0.01724546430377233, "cost": 0.9852055775141362, "score": 0.19105936156245712}