{"quality": 0.7875438390868036, "novelty": 0.6032829732612538, "diversity": 0.910298950267642, "efficiency": 0.22494718840132633, "cost": 0.32288662534709306, "score": 0.5705971008203726}