{"quality": 1, "novelty": 0.7963394487381814, "diversity": 0, "efficiency": 0.058052845488282795, "cost": 0.9513052395354775, "score": 0.41266226505424003}