{"quality": 1, "novelty": 0.1336984078229163, "diversity": 0.6561893249390398, "efficiency": 0.6085575884999632, "cost": 0.6752918752259636, "score": 0.48841691769593526}