{"quality": 0.19132493286715282, "novelty": 0.8490687982185389, "diversity": 0.706972181984485, "efficiency": 0.5264953082281852, "cost": 0.2134439241831862, "score": 0.4686890196275867}