{"quality": 0.34852833729708965, "novelty": 0.338510130622939, "diversity": 0.4069470035839923, "efficiency": 0.21657933541826352, "cost": 0.9653341751216766, "score": 0.206528917362232}