{"quality": 1, "novelty": 0.7186564573196454, "diversity": 0, "efficiency": 0.29446718153223017, "cost": 0.8016105628313254, "score": 0.44367313527661334}