{"quality": 0.8382315872014375, "novelty": 0.6967239377321202, "diversity": 0.45460786434597167, "efficiency": 1, "cost": 0.4878513695780945, "score": 0.6177868965048461}