{"quality": 0.7842428949629665, "novelty": 0.2324601690113623, "diversity": 0.7927660667501097, "efficiency": 1, "cost": 0.40879281867504275, "score": 0.5610618422242482}