{"quality": 0.9150346122139852, "novelty": 1.0, "diversity": 0.773332744839063, "efficiency": 0.1060374428736451, "cost": 0.7513225272175851}