{"quality": 0.7720721029192814, "novelty": 0.271651447825376, "diversity": 0.0, "efficiency": 1.0, "cost": 0.02724565553684946}