{"quality": 0.4692647676341325, "novelty": 0.44539346708428634, "diversity": 0.5689682549990238, "efficiency": 0.32375332082509994, "cost": 0.8738902764116931, "score": 0.3270954185437117}