{"quality": 1, "novelty": 0.9115604027184472, "diversity": 0.012916707589110177, "efficiency": 0.7696088799915721, "cost": 0.4195214076624504, "score": 0.6039626334299246}