{"quality": 0.4087978837235692, "novelty": 0.3765932929223163, "diversity": 0.48827361127601077, "efficiency": 0.03340679930698247, "cost": 0.40973935840751957, "score": 0.27847949465814736}