{"quality": 1.0, "novelty": 0.5273283999625442, "diversity": 0.16345706716886288, "efficiency": 0.7862535905335372, "cost": 0.22003264380658583}