{"quality": 0.2486990616611986, "novelty": 0.84275542179271, "diversity": 0.8704489539840639, "efficiency": 0.6319616915947001, "cost": 0.5617138096748105}