{"quality": 0.323537290338969, "novelty": 0.33602014367296024, "diversity": 0.7627813550743097, "efficiency": 0, "cost": 0.20058395285269776, "score": 0.31356409874952296}