{"quality": 0.9432018476165452, "novelty": 0.3945359122885186, "diversity": 0.6830011513213358, "efficiency": 0.25980173696707554, "cost": 0.22172867597062118, "score": 0.5349921555693595}