{"quality": 0.1874775565478434, "novelty": 0.672893579602917, "diversity": 0.4134098867238426, "efficiency": 0.6586515971701372, "cost": 0.6883631751929126, "score": 0.3371100612660801}