{"quality": 0.7132902947779207, "novelty": 0.8492861737919908, "diversity": 0.2055924671610861, "efficiency": 0.4825512831566976, "cost": 0.8977909643599933, "score": 0.45003072135109645}