{"quality": 0.2703369621410763, "novelty": 0.23680782886171003, "diversity": 0.23134326930201987, "efficiency": 0.8601835492993098, "cost": 1, "score": 0.21559923211305085}