{"quality": 0.6992396128163141, "novelty": 0.4241950664418524, "diversity": 0, "efficiency": 0.1576497094102054, "cost": 0.005890321157030032, "score": 0.33887907475118517}