{"quality": 0.05861379170114191, "novelty": 0.5721176861470632, "diversity": 0.6281986662103821, "efficiency": 0.44014936191486814, "cost": 0, "score": 0.352275696576415}