{"quality": 0.7910084720688986, "novelty": 0.9002637545856836, "diversity": 0.3951581122807861, "efficiency": 0.06590277770695627, "cost": 0.922955990887806, "score": 0.45898992029051056}