{"quality": 0.6916263033495722, "novelty": 0.44172907515495424, "diversity": 0.11492160021344111, "efficiency": 0.794514334231905, "cost": 0.3572617750019241, "score": 0.4243554524708918}