{"quality": 0.4115739530691335, "novelty": 0.8506949202364062, "diversity": 0.974566361104737, "efficiency": 0.3319597673776852, "cost": 0.7849114790295915, "score": 0.5023620054044826}