{"quality": 0.759613226357115, "novelty": 0.08506167015269211, "diversity": 0.6366629130705652, "efficiency": 0.35956205596896385, "cost": 0.5851879703118477, "score": 0.37189747942358037}