{"quality": 0.348872255213227, "novelty": 0.8209479175006051, "diversity": 1, "efficiency": 0.298098446236917, "cost": 0.8582466825962862, "score": 0.46878875461502834}