{"quality": 0.4039885296201236, "novelty": 0.8231512875058882, "diversity": 0.3353835360778462, "efficiency": 0.6089001374149927, "cost": 0.5703130395363436, "score": 0.4283648046366929}