{"quality": 0.5143575071081299, "novelty": 0.8185179659036703, "diversity": 0.7955544401362082, "efficiency": 0.20790216594583555, "cost": 0.7031249336649066, "score": 0.47892046316098286}