{"quality": 0.7549444046565524, "novelty": 0.5918245368438004, "diversity": 0.3562751888329964, "efficiency": 0.06343328540275485, "cost": 0.6513025644885404, "score": 0.3900792297360743}