{"quality": 0.12486600471531717, "novelty": 0.359189835252377, "diversity": 0.1622063810245635, "efficiency": 0.5120186208793194, "cost": 0.4088913722711095, "score": 0.19561219233738908}