{"quality": 0.7426084339642115, "novelty": 0.8221222473212315, "diversity": 1, "efficiency": 0.42898103853255093, "cost": 0.5966048998164928, "score": 0.6329997578178047}