{"quality": 0.38923854093175436, "novelty": 0.059308381672281696, "diversity": 0.28716435711161004, "efficiency": 0.36738111835287546, "cost": 0.9310208236738884, "score": 0.1510366145054612}