{"quality": 0, "novelty": 0.6384513509577074, "diversity": 0.2504531329508389, "efficiency": 0, "cost": 0.7948550364852542, "score": 0.13021796068106922}