{"quality": 0.6492376947340919, "novelty": 0.9926571301319427, "diversity": 0.7086500379981653, "efficiency": 0.7733977076033337, "cost": 0.3396680684162883, "score": 0.6667084478517176}