{"quality": 0.3086410169114008, "novelty": 0.7015116904818768, "diversity": 0.8078324225573832, "efficiency": 0.23526995724760505, "cost": 0.17516225911173638, "score": 0.4473109798813332}