{"quality": 0.4650431695927685, "novelty": 0.3891719506000379, "diversity": 0.36656634639935015, "efficiency": 0.8114887490272914, "cost": 0.703506113703517, "score": 0.361491908791452}