{"quality": 0.6477593726429137, "novelty": 0.7332160205141732, "diversity": 0.379141261915293, "efficiency": 0.9461527383676726, "cost": 0.8411003904952429}