{"quality": 0.4115605024240926, "novelty": 0.7624925273126798, "diversity": 0.1887348108675627, "efficiency": 0.880956510096444, "cost": 0.37269693909833146, "score": 0.44671202733354376}