{"quality": 0.16490976250336636, "novelty": 0.1499725011039172, "diversity": 1, "efficiency": 0.3389406379927822, "cost": 0.7132997482878731, "score": 0.2664771748971192}