{"quality": 0.9334773406984633, "novelty": 0.3760456409576345, "diversity": 0.041191928337352246, "efficiency": 0.9371995987701662, "cost": 0.41324193205446635, "score": 0.48154874472649634}