{"quality": 0.3638308036246991, "novelty": 0.48093322088215384, "diversity": 0.4976005459519249, "efficiency": 0.8543704948343323, "cost": 0.9364760131219136, "score": 0.3634106284112917}