{"quality": 0.0141100559607501, "novelty": 0.6721450414190446, "diversity": 0.43626263082186584, "efficiency": 0.0884726075701462, "cost": 0.9802464825159802, "score": 0.17476804619128328}