{"quality": 0.28955590136573006, "novelty": 0.10783216949617846, "diversity": 0.48936308266705314, "efficiency": 0.08030680870108106, "cost": 0.573124006648614, "score": 0.16643104995747504}