{"quality": 0.46175730673469045, "novelty": 0.3196406609577613, "diversity": 0.47138326829269045, "efficiency": 0.6200606480728721, "cost": 0.3240731903156608, "score": 0.3733157890977503}