{"quality": 0.5503875499110198, "novelty": 0.6127851018474846, "diversity": 0.35727566092786944, "efficiency": 0.08023422961582022, "cost": 0.5000591395130365, "score": 0.35179689311182033}