{"quality": 0.3371879736096212, "novelty": 0.2602710274424101, "diversity": 0.28197518236839286, "efficiency": 1, "cost": 0, "score": 0.37261918541716743}