{"quality": 1, "novelty": 0.13977108975093158, "diversity": 0.7008890899530307, "efficiency": 0.3697723255068188, "cost": 0.37295742091742046, "score": 0.49329069716261986}