{"quality": 0.40768084841447155, "novelty": 0.5518711854615375, "diversity": 0.35380476192909427, "efficiency": 0.5324985369127215, "cost": 0.5823495439836583, "score": 0.35267282941408706}