{"quality": 0.3288350968335328, "novelty": 0.028587797560427522, "diversity": 0.8828006065207272, "efficiency": 0.773438481700443, "cost": 0.854520081366612, "score": 0.3129213638627174}