{"quality": 0.0022823062484358947, "novelty": 0.5498171229515525, "diversity": 0.2625443121565558, "efficiency": 0.8065803789983437, "cost": 0.5338046589157899, "score": 0.2582544260019026}