{"quality": 0.0659461608486468, "novelty": 0.8682059548350227, "diversity": 1, "efficiency": 0.08573184982406276, "cost": 1, "score": 0.3496951144369591}