{"quality": 0.83287022235317, "novelty": 0.20782887517799792, "diversity": 0.6808726599050378, "efficiency": 0.2478513380654615, "cost": 0.2202236221729622, "score": 0.45314815597398106}