{"quality": 1, "novelty": 0.16070969709805574, "diversity": 0, "efficiency": 0.41449173176483606, "cost": 0.5478533964423891, "score": 0.3475658443950004}