{"quality": 0.21430654125299384, "novelty": 0.6947009643574703, "diversity": 0.857790795051746, "efficiency": 0.24597452662456554, "cost": 0.23891019566078597, "score": 0.4225305219032212}