{"quality": 0.5467852161986242, "novelty": 0.5787966082179805, "diversity": 0.8373776843552962, "efficiency": 0.40186253816997186, "cost": 0.32876143417092013, "score": 0.5036134910935455}