{"quality": 0.9651257341973751, "novelty": 0.24343882889912916, "diversity": 0.0422436264585444, "efficiency": 0.40921631421195737, "cost": 0.13273520970718766, "score": 0.4069550789367785}