{"quality": 0.1158147135515214, "novelty": 0.8708946900084495, "diversity": 0, "efficiency": 0.11070315072339282, "cost": 0.8227638077949058, "score": 0.18679717839658716}