{"quality": 0.9418813059024556, "novelty": 0.02790011089592681, "diversity": 0.5114637066705292, "efficiency": 0.20566291671215195, "cost": 0.7699193869054588, "score": 0.3456896596451011}