{"quality": 0.5694334294720864, "novelty": 0.20293460829462, "diversity": 0.4054261258121311, "efficiency": 0.10668313963035818, "cost": 0.4896885714374107, "score": 0.2696825198785198}