{"quality": 1, "novelty": 0.11079759705947323, "diversity": 0.333038578715185, "efficiency": 0.7256506439658867, "cost": 0.4811587574862115, "score": 0.4550388358541671}