{"quality": 0.4455578667491912, "novelty": 0, "diversity": 0.5336649627392456, "efficiency": 0.8157946007259828, "cost": 0.6979325420000346, "score": 0.29297628848150037}