{"quality": 0.43250706099612785, "novelty": 0.5932344066853678, "diversity": 1, "efficiency": 0.9439618236961114, "cost": 0.06949311961545704, "score": 0.6127056815630513}