{"quality": 0.15110941153123905, "novelty": 0.6002610918180747, "diversity": 0, "efficiency": 1, "cost": 0.7691864747481536, "score": 0.26847944893907505}