{"quality": 0.29528973386783147, "novelty": 0.31438785473937486, "diversity": 0.7321354929684283, "efficiency": 0.5369907834141714, "cost": 0.5464305299159286, "score": 0.3395165469594117}