{"quality": 0.1316619566829454, "novelty": 0.4148084649153287, "diversity": 0.5777487393297505, "efficiency": 0.6315729662869365, "cost": 0.6213254149417891, "score": 0.29135385454852747}