{"quality": 0.6440186022237009, "novelty": 0, "diversity": 0.745998825966238, "efficiency": 1, "cost": 0.606450731579937, "score": 0.43176027270236417}