{"quality": 0.48166455948689746, "novelty": 0.4322819260378497, "diversity": 0.33266441892684745, "efficiency": 0, "cost": 0.6451571721112036, "score": 0.2545870159297808}