{"quality": 0.515527893063007, "novelty": 0.4714411827647719, "diversity": 0.7710856915263388, "efficiency": 0.8439127950619478, "cost": 0.23529884570417853, "score": 0.5297928366042371}