{"quality": 0.891601419919052, "novelty": 0.3356050763319628, "diversity": 1, "efficiency": 0, "cost": 0.4703509258351334, "score": 0.5043466024751929}