{"quality": 0.09464238056525517, "novelty": 0.5121592279326392, "diversity": 0.22103227969683442, "efficiency": 0.19783699137259803, "cost": 0.3888347154160721, "score": 0.19143105425638576}