{"quality": 0.5965500575810541, "novelty": 0.3235570733977569, "diversity": 0.7325524213122594, "efficiency": 0.828201327066318, "cost": 0.4113740010678169, "score": 0.4894575688393734}