{"quality": 0.20529965619181323, "novelty": 0.3590384268063907, "diversity": 0.41250564981778115, "efficiency": 0.35785667507607916, "cost": 0.47282379906712185, "score": 0.24024675487739755}