{"quality": 0.2267043806476897, "novelty": 0.9033217610706981, "diversity": 0.6883537555040968, "efficiency": 1, "cost": 0.24540371934373284, "score": 0.5569721336284275}