{"quality": 0.8316151505356997, "novelty": 0.1911031940850712, "diversity": 0, "efficiency": 0.38445802165617265, "cost": 0.3558519503109416, "score": 0.3193438518993094}