{"quality": 0.4146136556446175, "novelty": 0.5128604658293598, "diversity": 0.17321653221831623, "efficiency": 1, "cost": 0.8360522586562962, "score": 0.3536372937287588}