{"quality": 0.5828190561012987, "novelty": 0, "diversity": 0.28760533542908334, "efficiency": 0.9961937427902112, "cost": 0.4608204299100421, "score": 0.33571380234373377}