{"quality": 0.933546796918589, "novelty": 0.8266835175219477, "diversity": 0.005830395872957084, "efficiency": 0.8839223059289434, "cost": 1.0}