{"quality": 0, "novelty": 0.7922483435501501, "diversity": 0.5619200904218297, "efficiency": 0.6108366818823308, "cost": 0.007404885649132775, "score": 0.40133111768933977}