{"quality": 0.865286972903988, "novelty": 0.9744990810259488, "diversity": 0.12830588868681508, "efficiency": 0.9781425163155133, "cost": 0.3425615833208312, "score": 0.6413372589802906}