{"quality": 0.5979527532963345, "novelty": 1, "diversity": 0.22056675851817614, "efficiency": 0.2936079030000149, "cost": 0, "score": 0.5175403631425377}