{"quality": 0.9372019832041703, "novelty": 0.20756433893451992, "diversity": 0.98245251542741, "efficiency": 0.48218662480829366, "cost": 0.40693945836776146, "score": 0.5611762306648309}