{"quality": 0.92954134078969, "novelty": 0.9490519898229788, "diversity": 1, "efficiency": 0.812398520069902, "cost": 0.4109054744524018, "score": 0.7968946302578969}