{"quality": 0.5150629049017574, "novelty": 1, "diversity": 0.22706441005591577, "efficiency": 0.8748466460284321, "cost": 0.5436358589750672, "score": 0.5267951644884685}