{"quality": 0, "novelty": 0.13804787763461673, "diversity": 0.9472833155581595, "efficiency": 0.7762182510091944, "cost": 0.16107282298533732, "score": 0.3242940878731315}