{"quality": 1, "novelty": 1, "diversity": 0.48531380395816204, "efficiency": 0.48031529258602, "cost": 0.20138559721852364, "score": 0.6989714949576831}