{"quality": 0.17071055674547606, "novelty": 0.3094275403224826, "diversity": 1, "efficiency": 0.3223612875773029, "cost": 0.21668264245617636, "score": 0.3552559809952413}