{"quality": 0.6281739443185412, "novelty": 0.9270954680093358, "diversity": 0.5029647993164856, "efficiency": 0.09217288374414735, "cost": 0.3323682614647525, "score": 0.5014081165763403}