{"quality": 0.8651984115008216, "novelty": 0.5561153661113583, "diversity": 0.29868944303996386, "efficiency": 0, "cost": 0.7502400826469691, "score": 0.3833022453213819}