{"quality": 0.36585351446945535, "novelty": 0.2635926979386053, "diversity": 0.45373100832744157, "efficiency": 0.3580843254939631, "cost": 0.4302965263222712, "score": 0.2770834266828436}