{"quality": 0.019295675397089818, "novelty": 0.6608688724442775, "diversity": 0.2896710249875244, "efficiency": 0.9156293665950853, "cost": 0.29080006415075366, "score": 0.33720452430188863}