{"quality": 0, "novelty": 0.8598887427449959, "diversity": 0.19469303438089658, "efficiency": 1, "cost": 0.6777901961588605, "score": 0.3361317729465423}