{"quality": 0.583813386852368, "novelty": 0.16299906932490363, "diversity": 0.1631181757650802, "efficiency": 0.07442170329318298, "cost": 0.9253907704155768, "score": 0.16714159699237213}