{"quality": 0.29220714717305774, "novelty": 0.4128665845951341, "diversity": 0.36466577276758616, "efficiency": 0.7361348128567083, "cost": 0.40228451089693207, "score": 0.33400371569303117}