{"quality": 0.3016036306314539, "novelty": 0.8929275889102826, "diversity": 0.7538752030098703, "efficiency": 0.2547090854280549, "cost": 0.18677955049483286}