{"quality": 0.38592132361578607, "novelty": 0.8656586840295861, "diversity": 0.8087920933090612, "efficiency": 0.3019160131457233, "cost": 0.7794583898150554, "score": 0.4612910497442976}