{"quality": 0.6060894377703536, "novelty": 0.15488013292254235, "diversity": 0.5224042370505924, "efficiency": 0.6099360862967574, "cost": 0.4430696285416056, "score": 0.37221116206221316}