{"quality": 0.7795194170768536, "novelty": 0, "diversity": 0.5120902856853856, "efficiency": 0.8309500136233242, "cost": 0.3879808544421273, "score": 0.4221182988594191}