{"quality": 0, "novelty": 0.9044465252595755, "diversity": 1, "efficiency": 0.21181492799933652, "cost": 0.5987665340827069, "score": 0.39800721710652365}