{"quality": 0.9690881431920546, "novelty": 0.789682396546419, "diversity": 0.5219873141565203, "efficiency": 0.9309296614061664, "cost": 0.8906786097451243, "score": 0.6431160931619376}