{"quality": 0.40818522169507565, "novelty": 1, "diversity": 0.2467929903837915, "efficiency": 0.7772893085196884, "cost": 0.5690055690587588, "score": 0.4815070039573584}