{"quality": 0, "novelty": 0.6602381783089815, "diversity": 0.6624202129482772, "efficiency": 0.235385003353045, "cost": 0.7319990959957698, "score": 0.2596514280702806}