{"quality": 0.09733172489743246, "novelty": 0.7438464451323493, "diversity": 0.86962184787437, "efficiency": 0.8862122518503956, "cost": 0.05458991639338677}