{"quality": 0.40498195898097716, "novelty": 0.30395819318059075, "diversity": 0.8277180963774335, "efficiency": 0, "cost": 0.14183950960064964, "score": 0.34884380430486256}