{"quality": 0.8909231144754786, "novelty": 0.787442247688192, "diversity": 0.8122914264258241, "efficiency": 0.3436331208548742, "cost": 0.0539849602778302}