{"quality": 0.7670613772707995, "novelty": 0.6885871384288671, "diversity": 0.028409718267568607, "efficiency": 0.39758935437836607, "cost": 0.21118373180403138, "score": 0.44646717141832204}