{"quality": 0.8807040078326037, "novelty": 0.0809968568788752, "diversity": 0.7652345892590244, "efficiency": 0.36311303465047884, "cost": 0.04541707016091745}