{"quality": 0.0024381296632137173, "novelty": 0.9815971422928287, "diversity": 1, "efficiency": 0.24466795708298011, "cost": 0.4371249188964827, "score": 0.43911842614497004}