{"quality": 0.7770334701974332, "novelty": 0.8355829821966849, "diversity": 0.8126969899502904, "efficiency": 0.22578999810431938, "cost": 0.44276023840646156}