{"quality": 0.7418262020482447, "novelty": 0.9949053385445666, "diversity": 1, "efficiency": 0.4812777580030722, "cost": 0.7264443733828255, "score": 0.6708214216127935}