{"quality": 0.13795087757836355, "novelty": 0.8615574650617516, "diversity": 0.5687003520384872, "efficiency": 0.5621015834724286, "cost": 0.5421756902427586, "score": 0.40061236844323284}