{"quality": 0.49403173583377674, "novelty": 0.5519902945874454, "diversity": 0.4210174695202461, "efficiency": 0.03908909464139371, "cost": 0.6036550621954433, "score": 0.3159084462777083}