{"quality": 0.7114784608544577, "novelty": 0.06322359010462347, "diversity": 0.5140775382244828, "efficiency": 0.5269457377969924, "cost": 0.28843831599592346, "score": 0.3822629724973462}