{"quality": 0.10275748625530773, "novelty": 0, "diversity": 0.2789057100356818, "efficiency": 0.8339997825063072, "cost": 0.8138127708158913, "score": 0.13032707817808564}