{"quality": 0.5602735468375912, "novelty": 0.5185702856177536, "diversity": 0.9590262592207643, "efficiency": 0.25636871728170224, "cost": 0.49976552651579614}