{"quality": 0.7272203392021703, "novelty": 0.23365309244424123, "diversity": 0.709871697319156, "efficiency": 0.6230324882867736, "cost": 0.7853147822616264, "score": 0.433477109352396}