{"quality": 0, "novelty": 0.35635012137508326, "diversity": 0.6181354070810026, "efficiency": 0.7525752483909817, "cost": 0.628032110009484, "score": 0.2627976880176701}