{"quality": 0.7796482745121807, "novelty": 0.7672412330887617, "diversity": 0.79522888859847, "efficiency": 0.41788736336458315, "cost": 0.7687665963305144, "score": 0.5705570132171747}