{"quality": 0.9316178539832356, "novelty": 0.8132085853555289, "diversity": 0.18681594944269764, "efficiency": 0, "cost": 0.9456267280836737, "score": 0.42558801961402504}