{"quality": 0.20024080851971082, "novelty": 0.13789544979882207, "diversity": 0.48847108819381496, "efficiency": 0.5608006969396341, "cost": 0.6149787828749589, "score": 0.214862548897831}