{"quality": 0.10233097544790337, "novelty": 0.5721885199228628, "diversity": 0.13709704102673254, "efficiency": 0.4935265098371524, "cost": 0.6744264545282762, "score": 0.20775216184317846}