{"quality": 0.6951128336914718, "novelty": 0.4802571341404312, "diversity": 0, "efficiency": 0.5950639746356524, "cost": 0.5622825134345042, "score": 0.36162947849444677}