{"quality": 0.48878926848964654, "novelty": 0.20978939868067964, "diversity": 0.9061928152557543, "efficiency": 0.08021821585054673, "cost": 0.27998034494814944, "score": 0.36435739115098187}