{"quality": 0.474642802083836, "novelty": 0.8246451829768535, "diversity": 0.8558869732952207, "efficiency": 0.1293916894670225, "cost": 0.49532377869112426, "score": 0.4896079065793492}