{"quality": 0.3010416931316124, "novelty": 0.9981127888360704, "diversity": 0.9676180881943313, "efficiency": 0.42253572662112804, "cost": 0.8245843193576678}