{"quality": 0.8300251031100454, "novelty": 0.5831647429446262, "diversity": 0.7090785318843011, "efficiency": 0.7553830042749915, "cost": 0.53664693544287, "score": 0.596257180142992}