{"quality": 0.20152108208358058, "novelty": 0.4742007402379814, "diversity": 0.8915329021835833, "efficiency": 0.5348340041047639, "cost": 0.34854233057822975, "score": 0.4026839576791778}