{"quality": 0.8794380510880857, "novelty": 0.8866486598386158, "diversity": 0.6219142717678411, "efficiency": 0.3908703377819811, "cost": 0.4633088038711469, "score": 0.6221761049198304}