{"quality": 1, "novelty": 0.7886315355289271, "diversity": 0.3359545928706957, "efficiency": 0, "cost": 0.3627859085382398, "score": 0.5280702116025469}