{"quality": 1, "novelty": 0.8849081315696511, "diversity": 0.4965659405322817, "efficiency": 1, "cost": 0.5277421610069181, "score": 0.7177660048981773}