{"quality": 0, "novelty": 0.655511081931732, "diversity": 1, "efficiency": 0.48564416877779115, "cost": 0.14227760361834027, "score": 0.42249663543776766}