{"quality": 0.8593635975027372, "novelty": 0.04264713194334907, "diversity": 0.8159669723317243, "efficiency": 0.33561285616578634, "cost": 0.5784836708232645, "score": 0.42415781804554475}