{"quality": 0.4425490422952612, "novelty": 0.5806787925998914, "diversity": 0.5884240690667539, "efficiency": 0.21644898854058278, "cost": 0.8917780312338557, "score": 0.3389087698096038}