{"quality": 0.5321995597289129, "novelty": 0.3388735249750231, "diversity": 0.3769445508668232, "efficiency": 0.9988540571755307, "cost": 0.5455895112906446, "score": 0.41503631678305936}