{"quality": 0.2479613716363822, "novelty": 0.18555219329132974, "diversity": 0.5837818144682051, "efficiency": 0.24343865420252303, "cost": 0.7640454057571783, "score": 0.19764408026204877}