{"quality": 0.49824505070868924, "novelty": 1, "diversity": 0, "efficiency": 0.5533500619228157, "cost": 0.36446717164528747, "score": 0.44602930733650037}