{"quality": 0.794346837177887, "novelty": 0.20219042326272058, "diversity": 0.22137862692064614, "efficiency": 1, "cost": 0.36180124759397336, "score": 0.44694725759377807}