{"quality": 0.40612781792663544, "novelty": 0.3280954542219403, "diversity": 0.6884561766355802, "efficiency": 0.28926290223067125, "cost": 0.7346839524770419, "score": 0.31147448434748826}