{"quality": 0.9235714901589785, "novelty": 0.7332301349701431, "diversity": 0.7045449922304061, "efficiency": 0.9121203725406666, "cost": 0.99892397955642, "score": 0.6382136371617686}