{"quality": 0.09003798835172239, "novelty": 0.3829818506576054, "diversity": 0.5233258120713531, "efficiency": 0.26441558139423565, "cost": 0.380373739001998, "score": 0.22904698489312425}