{"quality": 1.0, "novelty": 0.6873984522900839, "diversity": 0.7009599710369776, "efficiency": 0.38999577412152614, "cost": 0.1698732951115406}