{"quality": 0.7628547161574382, "novelty": 0.3975090746512679, "diversity": 1, "efficiency": 0.2862070583166897, "cost": 0.8584328202471896, "score": 0.4853214602328329}