{"quality": 0.5836702501306363, "novelty": 0.19592843388487213, "diversity": 0.7792752574756311, "efficiency": 0.31794003864206843, "cost": 0.05013006918154242, "score": 0.42261623388369113}