{"quality": 0.837604178741789, "novelty": 0.47393427923707865, "diversity": 0.6744291863962506, "efficiency": 0.6157192734020651, "cost": 0.07953232131739338, "score": 0.589055319589627}