{"quality": 0.5550375014048812, "novelty": 0.7699459197225531, "diversity": 0.8730621343550931, "efficiency": 0.25758380062756503, "cost": 0.28458422838625896, "score": 0.54378930447863}