{"quality": 0.21999403573128384, "novelty": 0.594306133738983, "diversity": 0.6391466476649059, "efficiency": 0.4660008969451016, "cost": 0.406560440828165, "score": 0.37164816414606083}