{"quality": 0.6272668255240914, "novelty": 0.9328844865085695, "diversity": 0.193042037612479, "efficiency": 0.5840650778528688, "cost": 0.0340874859218927, "score": 0.5442105898926066}