{"quality": 0.37923893881558773, "novelty": 0.3201635087476845, "diversity": 0.16419274003655274, "efficiency": 0.2600878679057448, "cost": 0.5250232496410594, "score": 0.21316196206066373}