{"quality": 0.47582673987089036, "novelty": 0.8288088179671357, "diversity": 0.6551373257071818, "efficiency": 0.030052318343853107, "cost": 0.6740101637289827, "score": 0.418084522973167}