{"quality": 0.003446687391279901, "novelty": 0.2362838909804516, "diversity": 0.7249816236700523, "efficiency": 0.0884032031888077, "cost": 0.8610539470047599, "score": 0.13225638947435248}