{"quality": 0.8915007613589985, "novelty": 0.5166279558901118, "diversity": 0.4121275885527031, "efficiency": 0.39577509699383207, "cost": 0.4834986590534131, "score": 0.49004913373450165}