{"quality": 0.33200828322814774, "novelty": 0.8688168314836573, "diversity": 0.16062586935005393, "efficiency": 0.04615119140310994, "cost": 0, "score": 0.3558545454198359}