{"quality": 0.4742796471147684, "novelty": 0.6857357910119277, "diversity": 0.1178748795575293, "efficiency": 0.8491506375459021, "cost": 0.2997352975602457, "score": 0.4346918836747791}