{"quality": 0.44315653343491423, "novelty": 0.3818697837793668, "diversity": 0.5098322332546985, "efficiency": 0.6072631403097688, "cost": 0.2817394572013101, "score": 0.39329637795259004}