{"quality": 0.37023973143146294, "novelty": 0.28581985795760123, "diversity": 0.9368525592057764, "efficiency": 0.599894040449922, "cost": 0.23400402474938803, "score": 0.436481099352544}