{"quality": 0.811698531654383, "novelty": 0.19031270913454149, "diversity": 1, "efficiency": 1, "cost": 0.8752924892719303, "score": 0.5535584878527572}