{"quality": 0.2667662956137917, "novelty": 0.42253815721462695, "diversity": 0.2193858585915902, "efficiency": 0.903395503200977, "cost": 0.6173468713414664, "score": 0.30331623805211216}