{"quality": 0.3034794058296234, "novelty": 0.3895568252782253, "diversity": 0.10407574387878804, "efficiency": 0.41895863103517883, "cost": 0.6421633965647593, "score": 0.20787563184300184}