{"quality": 0.6667689575816085, "novelty": 1, "diversity": 0.5368116158947263, "efficiency": 0.20559835552585107, "cost": 0.9418990082926748, "score": 0.494042862953038}