{"quality": 0.7937337285319505, "novelty": 0.27631270741490865, "diversity": 0.6462551307652893, "efficiency": 0.5266290213099536, "cost": 0.142812738754306}