{"quality": 0.4829015001482241, "novelty": 0.473536224009861, "diversity": 0.8242885338354685, "efficiency": 1, "cost": 0.017168229904511778, "score": 0.576395389823575}