{"quality": 0.4885071881036753, "novelty": 1, "diversity": 0.625487756441768, "efficiency": 0.8642027321679706, "cost": 0.6708692014396521, "score": 0.5841931974006865}