{"quality": 0.2025176317749883, "novelty": 0.32173322839012664, "diversity": 0.479788925675936, "efficiency": 0.2296562444256492, "cost": 0.28863038803410723, "score": 0.242731779625652}