{"quality": 0.7140128849118794, "novelty": 0.7638884464110142, "diversity": 1, "efficiency": 0.725823028249795, "cost": 0.6367405652699152, "score": 0.6503753747867952}