{"quality": 0.1986521852618522, "novelty": 0.8365546907083086, "diversity": 0.41829966658911344, "efficiency": 0.7056896698904851, "cost": 0.12665896210034774, "score": 0.44558181584699347}