{"quality": 0.4057606567917159, "novelty": 0.3212279360728469, "diversity": 0.27006662771816353, "efficiency": 0.7491073663497856, "cost": 0.36964066879201896, "score": 0.33145054467262514}