{"quality": 0.2426502553581008, "novelty": 0.15209734081859178, "diversity": 0.32730582577144895, "efficiency": 0.1623356645793052, "cost": 1, "score": 0.10063092665326376}