{"quality": 0.24023647103246012, "novelty": 0.5322686907532433, "diversity": 0.8738061972383354, "efficiency": 0.306147538028846, "cost": 0.39010516014818697, "score": 0.38681096813522414}