{"quality": 0, "novelty": 1, "diversity": 1, "efficiency": 0.2867152125406377, "cost": 0.6807054542868519, "score": 0.4249367364524105}