{"quality": 0.8125687246495806, "novelty": 0.44624124920232944, "diversity": 0.8443592733610212, "efficiency": 0.5937766010026579, "cost": 0.6549921634926249, "score": 0.547770058168797}