{"quality": 0.27828025885610264, "novelty": 0.8591645830557195, "diversity": 0.09036474879954996, "efficiency": 0.2597941752479809, "cost": 0.6666597570763775, "score": 0.28865132376023}