{"quality": 0.6871441528110215, "novelty": 0.48637964835935144, "diversity": 0, "efficiency": 0.12003670260693228, "cost": 0.3144341425333033, "score": 0.31430024907085385}