{"quality": 0.06896951428047526, "novelty": 0, "diversity": 0.37461857381177277, "efficiency": 0.25995568350209564, "cost": 0.14032101630054844, "score": 0.12057581994175663}