{"quality": 0.6965218341593962, "novelty": 0.029860386498267277, "diversity": 0.34184055226675525, "efficiency": 0.3430209176793337, "cost": 0.24094342875209734, "score": 0.31214855210242703}