{"quality": 0.1824293134263057, "novelty": 0.03380847677860134, "diversity": 0.301980564855837, "efficiency": 0.029107130992607172, "cost": 0.8522875823493836, "score": 0.04271433760766216}