{"quality": 0.8432074753022909, "novelty": 0.45556313562794465, "diversity": 0.7284971098255959, "efficiency": 0.8076425785504567, "cost": 0.6891565885716626, "score": 0.5647831763881949}