{"quality": 1, "novelty": 0.5457019789755951, "diversity": 0.8789857664393987, "efficiency": 0.14846835231906713, "cost": 0.5136148056846694, "score": 0.5831314203111717}