{"quality": 0.37894619721291356, "novelty": 0.3774636888102491, "diversity": 0.47026918083502256, "efficiency": 0.6436787528965676, "cost": 0.6175385915870146, "score": 0.3369015713092245}