{"quality": 0.34125478500839823, "novelty": 0, "diversity": 0.7698974788671551, "efficiency": 0.17470217076979172, "cost": 1, "score": 0.18256125689141925}