{"quality": 0.3404208830468779, "novelty": 0.5202269941474238, "diversity": 0.4008639535446812, "efficiency": 0.8730749666042907, "cost": 0.27816947770390854, "score": 0.4155001013801083}