{"quality": 0, "novelty": 1, "diversity": 0.2599191463218182, "efficiency": 0.2908405661224497, "cost": 0, "score": 0.34560991418273107}