{"quality": 0, "novelty": 0.24923393539393968, "diversity": 0.11748921112067096, "efficiency": 0.26656647599242833, "cost": 0.6458701890502829, "score": 0.06120427856645505}