{"quality": 0.950366599213704, "novelty": 0.5394551565078392, "diversity": 0.07790856451037576, "efficiency": 0.377638756196361, "cost": 0.8949216924972438, "score": 0.4027091259728759}