{"quality": 1, "novelty": 0.7537323510535019, "diversity": 0.5430075018457611, "efficiency": 0.384509873664468, "cost": 0.03007697815902538, "score": 0.6517033713662953}