{"quality": 0.8924026126634665, "novelty": 0.5898727538161121, "diversity": 0.309789295358028, "efficiency": 0.5982119153825001, "cost": 0.626949919141002, "score": 0.5041836267179484}