{"quality": 1, "novelty": 0.19809828185874767, "diversity": 0.4887292473259351, "efficiency": 0.31362219128259383, "cost": 0.007610756713604311, "score": 0.4935526729509026}