{"quality": 1, "novelty": 0.9942523008304807, "diversity": 0.7583033266775097, "efficiency": 0.638432920455106, "cost": 0.5172608324865616, "score": 0.7442625953627319}