{"quality": 0.26596429775246566, "novelty": 0.7449741038463302, "diversity": 0.3220168767878972, "efficiency": 1, "cost": 0.34652480313512346, "score": 0.44578371033138936}