{"quality": 0.7167453444308993, "novelty": 0.12144572650456031, "diversity": 0.528422749825049, "efficiency": 0.24277752496414134, "cost": 0, "score": 0.3874862136650409}