{"quality": 0.9062972284021185, "novelty": 0.4818637036202724, "diversity": 0.2887324400735047, "efficiency": 0.6181404375753626, "cost": 0.6080687195926212, "score": 0.48201577611744684}