{"quality": 0.7120047674902381, "novelty": 0.5278101512359845, "diversity": 0.5264275726164422, "efficiency": 0.932409461244257, "cost": 0.5109608319336989, "score": 0.5396048185726247}