{"quality": 0.7693312659368123, "novelty": 0.7315530196563191, "diversity": 0.30851197546537557, "efficiency": 0.41242149159861663, "cost": 0.35872705355058887, "score": 0.5013805481729322}