{"quality": 0.1193815847202569, "novelty": 0.3812705779772, "diversity": 0.7713542366567792, "efficiency": 0.7321838197765743, "cost": 1, "score": 0.29523054020821904}