{"quality": 0.8240156200726863, "novelty": 0.8998939400982338, "diversity": 0.8651871497353745, "efficiency": 0.5826728820748046, "cost": 0.2833387663080617, "score": 0.7042826566738537}