{"quality": 0.7377175250022336, "novelty": 0.4229433374559125, "diversity": 0.7656904225068926, "efficiency": 0.3820377291985066, "cost": 0.32941465212683163, "score": 0.5045533705331195}