{"quality": 0.5105724239713836, "novelty": 0.396033525659315, "diversity": 0.32429690152726004, "efficiency": 0.4983934690070718, "cost": 0.5117792428987784, "score": 0.3406205849728788}