{"quality": 0.5461670402499821, "novelty": 0.45909797992027096, "diversity": 0.30045548174329156, "efficiency": 0.3310059923527344, "cost": 0.3426260104318386, "score": 0.35410400121344704}