{"quality": 0.791363091639115, "novelty": 0.012861756659207635, "diversity": 0.9057734292912925, "efficiency": 0.08465092665130822, "cost": 0.567887966854389, "score": 0.3776878948270522}