{"quality": 0.7819265563096037, "novelty": 0.0520107697690321, "diversity": 0.3969394203394394, "efficiency": 0.6439396127063216, "cost": 0.6871352543444134, "score": 0.35484595987453393}