{"quality": 0.7206514964398434, "novelty": 0.9490144782380239, "diversity": 0.5046366287018015, "efficiency": 0.07582748415641241, "cost": 0.49346556230538074}