{"quality": 0.8952413897110831, "novelty": 0.9830136344335594, "diversity": 0.6038233937598914, "efficiency": 0.09869722090164304, "cost": 0.6074442125716937, "score": 0.5891506661517701}