{"quality": 0.2765882767294859, "novelty": 0.9096348368038633, "diversity": 0.5316501605954398, "efficiency": 0.4729459321318083, "cost": 1, "score": 0.38765711415867077}