{"quality": 0, "novelty": 0.18105186018779873, "diversity": 0.6866734212548246, "efficiency": 0.31929785822296525, "cost": 0.9322759272685983, "score": 0.13726473530449956}