{"quality": 0.41846046381621976, "novelty": 0.7831019255004095, "diversity": 0.41740957230277304, "efficiency": 0.9843991523819013, "cost": 0.8678049582586527, "score": 0.46567491201194283}