{"quality": 0.6397306364359289, "novelty": 0.46607874271616856, "diversity": 0.7960119904610332, "efficiency": 0.6320040866937849, "cost": 0.6425303872029536, "score": 0.4981888489857999}