{"quality": 0.9656332748623475, "novelty": 0.8420526403127327, "diversity": 0.7062715342952, "efficiency": 0.3729956886173158, "cost": 0.07610238718346707, "score": 0.6897965639701782}