{"quality": 0.48654504786761416, "novelty": 0.3077310656946235, "diversity": 0.9249035520578005, "efficiency": 0.18495319082905554, "cost": 0.59695194159347, "score": 0.3759247756605116}