{"quality": 0, "novelty": 0.7517942586621476, "diversity": 0.39311635277896917, "efficiency": 0.2672393198323581, "cost": 0.4218807374041872, "score": 0.2644696594557657}