{"quality": 0.8138963631271892, "novelty": 0.5476362076062319, "diversity": 0.8465312491658129, "efficiency": 0.4461337023028297, "cost": 0.2906918179457428}