{"quality": 1, "novelty": 0.63452923326964, "diversity": 0.36676193216595676, "efficiency": 0.827501283869845, "cost": 0, "score": 0.656109887331078}