{"quality": 0.9065187694773706, "novelty": 0.3995878348547422, "diversity": 0.3555551791145022, "efficiency": 0.1587220419731207, "cost": 0.6891955156481628, "score": 0.397852380110949}