{"quality": 0.47202388971589515, "novelty": 0.8610255729834551, "diversity": 0.9723320281217409, "efficiency": 0.19996593667893048, "cost": 0.3177389173438726, "score": 0.5495509645524328}