{"quality": 0.580599418508585, "novelty": 0.9011920180622253, "diversity": 0.7656355436162459, "efficiency": 0.3070571314544602, "cost": 0.4177130637331642, "score": 0.5568922021362336}