{"quality": 0.806558850591083, "novelty": 0.6727773978589645, "diversity": 0.5971956172745548, "efficiency": 0.5584848736500256, "cost": 0.2064491413138349, "score": 0.5927289450130974}