{"quality": 0.0932521563465328, "novelty": 0.04322709515333542, "diversity": 0.10030917847308929, "efficiency": 0.6611478890453625, "cost": 0.555321320760181, "score": 0.10248430766769782}