{"quality": 0.41174903685140046, "novelty": 0.6291807329922325, "diversity": 0.6970743084504136, "efficiency": 1, "cost": 0.2177051523784495, "score": 0.5484642407557161}