{"quality": 0.1830227103335061, "novelty": 1, "diversity": 0.4700065128261442, "efficiency": 1, "cost": 0.5278750637865699, "score": 0.49612060928662377}