{"quality": 0.6862317222980191, "novelty": 0.07400184617488248, "diversity": 0.7078532992882623, "efficiency": 0.2354079563877043, "cost": 0.8016025910668043, "score": 0.321091572442254}