{"quality": 0.41514093797167767, "novelty": 0.39897678826580524, "diversity": 0.4924671114420117, "efficiency": 0.704576283883419, "cost": 0.4014903235321232, "score": 0.3883173109756575}