{"quality": 0.13642578346006057, "novelty": 0.1703167755222566, "diversity": 0.4546448018876945, "efficiency": 0.9428192782605326, "cost": 0, "score": 0.31585878103520115}