{"quality": 0.8711432530179473, "novelty": 0.7857277653849297, "diversity": 0.093221224038808, "efficiency": 0.9000145667264019, "cost": 0.6096274504879251, "score": 0.550458602019546}