{"quality": 0.24661375817130277, "novelty": 0.245299377903834, "diversity": 0.2861762070824148, "efficiency": 0.5650665505099075, "cost": 0.39438725195845103, "score": 0.2378654707244733}