{"quality": 0.8127203633254275, "novelty": 0.5587940397252735, "diversity": 0.43646305484433257, "efficiency": 0.9796660206576153, "cost": 0.36728330832175965, "score": 0.5810288021642794}