{"quality": 0.45451013874344903, "novelty": 0.8032675713761768, "diversity": 1, "efficiency": 0.6980338054209891, "cost": 0.14227918417863805, "score": 0.6276470868623634}