{"quality": 0.0830005854648012, "novelty": 0.05229248257276459, "diversity": 0.36103860944738975, "efficiency": 0, "cost": 0.8198735925262566, "score": 0.02819365891948379}