{"quality": 0, "novelty": 0.8778278833498061, "diversity": 0.8492693150025669, "efficiency": 0, "cost": 0.5258878610151486, "score": 0.3367220477364501}