{"quality": 0.7029241909198893, "novelty": 0.5748793878083149, "diversity": 0.7727860738242343, "efficiency": 0.26294219394501855, "cost": 0.7059609725524557, "score": 0.47799955082939966}