{"quality": 0.7641788695607842, "novelty": 0, "diversity": 0.2754754166798385, "efficiency": 0.6661183074723142, "cost": 0.2886466437228751, "score": 0.35540182595276254}