{"quality": 0.9979782947110867, "novelty": 0.2981582552668465, "diversity": 0.5717804522538072, "efficiency": 0.1039678228984543, "cost": 0.8187451954780163, "score": 0.42200979656776555}