{"quality": 0.747419908969521, "novelty": 0.6381133261986403, "diversity": 0.4106180923866595, "efficiency": 0.3949790138368489, "cost": 0.7719216613132027, "score": 0.4479326086620553}