{"quality": 0.7558530491146808, "novelty": 0.11260935150978804, "diversity": 0.7299073366972557, "efficiency": 0.47993405005295364, "cost": 0.42282235008983554, "score": 0.4305975924502619}