{"quality": 0.3641193336608103, "novelty": 0.94419424690932, "diversity": 0.8389959255056711, "efficiency": 0.8087756805620023, "cost": 0.5147568535565081, "score": 0.5829242136553568}