{"quality": 0, "novelty": 0.24809972580564055, "diversity": 0.30702933160688917, "efficiency": 0.3555718024340403, "cost": 0.8633580879224172, "score": 0.09043075934565228}