{"quality": 0.03187913364720174, "novelty": 0.35343069718648723, "diversity": 0.8240111248728017, "efficiency": 0.6244876150754164, "cost": 0.07640338282027595, "score": 0.3487564433446276}