{"quality": 0.46650153137123446, "novelty": 0.8936772554207997, "diversity": 0.7997867489739218, "efficiency": 0.33508571529539577, "cost": 0.4727012735304915, "score": 0.5263198530026149}