{"quality": 0.7602163233734723, "novelty": 0.8790628758186364, "diversity": 0.6471455962908326, "efficiency": 0.6429358342513627, "cost": 0.11294414755321752, "score": 0.66240569560725}