{"quality": 0.11539144540867197, "novelty": 0.7536642160386302, "diversity": 0.2680134554781648, "efficiency": 0.8408340547877325, "cost": 0.21501850644578424, "score": 0.3812594363014735}