{"quality": 0.18157211613937269, "novelty": 1, "diversity": 0.4890440455192662, "efficiency": 0.7192417178493268, "cost": 0.9821000727929556, "score": 0.4119566943437685}