{"quality": 0.009827862665352571, "novelty": 0.8274731074723022, "diversity": 0, "efficiency": 0.29586436282803136, "cost": 0.3056373896974586, "score": 0.2236325511221402}