{"quality": 0.8423312545920951, "novelty": 1, "diversity": 0.7245738160730164, "efficiency": 0.2684094500129807, "cost": 0.9834022078101385, "score": 0.589535336313165}