{"quality": 0.8268448689168305, "novelty": 0.8698905214338507, "diversity": 0.015347464447704462, "efficiency": 0.9545332828191416, "cost": 0.5448614489365318, "score": 0.5572894314522707}