{"quality": 0.26565704204476526, "novelty": 0.9846826879218463, "diversity": 0.4589916029315578, "efficiency": 0.18002700157405432, "cost": 0.08441636095719685, "score": 0.43622851932059115}