{"quality": 0.19907883528185927, "novelty": 0, "diversity": 0.4250684394484161, "efficiency": 1, "cost": 0.6356084273703961, "score": 0.2311764957372014}