{"quality": 0.26486721202710406, "novelty": 0.11241359279850735, "diversity": 0.9351108967731107, "efficiency": 0.8271987745698505, "cost": 0.6930435754175268, "score": 0.34936119980610514}