{"quality": 0.36226824355519177, "novelty": 0.5339818240991214, "diversity": 0.32527084191726235, "efficiency": 0.5227773205886121, "cost": 0.6280670091873978, "score": 0.3228399946443424}