{"quality": 0, "novelty": 0.7588843400123699, "diversity": 0.31487870193586764, "efficiency": 0.6226461839556765, "cost": 0.4395343031999561, "score": 0.30214032266362184}