{"quality": 0.9926561303506588, "novelty": 0.8363351401134874, "diversity": 0.5591351692630175, "efficiency": 0.5808158351443029, "cost": 0.7582080097070654, "score": 0.6300092322871119}