{"quality": 0.5137887168638939, "novelty": 0.4473916699927265, "diversity": 0.9407133138585411, "efficiency": 0.4107249912990937, "cost": 0.7015295718453453, "score": 0.44558298683938746}