{"quality": 0.7553795267695089, "novelty": 0, "diversity": 0.519763406825735, "efficiency": 0.6823613978810803, "cost": 0.7856448668875848, "score": 0.3543562623894032}