{"quality": 0.9927701522821681, "novelty": 0.40352215323581225, "diversity": 0.27352956307914567, "efficiency": 0, "cost": 0.3183919436319502, "score": 0.42157830224623755}