{"quality": 0.8589546943206403, "novelty": 0.6924999509472154, "diversity": 0.5222010404634803, "efficiency": 0.438762746888917, "cost": 0.37340264250881783, "score": 0.5637257519081478}