{"quality": 0.7500173773468071, "novelty": 0.7472481634716913, "diversity": 0.5587195997979596, "efficiency": 0.8715243007592437, "cost": 0.9757937965503003}