{"quality": 0.3313725543432292, "novelty": 0.35476845605518764, "diversity": 0.5292227223981008, "efficiency": 0.09201100474748553, "cost": 0.7398601593306511, "score": 0.23376405957544352}