{"quality": 0.6879002182360542, "novelty": 0.6291570406400852, "diversity": 0, "efficiency": 0.6216976664282202, "cost": 0.8512886190149037, "score": 0.3717851136935802}