{"quality": 0.6783164955365913, "novelty": 0.8126190505788324, "diversity": 0.1984200531082269, "efficiency": 0.2033253533302985, "cost": 0.4526072502454012, "score": 0.4315717999023355}