{"quality": 0.4118745887631902, "novelty": 0.5993375312108942, "diversity": 0.7567213437745607, "efficiency": 0.22990262406557121, "cost": 0.7990795391333996, "score": 0.37931846788308843}