{"quality": 0.6059472603390561, "novelty": 0.17220119220843938, "diversity": 0.19471443371588054, "efficiency": 0.1456499892387774, "cost": 0, "score": 0.28562486128281944}