{"quality": 0.3228198096535601, "novelty": 0.8126255830267054, "diversity": 0.4331267354519999, "efficiency": 0.3582580447037832, "cost": 0.8103534955707354, "score": 0.3593310428916383}