{"quality": 0.722206527948947, "novelty": 0.8163658562701489, "diversity": 0.6053478767891285, "efficiency": 0.36414613266049384, "cost": 0.13050188985459507, "score": 0.5833947287236616}