{"quality": 0.5242237363750415, "novelty": 0.6986713231328375, "diversity": 0.3926028197050856, "efficiency": 1, "cost": 0.5543326590093222, "score": 0.5050222497358068}