{"quality": 0.15028068768398062, "novelty": 0, "diversity": 0, "efficiency": 0.15638380073439567, "cost": 1, "score": -0.03145822358464648}