{"quality": 0.41351171814374327, "novelty": 0, "diversity": 1, "efficiency": 0.6165618723770271, "cost": 0.3961374010522981, "score": 0.37692405619444724}