{"quality": 0.23427470234680936, "novelty": 0.38842864650385217, "diversity": 0.3600236811691444, "efficiency": 0.8458043677606963, "cost": 0.3196872018221316, "score": 0.334296243545726}