{"quality": 0.7335716570268911, "novelty": 0.04160989110914465, "diversity": 0.8852343235743008, "efficiency": 0.5328130736698502, "cost": 0.7166449994499922, "score": 0.4157782957056919}