{"quality": 0.19707895374511775, "novelty": 0.9395671664911708, "diversity": 0.6784599660747268, "efficiency": 0.3471631104074621, "cost": 0.8285412808169498, "score": 0.3989278094406977}