{"quality": 0.8280968929314116, "novelty": 0.07887209057687608, "diversity": 0.8609092911045098, "efficiency": 0.08485119498530524, "cost": 0.15930544612223013, "score": 0.43712608338011716}