{"quality": 0.5526371571766129, "novelty": 0.403559056156627, "diversity": 0.08347883958079627, "efficiency": 0.3675936112409695, "cost": 0, "score": 0.33851572079444525}