{"quality": 0.008903505117097948, "novelty": 0.14252121184328403, "diversity": 1, "efficiency": 0.1806399965573819, "cost": 0.7990645192818684, "score": 0.18549090205137087}