{"quality": 0.4000420963490196, "novelty": 0.8400179135180852, "diversity": 0.49830968454437435, "efficiency": 0.3522490042366086, "cost": 0.6239401781772108, "score": 0.42012237701087224}