{"quality": 1, "novelty": 0.6688756057448121, "diversity": 0.9728803713853866, "efficiency": 0.6429405365396612, "cost": 0.8755465415858446, "score": 0.6706814020356452}