{"quality": 0.12190455594343683, "novelty": 0.33478000905410715, "diversity": 0.4026516434877129, "efficiency": 0.07364087939037645, "cost": 0.2566346799924433, "score": 0.18617936165341253}