{"quality": 0.6731139341613086, "novelty": 0.10224948160373507, "diversity": 0.7463786693256043, "efficiency": 0.20863745627862595, "cost": 1, "score": 0.3080679029562411}