{"quality": 0.5349192976276504, "novelty": 0.9803121533343901, "diversity": 0.6669194599450553, "efficiency": 0.0, "cost": 0.5513698098139952}