{"quality": 0.3457272600787873, "novelty": 0, "diversity": 0.5809841310857582, "efficiency": 0.6496004927752184, "cost": 0, "score": 0.3173550781570706}