{"quality": 0, "novelty": 0.680676620230197, "diversity": 0.2938093826121394, "efficiency": 0.18450119993598207, "cost": 0.5398380224502779, "score": 0.20262240932534664}