{"quality": 0, "novelty": 0.6583292483340886, "diversity": 0.7114954623881286, "efficiency": 0.7334330533755148, "cost": 0.9064168199046889, "score": 0.3262546805770062}