{"quality": 0.05062023041659475, "novelty": 0.27449168053718803, "diversity": 0.2685812961122534, "efficiency": 0.5040547337627739, "cost": 0.1221718543915781, "score": 0.20091627310698437}