{"quality": 0.12808200944867942, "novelty": 0.2670566488541844, "diversity": 0, "efficiency": 0, "cost": 0.3655204068079366, "score": 0.06863672436735625}