{"quality": 0.8320735379930013, "novelty": 0.38584518024012504, "diversity": 1, "efficiency": 0, "cost": 0.45153020816517464, "score": 0.5009303356414142}