{"quality": 0.29774890723478936, "novelty": 0.483319897531307, "diversity": 0.26908833253962383, "efficiency": 0, "cost": 0.17336734032857695, "score": 0.2466355790283306}