{"quality": 0.37022775626320725, "novelty": 0.8759659627797787, "diversity": 0.8654686763782826, "efficiency": 0, "cost": 0.7848837324629088, "score": 0.42466517960327255}