{"quality": 0.49566625039363055, "novelty": 0.5853768979935671, "diversity": 0.06124315409083081, "efficiency": 0.4926929629826645, "cost": 0.6438945984615838, "score": 0.3168072150358884}