{"quality": 0.8141545830658876, "novelty": 0.30547727667105135, "diversity": 0.3623269460719445, "efficiency": 0.8493090777264309, "cost": 0.9085917014939864, "score": 0.429618274811484}