{"quality": 1, "novelty": 0.12379644422816716, "diversity": 0.4561879128845536, "efficiency": 0.7349749122599767, "cost": 0, "score": 0.532432930472949}