{"quality": 0.3857550161715196, "novelty": 0.1767747651475109, "diversity": 0.6653753695558464, "efficiency": 0.598985811062315, "cost": 0, "score": 0.38284314170885014}