{"quality": 0.48572416498599436, "novelty": 0.6675730880397265, "diversity": 0.19658817190529118, "efficiency": 0.3946137456917699, "cost": 0.08513120890854681, "score": 0.402607096849699}