{"quality": 1, "novelty": 0.9910703009277186, "diversity": 0, "efficiency": 1, "cost": 0.24233041147151246, "score": 0.6735345340847785}