{"quality": 0.8324807185963783, "novelty": 0.10048760201634202, "diversity": 0.8116638566983652, "efficiency": 0.8232987566058283, "cost": 0.4669581529302517, "score": 0.5139978856205212}