{"quality": 0.17358178344553604, "novelty": 0.6658206153575108, "diversity": 0.37336786574713965, "efficiency": 0.5299323356442769, "cost": 0.6383262634904776, "score": 0.3088604860200602}