{"quality": 0.8236039434670701, "novelty": 0.18908400708291484, "diversity": 0, "efficiency": 0.22521763304171877, "cost": 0.977860575942981, "score": 0.23034877217280947}