{"quality": 0.4619828708452333, "novelty": 1, "diversity": 0.2770081595419653, "efficiency": 0, "cost": 0.19443663658054008, "score": 0.4245528295039091}