{"quality": 0.17105076050612336, "novelty": 0.4463349122098787, "diversity": 0.2684789279777937, "efficiency": 0.3035618447886236, "cost": 0.2916060899553995, "score": 0.232968409522619}