{"quality": 0.37828716760097797, "novelty": 1, "diversity": 0.588766703670153, "efficiency": 0.23262720397333292, "cost": 0.4756789417175977, "score": 0.46856567743856414}