{"quality": 0.716392845957129, "novelty": 0.7398831333883198, "diversity": 0.32212892670739474, "efficiency": 0.11341718555720992, "cost": 0.44029595599790455, "score": 0.43729740470948864}