{"quality": 1, "novelty": 0.7639584966270463, "diversity": 0.7721716590264038, "efficiency": 0.4126861281124993, "cost": 0.1383596831405773, "score": 0.6934909068648594}