{"quality": 0.33467382593201217, "novelty": 0.2608634925067781, "diversity": 0.6361940884406776, "efficiency": 0.113265538050115, "cost": 0.90880890262431, "score": 0.21896577903951991}