{"quality": 0.8311432872374744, "novelty": 0.5541584097711061, "diversity": 0.5576566026672335, "efficiency": 0.016983653502688323, "cost": 0.489115570196733, "score": 0.45304990015319546}