{"quality": 0.8401134474242953, "novelty": 0.6526099605169078, "diversity": 0.27098289452708374, "efficiency": 0.2725820747086438, "cost": 0.7798564286770865, "score": 0.4322847716005202}