{"quality": 0, "novelty": 0.2634975641998154, "diversity": 0.863012121410821, "efficiency": 0.2775927703261398, "cost": 0.23481195872816737, "score": 0.2566345350082223}