{"quality": 0.49611052030021674, "novelty": 0.29021012247339245, "diversity": 0.9790455510900651, "efficiency": 0.25186701008632506, "cost": 0, "score": 0.4549748484393749}