{"quality": 0.7331065418447955, "novelty": 0.6520727683800774, "diversity": 0.006827919848519964, "efficiency": 0.39754304058215717, "cost": 1, "score": 0.3439471947054855}