{"quality": 0.7394341413191277, "novelty": 0.5202711612153519, "diversity": 0.6385765882099901, "efficiency": 0.26549682519627144, "cost": 0.9779780579018201, "score": 0.4216400683308329}