{"quality": 0.18833147093609248, "novelty": 0, "diversity": 0, "efficiency": 0.5404689420886413, "cost": 0.3494697710588136, "score": 0.10262280548824255}