{"quality": 0.8581919442364214, "novelty": 0.6084321872277638, "diversity": 0.6885892106137952, "efficiency": 0.18808566197942128, "cost": 0.6787421030340951, "score": 0.5076221111941301}