{"quality": 0.8717600353382968, "novelty": 0.4875370006189653, "diversity": 0.5688006739288582, "efficiency": 0.28856434892782645, "cost": 0.2037429354004379, "score": 0.5200827543411322}