{"quality": 0.4863446799956296, "novelty": 0.25775417678634543, "diversity": 0.31165846693504584, "efficiency": 1, "cost": 0.5825470669986674, "score": 0.3644189348824176}