{"quality": 0.3747161133480109, "novelty": 0, "diversity": 0.804240327790737, "efficiency": 0.3364440594758446, "cost": 0.7872821048862086, "score": 0.24500129799530646}