{"quality": 0.8127520617314228, "novelty": 0.5250955422159524, "diversity": 0.2235964036824239, "efficiency": 0.854750871540801, "cost": 0.5440750533734794, "score": 0.4936239102036719}