{"quality": 0.17032918976368228, "novelty": 0.002733364456419307, "diversity": 0.9199684268009525, "efficiency": 0.7170678036933709, "cost": 0.6405300041950971, "score": 0.27928295353789595}