{"quality": 0.08443874399538384, "novelty": 0.44758028079573686, "diversity": 0.07687231788824828, "efficiency": 0.2932705346115081, "cost": 0.4924300138760797, "score": 0.14734873577931726}