{"quality": 0.14369779601056948, "novelty": 0.770281312415673, "diversity": 0.9347911566432254, "efficiency": 0.4773961330686505, "cost": 0.3651505361040395, "score": 0.45773226458562777}