{"quality": 0.8680199465077858, "novelty": 0.6932230314836163, "diversity": 0.47426477488717583, "efficiency": 0.340683885012809, "cost": 0.8828239617863484, "score": 0.49138488337396147}