{"quality": 0.04595706187971896, "novelty": 0.276940253023893, "diversity": 0.15809372938099842, "efficiency": 0.16543334529994838, "cost": 0.47286439083684795, "score": 0.09216949040739608}