{"quality": 0.8133750333163539, "novelty": 0.259487304060635, "diversity": 0.3042546863366666, "efficiency": 0.6309175087891254, "cost": 0.7300784246496905, "score": 0.391365057130798}