{"quality": 0.9813499568771367, "novelty": 0.5216172492332929, "diversity": 0.1276418699384676, "efficiency": 0.7884132887936914, "cost": 0.20182949046945248}