{"quality": 0.8800655447964119, "novelty": 0.8061755501231539, "diversity": 0.762342752039169, "efficiency": 0.04291315233208082, "cost": 0.9606305684410072, "score": 0.5284060173832572}