{"quality": 0.5280358500206721, "novelty": 0.8407393403027502, "diversity": 0.08255290905953125, "efficiency": 0.13642183021470408, "cost": 0.6777452732206222, "score": 0.3377949191039388}