{"quality": 0.738924822019073, "novelty": 0.8100858581808469, "diversity": 0.7841008536488949, "efficiency": 0.1683201634220679, "cost": 0.8103279246966127, "score": 0.5252343139243616}