{"quality": 0.4383478825324091, "novelty": 0.6825105206140983, "diversity": 0.3046696424506091, "efficiency": 0.7064286346876061, "cost": 0.47961206565766845, "score": 0.4210690120407431}