{"quality": 0.6952012595557481, "novelty": 0.3714701465468816, "diversity": 1, "efficiency": 0.8119004949566528, "cost": 0.4518870832149296, "score": 0.5780242804254498}