{"quality": 0.7437254864082384, "novelty": 0.5692377527375804, "diversity": 0.3079526777292051, "efficiency": 1, "cost": 0.386146092375332, "score": 0.5384030104151745}