{"quality": 0.909067243497609, "novelty": 0.3612507512336999, "diversity": 0.6371528345033434, "efficiency": 0.06971869257782004, "cost": 0.994879301767408, "score": 0.40143330146830863}