{"quality": 0.509452236237933, "novelty": 0.03826307911454069, "diversity": 0.3997044675339624, "efficiency": 0.37067536365085607, "cost": 0.2771035607541097, "score": 0.270233282629025}