{"quality": 0.29714523015743527, "novelty": 0.5845794890160287, "diversity": 0.321097765813589, "efficiency": 0.4954395593992545, "cost": 0.7864568865001406, "score": 0.2951782397238297}