{"quality": 0.9444955606867519, "novelty": 0.3199251989230686, "diversity": 0.44941301458208077, "efficiency": 0.8263847083825278, "cost": 0.32526781238130764, "score": 0.5446434958724572}