{"quality": 0.3075554814573793, "novelty": 0.7351118549268347, "diversity": 0.01133462406973719, "efficiency": 0.7248370440460805, "cost": 0.3927802637144851, "score": 0.34775906321833344}