{"quality": 0.5457090201171223, "novelty": 1, "diversity": 0.6960731596843326, "efficiency": 0.4119385626065797, "cost": 0.8360364741212878, "score": 0.5311144749508614}