{"quality": 0.7339860728999338, "novelty": 0.18049181757386562, "diversity": 0.5697237338224694, "efficiency": 0.8271099951250243, "cost": 1, "score": 0.4033300222966941}