{"quality": 0.5828217327644455, "novelty": 0.012753124404676602, "diversity": 0.6702689438112792, "efficiency": 0.6806850780612905, "cost": 0.7863258812559999, "score": 0.33555876327635226}