{"quality": 0.45882469619068983, "novelty": 0.12191573700870478, "diversity": 0.15100256946957252, "efficiency": 1, "cost": 0.3913408743211921, "score": 0.3091927695711784}