{"quality": 0.5880854631998658, "novelty": 1, "diversity": 0.9545328606113205, "efficiency": 0.8383525151436488, "cost": 0.27776052097737103, "score": 0.715309036256034}