{"quality": 0.4221381681726311, "novelty": 0.267410178029754, "diversity": 0.7357286340389844, "efficiency": 0.6996777041542241, "cost": 0.23225325221022203, "score": 0.42236605216913614}