{"quality": 0.6420637705969933, "novelty": 0.04234508223337455, "diversity": 0.11778711432347899, "efficiency": 0.34391262207539824, "cost": 0.1692301351718528, "score": 0.26142670439626187}