{"quality": 0.6517308733806392, "novelty": 0.945517107907973, "diversity": 0, "efficiency": 0.3297472950352698, "cost": 0.661232533241487, "score": 0.4152373799223268}