{"quality": 0.43806594550823585, "novelty": 0.48997709250230076, "diversity": 0.6119110463313155, "efficiency": 0.26249023886488404, "cost": 0, "score": 0.4156698018740417}