{"quality": 0.8535074545635697, "novelty": 0.5452243749799885, "diversity": 0.5027366655643047, "efficiency": 0.08213366342699743, "cost": 0.6880027304392279, "score": 0.43642543969705583}