{"quality": 0.6959877976327102, "novelty": 0.7225151643702448, "diversity": 0.1903826311561796, "efficiency": 0.9968915146281779, "cost": 0.7862642027952347, "score": 0.4984089635283133}