{"quality": 0.7696317073586849, "novelty": 0.6040172434608555, "diversity": 0.7316153185652656, "efficiency": 0, "cost": 0.8771983502606151, "score": 0.4404970517598109}