{"quality": 0.6084762986138634, "novelty": 0.23964324363589812, "diversity": 0.5146544494910016, "efficiency": 0.624626262827571, "cost": 0.1780908752587219, "score": 0.42126944228959734}