{"quality": 0.35491106012661494, "novelty": 0.13020724010666587, "diversity": 0.8160493128795386, "efficiency": 0.8454894213442283, "cost": 0.07895585003842115, "score": 0.4211628188383508}