{"quality": 0.25696233462602713, "novelty": 0.5687875388799913, "diversity": 0.8318124311815879, "efficiency": 0.37748496355731714, "cost": 0.6703919432254354, "score": 0.37523162155517764}