{"quality": 0, "novelty": 0.76476570029716, "diversity": 0.2652446239206453, "efficiency": 0.4564005032153547, "cost": 0.3209435605071199, "score": 0.2806060692900103}