{"quality": 0.835136873108159, "novelty": 0.38800996480123073, "diversity": 0.6393742096476369, "efficiency": 0.9473721156622912, "cost": 0.8223342592273847, "score": 0.5352907864888881}