{"quality": 0.3522894362478528, "novelty": 0.10337456683730648, "diversity": 0.6016439244519276, "efficiency": 0.1983440250309995, "cost": 0.16720294864926416, "score": 0.26489056636379144}