{"quality": 0.8979016105758417, "novelty": 0.1644730757010173, "diversity": 0.41857728823942286, "efficiency": 0.7444014802167798, "cost": 0.7915491739506569, "score": 0.42670951438334276}