{"quality": 0.02215970276066359, "novelty": 0.9008600307870418, "diversity": 0, "efficiency": 0.7443471550461882, "cost": 0.6700542540355784, "score": 0.2765095663783299}