{"quality": 0.3057821332486714, "novelty": 0.7626523236703631, "diversity": 0.08585222956953999, "efficiency": 0.046979911358488696, "cost": 0.37167105762986796, "score": 0.26944804774688663}