{"quality": 0.025182770522668485, "novelty": 0.9012233276202273, "diversity": 0.5841770880492549, "efficiency": 0.20096614210889208, "cost": 0.5763732473582571, "score": 0.32220367725221644}