{"quality": 0.8855906392073021, "novelty": 0.5794057597873223, "diversity": 0.007345342674453165, "efficiency": 0.15149412931955109, "cost": 0.724735276647618, "score": 0.36224829197708275}