{"quality": 0.6471331264801746, "novelty": 0.04534853234930189, "diversity": 0.17820675818272233, "efficiency": 0.24767759134651063, "cost": 0.32068508460954254, "score": 0.24620155290894463}