{"quality": 0.8731610948049724, "novelty": 0.30594541982272494, "diversity": 0.6499507835970707, "efficiency": 0.030417968775706516, "cost": 0.1408620353719542, "score": 0.4589013318957476}