{"quality": 0.7578792192936407, "novelty": 0, "diversity": 0.4473709707408925, "efficiency": 0.7507660598355202, "cost": 0.1793349737242913, "score": 0.4115193715391696}