{"quality": 0.9390191256886208, "novelty": 0.8921930843930047, "diversity": 0.29234703643378646, "efficiency": 0.15353520518760366, "cost": 0.6434019399900057, "score": 0.5219135028707347}