{"quality": 0.43034809671010976, "novelty": 0.5559823201060279, "diversity": 0.7842056369394108, "efficiency": 0.19091762551285257, "cost": 0.3051703798199953, "score": 0.42306174227235044}