{"quality": 0.9740532648950577, "novelty": 0.8083825048200537, "diversity": 0.2727733241861552, "efficiency": 0, "cost": 0.05434997394298979, "score": 0.5434312731164628}