{"quality": 0.8638715646691197, "novelty": 0.19970522300096988, "diversity": 0.7881234565581906, "efficiency": 0.08528915788643476, "cost": 0.16357748906782138, "score": 0.46314809123879963}