{"quality": 0.35869573614157924, "novelty": 0.674872744951826, "diversity": 0.686825423874658, "efficiency": 0.07442221875189975, "cost": 0.08676630706156599, "score": 0.41617869396199025}