{"quality": 0.29180002956814527, "novelty": 0.2288796297312221, "diversity": 0.1957633095198803, "efficiency": 0.8348378307084358, "cost": 1, "score": 0.2091382528134905}