{"quality": 0.5822112787451811, "novelty": 0.2656764720544642, "diversity": 0.5797519573399768, "efficiency": 0, "cost": 0, "score": 0.3570328931051657}