{"quality": 0.4384534425210277, "novelty": 0.1437692986083316, "diversity": 0.32077946662735835, "efficiency": 0.6269447904628689, "cost": 0.21558343015668935, "score": 0.30411762628762423}