{"quality": 0.2745597952855634, "novelty": 1, "diversity": 0.7749964617644796, "efficiency": 0.651527899743205, "cost": 0.13865555940173835, "score": 0.5712308599598719}