{"quality": 0.8846258376464378, "novelty": 0.820114522647117, "diversity": 0.5773623105003665, "efficiency": 0.2287816955786154, "cost": 0.6415996482299391, "score": 0.5560461335695823}