{"quality": 0.7875305050610553, "novelty": 0.7875245125731997, "diversity": 0.5566372399587989, "efficiency": 0.10932044352780934, "cost": 0.06754442175337846, "score": 0.5541113520072098}