{"quality": 0.6054790469526056, "novelty": 0.7921013892580002, "diversity": 0.6352427628103074, "efficiency": 0.7762407864902122, "cost": 0.7288168965981596, "score": 0.5502720422760591}