{"quality": 0.19048725538345246, "novelty": 0.0305479797151689, "diversity": 0.28600435015050757, "efficiency": 0.47493155807139353, "cost": 0.7103994633886803, "score": 0.12218382894577048}