{"quality": 0.5686184999489946, "novelty": 0.8360191830281962, "diversity": 0.8844610931272664, "efficiency": 0.665194527088943, "cost": 0.5940759032560275, "score": 0.5968541531049394}