{"quality": 0.5331994121845267, "novelty": 0.5554189788485984, "diversity": 0.8906729373291048, "efficiency": 0.09743261021984145, "cost": 0.20600876676464017, "score": 0.47096317068984084}