{"quality": 0.24208340271575046, "novelty": 1, "diversity": 0.8558058418549929, "efficiency": 0.3571144286565383, "cost": 0.3067482021232885, "score": 0.5166785332718756}