{"quality": 1, "novelty": 0.22449221591105523, "diversity": 0.18712552410515512, "efficiency": 0.8069795346077568, "cost": 0.19497075724418667, "score": 0.49509801326553965}