{"quality": 0.8688918900205319, "novelty": 0.31594173440510526, "diversity": 0.3603061389201709, "efficiency": 0.11806533003716746, "cost": 0.963727541328224, "score": 0.3330512737642227}