{"quality": 0, "novelty": 0.29918234779202335, "diversity": 0.41050361632390875, "efficiency": 0.31189856506707053, "cost": 0, "score": 0.2036810949728482}