{"quality": 0.7647170119406473, "novelty": 0.7527706618341716, "diversity": 0.619876670644527, "efficiency": 0.4003542675108209, "cost": 0.182042389652601, "score": 0.5834320043310055}