{"quality": 0.7606744133835608, "novelty": 0.3126327693380292, "diversity": 0.5801382897597627, "efficiency": 0.8530118076162687, "cost": 0.7205473376193052}