{"quality": 0.31058964007278783, "novelty": 0.7280020756046788, "diversity": 0.3954072161009713, "efficiency": 0.3112270223797246, "cost": 0.7566615048550451, "score": 0.3252767570146545}