{"quality": 0.29959185181328213, "novelty": 0.4517285133436399, "diversity": 0.20742015451496243, "efficiency": 0.8918211575777352, "cost": 0.9585766968663187, "score": 0.2822092187329155}