{"quality": 0.31369710755113006, "novelty": 0.6410116106407626, "diversity": 0.3922635604698962, "efficiency": 0.7591722196828466, "cost": 0.5023410459997137, "score": 0.3964564753719645}