{"quality": 0.46882667955788176, "novelty": 0.08460797922200225, "diversity": 0.06998565638003537, "efficiency": 0.21358928795645313, "cost": 0.8185869050265172, "score": 0.1259768326396884}