{"quality": 1, "novelty": 0.09591004317643284, "diversity": 0.19978624284766244, "efficiency": 0.7340541802801671, "cost": 0.3483045856114861, "score": 0.4392124278445171}