{"quality": 0.9286493233802526, "novelty": 0.9503119489982905, "diversity": 0.5898440478829192, "efficiency": 0.7067659766551281, "cost": 0.6204575771942651}