{"quality": 0.7890349770481911, "novelty": 0.4748632892999187, "diversity": 0.15345026990756427, "efficiency": 0.2582034948059463, "cost": 0.9365095872121606, "score": 0.3311959349206258}