{"quality": 0.5182442650425716, "novelty": 0.9504422036674283, "diversity": 0.4841740419042853, "efficiency": 0.8388852568944762, "cost": 0.36123991884160866, "score": 0.5796274354604962}