{"quality": 0.07919480620497321, "novelty": 0.5211542665037242, "diversity": 0.03179976088180553, "efficiency": 0.407951407399602, "cost": 0.5897697544523982, "score": 0.16262269632848456}