{"quality": 0.00897905300527687, "novelty": 0.7435665062662354, "diversity": 0.6401598468815493, "efficiency": 0.7533670718935996, "cost": 0.0}