{"quality": 0.8106606174745596, "novelty": 0, "diversity": 0.1505695985040143, "efficiency": 0.9200359165939364, "cost": 0.5594459452175489, "score": 0.35537289791050636}