{"quality": 0.48201039360823333, "novelty": 0.6948928994108546, "diversity": 0.1330034872722109, "efficiency": 0.5858697188576396, "cost": 0.7470062410129981, "score": 0.358106874116972}