{"quality": 0.9616801774610334, "novelty": 0.2674895444040297, "diversity": 0.31738777815229846, "efficiency": 0.4695984124327939, "cost": 0.664574240036513, "score": 0.42283633283104494}