{"quality": 0.605986182598123, "novelty": 0.6625709713004582, "diversity": 0.5816600958378945, "efficiency": 0.20204983285371597, "cost": 0.2803732226153938, "score": 0.46604076943864836}