{"quality": 0.9741425155233101, "novelty": 0.253053001210915, "diversity": 0.5162272457863195, "efficiency": 0.9899106230186197, "cost": 0.6339073629528973, "score": 0.5438473112744889}