{"quality": 0.5364057419424386, "novelty": 0.24740614837283764, "diversity": 0.24115576788365167, "efficiency": 0, "cost": 0.35068977685616814, "score": 0.2359354355670545}