{"quality": 1, "novelty": 0, "diversity": 0.591855699915478, "efficiency": 0.9472966520014028, "cost": 0.2767192837593472, "score": 0.5327937094073714}