{"quality": 0.6369468058724692, "novelty": 1, "diversity": 0.8745112432384199, "efficiency": 0.7825965388016205, "cost": 0.2868750730928741, "score": 0.7046882639203804}