{"quality": 0.7789579074074302, "novelty": 0.40942990798282747, "diversity": 1.0, "efficiency": 0.39621310644077984, "cost": 0.3515099523969556}