{"quality": 0.22496897660723672, "novelty": 0.8027301989325332, "diversity": 1, "efficiency": 0.10027880429425431, "cost": 0.7295668834843019, "score": 0.41025837501101226}