{"quality": 0.790679542593534, "novelty": 0.7154932455434411, "diversity": 0.8501776006214075, "efficiency": 0.6054789284367024, "cost": 0.538061289073614, "score": 0.6231284046463459}