{"quality": 0.5849640706164727, "novelty": 0.7806836898542419, "diversity": 0.6613223427415442, "efficiency": 0.2677031320107297, "cost": 0.7862033808016454, "score": 0.46445974391825606}