{"quality": 0.29983042211317845, "novelty": 0.5268941713333426, "diversity": 0.3336269601501817, "efficiency": 0.264758736813813, "cost": 0, "score": 0.3281118720193975}