{"quality": 0.4563471283576289, "novelty": 0, "diversity": 0.16847928279448693, "efficiency": 0.7395557719398556, "cost": 0.00680326329837716, "score": 0.2808530345273267}