{"quality": 0.3720082394858354, "novelty": 0.6715867219728542, "diversity": 0.3332736578576611, "efficiency": 0.8195403545350715, "cost": 0.5469185910740306, "score": 0.414393077983354}