{"quality": 0.5981865643952409, "novelty": 0.5815705573713947, "diversity": 0.4230028459744351, "efficiency": 0.6516670822061503, "cost": 0.7652916259566931, "score": 0.4306700775915612}