{"quality": 0.6278184537859001, "novelty": 0.06609756957465929, "diversity": 0.6522200733782846, "efficiency": 0.8022760596655711, "cost": 0.9915431576715872, "score": 0.35650103638776875}