{"quality": 0.7028843090538721, "novelty": 0.8690649198251463, "diversity": 0.7522396469130022, "efficiency": 0, "cost": 0.28646449451257605, "score": 0.5499330026037911}