{"quality": 0.8737504141801914, "novelty": 0.3394400063152029, "diversity": 0.09480488181173521, "efficiency": 0.5696909936584547, "cost": 0.9963071242441107, "score": 0.3517690388195623}