{"quality": 0.31313626098448666, "novelty": 0.21719968599719397, "diversity": 0.5434433823729801, "efficiency": 0.782662258821516, "cost": 0.47763500192080727, "score": 0.3265653149003872}