{"quality": 0, "novelty": 0.3564168220490999, "diversity": 0.6440322380678476, "efficiency": 0.36866788732893374, "cost": 0.9332234225339323, "score": 0.1798884939717913}