{"quality": 0.6660268472073436, "novelty": 0.05542255681837133, "diversity": 0.6224708118993906, "efficiency": 0.8401406888104718, "cost": 0.2419740958767862, "score": 0.43998154948056617}