{"quality": 0.92181782239576, "novelty": 0.04874295422829339, "diversity": 0, "efficiency": 0.6492126774720494, "cost": 1, "score": 0.2861129868966087}