{"quality": 0.5719372655311853, "novelty": 0.49089806499769184, "diversity": 0.39237627279158777, "efficiency": 0.8746641736266378, "cost": 0.24615204633904936, "score": 0.4793653718771868}