{"quality": 0.052603760957264045, "novelty": 0.8436443956563004, "diversity": 0.6343462483609442, "efficiency": 0.68540732380859, "cost": 0.946400252679859, "score": 0.36173255017674577}