{"quality": 0.8253740812789984, "novelty": 0.3112336228222399, "diversity": 0.30730494008462006, "efficiency": 1, "cost": 0.2665891997547585, "score": 0.5102226981307076}