{"quality": 0.023719260340615306, "novelty": 0.07372601649625643, "diversity": 0.37044374812790204, "efficiency": 0.9741763786131478, "cost": 0.5716223590041631, "score": 0.188600252743385}