{"quality": 0.31006827816138094, "novelty": 0.08633676857592182, "diversity": 0.5168629727597109, "efficiency": 0.4585475418232127, "cost": 1, "score": 0.18675940141781885}