{"quality": 0.3657146232318058, "novelty": 1, "diversity": 0.7199234253233209, "efficiency": 0.0982868980680362, "cost": 0.1728729405864628, "score": 0.5011548126857651}