{"quality": 0.18297983729732614, "novelty": 0.3920136224063204, "diversity": 1, "efficiency": 0, "cost": 0, "score": 0.35289735679077794}