{"quality": 0.13036039326891147, "novelty": 1, "diversity": 0.5965427789926729, "efficiency": 0.6991009529346022, "cost": 0.27121495722132316, "score": 0.486160320997266}