{"quality": 0.26936523105627375, "novelty": 0.5806297650929697, "diversity": 0.5768651573891681, "efficiency": 0.19134391942797474, "cost": 0.3579349067022464, "score": 0.3342481393119297}