{"quality": 0.09847525711009622, "novelty": 0.31200272762921116, "diversity": 0.5795950793669804, "efficiency": 1, "cost": 0.3791962432471659, "score": 0.33554265058901117}