{"quality": 0.38050070081857895, "novelty": 0, "diversity": 1, "efficiency": 0.08865465568346007, "cost": 0.20777579926352546, "score": 0.3066708286717401}