{"quality": 0.18128813252236298, "novelty": 0.42811094868495375, "diversity": 0.395651117988322, "efficiency": 1, "cost": 0.2591115044345243, "score": 0.36463325008215924}