{"quality": 0.426511265635291, "novelty": 0.980206392083955, "diversity": 0, "efficiency": 0.14547274176699415, "cost": 0.2718200430937831, "score": 0.36764388466724685}