{"quality": 0.5037144249882877, "novelty": 0.9539681953515878, "diversity": 0.5371725615607186, "efficiency": 0.7616082050972014, "cost": 0.6040223929153945, "score": 0.5508798801195677}