{"quality": 1, "novelty": 1, "diversity": 0.37361032323288684, "efficiency": 0.18689067259848044, "cost": 0.42257290491263905, "score": 0.6104983750450855}