{"quality": 0, "novelty": 1, "diversity": 0.8189682308997278, "efficiency": 0.7384415472970806, "cost": 0.5372470509846397, "score": 0.47083517317604373}