{"quality": 0.2685407614232117, "novelty": 0.4557860701760177, "diversity": 1, "efficiency": 0.08021951812453923, "cost": 0, "score": 0.40654167368964883}