{"quality": 0.3051394925905967, "novelty": 0.6406526880502648, "diversity": 0.8613225575586453, "efficiency": 0.580163130253294, "cost": 0.3320803946090405, "score": 0.4777859613785643}