{"quality": 0.23438752024247583, "novelty": 0.7222581913383548, "diversity": 0.7374238362622434, "efficiency": 0.5745386211579501, "cost": 0.5638687108199996, "score": 0.4281594932514727}