{"quality": 0.40468410083510437, "novelty": 0.6710974920590933, "diversity": 0.4546108926610438, "efficiency": 0.531422968715094, "cost": 0.010256421983744296, "score": 0.4587895849064031}