{"quality": 0.43171560820766874, "novelty": 0.6952888995906576, "diversity": 0.7296013132051289, "efficiency": 0.18116982059005604, "cost": 0, "score": 0.4764326430894992}