{"quality": 0.4113248128631016, "novelty": 0.4923203823521707, "diversity": 0, "efficiency": 0.6946885438441179, "cost": 0.9325674765740908, "score": 0.2574240733661817}