{"quality": 0.7081826394536186, "novelty": 1, "diversity": 0.3136833587898694, "efficiency": 0.11806971226212082, "cost": 0.6900101299232185, "score": 0.47390090744105573}