{"quality": 0.9016070839423005, "novelty": 0.046026433670683375, "diversity": 0.8362512791063996, "efficiency": 0.5611065876898064, "cost": 0.2518826305802351}