{"quality": 0.7668572630862924, "novelty": 0.4528141902265691, "diversity": 0.884597630823871, "efficiency": 0.18620598707092223, "cost": 0.25249798721712235, "score": 0.5228613519862304}