{"quality": 1, "novelty": 0.6674304661178438, "diversity": 0.030189965179460487, "efficiency": 0.713163119353345, "cost": 0.38136167855523345, "score": 0.5417339096128314}