{"quality": 0.11099773983149444, "novelty": 0.2578080672447722, "diversity": 1, "efficiency": 1, "cost": 0.7089607185075784, "score": 0.3768552669098836}