{"quality": 0.30717623478642014, "novelty": 0.9864143552311584, "diversity": 0.0666324502006446, "efficiency": 0.19329689528999855, "cost": 0.7293274541107648, "score": 0.3081447381662679}