{"quality": 0.6476306413419648, "novelty": 0.582117278013984, "diversity": 0.6120319396459027, "efficiency": 0.4124649055290166, "cost": 0.33258175162575654, "score": 0.4908364605020429}