{"quality": 0.47628314681720685, "novelty": 0.8387244979752764, "diversity": 0.31287315685073014, "efficiency": 0.4433688995903948, "cost": 0.9650783542354211, "score": 0.38513819942414423}