{"quality": 0.4563294051657034, "novelty": 0.3286191467345561, "diversity": 0.28443734883667715, "efficiency": 0.7960703876912694, "cost": 0.8028623149259013, "score": 0.3150654046617858}