{"quality": 0.3912501710106786, "novelty": 0, "diversity": 0.03044159428720411, "efficiency": 0.8733578379016369, "cost": 0.8255280105772841, "score": 0.17191424478816156}