{"quality": 0.6150803982582046, "novelty": 1, "diversity": 0.22229510178264028, "efficiency": 0.5539787690122464, "cost": 0.6262774207287287, "score": 0.49945221311295357}