{"quality": 0.6628603968939162, "novelty": 0.8333635115135241, "diversity": 0.8210044177727336, "efficiency": 0, "cost": 0.71181869846201, "score": 0.5002180106549016}