{"quality": 0.7863933725486509, "novelty": 0.5544477308921714, "diversity": 0.42205450717313253, "efficiency": 0.18741496792267018, "cost": 0.5919689416292544, "score": 0.42785619694773963}