{"quality": 0.8029378285620363, "novelty": 0.8945124101261328, "diversity": 0.05900538051746279, "efficiency": 0.8698741938511676, "cost": 0.1073643478286681, "score": 0.596055221498445}