{"quality": 0.3781569609601011, "novelty": 1, "diversity": 0.6056482509540495, "efficiency": 0.001017181207493209, "cost": 0, "score": 0.4847293156599642}