{"quality": 0.4598335953447956, "novelty": 0.7986005778074139, "diversity": 0.7462603261299857, "efficiency": 0.041578754351792147, "cost": 0.7215553999996315, "score": 0.42093356143409494}