{"quality": 0.24578833166768416, "novelty": 0.5065097238420525, "diversity": 0.2660609632244967, "efficiency": 0, "cost": 0.6965792064317302, "score": 0.18391820246254467}