{"quality": 0.8053802332542275, "novelty": 0.19607447972001105, "diversity": 0.7556753917406962, "efficiency": 0.5133491139546105, "cost": 0.31001401320042027, "score": 0.4877687340275597}