{"quality": 0.6110123400366196, "novelty": 0.4811509880743393, "diversity": 0.8118258149285467, "efficiency": 0.7174849645092026, "cost": 0.37384534860839314, "score": 0.5361948218308212}