{"quality": 0.5304875694882125, "novelty": 0.47092967648058665, "diversity": 0.4894574955374028, "efficiency": 0.2943969260497955, "cost": 0.3121723134619773, "score": 0.38771249663536256}