{"quality": 0.583691340501699, "novelty": 0.2920380370391311, "diversity": 0.8276345051230471, "efficiency": 0.8676827348513634, "cost": 0.34814856838353075, "score": 0.5089813658242534}