{"quality": 0.695405239475005, "novelty": 0.1656101236865184, "diversity": 0.15745333474076012, "efficiency": 0.2211254676429023, "cost": 0.31276155471622, "score": 0.2834074343870965}