{"quality": 0.30379013808055255, "novelty": 0.5226084874761776, "diversity": 0.5095681703506003, "efficiency": 0, "cost": 0.21958004139430437, "score": 0.3017447932238998}