{"quality": 0.793831438404033, "novelty": 0.5017313838653223, "diversity": 0.2592277942119553, "efficiency": 1, "cost": 0.32718320685964236, "score": 0.5327095156439673}