{"quality": 0.29182808780356334, "novelty": 0.5022797510404917, "diversity": 0.4096085158387372, "efficiency": 0.47479357746630263, "cost": 0.8577755261679083, "score": 0.28048155127209395}