{"quality": 0.5160592223026124, "novelty": 0.879248250262462, "diversity": 0.125847340736918, "efficiency": 1, "cost": 0, "score": 0.5497992974037827}