{"quality": 0.5130345816597377, "novelty": 0.7630130966843475, "diversity": 0.46706368357558403, "efficiency": 0, "cost": 0.24286962432663295, "score": 0.41378942295146165}