{"quality": 0.8923701053018214, "novelty": 0, "diversity": 0.8679156069949661, "efficiency": 0.3242958607244577, "cost": 0.4558897133233988, "score": 0.4443495607658684}