{"quality": 0.7565664840009354, "novelty": 0.56512830821028, "diversity": 0.4821703156931616, "efficiency": 0.4366694093850263, "cost": 0.031383490220066396, "score": 0.5270481477772303}