{"quality": 1, "novelty": 0.8712994720456722, "diversity": 0.31916816528313163, "efficiency": 0.19277243006445288, "cost": 0, "score": 0.6105743655777123}