{"quality": 0.2627449837916386, "novelty": 0.7081957981389426, "diversity": 0, "efficiency": 0.2331512866327306, "cost": 0.09323132148215396, "score": 0.2815220055189214}