{"quality": 0.506634873617118, "novelty": 0.32621235193536335, "diversity": 0.92142227260432, "efficiency": 0.2711348318803152, "cost": 0.19727745412179207, "score": 0.43877048395970836}