{"quality": 0.9064846066975265, "novelty": 0.59285882432742, "diversity": 0.738554345261117, "efficiency": 0.91266961341529, "cost": 0.9041304550859273, "score": 0.6143583536470371}