{"quality": 0.35390908782697283, "novelty": 0.03310901143740075, "diversity": 1, "efficiency": 0.32231228819974556, "cost": 0.6079982734312714, "score": 0.30199699509427674}