{"quality": 0.11619069147130284, "novelty": 0.019341613570525967, "diversity": 0.15171847331484195, "efficiency": 0.5923138576718991, "cost": 0.40485192147308796, "score": 0.11839819200046678}