{"quality": 0.18407613994376265, "novelty": 0.5164391261794865, "diversity": 0.4990331770349895, "efficiency": 0, "cost": 0.38302281371636665, "score": 0.2458369775633617}