{"quality": 0.428693867016271, "novelty": 0.5088308193289688, "diversity": 1, "efficiency": 0.7244642388340126, "cost": 0.5131591079383953, "score": 0.5131695899683858}