{"quality": 0.2503071920471883, "novelty": 0.1748882901446189, "diversity": 0.2624124451311542, "efficiency": 0.3849683084239017, "cost": 0.6769318932691222, "score": 0.16134877611321513}