{"quality": 0.2572712774254922, "novelty": 0.8555687688702103, "diversity": 0.46989174467303674, "efficiency": 0.5003288140166864, "cost": 0.5068073524695926, "score": 0.4094205112353513}