{"quality": 0.35730727243693644, "novelty": 0.18530145349038374, "diversity": 0.007529299675320955, "efficiency": 0.9471629475487384, "cost": 0.019599422110733428, "score": 0.2951379049599785}