{"quality": 1, "novelty": 0.46332531414310646, "diversity": 1, "efficiency": 0.5995935432310492, "cost": 0.17570322339559297, "score": 0.6882000376808746}