{"quality": 0.5231707594715109, "novelty": 0, "diversity": 0.7620008264056307, "efficiency": 0.6012242604234338, "cost": 1, "score": 0.29953503218609445}