{"quality": 0, "novelty": 0.8567272628822249, "diversity": 0.5025673149855716, "efficiency": 0.8381220119983058, "cost": 0.7560192334243467, "score": 0.36481165717498176}