{"quality": 0.27816182569101017, "novelty": 0.5344545647550079, "diversity": 0.5865052723593389, "efficiency": 1, "cost": 0.7023113062712215, "score": 0.41413211274080064}