{"quality": 0.507891830654933, "novelty": 0.2721606603323982, "diversity": 0.42419541676017053, "efficiency": 0.6294274059921068, "cost": 0.6243434641250167, "score": 0.3372265621179279}