{"quality": 0.8982316692450601, "novelty": 0.0883282988437408, "diversity": 0.17549917853572344, "efficiency": 0.347255400567475, "cost": 0.058889292694996015, "score": 0.37285079200721966}