{"quality": 0.42815827337509227, "novelty": 0.29407786198676106, "diversity": 0.7406243091739213, "efficiency": 0.749028819358522, "cost": 0.42417168983731485, "score": 0.420028963264049}