{"quality": 0.6281144215885217, "novelty": 0.6486123500266419, "diversity": 0.5557760289472293, "efficiency": 0.12025058545307174, "cost": 0.560963761144229, "score": 0.4236838314762007}