{"quality": 0.1850798494396321, "novelty": 0.5049928238944672, "diversity": 0.32151404835661834, "efficiency": 0.6904778661152463, "cost": 0.6561499238511102, "score": 0.284031658009006}