{"quality": 0.6242534080727354, "novelty": 0.3282244371134486, "diversity": 0.04088522250057905, "efficiency": 0.20605795275105543, "cost": 0.036175855886268954, "score": 0.30480028352433}