{"quality": 0.7330309317436068, "novelty": 0.6346233690058104, "diversity": 0.5666909617955346, "efficiency": 0.4350711808113239, "cost": 0.5418831048224805, "score": 0.5029756807730921}