{"quality": 0.13647483432543028, "novelty": 0.25710747105105325, "diversity": 0.7440095342227337, "efficiency": 0.04101453311817109, "cost": 0.6367313632271423, "score": 0.1965002685499506}