{"quality": 0.42000030672833405, "novelty": 0.6168384687365444, "diversity": 0.8781185372568074, "efficiency": 0.8139844372656078, "cost": 0.8310426788728247, "score": 0.49482681435655645}