{"quality": 0.4039010292610697, "novelty": 0.9796563565311425, "diversity": 0.9822349832369626, "efficiency": 0.1389447671259016, "cost": 0.301598226759717, "score": 0.5532132869514126}