{"quality": 0.43641370594868206, "novelty": 0.17948569691552188, "diversity": 0.5739145857978131, "efficiency": 0.20758737792168902, "cost": 0.5523220890413413, "score": 0.26648435095716694}