{"quality": 0.01629343037044012, "novelty": 0.9930639659966215, "diversity": 0.40475844658920723, "efficiency": 0.6812597041174778, "cost": 0, "score": 0.4362946655457506}