{"quality": 0, "novelty": 0.43869053970778277, "diversity": 0.6973862510438502, "efficiency": 0.5307685597719773, "cost": 0.8063606758613341, "score": 0.24812910151537892}