{"quality": 0.6108840748642925, "novelty": 0, "diversity": 0.8481750594688078, "efficiency": 0.2059728344796415, "cost": 0.7992783084330304, "score": 0.30386832868169245}