{"quality": 0.7024993772563027, "novelty": 0.513893702812269, "diversity": 0.3621277509884836, "efficiency": 0.31649416549060316, "cost": 0.8857194776391928, "score": 0.37055096613732597}