{"quality": 0.634252768496335, "novelty": 0.7912994949272103, "diversity": 0.1333354782754475, "efficiency": 0.41016877531683055, "cost": 0, "score": 0.47629311623331716}