{"quality": 0.7571248692542257, "novelty": 0.7388918527765808, "diversity": 0.9507997545193552, "efficiency": 0.8281039231296153, "cost": 0.24426237336480183, "score": 0.701809726007246}