{"quality": 0.8627177781790862, "novelty": 0.02258496552807679, "diversity": 0.6969238728718222, "efficiency": 1, "cost": 0.6389557904623901, "score": 0.4899507703638706}