{"quality": 0.2045756630286737, "novelty": 1, "diversity": 0.5533009219133398, "efficiency": 0.45522602638767334, "cost": 0.022054276668533712, "score": 0.4881113595825676}