{"quality": 0.3578950949842748, "novelty": 1, "diversity": 0.37729087689477037, "efficiency": 0.669016272495492, "cost": 0.3032431079566807, "score": 0.5028548339528922}