{"quality": 0.9848355393300694, "novelty": 0.3361303118935241, "diversity": 0.7771907356734817, "efficiency": 0.655882093881088, "cost": 0.7396591463160955, "score": 0.559337786357652}