{"quality": 0.2996965124943143, "novelty": 0.6274128808927748, "diversity": 0.38555541905198354, "efficiency": 0.8825005174727885, "cost": 0.4810733848390103, "score": 0.40814099691890193}