{"quality": 0.5972632121887311, "novelty": 0.11231735024715067, "diversity": 0.6490820722061226, "efficiency": 0.449114861501505, "cost": 0.7377613356694881, "score": 0.3306658113179085}