{"quality": 0.9582061276661941, "novelty": 0.4401434998635559, "diversity": 0.6127766588337932, "efficiency": 0.503270216710255, "cost": 1, "score": 0.4955435775390441}