{"quality": 0.7155730352089631, "novelty": 0.6286583510883916, "diversity": 0.2158003919989405, "efficiency": 0.8251957905393907, "cost": 0.5295159216560515, "score": 0.48582435314987826}