{"quality": 0.8149675835530653, "novelty": 0.6705786823419522, "diversity": 0.4272818230548534, "efficiency": 0.7620826302774475, "cost": 0.59407544771756, "score": 0.5524961600322394}