{"quality": 0.8808435114531095, "novelty": 0.4280238453269178, "diversity": 1, "efficiency": 0.5360233527526654, "cost": 0.2850940038213919, "score": 0.6231531172984228}