{"quality": 0.4722305977291771, "novelty": 0.3145065604073097, "diversity": 0.1974595028499428, "efficiency": 0.9145286147894232, "cost": 0.5365999004848727, "score": 0.3433070221604953}