{"quality": 0.7359467561429918, "novelty": 0.2937643603763492, "diversity": 0.4473341817362209, "efficiency": 1, "cost": 0.9873895317813886, "score": 0.43495300010609017}