{"quality": 0.41422464282800425, "novelty": 0.12747433985626544, "diversity": 0.7488941509392073, "efficiency": 0.29461785113403494, "cost": 0, "score": 0.3501074856704144}