{"quality": 0.09111473447696458, "novelty": 0.3381577957344423, "diversity": 1, "efficiency": 0.7185973555267112, "cost": 0.3163070001569739, "score": 0.38803277259000923}