{"quality": 0.3115743933056477, "novelty": 0.46224898470034465, "diversity": 0.8871333193289531, "efficiency": 0.21015217249536944, "cost": 1, "score": 0.31798405390687656}