{"quality": 0.6413673713153845, "novelty": 0.23050124271568592, "diversity": 0.12839137454968258, "efficiency": 0.7894029340112985, "cost": 0.4484713570786472, "score": 0.3492771013773034}