{"quality": 0.695585805413663, "novelty": 0.317807017867072, "diversity": 0.3830247410693294, "efficiency": 0.6118118959029635, "cost": 0.6130172979954068, "score": 0.3952024988906366}