{"quality": 0.7372817221218124, "novelty": 0.25004432948041677, "diversity": 0.2013305959065705, "efficiency": 0.7624709642080421, "cost": 0.7826680245535497, "score": 0.3600655603638133}