{"quality": 0.37296425023445334, "novelty": 0.15463946662084666, "diversity": 0.634271105539145, "efficiency": 0.9234743046238061, "cost": 0.4053064569438006, "score": 0.3753938628325676}