{"quality": 0.22325127024028368, "novelty": 0.06346358095943025, "diversity": 0.7439119062065189, "efficiency": 0.8542437134096248, "cost": 0.4933799077684523, "score": 0.31042222378784495}