{"quality": 0.8135418885262329, "novelty": 0.7791910557774275, "diversity": 0.6005908220874763, "efficiency": 0.08780153744715388, "cost": 0.8641477197388392}