{"quality": 0.4664836019111213, "novelty": 0.32546250562276163, "diversity": 1, "efficiency": 1, "cost": 0.15244551200774187, "score": 0.5560661557782526}