{"quality": 0.5497419735074525, "novelty": 0.8583758485675994, "diversity": 0.5731457374659057, "efficiency": 0.4752527617954396, "cost": 0.5874200909665512}