{"quality": 0.1916590677769761, "novelty": 0.7445033938686205, "diversity": 0.7883071018757273, "efficiency": 0, "cost": 0.09083987635350024, "score": 0.39220100154004345}