{"quality": 0.15203122634352684, "novelty": 0.7579823933210803, "diversity": 0.1731440368649519, "efficiency": 0.5252423715393171, "cost": 0.522179869924092, "score": 0.29630214234480684}