{"quality": 0.26722962494176455, "novelty": 0.8717535011246534, "diversity": 0.5427291139781065, "efficiency": 0.5201210166927752, "cost": 0.48243580052067614, "score": 0.4364276580111627}