{"quality": 0.4756045797319399, "novelty": 0, "diversity": 0.7686714938937586, "efficiency": 0.21234200107396095, "cost": 0.37691515969785183, "score": 0.29057545688964265}