{"quality": 0.40563326959059215, "novelty": 0.16798313019681027, "diversity": 0, "efficiency": 0.7736685188654163, "cost": 0.9078326441890063, "score": 0.18895277683729203}