{"quality": 0.37224472239253936, "novelty": 0.8669716157683361, "diversity": 0.6975986557079003, "efficiency": 0.1008487470613216, "cost": 0.45786173005939057, "score": 0.4372771908546851}