{"quality": 0.2597484057178356, "novelty": 0.8831831747298846, "diversity": 0, "efficiency": 0.45313948410060134, "cost": 0.7727298426319477, "score": 0.28941825374971725}