{"quality": 0.6725681906476079, "novelty": 0.014932539257478672, "diversity": 1, "efficiency": 0.6186575864975883, "cost": 0.9134266162245097, "score": 0.4069595683608393}