{"quality": 0, "novelty": 0.878634922430716, "diversity": 1, "efficiency": 0.519911065334556, "cost": 0.2039045031706383, "score": 0.47725494009079855}