{"quality": 0.29399227315721543, "novelty": 0.6969223450389033, "diversity": 0.8755298107681668, "efficiency": 0.12042444679538757, "cost": 0.3801722462403194, "score": 0.4175806727558}