{"quality": 1.0, "novelty": 0.0, "diversity": 0.7509906874082124, "efficiency": 0.24144548600171084, "cost": 0.4239111647553874}