{"quality": 0.5572581432214552, "novelty": 0.6663434179960894, "diversity": 0.2368289326101015, "efficiency": 0.9121031343287207, "cost": 0.9201092336210668, "score": 0.4259336307746806}