{"quality": 0.5537809470892445, "novelty": 1, "diversity": 0.5656149647394413, "efficiency": 0.5938636977563424, "cost": 0.30947738444190187, "score": 0.5873890932939229}