{"quality": 0.7821684734675061, "novelty": 0.16255982674912894, "diversity": 0.40980271544208996, "efficiency": 0.0021538873644053325, "cost": 0.576871801362788, "score": 0.29988694478433403}