{"quality": 0.13857198671645543, "novelty": 0.8742825155317637, "diversity": 0.47184004203586527, "efficiency": 0.8355032919593304, "cost": 0.13158068508734988, "score": 0.4666776585902152}