{"quality": 0.4512901299845751, "novelty": 0.7429002619598787, "diversity": 0.5351775416196087, "efficiency": 0.5289017613141695, "cost": 0.4051823610928145, "score": 0.46696464089710793}