{"quality": 1, "novelty": 0.8529803521853021, "diversity": 0.6259554266716567, "efficiency": 0.2097849238813294, "cost": 0.9778189807818756, "score": 0.5721220138846687}