{"quality": 0.6169808676067856, "novelty": 0.2425554324423384, "diversity": 0.6844255904220046, "efficiency": 0.3914466422268769, "cost": 0.4034336976056006, "score": 0.40099186305049267}