{"quality": 0.5040246718875687, "novelty": 0.40644144041886787, "diversity": 0.27372653021178234, "efficiency": 0.13376661190038583, "cost": 0.07201241003692102, "score": 0.32042681849470983}