{"quality": 0.7765602600738104, "novelty": 0.18910440865879657, "diversity": 0.24991938710957845, "efficiency": 0.41088895590586194, "cost": 0.7770446012108783, "score": 0.3141569408735494}