{"quality": 0.5812175944757956, "novelty": 0.6413575501634666, "diversity": 0.9566568262875106, "efficiency": 0.2613528254577422, "cost": 0.7924310686208255, "score": 0.48599584809768615}