{"quality": 0.6350939608787407, "novelty": 0.299222991171391, "diversity": 0.6776931927321312, "efficiency": 0.48833583904811245, "cost": 0.30826920226095067, "score": 0.4432960302340179}