{"quality": 0.7507816568088586, "novelty": 0.6872874237527689, "diversity": 0.9168674373392642, "efficiency": 0.3891883526527224, "cost": 0.43048042351966037, "score": 0.5957600509946449}