{"quality": 0.3447950054464614, "novelty": 0.43564697011578885, "diversity": 0.4502179570565401, "efficiency": 0, "cost": 0.405755342535299, "score": 0.26181830132066375}