{"quality": 0.6835389856176609, "novelty": 0.38417433770484666, "diversity": 0.4452020174400387, "efficiency": 0.9584053511743751, "cost": 0, "score": 0.5339064862756739}