{"quality": 0, "novelty": 0.49711163021670207, "diversity": 0.11037841095396717, "efficiency": 0.3006289095834607, "cost": 0.3712419783021597, "score": 0.1543237283522721}