{"quality": 0.7449056363614339, "novelty": 0.4012814363796293, "diversity": 0.7389079704459081, "efficiency": 0.8548982825651047, "cost": 0.8703470028599887, "score": 0.5127736861912859}