{"quality": 0.9643040559296492, "novelty": 0.07430822078712834, "diversity": 0.13424016900640395, "efficiency": 0.695902473067461, "cost": 0.37379014917798414, "score": 0.40172266181927835}