{"quality": 0.3042622255908525, "novelty": 0.6231051715465974, "diversity": 0.3245998622371813, "efficiency": 0.05393009809755461, "cost": 0.7444360056862237, "score": 0.24562084715735216}