{"quality": 0.9415132440406787, "novelty": 0.621278218150531, "diversity": 0.9310122422205597, "efficiency": 0.7056716821787559, "cost": 0.6441445377982433, "score": 0.6654122747409373}