{"quality": 0, "novelty": 0.5240143577546511, "diversity": 0.7274385548880546, "efficiency": 0.8194182650893092, "cost": 0.1958075198260833, "score": 0.3798232881970617}