{"quality": 0.38194745892381854, "novelty": 0.8376821807865784, "diversity": 0.921133125729936, "efficiency": 0.17801393878498162, "cost": 0.1705921502792165, "score": 0.517874283809603}