{"quality": 0.15832703746030458, "novelty": 0.5331846549186781, "diversity": 0.4165883825183682, "efficiency": 0.4000431130412824, "cost": 0.9334636820942435, "score": 0.23077205021820255}