{"quality": 0.6846920504990736, "novelty": 0.9844861119429756, "diversity": 0.6543347886246705, "efficiency": 0.8545351182715102, "cost": 0.8331154042733688, "score": 0.6272648281737898}