{"quality": 0.7314929397503405, "novelty": 0.48729633864759075, "diversity": 1, "efficiency": 0.9461394832358099, "cost": 0.8508302391742422, "score": 0.598109865154947}