{"quality": 0.6540928394161806, "novelty": 0.4184046216226813, "diversity": 0.003019894660300282, "efficiency": 0.3631331707582977, "cost": 0.6531580973177824, "score": 0.290587152044551}