{"quality": 0.7331767092572243, "novelty": 0.5184871280682828, "diversity": 0.6251414804554634, "efficiency": 0.0, "cost": 0.10057856324793175}