{"quality": 0.8523288373828861, "novelty": 0.9273373645541059, "diversity": 0.10850635142858, "efficiency": 0.7775216345049296, "cost": 0.13379300808137806, "score": 0.61248320700671}