{"quality": 0, "novelty": 0.14058550967529404, "diversity": 0.658758990453223, "efficiency": 0.7277463601670423, "cost": 0.6127855999548439, "score": 0.21478156953904007}