{"quality": 0.4965593996466592, "novelty": 0.5730974004410667, "diversity": 0.9662319135207141, "efficiency": 0.02563340038979184, "cost": 0.3744155635320242}