{"quality": 0.5466236872855615, "novelty": 0.8910660649774289, "diversity": 0.8347597151203014, "efficiency": 0.1347089996014047, "cost": 0.8303929126418756, "score": 0.49087262413010907}