{"quality": 0.4628338774939829, "novelty": 0.6716811951652806, "diversity": 0.9609168332018245, "efficiency": 0.4942327658384147, "cost": 0.1490133237798179, "score": 0.5581874111776604}