{"quality": 0.7874660855758823, "novelty": 0.10251846759709524, "diversity": 0.3843553848771739, "efficiency": 0.7828409447132549, "cost": 0.14635888830501273, "score": 0.4415307724239602}