{"quality": 0.5778305158148731, "novelty": 0.47831215158242946, "diversity": 0.07011286128947775, "efficiency": 0.6567877383604872, "cost": 0.08646099867253176, "score": 0.39682182578478475}