{"quality": 0.6603304801213543, "novelty": 0.8718569795071075, "diversity": 0.7590224055285395, "efficiency": 1, "cost": 0.805036460250065, "score": 0.6373642239938846}