{"quality": 0.36814790745765785, "novelty": 0.7744738639734814, "diversity": 0.8923530227757492, "efficiency": 0.2863748821237436, "cost": 0.5251902216790201, "score": 0.47297065293647705}