{"quality": 0.26303386522663114, "novelty": 0.6838720361498593, "diversity": 0.7044910121882523, "efficiency": 0.8505644499158435, "cost": 0.2126045221866904}