{"quality": 0.3036654326305018, "novelty": 1, "diversity": 0.9347609005619855, "efficiency": 0.5251751837859141, "cost": 0.31381925744790257, "score": 0.5754461617246445}