{"quality": 0.3831289245833285, "novelty": 0.9588712012674192, "diversity": 0.2200512250579984, "efficiency": 0.8360591002445124, "cost": 0.4249628834097191, "score": 0.48157929939915795}