{"quality": 0.38199363773292877, "novelty": 0.6647791988135909, "diversity": 0.8470701681092546, "efficiency": 0.9086114607629109, "cost": 0.3673878018947365}