{"quality": 0.6233450410408917, "novelty": 0.5063882373350864, "diversity": 0.4525774184780428, "efficiency": 0.9712597029399226, "cost": 0.7673264236762709, "score": 0.473072368415009}