{"quality": 0.5182687067139806, "novelty": 0.8603117951477252, "diversity": 0.60478599510397, "efficiency": 1.0, "cost": 0.936095525093205}