{"quality": 0.6754816075494687, "novelty": 0.764877731633118, "diversity": 0.11880188676708653, "efficiency": 0.21191717306061708, "cost": 0.48952381858247046, "score": 0.40045948662738295}