{"quality": 0.9947111426949079, "novelty": 0.10765346218497274, "diversity": 0.896450781945298, "efficiency": 0.005082628429125935, "cost": 0.13850299828100315, "score": 0.49152895918004375}