{"quality": 0.8721408852698964, "novelty": 0.28196594213975984, "diversity": 0.7753639512153968, "efficiency": 0.8320710540318055, "cost": 0.2328687838945725, "score": 0.5887303210743019}