{"quality": 0.1955156286040338, "novelty": 0.3201415559065515, "diversity": 0.670153800214616, "efficiency": 0.438508112558463, "cost": 0.6359208404020589, "score": 0.2749049704443348}