{"quality": 1, "novelty": 0.24412896768452577, "diversity": 0.37276119894676096, "efficiency": 0.7052713373265316, "cost": 0.14259355751397915, "score": 0.5271158265580654}