{"quality": 0.19541955921366888, "novelty": 0.07650071502086264, "diversity": 1, "efficiency": 0.35585983024029283, "cost": 0.42778964909318135, "score": 0.2883510561460421}