{"quality": 0.33642065575729013, "novelty": 0.5803746279582502, "diversity": 0.38894258779026136, "efficiency": 0.2810548603729942, "cost": 0.15546948549881917, "score": 0.3504196517808691}