{"quality": 0.33759550554260953, "novelty": 0.490318967880213, "diversity": 0.5746889434411376, "efficiency": 0.986744136718481, "cost": 0, "score": 0.48680780282883573}