{"quality": 0.840407763139531, "novelty": 0.34809743734357423, "diversity": 0.40965854938924195, "efficiency": 0.8655500848712979, "cost": 0.5173074234689553, "score": 0.4991801685394004}