{"quality": 0.9875204814538161, "novelty": 1, "diversity": 0.4705884665090131, "efficiency": 0.9716793463127433, "cost": 0.8034672145260086, "score": 0.7057790182322581}