{"quality": 0.7009792373435265, "novelty": 0.5654859153416363, "diversity": 0.8921926003384577, "efficiency": 0.6776379658532502, "cost": 0.3417314100023156, "score": 0.5975763239839146}