{"quality": 0.9492101681533077, "novelty": 0.11870930465778931, "diversity": 0.6582020186572624, "efficiency": 0.9831568598860205, "cost": 0.9041935499774753}