{"quality": 0.7102716315600346, "novelty": 0.6644433782217505, "diversity": 0.1082371352769251, "efficiency": 0.2077715624775313, "cost": 0.3955346463077568, "score": 0.392452030819687}