{"quality": 0.5042418839704971, "novelty": 0.3166032422919381, "diversity": 0.763549389515377, "efficiency": 0.7337250592095276, "cost": 0.7299142791649809, "score": 0.4202005846321401}