{"quality": 0.5197934938500641, "novelty": 0.5191246185054593, "diversity": 0.3558969384799753, "efficiency": 0.1399063375388978, "cost": 0.7038041054597023, "score": 0.3075041305622436}