{"quality": 0.0246083104364902, "novelty": 0.07481879034638517, "diversity": 0.40436169143905476, "efficiency": 0.21209058800591726, "cost": 0.8119069516870466, "score": 0.057582422037537245}