{"quality": 0.5965596960281002, "novelty": 0.94180045507569, "diversity": 0.7077708824678663, "efficiency": 0, "cost": 0.9384867021749738, "score": 0.4621235288534285}