{"quality": 0.8070452985602425, "novelty": 0.449602291120823, "diversity": 0.12181792265008318, "efficiency": 0.4126066353894918, "cost": 0.403153799656475, "score": 0.4004533622210714}