{"quality": 0.7515880076656266, "novelty": 0.003599420212324067, "diversity": 0.28903677759261126, "efficiency": 1, "cost": 0.5158692614521421, "score": 0.38259668672607705}