{"quality": 0, "novelty": 0, "diversity": 0.23031516561628385, "efficiency": 0.21183549298462684, "cost": 0.4528380298615526, "score": 0.03255455408479554}