{"quality": 0.5909022688164975, "novelty": 0, "diversity": 0.8090175866422946, "efficiency": 0.7554825278601579, "cost": 0, "score": 0.45239657715243187}