{"quality": 0.46117229252587605, "novelty": 0.21767204442946744, "diversity": 0.2794692879510575, "efficiency": 0.42750393472257886, "cost": 0.29228064916377783, "score": 0.2835610817473502}