{"quality": 0.4180149707689698, "novelty": 0.6436749165572543, "diversity": 0.5224767322678188, "efficiency": 0.6887994630954485, "cost": 0.6215198912475708, "score": 0.43198649716312854}