{"quality": 0.31005356672275464, "novelty": 0.41346046350811894, "diversity": 0.5590567366262666, "efficiency": 0.11407725158302906, "cost": 0.41032207937418763, "score": 0.284271913019145}