{"quality": 0.8094708618737826, "novelty": 0.4202526856251978, "diversity": 0.17234559317555226, "efficiency": 0.43745966693670496, "cost": 0.028621113792640762, "score": 0.44513038726478626}