{"quality": 0.6042159840058203, "novelty": 0.9272880095897117, "diversity": 0.3191563490528659, "efficiency": 1, "cost": 0.7965382623367405, "score": 0.5472642411760731}