{"quality": 0.4159483768083949, "novelty": 0, "diversity": 0.6943047397744995, "efficiency": 0.5618976319553409, "cost": 0.6685818700027214, "score": 0.28107191879044735}