{"quality": 0.8542323258969257, "novelty": 0.7996989843499018, "diversity": 0.3946195038516275, "efficiency": 0.6849758642894913, "cost": 0.8403400881551005, "score": 0.5538307154547923}