{"quality": 0.6670256427327711, "novelty": 0.980939444862912, "diversity": 0.7640488275299049, "efficiency": 0.3525609129668818, "cost": 0.1106949615911115}