{"quality": 0.3512477513912475, "novelty": 0.5748989579105794, "diversity": 0.6638975983795996, "efficiency": 0.2764409269147179, "cost": 0.24777992194233006, "score": 0.39856673141391374}