{"quality": 0.43518442424314013, "novelty": 0.5459485784118963, "diversity": 0.8065418626514427, "efficiency": 0.2748046274448252, "cost": 0.6387994677687072, "score": 0.40569159174605773}