{"quality": 0.594657009431184, "novelty": 1.0, "diversity": 0.9934190247826886, "efficiency": 0.6009640772361913, "cost": 0.8559753234238608}