{"quality": 0.18841862924714226, "novelty": 0.5304353585354931, "diversity": 0.7321312194723861, "efficiency": 0.469480251252166, "cost": 0, "score": 0.4059827099903181}