{"quality": 0, "novelty": 0.19107382689518657, "diversity": 0.7296634734122707, "efficiency": 0.06326862574379893, "cost": 0.4143051298395326, "score": 0.16176093228386737}