{"quality": 0.7444286491722555, "novelty": 0.14348017305949542, "diversity": 0.6242624879949582, "efficiency": 0, "cost": 0, "score": 0.3840511356155421}