{"quality": 0.5834224163775716, "novelty": 0.02165478768329937, "diversity": 0, "efficiency": 0.414032457056741, "cost": 0.6179275083824347, "score": 0.180752539554364}