{"quality": 0.08786129003928372, "novelty": 0.4488472499160714, "diversity": 0.8943394560853646, "efficiency": 0.25733980313223187, "cost": 0, "score": 0.35603906117771067}