{"quality": 0.9275158366128038, "novelty": 0.5193026365189033, "diversity": 0.43447244636519045, "efficiency": 0.7423047703050183, "cost": 0.9833352290901851, "score": 0.5079870920233392}