{"quality": 0.8840148265756075, "novelty": 0.8485180296097425, "diversity": 0.8376633357256322, "efficiency": 0.3537288529652083, "cost": 0.9289480226738206}