{"quality": 0.09696967723186517, "novelty": 0.6245139882490356, "diversity": 0.05802119027211608, "efficiency": 0.33055174766693934, "cost": 0.6840059632407258, "score": 0.17800580411220995}