{"quality": 0.3923043118104681, "novelty": 0.78738267666827, "diversity": 0.8808353540474976, "efficiency": 0.52123225929332, "cost": 0.3312857899227325, "score": 0.5357602934214322}