{"quality": 0.6034538942392775, "novelty": 0.9731677647612811, "diversity": 0.44621953456409835, "efficiency": 0.2855747135696893, "cost": 0.9461858554497546, "score": 0.46178963786540117}