{"quality": 0.9121502364061328, "novelty": 0.4594000264036317, "diversity": 0.8487306540695502, "efficiency": 0.14293163494293032, "cost": 0.2361139755995257}