{"quality": 0.4607476537985221, "novelty": 0.32669605872948954, "diversity": 0.8100319559844538, "efficiency": 0.2042492682305277, "cost": 1, "score": 0.3125420922533989}