{"quality": 0.5792624364842185, "novelty": 0.6033328584393056, "diversity": 0.6002249891381357, "efficiency": 0.6502469031229196, "cost": 0.563673411456679, "score": 0.4858266377054892}