{"quality": 0.3004165138735235, "novelty": 0.7276702166929203, "diversity": 0.6209350250422949, "efficiency": 0.005544798290727876, "cost": 0.45684060001697946, "score": 0.35137717308565736}