{"quality": 0.6775326578634975, "novelty": 0.3767743396179656, "diversity": 0.13247875132445686, "efficiency": 0.8915927915678182, "cost": 0.11371389896956216}