{"quality": 0.7440717622391133, "novelty": 0.5876117281120802, "diversity": 0.6184009367614367, "efficiency": 0.4962446070666096, "cost": 0.2772592478852167, "score": 0.5405154143235111}