{"quality": 0.8853148506385792, "novelty": 0.832705880432493, "diversity": 0.5600337825353812, "efficiency": 0.19167634827071084, "cost": 0.5332114305349394, "score": 0.561207990993886}