{"quality": 0, "novelty": 0.783886698829281, "diversity": 0.3034586975669745, "efficiency": 0.6422939786186468, "cost": 0.20597403271369105, "score": 0.332410107742143}