{"quality": 0.16668424945135063, "novelty": 0.5036115602586007, "diversity": 0.4849238435890485, "efficiency": 0.6619204420816751, "cost": 0.9014452743216295, "score": 0.2820364724979534}