{"quality": 0.3491135578622362, "novelty": 0.5927253887412367, "diversity": 0.12203120331682793, "efficiency": 0.09808176872234603, "cost": 1, "score": 0.19203392051569754}