{"quality": 0.22519834762924462, "novelty": 0.5949858422006142, "diversity": 0.4824014101329529, "efficiency": 0.6594208896248682, "cost": 0.9768656111294618, "score": 0.31401281919630164}