{"quality": 0.19714243636560908, "novelty": 0.42232186397254495, "diversity": 0.21357877369668443, "efficiency": 0.022846706057348953, "cost": 0.5721883958711982, "score": 0.15364711796363836}