{"quality": 0.4101369148029942, "novelty": 0.2339067043008859, "diversity": 0.3082177488630823, "efficiency": 0.013553187209487783, "cost": 0.8297829799855252, "score": 0.16221598037160684}