{"quality": 0.2674263767516757, "novelty": 0.20014153962415349, "diversity": 0.061640344174748174, "efficiency": 0.6898256416189016, "cost": 0.0207585750953323, "score": 0.2439893554997927}