{"quality": 0.22189971202700498, "novelty": 0.37695350043608367, "diversity": 0.6850298546253987, "efficiency": 0.7586046468642522, "cost": 0.8079079141792151, "score": 0.3308141652539185}