{"quality": 0.6972762734167799, "novelty": 0.36385652263737167, "diversity": 0.27312268567780773, "efficiency": 0, "cost": 0.4982408592113725, "score": 0.3049474638988012}