{"quality": 0.1310732213667553, "novelty": 0.27793190811859364, "diversity": 0.31066123328193856, "efficiency": 0.1933359331099868, "cost": 0.5271146135947551, "score": 0.14722611870308522}