{"quality": 0.5074111073308648, "novelty": 0.2014022067244247, "diversity": 0.5115029689962886, "efficiency": 0.3131068397220329, "cost": 0.39806287005113017, "score": 0.3120342166328152}