{"quality": 0.06137557932437615, "novelty": 0.2046729481160976, "diversity": 0.4297758801347943, "efficiency": 0.07176818623091366, "cost": 0.6828966160765579, "score": 0.09801165318027737}