{"quality": 0.9431582570362955, "novelty": 0.3830179553817181, "diversity": 0.08775083370619752, "efficiency": 0.483104743188088, "cost": 0.7588289602911942, "score": 0.39283494814665143}