{"quality": 0.207956067718572, "novelty": 0.1843252922990441, "diversity": 0, "efficiency": 0.718474600978704, "cost": 0.3462688581648024, "score": 0.18161244772065796}