{"quality": 0.8337796365927754, "novelty": 0.05741726064766625, "diversity": 0.7185124633846297, "efficiency": 0.19042104925990944, "cost": 0.6991006163538792, "score": 0.3668437945702736}