{"quality": 0.7551219108634487, "novelty": 0.5895521835956667, "diversity": 0.8685424730801827, "efficiency": 0.5822761028535931, "cost": 0.5797588148233992, "score": 0.5769986477196869}