{"quality": 0.4578750995105822, "novelty": 0.377519941299796, "diversity": 0.6094191265021285, "efficiency": 0.8623476576107958, "cost": 0.983229839171867, "score": 0.38465550520298203}