{"quality": 0.5007455651952057, "novelty": 0.7346300955178351, "diversity": 0.5183187652956704, "efficiency": 0.5876949166483348, "cost": 1, "score": 0.4256991839944049}