{"quality": 0.7098203687744311, "novelty": 0.5488696233978465, "diversity": 0.4649388472502276, "efficiency": 0.4511759618327603, "cost": 0.343330718830542, "score": 0.47649460832369633}