{"quality": 1, "novelty": 0.342432228255216, "diversity": 0.0881810305767507, "efficiency": 0.8170330605428284, "cost": 0.3696462259442651, "score": 0.4888345996661519}