{"quality": 1, "novelty": 0.0862198989565518, "diversity": 0.497732535186435, "efficiency": 1, "cost": 0.42689071204769186, "score": 0.5284124105716558}