{"quality": 0.3780042420701758, "novelty": 0.32806519781272464, "diversity": 0.0020088208936278884, "efficiency": 0.22765314922447433, "cost": 0.013663154298141772, "score": 0.22860099320681643}