{"quality": 0, "novelty": 1, "diversity": 0.07873424600484452, "efficiency": 0.026928026215566198, "cost": 0.35450141767631105, "score": 0.23433591136567272}