{"quality": 0.22282957455716593, "novelty": 0.7994706442163152, "diversity": 0.1457486108552003, "efficiency": 0.43208460088141415, "cost": 0.8869199645393323, "score": 0.27198694927054756}