{"quality": 0.18369256483579668, "novelty": 0.08350026063491492, "diversity": 0.32873174048871456, "efficiency": 0.2882267332112265, "cost": 0.214665730238429, "score": 0.1634966196650517}