{"quality": 0.44824048360238133, "novelty": 0.8066434524894216, "diversity": 0.5431823107461164, "efficiency": 1, "cost": 0.8445853012222714, "score": 0.510310940230066}