{"quality": 0.8302923438557742, "novelty": 0.42462064746212697, "diversity": 0.3085551565818509, "efficiency": 0.4869412872183817, "cost": 0.05552247019855533, "score": 0.4844428424015359}