{"quality": 0.5136656535579887, "novelty": 0.6138987499613404, "diversity": 0, "efficiency": 0.7333103559270187, "cost": 0.7228302014594022, "score": 0.34528791680084425}