{"quality": 0.5928081221753791, "novelty": 0.28774238538161123, "diversity": 0, "efficiency": 0.17105086822417212, "cost": 0.5150081083336704, "score": 0.22393485239827532}