{"quality": 0.6138325586504485, "novelty": 0.7801398237356165, "diversity": 0.8006310309386822, "efficiency": 0.08484265697566226, "cost": 0.3411054835978016, "score": 0.5179267799033443}