{"quality": 0.6098086171157238, "novelty": 0.6652720312857251, "diversity": 0.8072378476170046, "efficiency": 0.8502349674775032, "cost": 1.0}