{"quality": 0.7124320988734958, "novelty": 0.05290090067397435, "diversity": 0.9140126882484209, "efficiency": 0.8219165772846321, "cost": 0.47015807598289233, "score": 0.4860290714746321}