{"quality": 0, "novelty": 0, "diversity": 0.792402276593045, "efficiency": 0.8026536410178825, "cost": 0.6632687026147137, "score": 0.21255163120981996}