{"quality": 0.11393384075447868, "novelty": 0.1568284141847145, "diversity": 0.09449324357184391, "efficiency": 0, "cost": 0.6004308128654756, "score": 0.03224282320034344}