{"quality": 0.661982792051002, "novelty": 0.20648569417992713, "diversity": 0.33802726858208554, "efficiency": 0.5756739789141587, "cost": 0.2552907241679126, "score": 0.3786437392970321}