{"quality": 0.40007758176299457, "novelty": 0.3377721618480619, "diversity": 0.8840717069183309, "efficiency": 0, "cost": 0.023085824193244286, "score": 0.3789720739552556}