{"quality": 0.9538962452273323, "novelty": 0.5659774226352683, "diversity": 0.5994263226470533, "efficiency": 0.8555135578592026, "cost": 0.039057604627636744, "score": 0.6719697669725442}