{"quality": 0.4868455020941159, "novelty": 0.4689200246784866, "diversity": 0.6353212837600617, "efficiency": 0.09971070623975323, "cost": 0.9155220613378605, "score": 0.3137523133520457}