{"quality": 0.4207855142991016, "novelty": 1, "diversity": 0.29608203994613436, "efficiency": 0.7969433338769346, "cost": 0.6038316651187952, "score": 0.49461039584861805}