{"quality": 0.7619834482289732, "novelty": 0.3134983123244737, "diversity": 0, "efficiency": 0.7073663140357578, "cost": 1, "score": 0.31307455965517406}