{"quality": 0.9768341126227311, "novelty": 0.39519105837145796, "diversity": 0.5566305147536676, "efficiency": 0.07551057000482533, "cost": 0.18036668524697677, "score": 0.4964640183064436}