{"quality": 0.29523409742866086, "novelty": 0.8389005158696718, "diversity": 0.9567796786678016, "efficiency": 0.1095313890292118, "cost": 0.29895818261568785, "score": 0.47618518402238946}