{"quality": 0.7385604700988452, "novelty": 0.8238085895282448, "diversity": 0, "efficiency": 0.8357614084819303, "cost": 0.04220352795951737, "score": 0.5486641468880525}