{"quality": 0.60048026187069, "novelty": 0.9514150583471668, "diversity": 0.3898243955885529, "efficiency": 0.9476285588699822, "cost": 0.7397053138876599, "score": 0.5641364747074407}