{"quality": 0.8083083873107797, "novelty": 0.10089609339783032, "diversity": 0.026332396330522256, "efficiency": 0.13850053645337818, "cost": 0.5520691909508992, "score": 0.23855118018171276}