{"quality": 0.7520396030418091, "novelty": 1, "diversity": 1, "efficiency": 0.6077852189488204, "cost": 0.43463731459042343, "score": 0.7233159322958234}