{"quality": 0.7154554795383474, "novelty": 0.4463727476517091, "diversity": 1, "efficiency": 0.9230964604751211, "cost": 0.6393066353115394, "score": 0.6007636363145458}