{"quality": 0.3471174136724446, "novelty": 0.6704797096340664, "diversity": 0.8242504604651084, "efficiency": 0.7596416992800199, "cost": 0.729720753131661, "score": 0.47757942318210855}