{"quality": 1, "novelty": 0.2657081634172451, "diversity": 1, "efficiency": 0.38495192282460533, "cost": 0.744473212156049, "score": 0.5497225080623971}