{"quality": 0.8277133691498555, "novelty": 0.5160507876338352, "diversity": 1, "efficiency": 1, "cost": 0.613034818157318, "score": 0.6660232258376837}