{"quality": 0.8643127584757538, "novelty": 0.4633763473425167, "diversity": 0.7223199172462412, "efficiency": 0.35009415075507366, "cost": 0.07335727861317493, "score": 0.5647802925795471}