{"quality": 0.08211146283386886, "novelty": 0.22423928987632358, "diversity": 0.7782628494636887, "efficiency": 0.03049845151775296, "cost": 0.9628069697708266, "score": 0.1446399019625596}