{"quality": 0.4747157204100554, "novelty": 0.13958547708415076, "diversity": 0.40069697209923444, "efficiency": 0.09964549682683044, "cost": 1, "score": 0.1723973043379258}