{"quality": 0.5135416671663895, "novelty": 0.4461751250792906, "diversity": 0.06805913146688092, "efficiency": 0.6055326240180369, "cost": 0.43809123530610605, "score": 0.32623887778521066}