{"quality": 0.06653178922813607, "novelty": 0.22541422286824897, "diversity": 0.5605840932756188, "efficiency": 0.21910631708204154, "cost": 0, "score": 0.22129585870293306}