{"quality": 0.48287691086045187, "novelty": 0.21818507325182168, "diversity": 0.8152519677466029, "efficiency": 0.5227987255678571, "cost": 0.26040255422740927, "score": 0.41483928853284924}