{"quality": 0.8381159359871224, "novelty": 0.41385968767885645, "diversity": 0.27187112561740406, "efficiency": 0.7122662050124191, "cost": 0.8703975717802768, "score": 0.4290741014131668}