{"quality": 0.6784775919002852, "novelty": 0.15415116029422407, "diversity": 0, "efficiency": 0.8600912894428768, "cost": 0.42511804479968274, "score": 0.32858295658010483}