{"quality": 0.29301361348241356, "novelty": 0.24424208640445927, "diversity": 0.17069406564184592, "efficiency": 0.4655373943181602, "cost": 0, "score": 0.2529340279219321}