{"quality": 0.41889734583554894, "novelty": 0.9174557446665595, "diversity": 0.031148570211397775, "efficiency": 0.2205645819973237, "cost": 0.43171467123229096, "score": 0.3511760741359536}