{"quality": 0.709797458834864, "novelty": 0.08440536905649414, "diversity": 0.029663772785622572, "efficiency": 0.25315850534862805, "cost": 0.30130914235666323, "score": 0.2478161960383351}