{"quality": 1, "novelty": 1, "diversity": 0.1789387062765736, "efficiency": 0.18157615218741432, "cost": 0.7262956597849637, "score": 0.5403945981049305}