{"quality": 0.10896860903029149, "novelty": 0.4060853729418418, "diversity": 0.30088227350392777, "efficiency": 0, "cost": 0.4950980034363897, "score": 0.14487858030169448}