{"quality": 0.19035135613976178, "novelty": 0.8177092257486628, "diversity": 0.9007428358526672, "efficiency": 0.5969097960435844, "cost": 0.9298373559905904}