{"quality": 0.46450996181057125, "novelty": 0.9047778695029394, "diversity": 1, "efficiency": 0.6957729081573572, "cost": 0.5358900888525298, "score": 0.6163243832572568}