{"quality": 0.3071384498979782, "novelty": 0.27600890533165046, "diversity": 0.19516026473672027, "efficiency": 0, "cost": 0.20792852340856754, "score": 0.17938296190879335}