{"quality": 0, "novelty": 0.6385663006165895, "diversity": 0.5698198053335584, "efficiency": 1, "cost": 0, "score": 0.42360553622085906}