{"quality": 1.0, "novelty": 0.3003808797671999, "diversity": 0.5184664897954091, "efficiency": 0.5912324677212819, "cost": 0.26972872863150654}