{"quality": 0.07506067547924904, "novelty": 0.1486991178203184, "diversity": 0.7207432995518996, "efficiency": 0.4234037800232254, "cost": 0.5132509856530783, "score": 0.2160271104474102}