{"quality": 0.009457525046190962, "novelty": 0.7793089155329226, "diversity": 0.8277020598226206, "efficiency": 0.10395832322757559, "cost": 0.13082140372507084, "score": 0.36571650647324133}