{"quality": 0.9411209221469755, "novelty": 0.6666140561208275, "diversity": 0.24331837080048113, "efficiency": 0.8190937264149258, "cost": 0.9388956416717559}