{"quality": 0.22034786784781868, "novelty": 0.4151158214314635, "diversity": 0, "efficiency": 0.6857561512830852, "cost": 0, "score": 0.2727467384046743}