{"quality": 0.37517990902324216, "novelty": 0.12481867932591242, "diversity": 0.8506213466807162, "efficiency": 0.3784582744796259, "cost": 0.4835774503866672, "score": 0.3222939080078711}