{"quality": 0.4571485787721806, "novelty": 0, "diversity": 0.08675185841792205, "efficiency": 0.293877372481718, "cost": 0.49575267689978386, "score": 0.14900128349751793}