{"quality": 0.416626374200545, "novelty": 0.721319505006071, "diversity": 0.22746622318035284, "efficiency": 0.21906301296786984, "cost": 0.7332979715076209, "score": 0.3103406879421702}