{"quality": 0.715035469356461, "novelty": 0.22303728795045769, "diversity": 0.6051665090663378, "efficiency": 0.3660889657924182, "cost": 0.3004929184925923, "score": 0.41616731762742376}