{"quality": 0.7736921062571945, "novelty": 0.4940439495879572, "diversity": 0.8757523738916926, "efficiency": 0.1952827614304914, "cost": 0.8136011097291355, "score": 0.47870139729414635}