{"quality": 0.05773043348510673, "novelty": 0.15894441071551288, "diversity": 0.028097468186899316, "efficiency": 0.5120188944820173, "cost": 0.15672527865240454, "score": 0.12380503266885223}