{"quality": 0.0637505462553063, "novelty": 0.25164173097723724, "diversity": 0.5582248876448672, "efficiency": 0.6173497992269128, "cost": 0.4917390813385448, "score": 0.2371091359000571}