{"quality": 1, "novelty": 0.3123979217989917, "diversity": 0.3698034036908338, "efficiency": 0.7509983673473855, "cost": 0.46112472710373986, "score": 0.5185974435796484}