{"quality": 1, "novelty": 0.07464684977279842, "diversity": 0.990573564077007, "efficiency": 0.354969769353622, "cost": 0.11754329710711373, "score": 0.558267560950933}