{"quality": 0.35113332917088935, "novelty": 0.7924433123405343, "diversity": 0.39844942216312046, "efficiency": 0.5048765130509099, "cost": 0.6279876694252318, "score": 0.3960734212841378}