{"quality": 0.7827072377689039, "novelty": 0.4295232251037805, "diversity": 0.3307203952014898, "efficiency": 0.08927453007033238, "cost": 0.29331577857667895, "score": 0.3923966582997962}