{"quality": 0.11370184125550997, "novelty": 0.22065070780841217, "diversity": 0.38623953509999587, "efficiency": 1, "cost": 0.16519780640258738, "score": 0.3000013557084965}