{"quality": 0.1809189177127662, "novelty": 0.5755878418018519, "diversity": 0.10345155149540125, "efficiency": 0.31400650355021575, "cost": 0.2319691325174025, "score": 0.24276700834416517}