{"quality": 0.12759804227350058, "novelty": 0.7144662506432184, "diversity": 0.5560792917090555, "efficiency": 0.5304098435061918, "cost": 0, "score": 0.40767331021059466}