{"quality": 0.7764547119338764, "novelty": 0.3039416115936867, "diversity": 0.5125616278801957, "efficiency": 0.3921974493373073, "cost": 0.11461769221607426, "score": 0.4588019902336124}