{"quality": 0.3427777833300749, "novelty": 0.19802502595193552, "diversity": 0.8738713498860234, "efficiency": 0.5726201411257165, "cost": 0.8390658888850442, "score": 0.32910029374456407}