{"quality": 0.5901504836858776, "novelty": 0.11068401294795943, "diversity": 0.5960866036969134, "efficiency": 0.22623079713946348, "cost": 0.6738069754957048, "score": 0.29048739110348487}