{"quality": 0.2626703297893569, "novelty": 0.4335561399361387, "diversity": 0.8923539509546554, "efficiency": 0.08642503232337143, "cost": 0.8841109118412619, "score": 0.2902135877761523}