{"quality": 0, "novelty": 0.4314191704737417, "diversity": 0.18229762278062356, "efficiency": 0.2187348028086893, "cost": 0.7004729514438996, "score": 0.10707724245147356}