{"quality": 0.6383984935485166, "novelty": 0.7914990391088357, "diversity": 0.12463012747456531, "efficiency": 0.7661913164936924, "cost": 0.13552660843089331, "score": 0.5156963699676415}