{"quality": 0.34144323979554697, "novelty": 1, "diversity": 0.9453853052340667, "efficiency": 0.9137497574106683, "cost": 0.7989465619043798, "score": 0.5986778404066396}