{"quality": 0.3020711839269431, "novelty": 0.9948338338387328, "diversity": 0.4652322524054589, "efficiency": 0.47772876327519886, "cost": 0.27621459172037266}