{"quality": 0.7127882293412364, "novelty": 0.030321567519062814, "diversity": 0.49740537983047994, "efficiency": 0.7019805807171129, "cost": 0.24550379747347306, "score": 0.40164464400845223}