{"quality": 0, "novelty": 0.3634453278313882, "diversity": 0.6122537641191154, "efficiency": 0.8262869338487887, "cost": 0.6339723957027694, "score": 0.2738578852887115}