{"quality": 0.14373137931506513, "novelty": 0.9860757779984795, "diversity": 0.9412897414342898, "efficiency": 1, "cost": 0.7891792058944989, "score": 0.5489783859915475}