{"quality": 0.712211127910403, "novelty": 0, "diversity": 0, "efficiency": 0.47036311636369904, "cost": 0.2275733581843692, "score": 0.26146047000923883}