{"quality": 0.38074338570438676, "novelty": 0.776282589497693, "diversity": 0.6107026063544712, "efficiency": 0.16735647465863068, "cost": 0.3469000915412379, "score": 0.4208476464013043}