{"quality": 0.737462835655641, "novelty": 0, "diversity": 0.7352116732620031, "efficiency": 0, "cost": 0.7996360303096421, "score": 0.2883175823181287}