{"quality": 0.3876675366540773, "novelty": 0.04715802362063087, "diversity": 0.2873799696092078, "efficiency": 0.815657919550095, "cost": 0.18902503409633226, "score": 0.28901194534610347}