{"quality": 0.30836970603653824, "novelty": 0.8264295827672433, "diversity": 0.34766091628920426, "efficiency": 0.7777835479690387, "cost": 0.6219726204780871, "score": 0.42312076090816025}