{"quality": 0.41323259409269913, "novelty": 0.43081339339294, "diversity": 0.8808725749478187, "efficiency": 0.10749233983801693, "cost": 0.8556572996328036, "score": 0.3384057625780306}