{"quality": 0.11778766872361295, "novelty": 0, "diversity": 0.6329215071607994, "efficiency": 0.8334595103597959, "cost": 1, "score": 0.18693952860321314}