{"quality": 0.1394538367395345, "novelty": 0.13843367053514533, "diversity": 0.7659714288815667, "efficiency": 0.8458559559129784, "cost": 0.972621091437077, "score": 0.25925513867519906}