{"quality": 0.5298131944342983, "novelty": 0.4067076500653006, "diversity": 0.5948359549749884, "efficiency": 0.10202804440958618, "cost": 0.45032696661706706, "score": 0.34985957184134353}