{"quality": 0.5216063902468226, "novelty": 0.03495073804371174, "diversity": 0.5228844497582966, "efficiency": 0.7585017943987965, "cost": 0.8835346981355032, "score": 0.2952182908829032}