{"quality": 0.45237304668715705, "novelty": 1, "diversity": 0.23086576052161345, "efficiency": 0.3529635519634181, "cost": 0.359393200281165, "score": 0.44889027887686606}