{"quality": 0.10432250300733359, "novelty": 0.594343424507511, "diversity": 0.03688429509935358, "efficiency": 0.7325185412409961, "cost": 0.2873370639782872, "score": 0.26840354083726925}