{"quality": 0.6900194904655094, "novelty": 0.824728762614484, "diversity": 0.6756856741735657, "efficiency": 0.12798114049605683, "cost": 0.2965829285034506, "score": 0.5378640508520505}