{"quality": 0.06658352833364192, "novelty": 0.29094576226738234, "diversity": 0.24430452737273278, "efficiency": 0.6444791897561595, "cost": 0.2199754418104058, "score": 0.21624673882386805}