{"quality": 0.20375330426280974, "novelty": 0.4980191269875518, "diversity": 0.7509650704446553, "efficiency": 0.2854068160948968, "cost": 0.12510598657379873, "score": 0.3661242108715166}