{"quality": 0.4394994578339751, "novelty": 0, "diversity": 0.2442840122067319, "efficiency": 0.6977506335459356, "cost": 0.028230341733024217, "score": 0.2825462006501268}