{"quality": 0.6587101906198886, "novelty": 0.3530431263974785, "diversity": 0.6317436401294214, "efficiency": 0.17531983410517765, "cost": 0.09969398524277498}