{"quality": 0.0386572824589764, "novelty": 0.38754307298008595, "diversity": 0.36548137107207435, "efficiency": 0.7299884791503755, "cost": 0.09152304615440851, "score": 0.28192519445424474}