{"quality": 0.9038844083747946, "novelty": 0.18292198704616114, "diversity": 0.44408995811331187, "efficiency": 0.1442638160780102, "cost": 0.5171032109239576, "score": 0.37564306221594684}