{"quality": 0.27117060962267703, "novelty": 0.20121072636267115, "diversity": 0.3408178269156549, "efficiency": 0.7873715953325303, "cost": 0.7158791494206806, "score": 0.24633525421841335}