{"quality": 0.6290429274854166, "novelty": 0.9980161285969876, "diversity": 0.34835271460271755, "efficiency": 0.7208852052850546, "cost": 0.9133427878921888, "score": 0.5246859553189548}