{"quality": 0.7560886934468979, "novelty": 0.6198891601183926, "diversity": 1, "efficiency": 0, "cost": 0.4093890062499032, "score": 0.5408599974386772}