{"quality": 0.674829051262356, "novelty": 0.7378710326032814, "diversity": 0.5595629509236826, "efficiency": 0.5852264505502053, "cost": 0.6556971394431226, "score": 0.5210433173524823}