{"quality": 0.038857656184281775, "novelty": 0.6308958216308365, "diversity": 0.015812056040554606, "efficiency": 0.7904527585799643, "cost": 0.7632130393200702, "score": 0.21479027332609218}