{"quality": 0.6395484265546891, "novelty": 0.4856030057102513, "diversity": 0.4934858797807653, "efficiency": 0.14313200902779097, "cost": 0.2199484670868055, "score": 0.4114374099956107}