{"quality": 0.33522276211031793, "novelty": 0.556422793983154, "diversity": 0.8130710243410745, "efficiency": 0.29473096795073894, "cost": 0.46011077131588546, "score": 0.40048530005812105}