{"quality": 0.7141000111430609, "novelty": 0.7144407612961419, "diversity": 0.32111100217188115, "efficiency": 0.0724140072904724, "cost": 0.4892374524743396, "score": 0.4190007499474669}