{"quality": 0.9598090282158089, "novelty": 0.3484800840101538, "diversity": 0.3997272136120512, "efficiency": 0.41685225329298725, "cost": 0.13228714289760862}