{"quality": 0.508075415100292, "novelty": 0.1928168705185797, "diversity": 0.5936159475795578, "efficiency": 0, "cost": 0.14108337770553855, "score": 0.30524169390509026}