{"quality": 0.4784460473438371, "novelty": 0.5330574252965321, "diversity": 0.5075596969145797, "efficiency": 0.8357901568184758, "cost": 0.774695852753851, "score": 0.42620904815758637}