{"quality": 0.7244155638047296, "novelty": 0.9005607376258757, "diversity": 0.09229403379027493, "efficiency": 0.34312057129077206, "cost": 0.758246305043998, "score": 0.4365671154951588}