{"quality": 0.6403978524024763, "novelty": 0.844504555735837, "diversity": 0.5167786143228877, "efficiency": 0.6938626998386288, "cost": 0.49957364903739077, "score": 0.560723257591335}