{"quality": 1, "novelty": 0.6669601709004479, "diversity": 0.44707404167983567, "efficiency": 0, "cost": 0.9582112880559243, "score": 0.46033372225548663}