{"quality": 0.05781606569786313, "novelty": 0.11291518665017308, "diversity": 0.3658804354511037, "efficiency": 1, "cost": 0.024898842454829692, "score": 0.26625981921664}