{"quality": 0.4929970429794131, "novelty": 0, "diversity": 0.610794132178907, "efficiency": 0.28591084970989844, "cost": 0.5462535544762853, "score": 0.25831921133846153}