{"quality": 0.6328697912588458, "novelty": 0.2688190116937208, "diversity": 0.9242211291088731, "efficiency": 1, "cost": 0.4258787415627005, "score": 0.5493220419665885}