{"quality": 0.5927989993456684, "novelty": 0.6325859939349125, "diversity": 0.5586866444231589, "efficiency": 0.666769497417306, "cost": 0.33055483781797756, "score": 0.5146834680028586}