{"quality": 0.43431150581592537, "novelty": 0.9396701215721026, "diversity": 0.5032212731560372, "efficiency": 0.28431380696729397, "cost": 0, "score": 0.5085023078141048}