{"quality": 0.21941813548186656, "novelty": 0.30312477867277693, "diversity": 0.9345976720033233, "efficiency": 0.3598315614403652, "cost": 0, "score": 0.38250090392947367}