{"quality": 0.32719656396631586, "novelty": 0.6633515944560463, "diversity": 0.20903973428682948, "efficiency": 0, "cost": 0.8249512066200472, "score": 0.22330969399926748}