{"quality": 0.9890362773636864, "novelty": 0.7303876558388982, "diversity": 0.06793443378169317, "efficiency": 0.8087852534858666, "cost": 0.6136959665449523, "score": 0.5528428752935538}