{"quality": 0.5675193623397231, "novelty": 0.7123140291864286, "diversity": 0.7266342087041282, "efficiency": 0.4337799232061011, "cost": 0.553950511112722, "score": 0.5033330951089927}