{"quality": 0.7958558132463878, "novelty": 0.2045075683575872, "diversity": 0.44671590651346704, "efficiency": 0.48587059467372873, "cost": 0.7947843861204222, "score": 0.3726289679550236}