{"quality": 0.9256446094863644, "novelty": 0.22446031849965023, "diversity": 0.17845600001938988, "efficiency": 0.2920597209960448, "cost": 0.2796204468144682, "score": 0.3853465759426598}