{"quality": 0.05084314263313264, "novelty": 0.73225170129142, "diversity": 0.25977126329188904, "efficiency": 0.7669493545633423, "cost": 0.7001838851384637, "score": 0.29529413544182753}