{"quality": 0.46397308130872267, "novelty": 0, "diversity": 0.4109627826462612, "efficiency": 0.0685848204946255, "cost": 0.28108083976222553, "score": 0.20356412001984028}