{"quality": 0.8973827588439605, "novelty": 0.23802898244064996, "diversity": 0.9034194005097886, "efficiency": 0.7208631220210812, "cost": 0.9459543258457574, "score": 0.5229399890838948}