{"quality": 0.00482975729290494, "novelty": 0.4027103170548937, "diversity": 0.31948591639894414, "efficiency": 0, "cost": 0.2035986749625483, "score": 0.14566382223512891}