{"quality": 0.7381617363468949, "novelty": 0.523304512959479, "diversity": 0.6840209397957996, "efficiency": 0.6198193331915498, "cost": 0.47029056313422496, "score": 0.5350226807684081}