{"quality": 0.7438574703246599, "novelty": 0.6590207223710076, "diversity": 0.9306798120838041, "efficiency": 0.9021641343915359, "cost": 0, "score": 0.709373004265641}