{"quality": 0.5093203219525744, "novelty": 0.956495878789694, "diversity": 0.9895263642936125, "efficiency": 0.7047055260581858, "cost": 0.7787989306619627, "score": 0.6176512749844499}