{"quality": 0.976790267390499, "novelty": 0.05161893723233957, "diversity": 0.361372341802358, "efficiency": 0.26963554380883437, "cost": 0.7021437042731266, "score": 0.34844724402971866}