{"quality": 0.7235292884969833, "novelty": 0.45640148258664764, "diversity": 0.5608765011861931, "efficiency": 0.4921217312874172, "cost": 0.24609517900996725, "score": 0.49254319922511136}