{"quality": 0.27197317567095963, "novelty": 0.7537858238103822, "diversity": 0.838333206706572, "efficiency": 1, "cost": 0.3912323863752193, "score": 0.5485818113576759}