{"quality": 1, "novelty": 0.6091123602980806, "diversity": 0.3627112998200351, "efficiency": 0.5829930407375488, "cost": 0.7414538367940379, "score": 0.5381239224697556}