{"quality": 0.5264808585044216, "novelty": 0.6741645238992046, "diversity": 0.5358903943607435, "efficiency": 0.3714737962796921, "cost": 0.7291579094498621, "score": 0.4164687458952439}