{"quality": 0.5349153522269758, "novelty": 0, "diversity": 0.26294651181367945, "efficiency": 0.6292130455933354, "cost": 0.2761155924425221, "score": 0.27983430562557676}