{"quality": 0.34185450271572515, "novelty": 0.137920920966904, "diversity": 0.15915468434126706, "efficiency": 0.9848074549342842, "cost": 0.05195152223210117, "score": 0.3113934839416295}