{"quality": 0.2907577607974293, "novelty": 1, "diversity": 0.44333193282705896, "efficiency": 0.324055594733449, "cost": 0.09599297858486033, "score": 0.46490275615617194}