{"quality": 0.7412340462239813, "novelty": 0.8938521958487453, "diversity": 0.6533578414358188, "efficiency": 0.6555235366612671, "cost": 0.45623291098656216, "score": 0.6292100705170783}