{"quality": 0.8553895344655587, "novelty": 0.08408131478020581, "diversity": 1, "efficiency": 0.6533003979397735, "cost": 0.743312312007373, "score": 0.5013010175249478}