{"quality": 0.38056550415810686, "novelty": 0.3910494268596864, "diversity": 0.25835350544645225, "efficiency": 0.4339936411042995, "cost": 0.16162568487593476, "score": 0.3125391867296956}