{"quality": 0.5325467181419676, "novelty": 0.18609346804148374, "diversity": 0.6895625348530711, "efficiency": 0.6966415490178509, "cost": 0.7227885715165729, "score": 0.3764172646245958}