{"quality": 0.39565492140470254, "novelty": 0.7092377358797055, "diversity": 1, "efficiency": 0.970535619340775, "cost": 0.20153136593135393, "score": 0.621433116699318}