{"quality": 0.44527965043846973, "novelty": 0.2877437208327335, "diversity": 0.5654901461339227, "efficiency": 0.744782600200772, "cost": 0.2691924255089507, "score": 0.4034160020457296}