{"quality": 0.6301903981143704, "novelty": 0.49500665347840184, "diversity": 1, "efficiency": 0.43504584251585543, "cost": 0.20819140255372995, "score": 0.5572465189259169}