{"quality": 0.5833156727819251, "novelty": 0.585818536021789, "diversity": 1, "efficiency": 0.7357860603311589, "cost": 0.6172310851889472, "score": 0.5700941363708039}