{"quality": 0.05499173623674233, "novelty": 0.7159875438189683, "diversity": 1, "efficiency": 0.37615447320097684, "cost": 0.1833831336175157, "score": 0.4335792644441598}