{"quality": 0.00945213083307006, "novelty": 0.10070488094486446, "diversity": 0.3116508876700699, "efficiency": 1, "cost": 0.9331434150598171, "score": 0.1470276955141694}