{"quality": 0.6387479531438685, "novelty": 0.8031555025335935, "diversity": 0.5061659576051005, "efficiency": 0.33983908635952204, "cost": 0.19337272970096403, "score": 0.5252850430814109}