{"quality": 0.7559364943010343, "novelty": 0.5658706195089624, "diversity": 0, "efficiency": 0.12798189853111241, "cost": 0.8020052221948873, "score": 0.307245365727729}