{"quality": 0.6448539786949534, "novelty": 1, "diversity": 1, "efficiency": 0.6756757653059997, "cost": 0.14631287006086097, "score": 0.7301762713982998}