{"quality": 0.24283088501925243, "novelty": 0, "diversity": 0, "efficiency": 0.2383126866830435, "cost": 0.05313024989435115, "score": 0.10328314351879714}