{"quality": 0.36635941377436854, "novelty": 0.4019065751103834, "diversity": 0.9996821753904697, "efficiency": 0.3258808672369337, "cost": 0.18991548754399168, "score": 0.4402114843191412}