{"quality": 0.517933014773927, "novelty": 0.8078252094571049, "diversity": 0.9520656463581351, "efficiency": 0.5449525225486334, "cost": 0.7739845908053904}