{"quality": 0.1854453445050861, "novelty": 0.9084685781953105, "diversity": 0.478383162934093, "efficiency": 0.07187796682326567, "cost": 0.1095981975649209, "score": 0.37824925575416984}