{"quality": 0.8226917674513442, "novelty": 0.47106981936077114, "diversity": 0.8409588938168934, "efficiency": 0.46146167842566566, "cost": 0.46369459638592875, "score": 0.5556165559642317}