{"quality": 0.9063479390598166, "novelty": 0.5090021926985914, "diversity": 0.2709629235063694, "efficiency": 0.5231363398406395, "cost": 0.41785699676613997, "score": 0.49003226589334864}