{"quality": 0.5275724593305614, "novelty": 0.4142071130909819, "diversity": 0.08474475501542983, "efficiency": 0.5510122446090431, "cost": 0.8419711332108877, "score": 0.27722719044526756}