{"quality": 0.23842427100651653, "novelty": 0.21374742984758716, "diversity": 0, "efficiency": 0.09027298452633825, "cost": 0.6437363199051811, "score": 0.07413145445228438}