{"quality": 0.2578687124983523, "novelty": 0.2027961149063423, "diversity": 0.6855940642539162, "efficiency": 0, "cost": 0.12340098728208282, "score": 0.2528383565986662}