{"quality": 0.7481967947087489, "novelty": 0.33723703202256167, "diversity": 0.387762283730716, "efficiency": 0.5810545304446713, "cost": 0.7227352049644075, "score": 0.4012054122346682}