{"quality": 0.7425935393231171, "novelty": 0, "diversity": 0.51946392636255, "efficiency": 0.6706104484744986, "cost": 0.8251992506528942, "score": 0.3447424892753305}