{"quality": 0.5497416279224628, "novelty": 0.11553281507368454, "diversity": 0.502544187336494, "efficiency": 0.25575628500500486, "cost": 1, "score": 0.23267797236320945}