{"quality": 0.7816761673006626, "novelty": 0.8846186928318144, "diversity": 0.7532862904450556, "efficiency": 0.7147630471716401, "cost": 0.0}