{"quality": 1, "novelty": 0.5031022004370945, "diversity": 0.20876376111829714, "efficiency": 0.8091792279547059, "cost": 0.1263168592905357, "score": 0.5762735005970853}