{"quality": 0.6456327254310209, "novelty": 0.6249086617407194, "diversity": 0.005437085536500963, "efficiency": 0.8357056295653567, "cost": 1, "score": 0.3763602446065898}