{"quality": 0.26399212167125313, "novelty": 0.1054063349378032, "diversity": 0.8636855273395506, "efficiency": 1, "cost": 0.5408141474727377, "score": 0.37420491095646313}