{"quality": 0.7315309752686141, "novelty": 0.9513175193581339, "diversity": 0.331368153832902, "efficiency": 0.7995973344984493, "cost": 0.7607551917849972, "score": 0.5674263841829658}