{"quality": 1, "novelty": 0.824733712548668, "diversity": 0.6278784080792896, "efficiency": 0.051960346539703606, "cost": 0.6594751347585115, "score": 0.5736056482581293}