{"quality": 0.8894267058966783, "novelty": 0.3988522285482296, "diversity": 0.12872142956677765, "efficiency": 0.7954735449545429, "cost": 0.5959068361805036, "score": 0.45201570294454746}