{"quality": 0.17946527576469645, "novelty": 0.18500972403172933, "diversity": 0, "efficiency": 0.65840779501029, "cost": 0.4982520712847988, "score": 0.1490279758604049}