{"quality": 0.7103629531670899, "novelty": 0.7824054740453411, "diversity": 0.5854461418278313, "efficiency": 0.7347211732162631, "cost": 0.6629043826814267, "score": 0.5697172205413253}