{"quality": 1, "novelty": 0.693983509744045, "diversity": 0.6946651774587652, "efficiency": 0.3679514314338287, "cost": 0.5234127222038389, "score": 0.6152803554224546}