{"quality": 0.9409407745584701, "novelty": 0.8923686560229454, "diversity": 0.48043498327900197, "efficiency": 0.8650262397665227, "cost": 0.43452217177029784}