{"quality": 0.5050961133465701, "novelty": 0.012626595682232289, "diversity": 0.8282975868518081, "efficiency": 0.5591818414763625, "cost": 0.5916920941271265, "score": 0.3450530671036325}