{"quality": 0, "novelty": 0.3034752356934588, "diversity": 1, "efficiency": 0.5180676171544393, "cost": 1, "score": 0.25357895149653065}