{"quality": 0.8118673568280134, "novelty": 0.3363095719413801, "diversity": 0.17794266441627937, "efficiency": 0.5483710271743869, "cost": 0.608576616501094, "score": 0.3846241253430535}