{"quality": 0.4124503693939765, "novelty": 0.634762777229408, "diversity": 0.5762808384395164, "efficiency": 0.6802789745628798, "cost": 0, "score": 0.49972381899788015}