{"quality": 0.41015287029592545, "novelty": 0.8700472071187922, "diversity": 0.6656757903027838, "efficiency": 0.3101937006037624, "cost": 0.8140167299284843, "score": 0.43882020302674835}