{"quality": 0.29663181734469746, "novelty": 0.8138570517608912, "diversity": 0.40094826961110924, "efficiency": 0.7202388848645205, "cost": 0.6773224757491437, "score": 0.4129470472206176}