{"quality": 0.7521036373554298, "novelty": 1, "diversity": 0.004964634558434711, "efficiency": 0.6503973077323162, "cost": 0.48854913451427984, "score": 0.5253287008267353}