{"quality": 0.23359638747719638, "novelty": 0.8478582210012688, "diversity": 0.9188534832815631, "efficiency": 0.9946535931691356, "cost": 0.2315683650591949, "score": 0.5918553706192397}