{"quality": 0.09501252600702204, "novelty": 0.4913986297150095, "diversity": 0.2641229633304268, "efficiency": 1, "cost": 0.37281887185468626, "score": 0.31689612071147566}