{"quality": 0.9503228334662026, "novelty": 0.9833050314054046, "diversity": 0, "efficiency": 0.5979072076791365, "cost": 0.6322093961395876, "score": 0.5573882494291237}