{"quality": 0.13158773053862083, "novelty": 0.8945058125559925, "diversity": 0.36691313834959466, "efficiency": 0.3749428385993788, "cost": 0.36733180910358204, "score": 0.3559936448500519}