{"quality": 0.6509887957391207, "novelty": 0.23886331302818353, "diversity": 0.6597573576404858, "efficiency": 0.6173643837630045, "cost": 0.5265521304902224, "score": 0.4269133830223077}