{"quality": 0.14492206212986714, "novelty": 1, "diversity": 0.9634100167206485, "efficiency": 0.9899517488079306, "cost": 0.9735883625285239, "score": 0.537292548051427}