{"quality": 0.23779782424850704, "novelty": 0.3521819384789646, "diversity": 0.394459156059756, "efficiency": 0.1409988636578811, "cost": 0.9410155524934198, "score": 0.16532493740558463}