{"quality": 0.1609292244343351, "novelty": 0.4610911454064572, "diversity": 1, "efficiency": 0.5233735908280641, "cost": 0.5450754768439102, "score": 0.3875500446217334}