{"quality": 0.5752496196493017, "novelty": 0.5093795653435237, "diversity": 0.5145670957661203, "efficiency": 0.378635088501104, "cost": 0.38385114738747494, "score": 0.42124334492031357}