{"quality": 0.3138777037492493, "novelty": 0.7623119806119252, "diversity": 0.18532274546937902, "efficiency": 0.4421530124130048, "cost": 0.8246740620419206, "score": 0.3056614010293905}