{"quality": 0.7808249330792668, "novelty": 0.1273004492425257, "diversity": 0.2682106967344353, "efficiency": 0.054835925893787996, "cost": 0.5285548954041976, "score": 0.27508463092494695}