{"quality": 0.3196691525923369, "novelty": 0.593379201759329, "diversity": 0.21401724179845244, "efficiency": 0.7166853086406653, "cost": 0.24399883147016332, "score": 0.3701519077263072}