{"quality": 0.6347858869645009, "novelty": 0.5085938001488322, "diversity": 0.5816914521427134, "efficiency": 0.8509770908730928, "cost": 0.39768893903862756, "score": 0.5218001762822022}