{"quality": 0.32991189634120965, "novelty": 0.7365423027490691, "diversity": 0.6473020232423423, "efficiency": 0.2455226284661592, "cost": 0.9845629743038973, "score": 0.3509416460776328}