{"quality": 0.7497798139951566, "novelty": 0.2904768343590933, "diversity": 0, "efficiency": 0.9722673922142864, "cost": 0.29830521594912335, "score": 0.4135627400255509}