{"quality": 0.3053318393225838, "novelty": 0.08367711155063576, "diversity": 0.28646255517208447, "efficiency": 0.9952459762457333, "cost": 1, "score": 0.21909823715571095}