{"quality": 0.25005568352250707, "novelty": 0.5185794037279292, "diversity": 0.0999345942958236, "efficiency": 0.24218923028495193, "cost": 0.03427909229505183, "score": 0.25754895016113677}