{"quality": 0.5951812328215036, "novelty": 0.45660399627734316, "diversity": 0.48854607362151714, "efficiency": 0.7634194436764606, "cost": 0, "score": 0.5049275001915594}