{"quality": 0.28165539550886975, "novelty": 0.30845047003902204, "diversity": 0.933964271789242, "efficiency": 0.1395597338485192, "cost": 0.17035326254554906, "score": 0.3523007243429878}