{"quality": 0, "novelty": 0.6270695199251617, "diversity": 0.45858415249437673, "efficiency": 1, "cost": 0.8621720523395028, "score": 0.31226700524621553}