{"quality": 0.31303569420616817, "novelty": 0.5760868637018229, "diversity": 0.4549876770741185, "efficiency": 0.8741621039815772, "cost": 0.40717134805656746, "score": 0.41933714039370973}