{"quality": 0.7996091167009869, "novelty": 0.2062331050961273, "diversity": 0.9496464747431893, "efficiency": 0.7073139534889558, "cost": 0.9469138029075473, "score": 0.49277601896555434}