{"quality": 0.7544365038998984, "novelty": 0.4241827012851499, "diversity": 0.14342775290732745, "efficiency": 0.15194121204940192, "cost": 0.23588356941426125, "score": 0.36026500193870664}