{"quality": 0, "novelty": 0.7292106100195603, "diversity": 0.22982327016259285, "efficiency": 0.7265577556696102, "cost": 0.3762250812156513, "score": 0.29962846176628505}