{"quality": 0.14412557664060394, "novelty": 1, "diversity": 0.4992797998837355, "efficiency": 0.5364751238083787, "cost": 1, "score": 0.37356490154018507}