{"quality": 0.32069389080091426, "novelty": 0.7496411051384518, "diversity": 0.9737310358173674, "efficiency": 0.7571075166401733, "cost": 0.8065081607775069, "score": 0.5112799621066361}