{"quality": 0.22662006662487083, "novelty": 0.6439799862326132, "diversity": 0.8834290261025257, "efficiency": 0.904263382752063, "cost": 0.11130908523570908, "score": 0.5301754206553582}