{"quality": 0.7731203181830572, "novelty": 0.5831965790823087, "diversity": 0.13268710306638276, "efficiency": 0.6538720084793407, "cost": 0.4631794341680174, "score": 0.45603551869387027}