{"quality": 1, "novelty": 0.5462611776162261, "diversity": 0.42256517133903565, "efficiency": 0.479553695244663, "cost": 0.49232345663410354, "score": 0.5437790372951528}