{"quality": 0.690386801599483, "novelty": 0.7360229912614806, "diversity": 1, "efficiency": 0.7286587242471523, "cost": 0.07199300393013808, "score": 0.6932212965392741}