{"quality": 0.6520246438190606, "novelty": 0.5249487209328882, "diversity": 0.09148727121339295, "efficiency": 0.8298055570345619, "cost": 1, "score": 0.36961286117680314}