{"quality": 0.8403514648228251, "novelty": 0.9295250583047523, "diversity": 1, "efficiency": 0.7458517123038112, "cost": 0.2588455542764449, "score": 0.7704799054409628}