{"quality": 0.372802657221442, "novelty": 0.16434774413406172, "diversity": 0.22296655424204495, "efficiency": 0.7610270771255576, "cost": 0.9552717959394379, "score": 0.21614792602324684}