{"quality": 0.5679798627918338, "novelty": 0.41291367550146496, "diversity": 0.798784880116731, "efficiency": 0.8728971496031073, "cost": 0.31614550195497537, "score": 0.5326993759812312}