{"quality": 0, "novelty": 0, "diversity": 0.37556492549522297, "efficiency": 0.44635718237781874, "cost": 0.2564921251855691, "score": 0.1164173499371605}