{"quality": 0.5551481526967401, "novelty": 0.5106153154080365, "diversity": 0.27824113568610775, "efficiency": 0.6755322571244959, "cost": 0.8736285371409451, "score": 0.3638134866528326}