{"quality": 0.525488802092315, "novelty": 0.557783890016215, "diversity": 0.2862136376900592, "efficiency": 0.6572216310344436, "cost": 0.7227638556723266, "score": 0.380642199757694}