{"quality": 0.23479364198426222, "novelty": 0.18479121932777148, "diversity": 1, "efficiency": 0.29040690884247156, "cost": 0.637488617070205, "score": 0.2964480720465718}