{"quality": 0.44915003086341565, "novelty": 0.0405651663673732, "diversity": 0.8469563777324565, "efficiency": 0.5272117570339476, "cost": 0.3378131442377448, "score": 0.35957802552867696}