{"quality": 0.44929034510042976, "novelty": 0.4634050455034471, "diversity": 0.28450244106255407, "efficiency": 0.22932268221634516, "cost": 0.2892996815587599, "score": 0.31300728729507726}