{"quality": 0.7174245083145716, "novelty": 0.6061399925113977, "diversity": 0.7508455013398115, "efficiency": 0.1885457588261937, "cost": 0.2098207069394452, "score": 0.5242312440201677}