{"quality": 1.0, "novelty": 0.1278190823936804, "diversity": 0.598360601684551, "efficiency": 0.5648151323498506, "cost": 0.5414268843791329}