{"quality": 0.8895087508972122, "novelty": 0, "diversity": 0.3924542527221086, "efficiency": 0.39942410056085353, "cost": 0.28845554365457704, "score": 0.3764115365322557}