{"quality": 0.5202338493733147, "novelty": 0, "diversity": 0.14192860755363096, "efficiency": 0.274114722916779, "cost": 0.37321290519258266, "score": 0.18825179424097915}