{"quality": 0.4567744757129798, "novelty": 0.7365034099943528, "diversity": 0.37205690469818636, "efficiency": 0.4575326755037244, "cost": 0.9893077416245779, "score": 0.3652687033152203}