{"quality": 0.3843185606069741, "novelty": 0.8201120403035147, "diversity": 0.2787596189614543, "efficiency": 0.2995292789458725, "cost": 0.4633257951517925, "score": 0.3746723143769634}