{"quality": 0.22934250852923188, "novelty": 0.8984857000539554, "diversity": 0.9047792678411491, "efficiency": 0.9004605020276655, "cost": 0.9283161716091105, "score": 0.5166174892837271}