{"quality": 0.41259401865881823, "novelty": 0.5479549715976364, "diversity": 0.09480909955486039, "efficiency": 0.3535080921122213, "cost": 0.5947507844019385, "score": 0.273279903784666}