{"quality": 0.1458336362087682, "novelty": 0.4461444119737964, "diversity": 0.38709247283076764, "efficiency": 0.5900543524447313, "cost": 0.2879173933988344, "score": 0.29242110194905935}