{"quality": 0.7406995860455763, "novelty": 0.8237391962273224, "diversity": 0.24850653032060938, "efficiency": 0.824668745352146, "cost": 0.32137446884927334, "score": 0.5694088458525198}