{"quality": 0.5798620169264104, "novelty": 1, "diversity": 0.37178838246434737, "efficiency": 0.6798282039634729, "cost": 0, "score": 0.6002905121653135}