{"quality": 0.6304818235484696, "novelty": 0.7043745711675288, "diversity": 0.7349890757280145, "efficiency": 0, "cost": 0.9128754699119437, "score": 0.4209484580108317}