{"quality": 0.19469722676342543, "novelty": 0.2052337214850866, "diversity": 0.3727502859950972, "efficiency": 0, "cost": 0.08130341072486866, "score": 0.17613731452683185}