{"quality": 0.08260762445420844, "novelty": 0.20486682309595, "diversity": 0.34000367874807647, "efficiency": 0.23887806288287555, "cost": 0, "score": 0.17983143829229667}