{"quality": 0.45121220863867345, "novelty": 0.32320806645938505, "diversity": 0.20426541306718565, "efficiency": 0.469737436556252, "cost": 0.3577087180642625, "score": 0.291708505496897}