{"quality": 1, "novelty": 1, "diversity": 0.3939756461854731, "efficiency": 0.3303711425216215, "cost": 0.8746468413252267, "score": 0.5908861164828152}