{"quality": 0.2273553095679125, "novelty": 0.8892885011623541, "diversity": 0.6192016137202212, "efficiency": 0, "cost": 0.2683459106145153, "score": 0.38753444984355495}