{"quality": 0, "novelty": 0.3106283721632493, "diversity": 0.9773438872185707, "efficiency": 0.8878537543095358, "cost": 0.21691043646470068, "score": 0.3846128899844868}