{"quality": 0.11960209674252714, "novelty": 0.37666089067093833, "diversity": 0.5818145438081255, "efficiency": 0, "cost": 0.7073889253094887, "score": 0.1756698679211689}