{"quality": 0.20040581303991717, "novelty": 0.009803507712279502, "diversity": 0.6358799594465467, "efficiency": 0.2081807954727291, "cost": 0.9232409440043672, "score": 0.12865163764982707}