{"quality": 0, "novelty": 0.4641663747519763, "diversity": 0.8556881573057231, "efficiency": 1, "cost": 0.6472375996277562, "score": 0.37245546518636313}