{"quality": 0.6969330771474822, "novelty": 0.163427814870617, "diversity": 0.2560678861217586, "efficiency": 0.3346878853546124, "cost": 0.48805482528715244, "score": 0.30254815436072724}