{"quality": 0.5516569917048806, "novelty": 0.1554238386447936, "diversity": 0, "efficiency": 0.9536407006746342, "cost": 0.7652364991917752, "score": 0.27087551235468016}