{"quality": 0.3049367479708256, "novelty": 0, "diversity": 1, "efficiency": 0.5064061340307715, "cost": 0.7628575352464857, "score": 0.29115619097121487}