{"quality": 0.19338887245494857, "novelty": 0.8399027662599181, "diversity": 1.0, "efficiency": 0.6796788225173365, "cost": 0.8704933745491367}