{"quality": 0.524036135916661, "novelty": 0.43504374109144084, "diversity": 0.33522465696081516, "efficiency": 0.06407763916373696, "cost": 0.7019770379984431, "score": 0.2724306495147378}