{"quality": 0.45159940250041103, "novelty": 0.2419624888795306, "diversity": 0.48235473758218234, "efficiency": 0.39137412288689355, "cost": 0.6634628001670706, "score": 0.2848012289027694}