{"quality": 0.39124884709995283, "novelty": 0.581155545255443, "diversity": 0.944165276134695, "efficiency": 0.9328230025286861, "cost": 1, "score": 0.4914200460500885}