{"quality": 0.6162935966671645, "novelty": 0.4593287141285709, "diversity": 0.9852989514318338, "efficiency": 0.7380871924789617, "cost": 1, "score": 0.5074931266905032}