{"quality": 0.7777228399388938, "novelty": 0.538911362249972, "diversity": 0.8478115835179193, "efficiency": 0.4311937339049078, "cost": 0.38465303595002137}