{"quality": 0.9218171026826127, "novelty": 0.4825879747298569, "diversity": 0.3270134860396484, "efficiency": 0.1754109399478349, "cost": 0.4195827444422538, "score": 0.4469481882431276}