{"quality": 0.43794753119958996, "novelty": 0, "diversity": 0.541556396318426, "efficiency": 0.6496150909714937, "cost": 0.004230187670047389, "score": 0.3367147835022815}