{"quality": 0.21978664951872504, "novelty": 0.9441591691074476, "diversity": 0.4977658452949273, "efficiency": 0.9557390120502549, "cost": 0.1936397767942005, "score": 0.5255258303195831}