{"quality": 1, "novelty": 0.7956968634702064, "diversity": 0.77657103694368, "efficiency": 0.12145157146862548, "cost": 0.45276250251984174, "score": 0.6271799087245973}