{"quality": 0.038750528367419296, "novelty": 0.9823886012012666, "diversity": 0.39979601469890713, "efficiency": 1, "cost": 0.06250173896703032, "score": 0.48093133785362085}