{"quality": 0.23519730870964717, "novelty": 0.46492701291302957, "diversity": 0.5580778224121503, "efficiency": 0.7787429884882684, "cost": 0.13057113486489863, "score": 0.40216084511033195}