{"quality": 0.2469185882468204, "novelty": 0.4578711623319016, "diversity": 0.2577377436911278, "efficiency": 0.7132914417167211, "cost": 0.5428071213311324, "score": 0.292803919919642}