{"quality": 0.9204798465390064, "novelty": 0.7451354314285178, "diversity": 0.3470323277299615, "efficiency": 0.5626451920321516, "cost": 0.3273361356332975}