{"quality": 0.6198590000976886, "novelty": 0.3256848289235259, "diversity": 0.9433524701899612, "efficiency": 0.460854719111145, "cost": 0.28674063470765493, "score": 0.4965035456940865}