{"quality": 0.7620466496633669, "novelty": 0.11958205045957448, "diversity": 0.9123577271849497, "efficiency": 0.3144011147987367, "cost": 0, "score": 0.48814122017070416}