{"quality": 0.8101931689735214, "novelty": 0.8803166709605625, "diversity": 0.3955967531020058, "efficiency": 0, "cost": 0.7156677001297971, "score": 0.47068969903961855}