{"quality": 0.7557432361592744, "novelty": 0.016937315454218588, "diversity": 0.07967243674510474, "efficiency": 0.7176291534616359, "cost": 0.41572489013521463, "score": 0.31296367106608186}