{"quality": 1, "novelty": 0.19718302923236314, "diversity": 0.1658538957673743, "efficiency": 0.031292232531597824, "cost": 0.19944837712538005, "score": 0.3672155336287673}