{"quality": 0.5578072728515846, "novelty": 0.5832468367969617, "diversity": 0.6584641928492712, "efficiency": 0.6119782953853904, "cost": 0.5951053958094987, "score": 0.4771329343514288}