{"quality": 0.9203822981344776, "novelty": 0.5313203044528878, "diversity": 0.5808692540459186, "efficiency": 0.08916361252723609, "cost": 0.26885746749481093, "score": 0.5116074114923532}