{"quality": 0.12966769800200778, "novelty": 0.4085651002690642, "diversity": 0.5596743150121284, "efficiency": 0.2862934616374262, "cost": 0.8676038328454756, "score": 0.20916008343136044}