{"quality": 0.41885251003084883, "novelty": 0.11769941635725195, "diversity": 0.905094357581379, "efficiency": 0.006572948170002091, "cost": 0.9829360989555923, "score": 0.23879181094478452}