{"quality": 0.21334368202351434, "novelty": 0.35152838149009197, "diversity": 0.8404695765413781, "efficiency": 0.4576128388997341, "cost": 0.23992130818379834, "score": 0.36462891030443323}