{"quality": 0.9283968716422357, "novelty": 0.09952064095803625, "diversity": 0.7069041198772659, "efficiency": 0.34660187063737585, "cost": 0.5110704407561992, "score": 0.4456632822276194}