{"quality": 0.08987770203499879, "novelty": 0.3438090788622457, "diversity": 0.9349348925090284, "efficiency": 0.9964580021099136, "cost": 0.6374698215549052, "score": 0.3856242769888633}