{"quality": 0.6721705715043118, "novelty": 0.7711228155141827, "diversity": 0.794344302114054, "efficiency": 0.0, "cost": 0.21855273498323424}