{"quality": 0.5632382207455389, "novelty": 0.86259321455049, "diversity": 0.7947007229610932, "efficiency": 0.2012948045498213, "cost": 0.03985653456696564, "score": 0.5697684816792795}