{"quality": 0.3420932482636252, "novelty": 0.7017194677649896, "diversity": 0.6738331567555159, "efficiency": 0.8885884811910774, "cost": 0.375130338155278, "score": 0.5085997111345719}