{"quality": 0, "novelty": 0.5492899219934038, "diversity": 0.25823661323451746, "efficiency": 0, "cost": 0.8812265091067542, "score": 0.10084715223457902}