{"quality": 0.5818815867411674, "novelty": 0.3535953196664928, "diversity": 0.4088878421645603, "efficiency": 0.9794507615621428, "cost": 0.5901927098396381, "score": 0.4326392176222431}