{"quality": 0.7097089320876504, "novelty": 1, "diversity": 0.7759448321054406, "efficiency": 0.5327102382451551, "cost": 0, "score": 0.6980081817841566}