{"quality": 0.360213172886145, "novelty": 1, "diversity": 0.9729985490143185, "efficiency": 0.03885615488483757, "cost": 0.6658741841841676, "score": 0.491904666483016}