{"quality": 0.9078352945650379, "novelty": 0.9020724882267739, "diversity": 0.43383317854520137, "efficiency": 0.10386119199053317, "cost": 0.17886696950457415, "score": 0.5823278279833677}