{"quality": 0.6604012018941432, "novelty": 0.84909295478261, "diversity": 0.584767441677849, "efficiency": 0.5531544937964505, "cost": 0.5048038243340325, "score": 0.5598398792355296}