{"quality": 0.9175328105600431, "novelty": 0.6680919030420583, "diversity": 0.22959694324671215, "efficiency": 0.3496840799403646, "cost": 0.5245362727331597, "score": 0.4882011922956086}