{"quality": 0.7476086337206495, "novelty": 0.277313826213248, "diversity": 0.5457682093767428, "efficiency": 0.4448705477490811, "cost": 0.9235598421562834, "score": 0.3771392864915892}