{"quality": 0.0850117437344835, "novelty": 0.8897811003178704, "diversity": 0.6388093500294885, "efficiency": 0.17637397285591494, "cost": 1, "score": 0.3021667641340976}