{"quality": 0.7509057503434337, "novelty": 0.33798297335459604, "diversity": 0.5803888673719918, "efficiency": 0.6005458179429626, "cost": 0.007639156778369682}