{"quality": 0.9989222497829904, "novelty": 0.6661932304055802, "diversity": 0.5769163714675083, "efficiency": 0.8714972245839612, "cost": 0.27006094249262796, "score": 0.6853267462681252}