{"quality": 0.48450446762147903, "novelty": 0.35722158125353337, "diversity": 0.6978604065242573, "efficiency": 0.25914842092973583, "cost": 0.6503212629768392, "score": 0.34806895374645486}