{"quality": 0.12022067026190686, "novelty": 0.04483486885942162, "diversity": 0.31719568540051585, "efficiency": 0.9372421998814036, "cost": 1, "score": 0.15130038535574117}