{"quality": 0.617975329419438, "novelty": 0.1676590241087178, "diversity": 0.7380189779790245, "efficiency": 0.9846246282999093, "cost": 0.2730215072069473, "score": 0.49530269397310733}