{"quality": 0.7407689792402218, "novelty": 0.17598367196841996, "diversity": 0.5624562063634517, "efficiency": 0.8949536849643187, "cost": 1.0}