{"quality": 0.08768357704199825, "novelty": 0.1848948394940934, "diversity": 0.7796093758949818, "efficiency": 0.45356062310061995, "cost": 0.6531708862293153, "score": 0.23116766300728062}