{"quality": 0.5434693111544548, "novelty": 1, "diversity": 0.3760450543884738, "efficiency": 0.15536783565020773, "cost": 0.7596114492667486, "score": 0.4355938346448875}