{"quality": 0.266267126317026, "novelty": 0.37836152794841843, "diversity": 0.6338500573706071, "efficiency": 0.8721674750346324, "cost": 0.6399689054779801, "score": 0.3680687620637307}