{"quality": 0.659192566865163, "novelty": 0.19294046544692472, "diversity": 0.5574033053545826, "efficiency": 0.9885165858236254, "cost": 0.9764183600603072}