{"quality": 0.9004178625332115, "novelty": 0.7302862880207286, "diversity": 0.7962978760427334, "efficiency": 0, "cost": 0.7821898265067204, "score": 0.5337375233230203}