{"quality": 0.7046729130504359, "novelty": 0, "diversity": 0.3689542229828886, "efficiency": 0.5821953418976074, "cost": 0.2225142531702094, "score": 0.3502705944793286}