{"quality": 0.47816672314904357, "novelty": 0.7326050736195218, "diversity": 0.9162644277277745, "efficiency": 0.8910803955652895, "cost": 0.46746357127347815, "score": 0.5967698731025941}