{"quality": 0.23447189375601696, "novelty": 0.843637127050945, "diversity": 0.5043523310595561, "efficiency": 0.7072359930106824, "cost": 0.16587909085969815, "score": 0.47161880596708505}