{"quality": 1, "novelty": 0.2344538789273613, "diversity": 0.9441889380998003, "efficiency": 1, "cost": 0.18346836843504605, "score": 0.6791044205082959}