{"quality": 0.35341130268317633, "novelty": 1, "diversity": 1, "efficiency": 0.8620531772143983, "cost": 0.7932983412056499, "score": 0.6060015332665476}