{"quality": 0.13678941070081718, "novelty": 0.5488349663221691, "diversity": 0.4135124140200997, "efficiency": 0.3116810001296904, "cost": 0.7069439412240066, "score": 0.23700580349186026}