{"quality": 0.5558485654262325, "novelty": 0.6555325628101741, "diversity": 0.26268377149206434, "efficiency": 0.71102320094272, "cost": 0, "score": 0.48982794477023417}