{"quality": 0.6159486425300651, "novelty": 0.6173195051828959, "diversity": 0.18314809901026877, "efficiency": 0.45465455145125394, "cost": 0.8111612536655544, "score": 0.3628261462079299}