{"quality": 0.35875612660103884, "novelty": 0.004551197126802575, "diversity": 0.7576055370633016, "efficiency": 0.8949929162752222, "cost": 1, "score": 0.294534682115956}