{"quality": 0.9703931640166705, "novelty": 0.6834117220556356, "diversity": 0.2474688599183309, "efficiency": 0.31794352292533923, "cost": 0.44104462331747435, "score": 0.5150517178096297}