{"quality": 0, "novelty": 0.8500651167532904, "diversity": 0.2815256889016847, "efficiency": 0, "cost": 0.5162986889715704, "score": 0.21719154807150254}