{"quality": 0.04941471393615121, "novelty": 0.7955742949050221, "diversity": 0.7625701356666813, "efficiency": 1, "cost": 0.6046071670981741, "score": 0.45577129833061975}