{"quality": 0.3698176274477378, "novelty": 0.7118757011683989, "diversity": 0.41901217225115783, "efficiency": 0.26323054672784624, "cost": 1, "score": 0.31220122998582955}