{"quality": 0.9010301294026235, "novelty": 0.5564599470103686, "diversity": 0.6656461096336426, "efficiency": 0.45742384119664936, "cost": 0.9686565496849634}