{"quality": 0.0, "novelty": 0.837328324124863, "diversity": 0.9507732714831729, "efficiency": 0.6010590992580549, "cost": 0.41830271823065074}