{"quality": 0, "novelty": 0.4692682055084384, "diversity": 0, "efficiency": 0.2571932921342178, "cost": 0.9247056476607689, "score": 0.06342548043116536}