{"quality": 1, "novelty": 0.17839612529568277, "diversity": 1, "efficiency": 0.8378334861336987, "cost": 1, "score": 0.5702740542439755}