{"quality": 0.7262908923099852, "novelty": 0, "diversity": 0.20555599334720093, "efficiency": 0.4844347291132822, "cost": 0.7063808367785491, "score": 0.26102559205157316}