{"quality": 0.9137139556637248, "novelty": 0.5556299180313107, "diversity": 0.15119651564533232, "efficiency": 1, "cost": 0.6639956146384427, "score": 0.5268614078721673}