{"quality": 0.043612183652723256, "novelty": 0.8839024257119799, "diversity": 0.876908897077472, "efficiency": 0.47878555573509507, "cost": 0.33648208213836667}