{"quality": 0.6662338652842156, "novelty": 0.32108631195805587, "diversity": 0.6593447260037191, "efficiency": 0.5256221169889909, "cost": 0.6283169591942859, "score": 0.42802230440444244}