{"quality": 0.7521862803296635, "novelty": 0.5392801776841369, "diversity": 0.337703918364586, "efficiency": 0.4759059449699903, "cost": 0.7369464790693109, "score": 0.4257079560314179}