{"quality": 0.38284204676659195, "novelty": 0.8445488946482196, "diversity": 0.38378987778881635, "efficiency": 0.8993264613693398, "cost": 0, "score": 0.5376467824551967}