{"quality": 0.44981544783378463, "novelty": 0.49863514388308533, "diversity": 0, "efficiency": 1, "cost": 0.9327435281069486, "score": 0.31632906751021184}