{"quality": 0.9890441708716966, "novelty": 0, "diversity": 0.158637942512762, "efficiency": 0.3296417207127537, "cost": 1, "score": 0.27788709787097443}