{"quality": 1, "novelty": 0.31841497694878496, "diversity": 1, "efficiency": 0.4687775363763385, "cost": 0.9701537503545385, "score": 0.5529049996581931}