{"quality": 0.7338402059132159, "novelty": 0.5856037122955042, "diversity": 0.6896794525453037, "efficiency": 0.6806293090672859, "cost": 0.4657809161790902, "score": 0.5600051850990854}