{"quality": 0.31865022750106997, "novelty": 0.6651762057827498, "diversity": 0, "efficiency": 0.2772248930683237, "cost": 0.9600504739326723, "score": 0.2074678062629898}