{"quality": 0.6865643130276013, "novelty": 0.38113959672864806, "diversity": 0.5778874266251905, "efficiency": 0.9995240213081598, "cost": 0.8984451952492556, "score": 0.4769157620867789}