{"quality": 0.39550287529933686, "novelty": 0.787900528302686, "diversity": 0.7194231933348403, "efficiency": 0.5832473556442395, "cost": 0.8105958616526898, "score": 0.4659381505138075}