{"quality": 0.47594690107919746, "novelty": 0.2773705671718414, "diversity": 0.45809987381490086, "efficiency": 1, "cost": 0.7669313559372357, "score": 0.3770535512859762}