{"quality": 0.33250392294642256, "novelty": 0.4597915425835456, "diversity": 0.4420977917840589, "efficiency": 0.8002428101909879, "cost": 0.4355577694867431, "score": 0.37959926546659883}