{"quality": 0.5996314193744703, "novelty": 0.38056752655948456, "diversity": 0.3630485726651325, "efficiency": 0.5694679397070807, "cost": 0.04004998581798028, "score": 0.4290562143595028}