{"quality": 0.8437745957985141, "novelty": 0.28548896662134204, "diversity": 0.6798866748363117, "efficiency": 0.6209253297589196, "cost": 0.40023834549222104, "score": 0.513596920276768}