{"quality": 0.7251248130925162, "novelty": 0.46917990557966505, "diversity": 0.22718499885595597, "efficiency": 0.7392673512506568, "cost": 0.05397568572253805, "score": 0.48576195420920704}