{"quality": 0.7550957664926155, "novelty": 0.1247028960154134, "diversity": 1, "efficiency": 0.6890065637236861, "cost": 0.47521691380621733, "score": 0.5135337471295691}