{"quality": 0.40773546504085945, "novelty": 0, "diversity": 0.3134416534899441, "efficiency": 0.2958265868872902, "cost": 0.8968299922116737, "score": 0.1396999590221728}