{"quality": 0.6344801035095988, "novelty": 0.7146923127846242, "diversity": 0.5624465050962122, "efficiency": 0.2985025278024485, "cost": 0.7136425885207359, "score": 0.45491753058657175}