{"quality": 0.14616916877020217, "novelty": 0.2209399086466178, "diversity": 0.38790301617035844, "efficiency": 0.36615421343845844, "cost": 0.4215603919426574, "score": 0.18943342384828982}