{"quality": 0.09202559479781502, "novelty": 0, "diversity": 0.6102865644939062, "efficiency": 0.40991797031681804, "cost": 0.35624186719787276, "score": 0.17552850016586116}