{"quality": 0.8312036600135362, "novelty": 0.5975131057178165, "diversity": 0.6690103763742883, "efficiency": 1, "cost": 0, "score": 0.6825414497083726}