{"quality": 0.4567944638369922, "novelty": 0.46368070033657705, "diversity": 1, "efficiency": 0.8497673519826814, "cost": 0.38750034199600625, "score": 0.5416735828330435}