{"quality": 0.9355155361370271, "novelty": 0.6139041706906236, "diversity": 0.11242585663696228, "efficiency": 0.8782970717535565, "cost": 0.48707766158753896}