{"quality": 0.7991622770006239, "novelty": 0.7049775597827262, "diversity": 0.388163973767858, "efficiency": 0.7633801669317211, "cost": 0.2061504770198479, "score": 0.5875178451372137}