{"quality": 1, "novelty": 0.1918937312496802, "diversity": 0.4790619691554685, "efficiency": 0.5985253215540182, "cost": 0.9434769295450662, "score": 0.43921693192210987}