{"quality": 0.14918201556137384, "novelty": 0.9498383377070723, "diversity": 0.7949691233813905, "efficiency": 0.1618956075203225, "cost": 0.6456533733184004, "score": 0.40092701756766663}