{"quality": 0.5952185168025848, "novelty": 0.7284035003016562, "diversity": 0.4990153625226088, "efficiency": 0.49716460940437457, "cost": 0.8826143885904836, "score": 0.446782755172319}