{"quality": 0.6507657946610685, "novelty": 0.5350583952429786, "diversity": 0.08019024279179585, "efficiency": 0.9998561925860596, "cost": 1, "score": 0.3950108146553334}