{"quality": 0.5370606596373071, "novelty": 0.09681010179655808, "diversity": 0.7506358892823618, "efficiency": 0.8900575304327466, "cost": 0.5660454674668229, "score": 0.4123519840150337}