{"quality": 0.415975063124307, "novelty": 0.053950120069555574, "diversity": 0.6569483717542117, "efficiency": 0.3481573008694901, "cost": 0.35045585146960534, "score": 0.2868477332889863}