{"quality": 0.6356004388212257, "novelty": 1, "diversity": 0.7643880242938725, "efficiency": 0.6647518203929378, "cost": 0.3326472158322978, "score": 0.6600057879808531}