{"quality": 0.38866612148408003, "novelty": 0.3949189861232035, "diversity": 0.5425972950986637, "efficiency": 0.21726331720712277, "cost": 1, "score": 0.25643853957682605}