{"quality": 0.84412637349499, "novelty": 0.787832646005183, "diversity": 0.6273975345277132, "efficiency": 1, "cost": 0.4748959896726649, "score": 0.678185981488069}