{"quality": 0.7861545532922476, "novelty": 0, "diversity": 0.4377797325286995, "efficiency": 0, "cost": 0.06953470575976248, "score": 0.31644884191743794}