{"quality": 0.8815406987236569, "novelty": 0.7626447299349746, "diversity": 0.28870684236422284, "efficiency": 0.32983645620574226, "cost": 0, "score": 0.5623402290045466}