{"quality": 0.7616076640130922, "novelty": 0.49683490604696834, "diversity": 0.5446541616242366, "efficiency": 0.9918769000836203, "cost": 0.4156393471265819, "score": 0.568839458340402}