{"quality": 1.0, "novelty": 0.9001936891595022, "diversity": 0.5857044715487748, "efficiency": 0.16761965922348745, "cost": 0.06959610415115475}