{"quality": 1, "novelty": 0.5237207989311714, "diversity": 1, "efficiency": 0.20526978087963574, "cost": 0.21863829394138543, "score": 0.6398568374705996}