{"quality": 1, "novelty": 0, "diversity": 0.7590449589486932, "efficiency": 0.33716527508808924, "cost": 0.03232244236384252, "score": 0.4991515388165678}