{"quality": 0.7100307436666111, "novelty": 0.8769235440121234, "diversity": 0.5915694832091469, "efficiency": 0.7199252244198503, "cost": 0.5571826620177847, "score": 0.6028245232060426}