{"quality": 0.08005473670029117, "novelty": 1, "diversity": 0.4576257059009621, "efficiency": 0.5469518951231434, "cost": 0.5827289837221411, "score": 0.38931144808653717}