{"quality": 0.1237339341883725, "novelty": 0.24681104618295258, "diversity": 0.9104722630030074, "efficiency": 0.47201504308712366, "cost": 0.009545486829468222, "score": 0.35076510218297313}