{"quality": 0.6849808649687799, "novelty": 0.4497787932724268, "diversity": 0.993996085742122, "efficiency": 0.06413687013335154, "cost": 0.5944803225982778, "score": 0.46691067321734014}