{"quality": 0, "novelty": 0.5294873459300563, "diversity": 0.9967821431420121, "efficiency": 0.5680853491882365, "cost": 0.34468435678614145, "score": 0.3824726318105378}