{"quality": 0.703662405267174, "novelty": 0.42478539252841147, "diversity": 0.6907831052991423, "efficiency": 0.3580792115989554, "cost": 0.7779754481322472, "score": 0.4313660276987022}