{"quality": 0.152903574180105, "novelty": 0.7825559624419892, "diversity": 0.7897479271922879, "efficiency": 0.12602655879994695, "cost": 0.0}