{"quality": 0.676601943787318, "novelty": 0.6152324888115405, "diversity": 0, "efficiency": 0, "cost": 0.8348125990194598, "score": 0.2733074454371345}