{"quality": 0.7289552632027064, "novelty": 0.623126613810133, "diversity": 0.15826454974059267, "efficiency": 0.8826549653762794, "cost": 0.893897918091148, "score": 0.44912959535879077}