{"quality": 0.1420250995341369, "novelty": 0.6519857253734688, "diversity": 0.5683448101245203, "efficiency": 0.24946748530359153, "cost": 1, "score": 0.2566930460240511}