{"quality": 0.14749830125993105, "novelty": 0.19891466775898203, "diversity": 0.9021650060982894, "efficiency": 0.800270653746312, "cost": 0.1953379360407556, "score": 0.37491796299525393}