{"quality": 0.3845133781759614, "novelty": 0.8172166272923851, "diversity": 0.011436105712830533, "efficiency": 0.6432624043837907, "cost": 0.6631673541130663, "score": 0.35211801666471276}