{"quality": 0.24595009716222793, "novelty": 0.43491093177155915, "diversity": 1, "efficiency": 0.6830998399399297, "cost": 0.5304051127237916, "score": 0.43193722681016844}