{"quality": 0.31261562376782176, "novelty": 0.3902151122710141, "diversity": 0.4051335119065154, "efficiency": 0.6514507798048932, "cost": 0.23137665658571324, "score": 0.34694511889156576}