{"quality": 0.6563773414470246, "novelty": 0, "diversity": 0.42973802442331155, "efficiency": 0.7906025240872858, "cost": 0.5069457949236148, "score": 0.3507566064395011}