{"quality": 0.9842977703156577, "novelty": 0.8653217890585916, "diversity": 0.6515781584145125, "efficiency": 0.9217999435675452, "cost": 1.0}