{"quality": 0.320429047891169, "novelty": 0.5854346013393339, "diversity": 0.6739232349723205, "efficiency": 0.7492528119982688, "cost": 0.4636979320159081, "score": 0.4432901402947978}