{"quality": 0.3748146988440444, "novelty": 0.032617677700380765, "diversity": 0.8430901939022173, "efficiency": 0.12812253239803872, "cost": 0.6929524953415364, "score": 0.23913999818430412}