{"quality": 0.8803402825130808, "novelty": 0.8104527946516704, "diversity": 0.37788984613811616, "efficiency": 0.8640506424490968, "cost": 0.7671115876915227, "score": 0.5951896902426773}