{"quality": 0.13354736403247952, "novelty": 0.4428685849480048, "diversity": 0, "efficiency": 0.06290150795455499, "cost": 0.8603921354975376, "score": 0.07417736809017454}