{"quality": 0.5959543921543742, "novelty": 0.1699507087133637, "diversity": 0.6503666295917258, "efficiency": 0.6504743941921234, "cost": 0.11895109830023284, "score": 0.4370233700417936}