{"quality": 0.6173829805101771, "novelty": 0.6148046275308672, "diversity": 0.5711026322388614, "efficiency": 0.2036426075125538, "cost": 0.43015423375989625, "score": 0.44066754523443563}