{"quality": 0.13096124928952793, "novelty": 0, "diversity": 0.8043259269623775, "efficiency": 0.38366170921921217, "cost": 0.2496585515324934, "score": 0.23273696140896638}