{"quality": 0.08671467327237672, "novelty": 0, "diversity": 0.9390089728211253, "efficiency": 0.657349405780715, "cost": 0.5225299701294819, "score": 0.2601656104000971}