{"quality": 0, "novelty": 0.8445069787618101, "diversity": 0.6746813118262951, "efficiency": 0.2721808390011108, "cost": 0.47798390929889345, "score": 0.33909174197598885}