{"quality": 0.4909611704171226, "novelty": 0.29285610523981137, "diversity": 0.8036911597775642, "efficiency": 0.6294947618507157, "cost": 0.4375219210783666, "score": 0.4319126315603732}