{"quality": 0.28907016500794425, "novelty": 0.6747647328343568, "diversity": 0.42066983434453975, "efficiency": 0.14488610340636918, "cost": 0.6098662379106623, "score": 0.30029249129976954}