{"quality": 0.2934285823254243, "novelty": 0.8559216968669725, "diversity": 0.07034680034587748, "efficiency": 1, "cost": 0, "score": 0.4660783589835459}