{"quality": 0.9353719543750402, "novelty": 1, "diversity": 0.7158965977709384, "efficiency": 0.6156188678395149, "cost": 0.3251664456303609, "score": 0.733617091479591}