{"quality": 0.8126694730783928, "novelty": 0.12569939405818653, "diversity": 0.06582888239591211, "efficiency": 0.6576685941309055, "cost": 0, "score": 0.3870417560368827}