{"quality": 0.6243580090887748, "novelty": 0, "diversity": 0.5826533675822829, "efficiency": 0.05794399693382052, "cost": 0.47711191660277635, "score": 0.26481848412288445}