{"quality": 0.904361688147592, "novelty": 0.6026189971330314, "diversity": 0.16697802383960925, "efficiency": 0.27824509240571266, "cost": 0.7212079873308408, "score": 0.4249748256232301}