{"quality": 0.6717913845478656, "novelty": 0.6064338544079971, "diversity": 0.8063135895758919, "efficiency": 0.8263776904865672, "cost": 0.6005571175899044}