{"quality": 0.4064437989645065, "novelty": 0.2506231138881736, "diversity": 0.3585623101193309, "efficiency": 0.6060455604284515, "cost": 0.24494050606582285, "score": 0.3227141636429469}