{"quality": 0.7107475439545661, "novelty": 0.908378152616393, "diversity": 0.9216200001594692, "efficiency": 0, "cost": 0.511221258655185, "score": 0.5735206755068435}