{"quality": 0.7357662583210596, "novelty": 0.7929133600822431, "diversity": 0.13705612177464144, "efficiency": 0, "cost": 1, "score": 0.34636944187180696}