{"quality": 0.49901638837449125, "novelty": 0.5249955259083605, "diversity": 0.2982776808758757, "efficiency": 0, "cost": 0.2410211805005862, "score": 0.31650721611455407}