{"quality": 0.7943141099466182, "novelty": 0.49448728885035426, "diversity": 0.29741329025514185, "efficiency": 0.6809235473013308, "cost": 0.2652553341952079, "score": 0.4970117119232812}