{"quality": 0.37433538606920114, "novelty": 0.2645866284435813, "diversity": 0.18700684139592982, "efficiency": 0.8574112519342962, "cost": 0.4655134908709859, "score": 0.29790897991388743}