{"quality": 0.6328688089155122, "novelty": 0.8286414954333153, "diversity": 0.5875610479919259, "efficiency": 0.42610216274789453, "cost": 0.15758911834521183, "score": 0.5626896387090307}