{"quality": 1, "novelty": 0.6330841271336256, "diversity": 1, "efficiency": 0.46135057421685155, "cost": 0.5783157679778679, "score": 0.6696420411181473}