{"quality": 0.2254418715865419, "novelty": 0.19108596117529505, "diversity": 0.8623698944890285, "efficiency": 0.5151532479720687, "cost": 0.3492303155261314, "score": 0.3302279863107892}