{"quality": 0.8276290752021843, "novelty": 0.6543705037186016, "diversity": 0.6313747464519389, "efficiency": 0.49159119427715253, "cost": 0.6331623665859536, "score": 0.548578740263671}