{"quality": 0.3138071736690499, "novelty": 0.2338188051964596, "diversity": 0.22861848587775885, "efficiency": 0.3309853939937363, "cost": 0.484044776403005, "score": 0.19956388203414158}