{"quality": 0.6261857563285741, "novelty": 0.26960631594339945, "diversity": 0.8231546425393127, "efficiency": 0.46351154582201043, "cost": 0.019098713832815223, "score": 0.48750509488230465}