{"quality": 0.7181612245402661, "novelty": 0, "diversity": 0.45678561632637193, "efficiency": 0.5754150792492918, "cost": 0.5536491565941086, "score": 0.3377528368553371}