{"quality": 0.6674555037904304, "novelty": 0.9079972701081288, "diversity": 0.884405019107351, "efficiency": 0.521998968533468, "cost": 1.0}