{"quality": 0.08460385370158024, "novelty": 0.297828853033216, "diversity": 0.13240046760272894, "efficiency": 1, "cost": 0.8337038428214991, "score": 0.1929480786071739}