{"quality": 0.25333414205023563, "novelty": 0.26829157528395703, "diversity": 0.7445640381423682, "efficiency": 0.10477633105421139, "cost": 0.7293372665111801, "score": 0.23476866707154725}