{"quality": 0.4350477558127844, "novelty": 0.5379639065288523, "diversity": 0.6021409048496822, "efficiency": 0.8343326774741544, "cost": 0, "score": 0.5105833859671081}