{"quality": 1.0, "novelty": 0.39573099252224464, "diversity": 0.16188196197164018, "efficiency": 0.793128256985447, "cost": 0.4672093493888533}