{"quality": 1, "novelty": 0.502300286851833, "diversity": 0.10549899080067407, "efficiency": 0.6689088214150714, "cost": 0.13552775701328978, "score": 0.5334584173840248}