{"quality": 0.08358991260325602, "novelty": 0.07533735275455225, "diversity": 0.34295135147175915, "efficiency": 0.08354829059391392, "cost": 0.7226450572539521, "score": 0.05276932012765857}