{"quality": 0.7011154760793722, "novelty": 0.2746386304434492, "diversity": 0.8742904548061308, "efficiency": 0.0564671941419225, "cost": 0.1258846343066097, "score": 0.44973400708652755}