{"quality": 0.0074755257777206485, "novelty": 0.3659424092170245, "diversity": 0.3086517176272559, "efficiency": 0, "cost": 0.8591569515511699, "score": 0.0695429084079065}