{"quality": 0.8808688836439098, "novelty": 0.2438627822199587, "diversity": 0.2213798053267168, "efficiency": 1, "cost": 0.443621834864489, "score": 0.4751401382270571}