{"quality": 0.943180489148722, "novelty": 0.14434335077372204, "diversity": 0.3848765837660128, "efficiency": 0.5749009871126762, "cost": 0.1823798220731464, "score": 0.46401246705083643}