{"quality": 1, "novelty": 0.30692085819374537, "diversity": 0.2434975464270528, "efficiency": 0.10689307882839996, "cost": 0.983851846585158, "score": 0.3430785009995911}