{"quality": 0.8092752182871509, "novelty": 0.1873091868598939, "diversity": 0.02504913134286635, "efficiency": 0.4829662175918795, "cost": 0.2823249658463356, "score": 0.3388321245238404}