{"quality": 0, "novelty": 0.31491089528275396, "diversity": 0, "efficiency": 0.43821599237124575, "cost": 0.4165006122028988, "score": 0.10281006145608548}