{"quality": 0.8010637505550648, "novelty": 0.9381686321148703, "diversity": 0.31801855965368775, "efficiency": 0.30623191594862836, "cost": 0.5964537616996888, "score": 0.5247544063483}