{"quality": 0.7046396192981421, "novelty": 0.9685209538074944, "diversity": 0.2660560480311003, "efficiency": 0.9542893218290116, "cost": 0.7431200517119072, "score": 0.5755647269506973}