{"quality": 0.8882562269140946, "novelty": 0.30367660278724967, "diversity": 0.6953394319752122, "efficiency": 0.38532165844492683, "cost": 0.0255049741088218}