{"quality": 0.4999429420715926, "novelty": 0.8413647186494518, "diversity": 0.8570860532704958, "efficiency": 1, "cost": 0.7442613487081385, "score": 0.6073151380671261}