{"quality": 0.3513679858925322, "novelty": 0.11328236256110508, "diversity": 0.10824618781719947, "efficiency": 0.8752991570364459, "cost": 0.7856881143550668, "score": 0.208106286091436}