{"quality": 0.7387270848096472, "novelty": 0.7510912049691585, "diversity": 0.6597764565815384, "efficiency": 0.20067188039518163, "cost": 0.7219180913432626, "score": 0.4992551909264424}