{"quality": 0.6271792275558472, "novelty": 0.8196814722550421, "diversity": 0.11536362985585644, "efficiency": 0.5877767696201456, "cost": 0.3717133495338288, "score": 0.4671420427913249}