{"quality": 0.29571746733507465, "novelty": 0.9201685484107165, "diversity": 0.7807759861813777, "efficiency": 0.42166425999004825, "cost": 0.778390229288741, "score": 0.4603231906091102}