{"quality": 0.018502168306473263, "novelty": 0.4566807741826303, "diversity": 0, "efficiency": 0.05931540970323254, "cost": 0.06103075337344882, "score": 0.12251508015573956}