{"quality": 0.3578624235344992, "novelty": 0.5688023012375112, "diversity": 0.1610882034530484, "efficiency": 0.7308174800872076, "cost": 0.6687802569738848, "score": 0.3245215393760299}