{"quality": 0.7899422403527193, "novelty": 0.34789795954637187, "diversity": 0.5710063864237276, "efficiency": 0.7325957173430437, "cost": 0.35448948873375274, "score": 0.5125988480052356}