{"quality": 0.9684264314144593, "novelty": 0.399080180444784, "diversity": 0.436418104268655, "efficiency": 0.34525256241979135, "cost": 0.18659194130418566}