{"quality": 1, "novelty": 0.46569914159258996, "diversity": 0.6481995161773446, "efficiency": 0.06912547323878973, "cost": 0.10218732833394512, "score": 0.5462147767860405}