{"quality": 0, "novelty": 0.18024289111996164, "diversity": 0.7228185172896562, "efficiency": 0.13068590237255906, "cost": 0.7857301769278995, "score": 0.13065429390101554}