{"quality": 0.6635912078463324, "novelty": 0.2725568839193766, "diversity": 0.48394078395500456, "efficiency": 0.6352755860989721, "cost": 0.6121331308298097, "score": 0.39808276495660966}