{"quality": 0.02630449350467079, "novelty": 0.6897093818044088, "diversity": 0.4745786895946387, "efficiency": 0.4777586434529708, "cost": 0.9003683372773026, "score": 0.25686139421164655}