{"quality": 0.8248612184890943, "novelty": 0.5577162537356009, "diversity": 0.42588003853116463, "efficiency": 0.780625362236185, "cost": 0.8886509197057014, "score": 0.500292149051719}