{"quality": 0.06937593281360663, "novelty": 0.10539114105830433, "diversity": 0.21275575520178525, "efficiency": 0.42550969314930903, "cost": 0.3583740012702209, "score": 0.11770076999438937}