{"quality": 0.19769478478338623, "novelty": 0.14346337344824073, "diversity": 0.11447181571353782, "efficiency": 0, "cost": 0.6702544271990795, "score": 0.05104319921987567}