{"quality": 0.259770011642083, "novelty": 0.7181712766849717, "diversity": 0.47556982272171794, "efficiency": 0.27980713044227795, "cost": 0.7183127038307441, "score": 0.32272758639147864}