{"quality": 0.28522193699333537, "novelty": 0.5246250210117888, "diversity": 0.8119006865787114, "efficiency": 0.331576790252348, "cost": 0.13798508153452543, "score": 0.4150409840510898}