{"quality": 0.7741591523423232, "novelty": 0.929698315091108, "diversity": 0.043333073642793485, "efficiency": 0.24629595735661652, "cost": 0.6185952330410645, "score": 0.4484238095034187}