{"quality": 0.568668771469534, "novelty": 0.4099018767370502, "diversity": 0.5212582975011086, "efficiency": 0.4803393643104371, "cost": 1, "score": 0.34937866477191004}