{"quality": 0.9576466787074349, "novelty": 0.6311893862889255, "diversity": 0.45939563796913413, "efficiency": 0.5600272467136567, "cost": 0.08568595237473378, "score": 0.6124059695478639}