{"quality": 0.11875203028455081, "novelty": 0.25406777681503034, "diversity": 0.5286540666590438, "efficiency": 0.8938240376856788, "cost": 0.23234809835327533, "score": 0.31571216243845585}