{"quality": 0.22564515582249828, "novelty": 0.9360492053266942, "diversity": 0.47985256048548797, "efficiency": 1, "cost": 0.0728509705318226, "score": 0.5403912631223384}