{"quality": 0.5031131681831635, "novelty": 0.04374806952953744, "diversity": 0.7248063783716965, "efficiency": 0.1895709327638002, "cost": 0.7934212698381772, "score": 0.25592575644242505}