{"quality": 0.7079827993353807, "novelty": 0.18496909360279956, "diversity": 0.5039497610067111, "efficiency": 0.2137541220835334, "cost": 0.7033424127475139, "score": 0.32115594244043494}