{"quality": 0.07073556921016055, "novelty": 0.11121976809253487, "diversity": 0.643108678004757, "efficiency": 0.7951349627359663, "cost": 0.6079047126303212, "score": 0.23612712153449616}