{"quality": 0.4006493223849752, "novelty": 0.3998954542779056, "diversity": 0.41661009765750423, "efficiency": 0.2578313770627071, "cost": 0.5673659354795489, "score": 0.285428792827921}