{"quality": 0.40592424204745053, "novelty": 0.4286024369407181, "diversity": 0.6433568422950234, "efficiency": 0.6185607058183682, "cost": 0.7771810766901919, "score": 0.3726652485121554}