{"quality": 0.8788034462208476, "novelty": 0.6093027750668238, "diversity": 0.5745328647504656, "efficiency": 0.0, "cost": 0.9317981671826904}