{"quality": 0.7235627808844296, "novelty": 0.7090279303882014, "diversity": 1, "efficiency": 0.39281607575018773, "cost": 0.8726137146397579, "score": 0.5659868567609316}