{"quality": 0.7432140977799357, "novelty": 0.8611681121746768, "diversity": 0.16467822589605624, "efficiency": 0, "cost": 0.7633129220223627, "score": 0.39486061035462494}