{"quality": 1, "novelty": 0.060482811139989046, "diversity": 0.09341457063501679, "efficiency": 0.38742251509289616, "cost": 0.4318072068902233, "score": 0.3487362734869127}