{"quality": 0.909786225316622, "novelty": 0.08549032809711496, "diversity": 0.44332066400676307, "efficiency": 0.12642519185860987, "cost": 0.3089806941301966, "score": 0.37103829178638975}