{"quality": 0.6030007546192334, "novelty": 0.37677059830667003, "diversity": 0.9063378251498203, "efficiency": 0.8471172517210143, "cost": 0.8018258101091802, "score": 0.5032454477396358}