{"quality": 0, "novelty": 0.3650431725284755, "diversity": 0.8157765513394937, "efficiency": 0.7494325534010715, "cost": 0.17895902647120618, "score": 0.34893508376305776}