{"quality": 0.6074303860795724, "novelty": 0.9931681853138546, "diversity": 0.4009403427714784, "efficiency": 1, "cost": 0.8830541544466299, "score": 0.5724038152619682}