{"quality": 0, "novelty": 0.8294903796671202, "diversity": 0.8159891018008956, "efficiency": 0.37192099836694253, "cost": 0.7536689915934063, "score": 0.35099166587265995}