{"quality": 0.7818959633468462, "novelty": 0.36949958506883407, "diversity": 0.30138030740709854, "efficiency": 0.5552244951552598, "cost": 0.11525812103818459, "score": 0.4589776089221526}