{"quality": 0.7732767329386767, "novelty": 0.2669071986288469, "diversity": 0, "efficiency": 0.38046039864427605, "cost": 0.7353426558631344, "score": 0.28224461374914267}