{"quality": 0, "novelty": 0.09171002423699873, "diversity": 0.1092818179205842, "efficiency": 0.9136194867210901, "cost": 0.983874541130986, "score": 0.08343933853843143}