{"quality": 0.680739000148147, "novelty": 1, "diversity": 0.567466839597379, "efficiency": 0.32023973859662397, "cost": 0.4029900818663788, "score": 0.5754520205667756}