{"quality": 0.19676412585734884, "novelty": 0.4277463196673638, "diversity": 0.5487472454840101, "efficiency": 0.15530950718281605, "cost": 0.7988880968630802, "score": 0.219122883161962}