{"quality": 0.9062092869249382, "novelty": 0.23228173019045809, "diversity": 0.4145651425603313, "efficiency": 0, "cost": 0.7142082070415354, "score": 0.34142542643300866}