{"quality": 0.7922274550506652, "novelty": 0, "diversity": 0.18694132895339832, "efficiency": 0.6433643460706896, "cost": 0.2424577301372453, "score": 0.34731538120275807}