{"quality": 0.8495855797478233, "novelty": 0.2537229461505693, "diversity": 0.31705824355393414, "efficiency": 0.19776287814832821, "cost": 0.08872073833983622, "score": 0.40251041706104174}