{"quality": 0.6721817930397952, "novelty": 0.10789523893741437, "diversity": 0.10482617884919422, "efficiency": 0.4452291347024225, "cost": 0, "score": 0.31637795362149435}