{"quality": 0.7743679112458215, "novelty": 0.8155098314431422, "diversity": 0.5688058263898033, "efficiency": 0.0, "cost": 0.9389592929981667}