{"quality": 0.5607458104885495, "novelty": 0.8048183553284212, "diversity": 0.7728271222987027, "efficiency": 0.2974429364281357, "cost": 0.8609551869076345, "score": 0.48251467821186755}