{"quality": 0.6255567056637082, "novelty": 0.23945537496259645, "diversity": 0.7690769955995618, "efficiency": 0.6300920484750798, "cost": 0.45187112986326206, "score": 0.4506729488446097}