{"quality": 0.12042231265675704, "novelty": 0.6041987210985876, "diversity": 0.9646585150416056, "efficiency": 0.5002145444734473, "cost": 1, "score": 0.3551402587510123}