{"quality": 0.7650714674581518, "novelty": 0.9999398659707182, "diversity": 0.6985658761197735, "efficiency": 0.21032290781791935, "cost": 0.8268985661894928, "score": 0.5680781615078183}