{"quality": 0.6482311998474581, "novelty": 0.810370407650872, "diversity": 0.30043279967608033, "efficiency": 0.21788825966619607, "cost": 1, "score": 0.3898317607521009}