{"quality": 0.3829386234222649, "novelty": 0.7674332421295536, "diversity": 0.888777453034863, "efficiency": 0.8602531699731586, "cost": 0.48544503940149986, "score": 0.5649888597218642}