{"quality": 0.3674677349985893, "novelty": 0.4092208648698683, "diversity": 0, "efficiency": 0.4300198914870084, "cost": 0.41758809107143074, "score": 0.235289711332952}