{"quality": 0.27218899148870646, "novelty": 0.8669992522865211, "diversity": 0.6023642821892158, "efficiency": 0.2895286902012015, "cost": 1, "score": 0.3623086704862656}