{"quality": 0.7676024722871468, "novelty": 0.44203385449529053, "diversity": 0.8175011469105052, "efficiency": 0.7391820624067336, "cost": 0.6044563479131342}