{"quality": 0.6651878249351049, "novelty": 0.9939929841419246, "diversity": 1, "efficiency": 0.0554384597599325, "cost": 0.6873242868524996, "score": 0.5876379337947526}