{"quality": 0.4409578689251428, "novelty": 0.09418294779913366, "diversity": 0.6355955723746692, "efficiency": 0.5562601904984072, "cost": 0.16177147616741872, "score": 0.35021409306027934}