{"quality": 0.7307758776913976, "novelty": 0.9262557466844046, "diversity": 0.7973398414274757, "efficiency": 0.5753937228292729, "cost": 0.15567298579227115, "score": 0.6810064281091794}