{"quality": 1, "novelty": 0.09932948135505354, "diversity": 0.07187120745023604, "efficiency": 0.8784272229959369, "cost": 0.2678890706562282, "score": 0.4441817882125783}