{"quality": 0.8633812369060297, "novelty": 0.8880946201913216, "diversity": 0.30246957219152504, "efficiency": 0.8856696624204263, "cost": 0.9366626690651356, "score": 0.5807161230144946}