{"quality": 0.2603251696454708, "novelty": 0.8895826706760338, "diversity": 0.5197681651481364, "efficiency": 0.7226149310442486, "cost": 0.24589475880267775, "score": 0.4882496153686465}