{"quality": 0.24935373621281973, "novelty": 0, "diversity": 0.24701653219440844, "efficiency": 0.5899957295662592, "cost": 0.4346933811075024, "score": 0.16923944862691623}