{"quality": 0.5096241701532915, "novelty": 0.4683068610871593, "diversity": 0.4010752469207708, "efficiency": 0.2851747660863714, "cost": 0.15375220193429512, "score": 0.3775800104214576}