{"quality": 0.662245308730838, "novelty": 0.8776724085851486, "diversity": 0.03149358042681358, "efficiency": 0.3600115344329107, "cost": 0.48752339328003486, "score": 0.42963980168783433}