{"quality": 0.4041261155942254, "novelty": 0.4459552326382914, "diversity": 0.25758644632863636, "efficiency": 0.43810034596123265, "cost": 0.3416185455900317, "score": 0.31579712943874944}