{"quality": 0.5996114333930891, "novelty": 1.0, "diversity": 0.9348508373373374, "efficiency": 0.29530516150269603, "cost": 0.6492259587166477}