{"quality": 0, "novelty": 1, "diversity": 0.3724155119268634, "efficiency": 0.08499607311529793, "cost": 0.2582823045379785, "score": 0.31140428289886957}