{"quality": 0.253135884595693, "novelty": 0.05063072487279713, "diversity": 0.18962180022566127, "efficiency": 0.23909248149883575, "cost": 0.5978050117857578, "score": 0.10260617768828903}