{"quality": 0.24102188159355972, "novelty": 0.6800908148829173, "diversity": 1, "efficiency": 0.29372753105361293, "cost": 0.307928763050521, "score": 0.45559552155178706}