{"quality": 0.7576678207307656, "novelty": 0.7607390887616099, "diversity": 0.5162780555046425, "efficiency": 0.5124881120012463, "cost": 0.18542656092607013, "score": 0.5790712902181406}