{"quality": 0.5774314140839902, "novelty": 0.7153346754789659, "diversity": 0.3466172013703409, "efficiency": 0.7215939488884723, "cost": 0.3395005060857089, "score": 0.4956755750937067}