{"quality": 0.358952433973272, "novelty": 0.42632390603373416, "diversity": 0, "efficiency": 0, "cost": 0.4099567791557519, "score": 0.17327102878483996}