{"quality": 0.7167365674052826, "novelty": 0.8163006041501073, "diversity": 0.1610372701838141, "efficiency": 0.6440748334809578, "cost": 0.9035219764633853, "score": 0.4575626026716796}