{"quality": 1, "novelty": 0.3959844968636186, "diversity": 0.056051724860060215, "efficiency": 0.0863882681952419, "cost": 1, "score": 0.323164709417203}