{"quality": 0.11729401827316555, "novelty": 0.3820715500230162, "diversity": 0.7955420793706236, "efficiency": 0.5633787965593956, "cost": 0.3981281298973396, "score": 0.3345085153560038}