{"quality": 0.5645621586026197, "novelty": 0.569951961955713, "diversity": 1, "efficiency": 0.21667600117447255, "cost": 0.22972263044285388, "score": 0.5213857752015997}