{"quality": 0.7924413909152499, "novelty": 0.3797195527167159, "diversity": 0.8304087387969241, "efficiency": 0.7665617052489733, "cost": 0.9550829019929038, "score": 0.5182200188011943}