{"quality": 0.34341537905667463, "novelty": 0.038328327440919185, "diversity": 0.4137763598251525, "efficiency": 0.2573065736097745, "cost": 0.8791173934001857, "score": 0.14604621424371028}