{"quality": 0.7232645495748253, "novelty": 0.8111473192385895, "diversity": 0.47416083498057904, "efficiency": 1.0, "cost": 0.9196213845262919}