{"quality": 0.6400046290581166, "novelty": 0.14083595110076255, "diversity": 0.7685829954545353, "efficiency": 0.8161362537226742, "cost": 0.5203751974979438, "score": 0.45130989389213944}