{"quality": 0.746358556202917, "novelty": 0.30094236831408183, "diversity": 0.5447575197288719, "efficiency": 0.7482788704212997, "cost": 0.16000351278172864, "score": 0.504336142170192}