{"quality": 0.9578863208264062, "novelty": 0.7133130293979134, "diversity": 0.2593815206987275, "efficiency": 0.904532940137728, "cost": 0.8759215849371993, "score": 0.565658240264085}