{"quality": 0.3648727497549218, "novelty": 0.09002428904121051, "diversity": 0, "efficiency": 0.11643106353802124, "cost": 0.7988334225515928, "score": 0.06954921446232305}