{"quality": 0.6368344253948579, "novelty": 0.13387006379437713, "diversity": 0.4471807706253578, "efficiency": 1, "cost": 0.27235201581165236, "score": 0.436718796110958}