{"quality": 1, "novelty": 0.2235179014374775, "diversity": 0.3751450843198515, "efficiency": 0.7908642833700488, "cost": 0.30559995893410863, "score": 0.5189781388354361}