{"quality": 0.3960165576694198, "novelty": 0.7596915901735481, "diversity": 0.707714464240042, "efficiency": 0, "cost": 1, "score": 0.3502707576922214}