{"quality": 0.5976940420759864, "novelty": 0.9446990109942874, "diversity": 0.6616642894821304, "efficiency": 0.1499329419886546, "cost": 1, "score": 0.4703057645660921}