{"quality": 0.825378342704624, "novelty": 0.3257913347290249, "diversity": 0.15328743708043363, "efficiency": 0.27820501804664255, "cost": 0.2082979253786293, "score": 0.38061978407886354}