{"quality": 0.18134353052876462, "novelty": 1, "diversity": 0.3997956765175306, "efficiency": 0.5210597717610002, "cost": 0.35069825237874763, "score": 0.42745133498841076}