{"quality": 0.44905727470288775, "novelty": 0.34098240806255564, "diversity": 0.19633179825442254, "efficiency": 0.3963224893551336, "cost": 0.44643631501486086, "score": 0.27403388597917366}