{"quality": 0.8001621239223031, "novelty": 0.08602690856577816, "diversity": 1, "efficiency": 0.8490810796866037, "cost": 0.34300044163906923, "score": 0.5546174821072191}