{"quality": 1, "novelty": 0.629531345884804, "diversity": 0.6693567337804438, "efficiency": 0.9198465918046341, "cost": 0.9414919540868611, "score": 0.6350819765892987}