{"quality": 0, "novelty": 0.9465558869636271, "diversity": 0.9851630651653673, "efficiency": 1, "cost": 0.9613681332220615, "score": 0.48753477145177415}