{"quality": 0.7621688713322643, "novelty": 0.14369241184859946, "diversity": 0.23875674560671056, "efficiency": 0.39722367460075847, "cost": 1, "score": 0.271908664673285}