{"quality": 0.4467427627314881, "novelty": 0.6478665048077336, "diversity": 0.6348075616759838, "efficiency": 0.8973510401523817, "cost": 0.699725227484784, "score": 0.4875811006309555}