{"quality": 0.5707085115645305, "novelty": 0.7510663716262085, "diversity": 0.3783659030255477, "efficiency": 0.6662708876040966, "cost": 0.09848733482880534, "score": 0.5247442266387548}