{"quality": 0.5895312611470759, "novelty": 0.6132035816334859, "diversity": 0.5024562829315408, "efficiency": 0.9537247928687247, "cost": 0.5744669409921388, "score": 0.5162635551698972}