{"quality": 0.8987862426575686, "novelty": 0.9628450780161442, "diversity": 0.83676859224455, "efficiency": 0.7977923327262951, "cost": 0.24696365311139018, "score": 0.7726733453480218}