{"quality": 1, "novelty": 0.9621773074360531, "diversity": 0.9366578337498747, "efficiency": 0.32362909807551615, "cost": 0.9458903020687444, "score": 0.6818312281134412}