{"quality": 0.25346846099908826, "novelty": 0.23429363840309336, "diversity": 0.6193519324101687, "efficiency": 0.6814166395956378, "cost": 0.6138152810787778, "score": 0.29931530221400143}