{"quality": 0.1727388821974718, "novelty": 0.1333760227937019, "diversity": 0.1844978941422794, "efficiency": 0.15234286968343058, "cost": 1, "score": 0.04491667963863746}