{"quality": 0.02433518829951392, "novelty": 0.27148630565433085, "diversity": 0.5495262132341141, "efficiency": 0.21420663300270498, "cost": 0.7551569595922358, "score": 0.14169267454144188}