{"quality": 0.5765698717177781, "novelty": 0.39881373274208676, "diversity": 0.12042643353207161, "efficiency": 0.6791667296467251, "cost": 0.37548443877491894, "score": 0.36108624697678626}