{"quality": 0.7750986953335198, "novelty": 0.7952204665824661, "diversity": 0.5602284983595438, "efficiency": 0, "cost": 0.28290026673869273, "score": 0.515090398243712}