{"quality": 0.5118701969023878, "novelty": 0.23715838756859337, "diversity": 0.0749446533443752, "efficiency": 0.2302732340929427, "cost": 0.3535950907186502, "score": 0.2270210626738161}