{"quality": 0.765561804790168, "novelty": 0.7892453492214913, "diversity": 0.8344825580529824, "efficiency": 0.3924770778378872, "cost": 0.7467498916865398, "score": 0.5780729628600488}