{"quality": 0.3063990526899062, "novelty": 1, "diversity": 0.899593852895515, "efficiency": 0.772504297254506, "cost": 0.7476751742672613, "score": 0.5629466135475245}