{"quality": 0.12441318517217997, "novelty": 0.43229529830999197, "diversity": 0.8979361666605775, "efficiency": 0.8774392187399461, "cost": 0.10793005459213591, "score": 0.44580789081304584}