{"quality": 0.45477162156401163, "novelty": 0.31954522169560023, "diversity": 0.0032417083732484975, "efficiency": 0.6873401871802932, "cost": 0.14024650917857207, "score": 0.30604251072694}