{"quality": 0.5223176149452093, "novelty": 0, "diversity": 0.6854559145360084, "efficiency": 0.7221629408552083, "cost": 0.31772886916751353, "score": 0.3703380216022944}