{"quality": 0.7724355382836383, "novelty": 0.29834486356505635, "diversity": 0.9020221034592785, "efficiency": 0.6813416107468049, "cost": 0.21149514595440533, "score": 0.5677730250847914}