{"quality": 0.18005945425851716, "novelty": 1, "diversity": 0.7127037552939954, "efficiency": 1, "cost": 0.5653803719705376, "score": 0.5400205501393005}