{"quality": 0.5939243740778264, "novelty": 1, "diversity": 0.1182502354349767, "efficiency": 0.18075223097635792, "cost": 0.7812866014213816, "score": 0.4008115338146588}