{"quality": 0.6063885977437615, "novelty": 0.8292060059943156, "diversity": 0.22647931761281798, "efficiency": 0, "cost": 0.49403598215142686, "score": 0.3851103461291283}