{"quality": 0.9338582069293894, "novelty": 0, "diversity": 1, "efficiency": 0.6722690672165571, "cost": 0.04450709312244139, "score": 0.5765471128490562}