{"quality": 0.4580854730946659, "novelty": 0.33284326598404373, "diversity": 0.819615784638136, "efficiency": 0.061272044120261104, "cost": 0.8084718944221392, "score": 0.3129032325278632}