{"quality": 0.7080435735899807, "novelty": 0.570972036802365, "diversity": 0.6379257998937071, "efficiency": 0.07123275210711966, "cost": 0.8230601052144042, "score": 0.4111201435509544}