{"quality": 0.8351329781469456, "novelty": 0.6916848302527441, "diversity": 0.42916421930249077, "efficiency": 0.13726446667009118, "cost": 0.749718746802323, "score": 0.4549117401880492}