{"quality": 0.6347655720235887, "novelty": 0.026640895058359176, "diversity": 0.30390408067911595, "efficiency": 0.6110758297496451, "cost": 0.7345158287525584, "score": 0.2760805030946805}