{"quality": 0.07167244742948914, "novelty": 0.8945180732755036, "diversity": 0.3374730929757339, "efficiency": 0.4073592852095431, "cost": 0.3033133536809753, "score": 0.3433984285562034}