{"quality": 0.6436854339278766, "novelty": 0.8929161016633053, "diversity": 0.5006546362890189, "efficiency": 0.1773728317514094, "cost": 0.7103098678140627, "score": 0.47204052083329817}