{"quality": 0.1738800820252617, "novelty": 0.21881514993785708, "diversity": 0.2789709107638148, "efficiency": 0.1175665725138029, "cost": 0.3031788134852477, "score": 0.14997909877335142}