{"quality": 0.06832399921343918, "novelty": 0.5577357381268088, "diversity": 0.5925934735504441, "efficiency": 0, "cost": 1, "score": 0.17844982900582276}