{"quality": 0.47757053599167976, "novelty": 0.3067041875343353, "diversity": 0.2836546986039157, "efficiency": 0.7933174412206305, "cost": 0.944876217794083, "score": 0.3011881418055572}