{"quality": 0.795765718771259, "novelty": 0.7167413158586561, "diversity": 1, "efficiency": 0.45058684697229306, "cost": 1, "score": 0.5855030716418858}