{"quality": 0.9901400724549415, "novelty": 0.7980071779462182, "diversity": 0.47119227049134094, "efficiency": 0.41331640550954873, "cost": 0.7073349062592771, "score": 0.5820462405218099}