{"quality": 0.8800573699798759, "novelty": 0.5679507022651522, "diversity": 0.5527645588919892, "efficiency": 0.3179442381135871, "cost": 0.7622262366791253, "score": 0.4880268103877742}