{"quality": 0.7081762702042698, "novelty": 0.6923194091335169, "diversity": 0.2571676903282911, "efficiency": 0.9299424845932441, "cost": 0.30768222378505183, "score": 0.5456894217207998}