{"quality": 0.6917530514686858, "novelty": 0.7457293420225113, "diversity": 1, "efficiency": 1, "cost": 0.24087230966567783, "score": 0.7198710199796658}