{"quality": 0.9191859294632541, "novelty": 0.9890804282892607, "diversity": 0.6143261860882511, "efficiency": 0.3528789899569147, "cost": 0.11275676176550602, "score": 0.6875472954459282}