{"quality": 1, "novelty": 0.4213738546075684, "diversity": 0.1525011471819323, "efficiency": 0.9337592611850432, "cost": 0.04150089142580066, "score": 0.571757493123455}