{"quality": 0.08159416588759555, "novelty": 0.04090075722783634, "diversity": 0.7646465401315532, "efficiency": 0.8438195512550237, "cost": 0.5257564402135823, "score": 0.2616300357664438}