{"quality": 0.10114392846885106, "novelty": 0.689682133292034, "diversity": 0.6806998740012951, "efficiency": 0.297087348452307, "cost": 0.3148443371661938, "score": 0.35198235521514953}