{"quality": 0.5670875072129191, "novelty": 0, "diversity": 0.251033287518117, "efficiency": 0.848314387358486, "cost": 0.5778809227418387, "score": 0.2897919754970882}