{"quality": 0.7889964344921354, "novelty": 0.42201912868367186, "diversity": 0.42618442234062415, "efficiency": 0.598108405910697, "cost": 0.6866870057622777, "score": 0.44848815729706015}