{"quality": 0.6514656259094516, "novelty": 0.6182647060193487, "diversity": 0.3589071022784827, "efficiency": 0.5326166186605419, "cost": 0.5600844966651863, "score": 0.4456713278659319}