{"quality": 1, "novelty": 0.48916530918164697, "diversity": 0.809863795950166, "efficiency": 0.34603098435095736, "cost": 0.106279298948927, "score": 0.6255408042431958}