{"quality": 0.5529057800211747, "novelty": 0.15990761164710457, "diversity": 1, "efficiency": 0.16812677430023493, "cost": 0.7897623646733651, "score": 0.35209141659582727}