{"quality": 0.34896372430633954, "novelty": 0.4827451119795854, "diversity": 0.6235502462675956, "efficiency": 0.40072804565468323, "cost": 0.20025104304895666, "score": 0.39016954708362417}