{"quality": 0.550665887683737, "novelty": 0.7338116670985411, "diversity": 0.947279969846821, "efficiency": 0.32221104338008844, "cost": 0.535748586891883, "score": 0.5328654748669456}