{"quality": 0.6154970200405638, "novelty": 0.4731529520496879, "diversity": 0.15191879311968032, "efficiency": 0.8851200803279311, "cost": 0.44491330137954743, "score": 0.4215977845597621}