{"quality": 0, "novelty": 0.07928913341960654, "diversity": 0.3740616679216307, "efficiency": 0.17257289151384153, "cost": 0.007989472459208363, "score": 0.11972160342038317}