{"quality": 0.21832656466078657, "novelty": 0.7711174818807893, "diversity": 0.2600829472158426, "efficiency": 0, "cost": 0.6395151833872488, "score": 0.2463424109728769}