{"quality": 0.1769905584297667, "novelty": 0.27165627626520894, "diversity": 0.5962907536299926, "efficiency": 0.5162220452155719, "cost": 0.03188879902675623, "score": 0.3145138142008909}