{"quality": 0.026745817948976652, "novelty": 0.6798586104038753, "diversity": 0.932274241725473, "efficiency": 0.9472033172689498, "cost": 1, "score": 0.4065237439210989}