{"quality": 0.24171082293770751, "novelty": 0.4367385250461243, "diversity": 0, "efficiency": 0.43144989183988547, "cost": 0.9741145261407573, "score": 0.14900390930475038}