{"quality": 0.028769005182393614, "novelty": 0.34523023271366077, "diversity": 0.20244272239927835, "efficiency": 0.45078935123295005, "cost": 0.7634594949776008, "score": 0.12669925740017135}