{"quality": 0.5940940012616442, "novelty": 0.21535410544128467, "diversity": 1, "efficiency": 0.6331466120135955, "cost": 0.34869999135240354, "score": 0.49216871940561335}