{"quality": 0.050214159905240696, "novelty": 0.08937566982952841, "diversity": 0.6801378045315937, "efficiency": 0.44576121277188474, "cost": 0.8473477588164571, "score": 0.15556513236941003}