{"quality": 0.68955331704843, "novelty": 0.7720038962430605, "diversity": 0.630162577165255, "efficiency": 0.8677861986112645, "cost": 0.4253758885779301, "score": 0.6135298255422418}