{"quality": 0.2626622995630885, "novelty": 0.9741627760480434, "diversity": 0.3505367273795259, "efficiency": 1, "cost": 0.26675107367233036, "score": 0.5157716219896096}