{"quality": 0.785687213028709, "novelty": 0.43151179288149594, "diversity": 1, "efficiency": 0.36667348693067103, "cost": 0.08576480852418328, "score": 0.590008654316169}