{"quality": 0.5522317425277187, "novelty": 0.7170142620093872, "diversity": 0.20166372872997818, "efficiency": 0.4055082481566761, "cost": 0.726921373858259, "score": 0.37338993384433355}