{"quality": 0.1712755282532073, "novelty": 0.4113745207554506, "diversity": 0.6498996162158645, "efficiency": 0.2971985923131952, "cost": 0.26571550825037826, "score": 0.30221444992993923}