{"quality": 0, "novelty": 0.32184249363196804, "diversity": 0.9117444392401155, "efficiency": 0.3604917638373629, "cost": 0.4386558707542799, "score": 0.2730176887561916}