{"quality": 0.8368923901710057, "novelty": 0.3375087184598058, "diversity": 0.10815621898019698, "efficiency": 0.678525780755963, "cost": 0.7381673905547039, "score": 0.3850382685202166}