{"quality": 0.7296215049250884, "novelty": 0.9647842141367247, "diversity": 0.6769613359388682, "efficiency": 0.09190888490911342, "cost": 0, "score": 0.6092611049358483}