{"quality": 0.6278491863890241, "novelty": 0.8405289867937858, "diversity": 0.5820707391434845, "efficiency": 0.4762810823388399, "cost": 0.33349910367053903, "score": 0.5529934024276226}