{"quality": 0.5831131709964352, "novelty": 0.7973718286085643, "diversity": 0.24650526444077228, "efficiency": 0.34822262724154956, "cost": 0.4454180028246659, "score": 0.4312695551429919}