{"quality": 0.32796601745796156, "novelty": 0.615519135628002, "diversity": 0.5825146894398817, "efficiency": 0.2964665411024451, "cost": 0.5055847385223596, "score": 0.3626840343454961}