{"quality": 0.03327711245948778, "novelty": 0.8989079874274634, "diversity": 0.6520421923730526, "efficiency": 0.1210354118971678, "cost": 0.49901156863668455, "score": 0.33337272399022944}