{"quality": 0.9564785008579585, "novelty": 0.5570886598786853, "diversity": 0.7402824455354462, "efficiency": 0.9670650405651876, "cost": 0.41629973467602527, "score": 0.6777019869513238}