{"quality": 0.7219371139945376, "novelty": 0.49881591904649136, "diversity": 0.6675391397876167, "efficiency": 0.2653652411890426, "cost": 0.9028243645286017, "score": 0.42431529164300363}