{"quality": 0.24645279251761182, "novelty": 0.35184257800075813, "diversity": 0.8338205043689811, "efficiency": 0.21099099266617768, "cost": 0.42752463942429353, "score": 0.3175567680867666}