{"quality": 0.27083954752710154, "novelty": 0.7910241574786444, "diversity": 0.4981349772227385, "efficiency": 0.5460380255615652, "cost": 0, "score": 0.46054060290657406}