{"quality": 0.4483754848087109, "novelty": 0.4379402019594869, "diversity": 0.13690500750478682, "efficiency": 0.2876384240860253, "cost": 0.527707111012208, "score": 0.26175374994512535}