{"quality": 0.7155230837019058, "novelty": 0.918333345571057, "diversity": 0.1714573941618207, "efficiency": 0.8430070923025089, "cost": 0, "score": 0.6049828041810764}