{"quality": 0.7207891942894598, "novelty": 0, "diversity": 0.22036649146110088, "efficiency": 1, "cost": 0.7484952095490933, "score": 0.33546053562414874}