{"quality": 0.4137440761803564, "novelty": 0.0004229861293277293, "diversity": 0.9042114424938898, "efficiency": 0.43909463369133717, "cost": 0.1607445571989292, "score": 0.3548609972190245}