{"quality": 0.5631590360387626, "novelty": 0.40945116769786705, "diversity": 0.5787109163313704, "efficiency": 0.8491736366202376, "cost": 0.4603440295916612, "score": 0.46839432853623914}