{"quality": 0.23199135083534173, "novelty": 0.3163827229653532, "diversity": 0.6290360790925948, "efficiency": 0.9458102500750097, "cost": 0.6457904062846642, "score": 0.35179279869324487}