{"quality": 0.15141169015924758, "novelty": 0.6135064310913858, "diversity": 0.6577779613601237, "efficiency": 0.25419086199955543, "cost": 0.8417946638186778, "score": 0.284304870010711}