{"quality": 0.06333033915917755, "novelty": 0.3910565612411918, "diversity": 0.6829612078534546, "efficiency": 0.5855858991806553, "cost": 0.4825314909609276, "score": 0.2929402194097477}