{"quality": 0.5374144928258879, "novelty": 0.9828573725049401, "diversity": 0.20530107963092017, "efficiency": 0.5441193173353525, "cost": 0.17448879651429988, "score": 0.5121679248490584}