{"quality": 0, "novelty": 0.2764590848138287, "diversity": 0.6653162904898386, "efficiency": 0.9650933305939304, "cost": 0.9318058002729462, "score": 0.2537614488632199}