{"quality": 0.10317623780704246, "novelty": 0.7628875689904349, "diversity": 0.8093166218905544, "efficiency": 0.4261827540123232, "cost": 0.11597715836171718, "score": 0.43586778523350916}