{"quality": 0.6056594823358944, "novelty": 0.8348928203852379, "diversity": 0.8264045772349105, "efficiency": 0, "cost": 0.3652717646676257, "score": 0.5191747887772973}