{"quality": 0.3345140117669008, "novelty": 0.720621454059841, "diversity": 0.8808371374860231, "efficiency": 0.9518978712524813, "cost": 0.7038599844477328, "score": 0.529075676785334}