{"quality": 0.5458296095612485, "novelty": 0, "diversity": 0.24921511371248029, "efficiency": 0.2391168509333626, "cost": 0.490696144741822, "score": 0.2003898187766928}