{"quality": 1, "novelty": 0.8578278837891992, "diversity": 0.37360594668230696, "efficiency": 0.9855129066406855, "cost": 1, "score": 0.637005096279864}