{"quality": 0.49257040059462137, "novelty": 1, "diversity": 0.8057101145049211, "efficiency": 0.16923482118386496, "cost": 0.5360831614505903, "score": 0.5306900501118913}