{"quality": 0.12788741262862188, "novelty": 0.007520880231289856, "diversity": 0.5450881618062975, "efficiency": 0.38155819018086506, "cost": 0.23640590826474456, "score": 0.18285721390832382}