{"quality": 0.9751859699704604, "novelty": 0.40368491311636157, "diversity": 0.8106894581997419, "efficiency": 0.7181646175412135, "cost": 0.17028876035472773, "score": 0.6463107275058861}