{"quality": 0.6278458575755046, "novelty": 0.46720236227125667, "diversity": 0.9625172943704985, "efficiency": 0, "cost": 0.6048996099616929, "score": 0.43716784571839595}