{"quality": 1, "novelty": 0.6383085075876472, "diversity": 0.8099182164651497, "efficiency": 0.11088893757308052, "cost": 0.7514155488613949, "score": 0.5630525559397643}