{"quality": 0.3587646813721764, "novelty": 0.3800817628130469, "diversity": 0.17000818243480953, "efficiency": 0.7454349944189225, "cost": 0.9081200190192593, "score": 0.25765472886278895}