{"quality": 0.6588435092854423, "novelty": 0.35013339284550615, "diversity": 0.300147092178726, "efficiency": 0.8095070327694267, "cost": 0.17550273632669694, "score": 0.4490916007154987}