{"quality": 0.7823584928335772, "novelty": 0.779447453396549, "diversity": 0.1169708366508786, "efficiency": 0.49796539066683043, "cost": 0.41496571721112796, "score": 0.4861618154082979}