{"quality": 0.18962918479956897, "novelty": 0.030597186684912625, "diversity": 0.5260500392394195, "efficiency": 0.278319452370129, "cost": 0.1779595517659453, "score": 0.19370002263790756}