{"quality": 0.8978099473149825, "novelty": 0.400382938860522, "diversity": 0.7969929563818592, "efficiency": 0.33937485443213, "cost": 0.41365279189381343, "score": 0.5383782591614352}