{"quality": 0.42633323320279937, "novelty": 0.42164436760605417, "diversity": 0.18989456388149062, "efficiency": 0.7693338320072846, "cost": 0.30108109106729974, "score": 0.3565819403330142}