{"quality": 0.066419691684944, "novelty": 0.8157920405283625, "diversity": 1, "efficiency": 0.32165328892148065, "cost": 0.8173927588178946, "score": 0.3903826350940065}