{"quality": 0.23080232580997379, "novelty": 0.862346129937481, "diversity": 0.11945714339980545, "efficiency": 0.23313234107579012, "cost": 0.9301027777032302, "score": 0.25067823229836894}