{"quality": 0, "novelty": 0.2760385525871767, "diversity": 0.7555220235768094, "efficiency": 0.5333664398759106, "cost": 0.2124938084465247, "score": 0.27886962799889015}