{"quality": 0.9214549953017201, "novelty": 0.3021053576476644, "diversity": 0.15757535584279642, "efficiency": 0, "cost": 0.6200865673635552, "score": 0.3214692524346359}