{"quality": 0.518571937741994, "novelty": 0.4344118864460689, "diversity": 0.8429370299623212, "efficiency": 0, "cost": 0.2587999534646035, "score": 0.4068819635801193}