{"quality": 0.5697430476001171, "novelty": 0.7035294478515808, "diversity": 0.14696951145703352, "efficiency": 0.590908361889931, "cost": 0.6836125443587653, "score": 0.39647417838195015}