{"quality": 0.9170590231510728, "novelty": 0.5898272671943083, "diversity": 0.23664343033259178, "efficiency": 0.6398245220932203, "cost": 0.020077400108279353, "score": 0.5638691481135724}