{"quality": 0.6720764126088634, "novelty": 0.7884264922026886, "diversity": 0.6543480710968735, "efficiency": 0.4729779060321395, "cost": 0.8765382847300546, "score": 0.5128920184845214}