{"quality": 0.3158033108150518, "novelty": 0.6104943198666448, "diversity": 0.004921410902060885, "efficiency": 0.26158736131121574, "cost": 0.4791475065707163, "score": 0.23967220893119967}