{"quality": 0.24669748469258607, "novelty": 0.30030404827884916, "diversity": 0.632785240004125, "efficiency": 0.4067139558788934, "cost": 0.8285843328186173, "score": 0.2537909655782854}