{"quality": 1, "novelty": 0.7790634517959864, "diversity": 0.5085035609622321, "efficiency": 0.9633333503187121, "cost": 0.9699243566772734, "score": 0.6439741420215226}