{"quality": 0.7572788509191164, "novelty": 0.5854251889760652, "diversity": 0.9303060318666508, "efficiency": 0.5168154004827237, "cost": 0.7054922999541717, "score": 0.5665742389700728}