{"quality": 0.5060436249287239, "novelty": 0.05667541429685313, "diversity": 1, "efficiency": 0.766934087222863, "cost": 0.8490651718340624, "score": 0.3961155369528536}