{"quality": 0.6433326829102073, "novelty": 0.08440129533726029, "diversity": 0.19351764242201996, "efficiency": 0.09800740752880405, "cost": 0.13035107222724443, "score": 0.2544696610983774}