{"quality": 0.42362093629088865, "novelty": 0.10357915104117238, "diversity": 0.8607801506627095, "efficiency": 0.8519943161806798, "cost": 0.319239079498867, "score": 0.4210123382573168}