{"quality": 0.9818549641883739, "novelty": 0.7126244094318895, "diversity": 0.6557659059423173, "efficiency": 0.6160112075536048, "cost": 0.2016831036153339, "score": 0.6760991435744552}