{"quality": 0.32674127364354866, "novelty": 1, "diversity": 0.5034252778469092, "efficiency": 0, "cost": 0.5815414988306618, "score": 0.39055328777938025}