{"quality": 0.47533562976463684, "novelty": 0.6961207528236146, "diversity": 0.7600623727302152, "efficiency": 0.32518155339661803, "cost": 0.9673471789052929, "score": 0.4206858668003011}