{"quality": 0.6731117608481352, "novelty": 0.437128581817743, "diversity": 0.44161343634813166, "efficiency": 0.443036569896884, "cost": 0.7172605656181543, "score": 0.3942677899012198}