{"quality": 0.29951297180090725, "novelty": 0.8102429082793132, "diversity": 0.35204450493571693, "efficiency": 0.3093457328227676, "cost": 0.8131629683103897, "score": 0.3279090826896201}