{"quality": 0.3986246275992152, "novelty": 0.4213521578625817, "diversity": 0.8390436942443418, "efficiency": 0.03891746834102283, "cost": 0.09125205351626667, "score": 0.3894465814938051}