{"quality": 0.8793339001942097, "novelty": 0.00039886640165037734, "diversity": 0.11056091439646051, "efficiency": 0, "cost": 0.3523981561268544, "score": 0.25077225392528213}