{"quality": 1, "novelty": 0.30097202289625685, "diversity": 0.5232161095652341, "efficiency": 0.5817369922809336, "cost": 0.531567216339268, "score": 0.5139900548453242}