{"quality": 0.5261605271980049, "novelty": 0.36591753927613035, "diversity": 0.3180433869004973, "efficiency": 0.5952434491952423, "cost": 0.9730589150320483, "score": 0.304916846234615}