{"quality": 0.3104673434786615, "novelty": 0.5193235575780918, "diversity": 0.5481721040240612, "efficiency": 0.43640146142160696, "cost": 0.2277698120252955, "score": 0.37528875125364514}