{"quality": 0.772506426528188, "novelty": 0.41299300465575334, "diversity": 0.1481954719818286, "efficiency": 0.5908660596383797, "cost": 0.6864934244270596, "score": 0.38461984002181143}