{"quality": 0.5172633739172632, "novelty": 0.36048498320388245, "diversity": 0.31261546604314927, "efficiency": 0.33927906642393235, "cost": 0.7132843514140106, "score": 0.2873867760069682}