{"quality": 0.32130996878755413, "novelty": 0.7701909313229559, "diversity": 0.5982197470587516, "efficiency": 0.2277595278416878, "cost": 0.35179997999648577, "score": 0.4075686040553601}