{"quality": 1, "novelty": 0.955485217706814, "diversity": 0.7310697502920829, "efficiency": 1, "cost": 0.053362188151056145, "score": 0.8297490356700145}