{"quality": 0.5715247610924036, "novelty": 0.7485337721354449, "diversity": 0.30349202282173954, "efficiency": 0, "cost": 0.601848979968123, "score": 0.3591043779291179}