{"quality": 0.7536457951297255, "novelty": 0.5598395616213856, "diversity": 0.23223871608593868, "efficiency": 0.9049444585135177, "cost": 0.7215349943877818, "score": 0.47608954149970134}