{"quality": 0.6017499561737298, "novelty": 0.7885494692134294, "diversity": 0.37368633639937865, "efficiency": 0.846687655922914, "cost": 0.7808907361653762, "score": 0.5013136962072515}