{"quality": 0.7425886507909323, "novelty": 0.8275714866030773, "diversity": 0.02352839015692426, "efficiency": 0.9982709849484644, "cost": 0.5848696087628915, "score": 0.5256288317854144}