{"quality": 0.24748288448446712, "novelty": 0.21715198725109686, "diversity": 0, "efficiency": 0.0228516740961745, "cost": 0.5526242745087401, "score": 0.07669818582166651}