{"quality": 0.4972452231739606, "novelty": 0.45377159808295564, "diversity": 0.5741674954916882, "efficiency": 0.5339825290568897, "cost": 0, "score": 0.4575473449297982}