{"quality": 0.46125563174171846, "novelty": 0.9889000104691519, "diversity": 0.44036980612539184, "efficiency": 0.3584943005863818, "cost": 0.8315282036449722, "score": 0.4442969780883419}