{"quality": 0.7612680361136435, "novelty": 0.47725044111285214, "diversity": 0.42361605039451816, "efficiency": 0.8981695170592672, "cost": 0.34240432800398457, "score": 0.5329012259497014}