{"quality": 0.827983154939715, "novelty": 0.6642015934187613, "diversity": 0.5541388664620001, "efficiency": 0.6433716234790398, "cost": 0.9435714968866156, "score": 0.5274217119621991}