{"quality": 0.6539573802721717, "novelty": 0.28497052618459384, "diversity": 0.7810471426358472, "efficiency": 0.6071730708725132, "cost": 0.6771141313611578, "score": 0.44700382164973057}