{"quality": 0.2261765705549942, "novelty": 0.04646679631718073, "diversity": 0.7462419123924365, "efficiency": 0.21149017249335594, "cost": 0.2469141633058311, "score": 0.23575016226770104}