{"quality": 0.6881105167876431, "novelty": 1, "diversity": 0.133538758846329, "efficiency": 0.9554154701101008, "cost": 0.12217090588782967, "score": 0.6142361367332908}