{"quality": 0, "novelty": 0.1813677539700115, "diversity": 0.6268950471545476, "efficiency": 0, "cost": 0.538748905412802, "score": 0.11684605738213219}