{"quality": 0.17794331082448786, "novelty": 0.8297717695162908, "diversity": 0.5393967833579456, "efficiency": 0.22909370749601127, "cost": 0.803978553519224, "score": 0.3226714930704875}