{"quality": 0.6171086244426015, "novelty": 1, "diversity": 0.45592883556290925, "efficiency": 0.5713624919139493, "cost": 0.48525389639031696, "score": 0.563497338593423}