{"quality": 0.02317151696342387, "novelty": 0.8317014588192819, "diversity": 0.766456642997305, "efficiency": 0.7400728329014322, "cost": 0.22674820350167532, "score": 0.45650425297835595}