{"quality": 0.7883645419622497, "novelty": 0.7857340831194366, "diversity": 0.29698442964933136, "efficiency": 0.6842205694997792, "cost": 0.21705230175631685, "score": 0.5732676245477355}