{"quality": 0.573205870152192, "novelty": 0.5849344479326125, "diversity": 1, "efficiency": 0.5078424286843266, "cost": 0, "score": 0.5943717373314596}