{"quality": 0.007829037102580816, "novelty": 0, "diversity": 0.34973427035536314, "efficiency": 0.7494894834716705, "cost": 0.12053509724883665, "score": 0.17266547799771378}