{"quality": 1, "novelty": 0.6560199431661882, "diversity": 0.639354303117257, "efficiency": 0.19271794151025048, "cost": 0.41495256326292157, "score": 0.5792882813152439}