{"quality": 0.7418421197537253, "novelty": 0.8393490631874625, "diversity": 1, "efficiency": 0.8786380223082048, "cost": 0.3366521645943676, "score": 0.7305203886097772}