{"quality": 0.46339415283238167, "novelty": 0.3717863800784611, "diversity": 0.09273811837573562, "efficiency": 0.5729768863664444, "cost": 0.5228508904891378, "score": 0.28417390845052976}