{"quality": 0.2485602316868602, "novelty": 0.19481362927990234, "diversity": 0.03541661107845184, "efficiency": 0.5967023324497212, "cost": 0.7111644599645915, "score": 0.14874370291272304}