{"quality": 0.670273512217627, "novelty": 0.6467595139120219, "diversity": 1, "efficiency": 0.8730949679452586, "cost": 0.980634653709179, "score": 0.5956727119641644}