{"quality": 0.8965524741524031, "novelty": 0.9015619849869321, "diversity": 0.42234695235396347, "efficiency": 0.7530047779125083, "cost": 0.06315275139901749, "score": 0.6854610705102212}