{"quality": 0.6006640929142959, "novelty": 0.575250559197718, "diversity": 0.6594338042245922, "efficiency": 0.5891927589351401, "cost": 0.18746625703153996, "score": 0.5255309166557537}