{"quality": 0.8933656968475323, "novelty": 0.3254883206406277, "diversity": 0.22446162375314277, "efficiency": 0.030565075167028194, "cost": 0.6943936447885308, "score": 0.32941951076124637}