{"quality": 0.8518117436191512, "novelty": 0.24525897766628982, "diversity": 0.3282372357496912, "efficiency": 0.8008895735842931, "cost": 0.694838952532246, "score": 0.43315525543667543}