{"quality": 0.30358904075703086, "novelty": 0.8186892142228974, "diversity": 0.38254677753675326, "efficiency": 0.7531031332943872, "cost": 0.8332037322189547, "score": 0.4019034680624469}