{"quality": 0.8087167124562183, "novelty": 1, "diversity": 0.5521455261620514, "efficiency": 0.9003723386446223, "cost": 0.6953539067377329, "score": 0.6685645790921959}