{"quality": 0.5603625102206612, "novelty": 0.09963616507450451, "diversity": 0.6120248759629187, "efficiency": 0.2645873530975488, "cost": 0.5657916457059401, "score": 0.2985317079214465}