{"quality": 0.3600001679753799, "novelty": 0.501191040877405, "diversity": 0.5513686796104944, "efficiency": 0.5649710412061799, "cost": 0.9127529329148458, "score": 0.3370419094235065}