{"quality": 0.8205039378464302, "novelty": 0.5596574221610903, "diversity": 0.5560432573103189, "efficiency": 0.0, "cost": 0.8320635106504424}