{"quality": 0.6751727151647658, "novelty": 0.8439652301102576, "diversity": 0.810918463292061, "efficiency": 0.31799943533161007, "cost": 0.2650535792301395, "score": 0.596921372112134}