{"quality": 0.40383108749480123, "novelty": 0.7309405469845152, "diversity": 0.7652460544070319, "efficiency": 0.28353978765113175, "cost": 0.2646647720692331}