{"quality": 0.2558638124606718, "novelty": 0.19278779521657338, "diversity": 0.49151923149868193, "efficiency": 0.7296594199769626, "cost": 0.4983897865909339, "score": 0.28286987317953227}