{"quality": 0.1429884186155259, "novelty": 0.12641266749122054, "diversity": 0.33507047515667754, "efficiency": 0.39299116051231975, "cost": 0.11736646808066242, "score": 0.18872581475758013}