{"quality": 0.2102998677142841, "novelty": 0.8378862320290948, "diversity": 0.4645633748123433, "efficiency": 1, "cost": 1, "score": 0.4154741932840277}