{"quality": 0.4072269779964524, "novelty": 0.9045408102630803, "diversity": 0.5450093564092167, "efficiency": 0.25935273119191005, "cost": 1, "score": 0.39620807692533566}