{"quality": 0.6708890760887721, "novelty": 0.41257877668407356, "diversity": 0.24435253228623433, "efficiency": 0.12722856036974162, "cost": 0.5775891995088968, "score": 0.3146072875594685}