{"quality": 0.5754305312986772, "novelty": 0.5062159527819285, "diversity": 0, "efficiency": 0.9432273658961317, "cost": 0.6416673099033591, "score": 0.37650052147916907}