{"quality": 0.4971744583547286, "novelty": 0.9912571793732257, "diversity": 0.11037220326145851, "efficiency": 0.7928147667484953, "cost": 0.6169976855086148, "score": 0.4762635194634295}