{"quality": 0.6306881632121988, "novelty": 0.2755308565997139, "diversity": 0.6502769700259581, "efficiency": 0.513693198998437, "cost": 0.7918612198839391, "score": 0.3860124149801513}