{"quality": 0.3871501744076902, "novelty": 0.5923604223499463, "diversity": 0.6981401627137913, "efficiency": 0.48852829529630654, "cost": 0.06833219900821266, "score": 0.47030921484617666}