{"quality": 1, "novelty": 0.45641634299645606, "diversity": 0.2214797303167047, "efficiency": 0.6226996453557377, "cost": 0.8607807567606595, "score": 0.4657269029397496}