{"quality": 0.5103000967112501, "novelty": 0.38304978291737457, "diversity": 0.7774577170370349, "efficiency": 0.5658091500857272, "cost": 1, "score": 0.3892153906629847}