{"quality": 0.5064602030192633, "novelty": 0.8757056045697545, "diversity": 0.5506662615298246, "efficiency": 0.9357280803234219, "cost": 0.6802470453238221}