{"quality": 0.7040429625090974, "novelty": 0.7921626825750397, "diversity": 0.6357753837785707, "efficiency": 0.9819015210187754, "cost": 0.6603552228490175, "score": 0.6176583420201178}