{"quality": 0.015091772107327539, "novelty": 1, "diversity": 0.32533736827799126, "efficiency": 0.9011016374750613, "cost": 0.4940975217009432, "score": 0.4053504987389614}