{"quality": 0.90347907424947, "novelty": 0.37617469777379037, "diversity": 0.9881804257995098, "efficiency": 0.3518672147112762, "cost": 0.37985005454185766, "score": 0.5775185586306961}