{"quality": 0.8865626515167838, "novelty": 0.804904185884192, "diversity": 0.9250752423858295, "efficiency": 0.28865718556023423, "cost": 0.1152575127898117}