{"quality": 0.45592817669870883, "novelty": 1, "diversity": 0.6079255159440607, "efficiency": 0.8808916617203597, "cost": 0.5999064117822518, "score": 0.5805066642782536}