{"quality": 0.08214451998115377, "novelty": 0.5950253441196138, "diversity": 0, "efficiency": 1, "cost": 0.8913060663859911, "score": 0.23426908538565044}