{"quality": 0.5441740139613407, "novelty": 0.22800616176708843, "diversity": 0.6875220947047314, "efficiency": 0.427075908313373, "cost": 0.20511988749616056, "score": 0.40130756106851045}