{"quality": 0.28560211729525453, "novelty": 0.3310709686719483, "diversity": 1, "efficiency": 0.3271918835690656, "cost": 0.8205868420425377, "score": 0.3354684756876695}