{"quality": 0.9636455073900269, "novelty": 0.45828792997082174, "diversity": 0.3984732865981521, "efficiency": 0.46179869420821373, "cost": 0.0620105119611688}