{"quality": 1, "novelty": 0.74073752138363, "diversity": 0.19145773383094483, "efficiency": 0.7469773469638095, "cost": 0.4246255591814077, "score": 0.5930599732385271}