{"quality": 0, "novelty": 0.8762998869836028, "diversity": 0.992627062416583, "efficiency": 0.9483132500325901, "cost": 0, "score": 0.5598473717341058}