{"quality": 0.9874407059292403, "novelty": 0, "diversity": 0.26298960057630133, "efficiency": 0.37929843028960725, "cost": 0, "score": 0.40572489643747345}