{"quality": 0.9751767922958611, "novelty": 0.8066049168263068, "diversity": 0.9029081341082495, "efficiency": 0.70789670957603, "cost": 0.37588936473396, "score": 0.7433814636799934}