{"quality": 0.10702526806018725, "novelty": 0.8868881348627438, "diversity": 0.40548588581645145, "efficiency": 0.7905753478196651, "cost": 0.4925443978486019, "score": 0.4042586536851219}