{"quality": 0.007431575138364288, "novelty": 0.4323953179587564, "diversity": 0.22239504035121788, "efficiency": 0.9374097755990518, "cost": 0.9406837355652365, "score": 0.20135040288477613}