{"quality": 0.3354428827632375, "novelty": 0.2686330456319838, "diversity": 0.7699721248843896, "efficiency": 0.7458685777051113, "cost": 0.3976003154273565, "score": 0.3939058063268761}