{"quality": 0.35730895336981516, "novelty": 0.5277705858291892, "diversity": 0.31907287089757563, "efficiency": 0.5417644485712863, "cost": 0.6797891243644079, "score": 0.31623566149700916}