{"quality": 0.12670644757260768, "novelty": 0.30293533872677925, "diversity": 0.7340833508521684, "efficiency": 0.40452911031442507, "cost": 0.3458025240870593, "score": 0.28666155326236864}