{"quality": 0.6227275084331769, "novelty": 0.35449071946690214, "diversity": 0.6857812875769883, "efficiency": 0.995919331985684, "cost": 0.8151307994563739, "score": 0.4804720097642915}