{"quality": 0.4712430464187456, "novelty": 0.4160768207275749, "diversity": 0.799346705724989, "efficiency": 0.1225999783283917, "cost": 0.2558267858549112, "score": 0.3980687784162828}