{"quality": 0.08745711640688686, "novelty": 0.8959951939709498, "diversity": 0.12970314909021763, "efficiency": 0.3014306880238225, "cost": 0.5643416057950928, "score": 0.2649570058569111}