{"quality": 0.3037117865905872, "novelty": 0.17527666695608876, "diversity": 1, "efficiency": 0.1834487507824106, "cost": 0.3932230499132932, "score": 0.3231277103422306}