{"quality": 0.5862976401410779, "novelty": 0.7346312406810475, "diversity": 0.6233220824935737, "efficiency": 0.9357163539792189, "cost": 0.5736215104551062}