{"quality": 0.8278042130043046, "novelty": 0.7776983269452895, "diversity": 0.7889209947973269, "efficiency": 0.7720245515089854, "cost": 1, "score": 0.616353727323427}