{"quality": 0.24008078233952349, "novelty": 0.7662356995028903, "diversity": 0.2313747011797639, "efficiency": 0.5527745004402445, "cost": 0.9549148018796318, "score": 0.2972827946916059}