{"quality": 0.7549937947735771, "novelty": 0.7650734595539699, "diversity": 0.3665805881437672, "efficiency": 0.6664502276542463, "cost": 0.03210234604757205, "score": 0.5878399204926987}