{"quality": 0.5272309897025655, "novelty": 0.48584298890384475, "diversity": 0.8544839365429389, "efficiency": 0.7691719538018253, "cost": 0.6355116125848886, "score": 0.5023514632571036}