{"quality": 1, "novelty": 0.4841100927083609, "diversity": 0.6821387487404335, "efficiency": 0.6276940415478036, "cost": 0.3913764998491522, "score": 0.6124717291724323}