{"quality": 0.8403766881535935, "novelty": 0.972416106939459, "diversity": 0.9879264381273003, "efficiency": 0.25620710758724025, "cost": 0.40650028027514695, "score": 0.6905833589169742}