{"quality": 0.5075973256378676, "novelty": 0.6186565830473111, "diversity": 0.7092718354207794, "efficiency": 0.8575856915307791, "cost": 0.9462829579237231, "score": 0.48280726847458855}