{"quality": 0.2401309732434049, "novelty": 0.4620478702428718, "diversity": 0, "efficiency": 0.38620527986007325, "cost": 0.35387803080765584, "score": 0.21009424843198482}