{"quality": 0, "novelty": 0.9682662721222265, "diversity": 0.12553697049991683, "efficiency": 0.6054137667833953, "cost": 0.22001067699903312, "score": 0.335984959448146}