{"quality": 0.7899068606198701, "novelty": 0.8382907968186524, "diversity": 0.2242210379760909, "efficiency": 0.1394543882153376, "cost": 0.38626102503204374, "score": 0.4736810207149386}