{"quality": 0.16292850134784814, "novelty": 0.9814197380609531, "diversity": 0.667853835172683, "efficiency": 1, "cost": 0.9821740274592153, "score": 0.47958684920820777}