{"quality": 0.2712553590981438, "novelty": 0.07205501901518563, "diversity": 0.6265811411124471, "efficiency": 0.024104337941594986, "cost": 0, "score": 0.22832224139696822}