{"quality": 0.29687337074668435, "novelty": 0.30398452368064854, "diversity": 0.46246315877322197, "efficiency": 0.17366712628166153, "cost": 0.8363479059748025, "score": 0.19996605224358077}