{"quality": 1, "novelty": 0.15506572624250514, "diversity": 0.5339569749530241, "efficiency": 0.8439936669953942, "cost": 0.571407434922155, "score": 0.5150161331083246}