{"quality": 0.40368202046788515, "novelty": 0.15207558759682077, "diversity": 0.6542428898501433, "efficiency": 0.3514495129613174, "cost": 0, "score": 0.342689507953797}