{"quality": 0.4092471820794242, "novelty": 0.7337198271837356, "diversity": 0.7170933135237396, "efficiency": 0.4117962025855526, "cost": 0.9865737460286566, "score": 0.41273482990947635}