{"quality": 0.1107076226355842, "novelty": 0.008799355872551207, "diversity": 0.04525456633368431, "efficiency": 0.26641574538540225, "cost": 0.3076961680423968, "score": 0.05365578402912057}