{"quality": 0.2319159748545877, "novelty": 0.4985558513980718, "diversity": 0.4260963072200081, "efficiency": 0.14422461698401426, "cost": 0.022303093280434366, "score": 0.29883639996945455}