{"quality": 0.6855031399326156, "novelty": 0.5854465753475652, "diversity": 0.19476300122853957, "efficiency": 0.7162803994720989, "cost": 0.015341419194633527, "score": 0.49687310406373536}