{"quality": 0.8140345010728294, "novelty": 0.665035526999096, "diversity": 1, "efficiency": 0.9381844296368623, "cost": 0.3859830506035041, "score": 0.7125985914568016}