{"quality": 0.9600222502244147, "novelty": 0.5827336673429218, "diversity": 0, "efficiency": 0.11443282793608828, "cost": 0.30202608458113, "score": 0.4206524076353551}