{"quality": 0.4103419227463866, "novelty": 0.91635365666621, "diversity": 0.6830368440702483, "efficiency": 0.6353835547989745, "cost": 0, "score": 0.5841058930243643}