{"quality": 0.8004925024300158, "novelty": 0.32095411273097074, "diversity": 0.710457825801359, "efficiency": 0.389109744305103, "cost": 0.6527455297593237, "score": 0.45556975274185224}