{"quality": 0, "novelty": 1, "diversity": 0.21132854939497575, "efficiency": 0.6887852082795116, "cost": 0.39560232909237314, "score": 0.35602325821168457}