{"quality": 0.7723046100426983, "novelty": 0.42203956175890883, "diversity": 0.10169391006026907, "efficiency": 0.3149677587568966, "cost": 0.1914157058290564, "score": 0.38564364869521933}