{"quality": 0.9061728910578536, "novelty": 0.494360902445716, "diversity": 0.022181980736792423, "efficiency": 0.8180164285632265, "cost": 0.18255041214513487}