{"quality": 0.21582996565050794, "novelty": 0.6832079421473967, "diversity": 0.6935676984113642, "efficiency": 0.8195235952886508, "cost": 0.19563440601823084, "score": 0.4776296136057489}