{"quality": 0.3764381906825902, "novelty": 0.766484216753704, "diversity": 0.3329972808233423, "efficiency": 0.2583203413036989, "cost": 0.9458582643749762, "score": 0.3153141923159287}