{"quality": 0.8419914664091714, "novelty": 0.26981361517025226, "diversity": 0.6354013349109804, "efficiency": 0.3092382410272758, "cost": 0.4098469444351899, "score": 0.4525321524080829}