{"quality": 0.08171153395906, "novelty": 0.1692444642354779, "diversity": 0.7291648401304436, "efficiency": 1, "cost": 0.2762803886693028, "score": 0.3350295054057459}