{"quality": 0.45486225923513113, "novelty": 0.6540223733701882, "diversity": 0.8463098335711602, "efficiency": 0.3681319870687847, "cost": 0.01980904692925735}