{"quality": 0.27584248997129984, "novelty": 0.7913745751706597, "diversity": 0.2706998943624452, "efficiency": 0.15565453829341624, "cost": 1, "score": 0.25808455040055633}