{"quality": 0.45823303969777335, "novelty": 0.6724583545584026, "diversity": 0.6258559682790712, "efficiency": 0.5283106872190968, "cost": 0.05647546907319359, "score": 0.5043547503802921}