{"quality": 0.13623597428497464, "novelty": 0, "diversity": 0.7623965384702225, "efficiency": 0.32169617594197725, "cost": 0.8005891825123828, "score": 0.1615456081195952}