{"quality": 0.37426399455670595, "novelty": 0.15661052637929812, "diversity": 0.5933168272920233, "efficiency": 0.8158470044799417, "cost": 0.09323308158967769, "score": 0.38314893793326443}