{"quality": 0.3711885068846425, "novelty": 0.3636319249627281, "diversity": 0.4214102384674985, "efficiency": 0.7881157534754877, "cost": 0.5126176304577252, "score": 0.3535021809751251}