{"quality": 0.3413800905859703, "novelty": 0.6654448274845751, "diversity": 0.7884151972619289, "efficiency": 0.9889963390568863, "cost": 0.4115248490002646}