{"quality": 0.3525313295136791, "novelty": 0.16209282549548185, "diversity": 0.09014632624951219, "efficiency": 0.3306481491508947, "cost": 0.1382349178170018, "score": 0.20008560106881065}