{"quality": 0.4411261435288808, "novelty": 0.19392207974656878, "diversity": 0.6466939583482195, "efficiency": 0.6194684901116211, "cost": 0.278588191656342, "score": 0.37521860901605925}