{"quality": 1, "novelty": 0.49472807131482144, "diversity": 0, "efficiency": 0.3168275566785716, "cost": 0.8399262351248573, "score": 0.38721352781800533}