{"quality": 0.33201384474037315, "novelty": 0.8011467568190662, "diversity": 0.45867846195091055, "efficiency": 0.7496481452379349, "cost": 0.847634585723241, "score": 0.4193102982304267}