{"quality": 0.5891023188576525, "novelty": 0.45894772768843656, "diversity": 0.642188002057573, "efficiency": 0.7371982595311051, "cost": 0.49548379085139066, "score": 0.4809365878354461}