{"quality": 0.725344046169717, "novelty": 0.5413422156865398, "diversity": 0.6868713879318494, "efficiency": 0.31742247810426427, "cost": 1.0}