{"quality": 0.8777566045377312, "novelty": 1, "diversity": 0.6794704860118054, "efficiency": 0.466840354691664, "cost": 0.17216165197137973, "score": 0.7020309665702921}