{"quality": 0.6457356461495665, "novelty": 0.513354178016262, "diversity": 0.9384901128549878, "efficiency": 0.6399185504372518, "cost": 0.552530316860654, "score": 0.5504920117994553}