{"quality": 0.6132681957748587, "novelty": 0.659018793337296, "diversity": 0, "efficiency": 0.457950237520368, "cost": 0.25154239337150847, "score": 0.392273453357686}