{"quality": 0.3612735330157366, "novelty": 0.211096377874693, "diversity": 0.5032532290898624, "efficiency": 0.8520650738906166, "cost": 0.3128111476574217, "score": 0.358335446509217}