{"quality": 0.21530198063666794, "novelty": 1, "diversity": 0.6921826887385959, "efficiency": 0.5798964516400804, "cost": 0.04866510746254821, "score": 0.5351450889384769}