{"quality": 0.6444921764686504, "novelty": 0.13596110008169404, "diversity": 0.8595692359408702, "efficiency": 0.360661437819695, "cost": 0.43666725786801297, "score": 0.40968426503534555}