{"quality": 0.35873458716069145, "novelty": 1, "diversity": 0.20123467467334039, "efficiency": 0.4589004216341588, "cost": 0.8397285002605859, "score": 0.38272952430194074}