{"quality": 0.7260019468397823, "novelty": 0.8633690554773055, "diversity": 0.9920189008960213, "efficiency": 0.5053545008712552, "cost": 0.5696584142826769, "score": 0.6508839618028859}