{"quality": 0.26977586182130353, "novelty": 0.4395284650891171, "diversity": 1, "efficiency": 0.3717261138726642, "cost": 0.7043351097800539, "score": 0.3761402809215646}