{"quality": 0.4987923320163506, "novelty": 0.38562208088282235, "diversity": 1, "efficiency": 0.17351237979741194, "cost": 0.8320667368611816, "score": 0.3888634031091044}