{"quality": 0.43662796396872705, "novelty": 1, "diversity": 0.37759752981574846, "efficiency": 0.46891034330151404, "cost": 0.920722724942802, "score": 0.4347721741547148}