{"quality": 0, "novelty": 0.08773279858503674, "diversity": 0.3911256032751986, "efficiency": 0.7412859703654154, "cost": 0.9061796316949483, "score": 0.12073325268661639}