{"quality": 0.3009433126258056, "novelty": 0, "diversity": 0.8527960480409107, "efficiency": 0.6148246825184271, "cost": 0.2833737541678964, "score": 0.32472853035689825}