{"quality": 0.6441470358025554, "novelty": 0.29927029390973325, "diversity": 0.5726608104570564, "efficiency": 0.31193535915997994, "cost": 0.9566847383776416, "score": 0.33371567634584404}