{"quality": 0.44587681731304224, "novelty": 0.18428334206393154, "diversity": 0.8403945051542787, "efficiency": 1, "cost": 0.2767672223324608, "score": 0.4702360595075052}