{"quality": 0.4429646221201376, "novelty": 0.26753368059694443, "diversity": 1, "efficiency": 0.0866495228550234, "cost": 0.7894875998293405, "score": 0.33382147523059685}