{"quality": 0.24438999554570207, "novelty": 0.8827647078860713, "diversity": 0.3171029063578474, "efficiency": 0, "cost": 0.6050925678325499, "score": 0.29691950012354296}