{"quality": 0.9553757538315619, "novelty": 0.7640807149193825, "diversity": 0.35196925139250296, "efficiency": 0.9024940214022907, "cost": 0, "score": 0.6834008583681584}