{"quality": 0.6865703335784843, "novelty": 0.48410129793688944, "diversity": 0.4324799492336177, "efficiency": 0.6498937243797662, "cost": 0.6982352097721392, "score": 0.4411529520842422}