{"quality": 0.9571749111341044, "novelty": 0.6084033806389086, "diversity": 0.20381893914214771, "efficiency": 0.5537785644678914, "cost": 0.6832079576224657, "score": 0.4947630952363251}