{"quality": 0.40300614896237374, "novelty": 0.5572165899760473, "diversity": 0.7718412463278703, "efficiency": 0.7972666615845532, "cost": 0.6819639894102745, "score": 0.46596784174495354}