{"quality": 0.43613845998166106, "novelty": 0.5562142078402118, "diversity": 0.41654198804375536, "efficiency": 1, "cost": 0.5469419575683596, "score": 0.44850929180646637}