{"quality": 0.605985411911919, "novelty": 0.5788989534446469, "diversity": 0.98472021123574, "efficiency": 0, "cost": 0.40976060265433056, "score": 0.4824883439164524}