{"quality": 0.2805934367054859, "novelty": 0.24992085613584203, "diversity": 0.40941610173699944, "efficiency": 0.9886885791571257, "cost": 0.2627530232094156, "score": 0.35056944994563344}