{"quality": 0, "novelty": 0.4730153889334917, "diversity": 0.42677965641116133, "efficiency": 0.02257843083422542, "cost": 0.4835709544157849, "score": 0.15863944769916052}