{"quality": 0.8233791549930043, "novelty": 0.5475200448284312, "diversity": 0.5393198762968028, "efficiency": 0.6489181900846968, "cost": 0.5948268080905095, "score": 0.5296127806680232}