{"quality": 0.724548966608991, "novelty": 0.5886986797208559, "diversity": 0.1066925735451354, "efficiency": 0.8046085548214954, "cost": 0.2517170001267257, "score": 0.4813974578324902}