{"quality": 0.19243370609235086, "novelty": 0.012626146529761045, "diversity": 0.7235550919972082, "efficiency": 0.17167836338381517, "cost": 0.2916857579720983, "score": 0.2021808455699496}