{"quality": 0.46791197825265146, "novelty": 0.3844183679320872, "diversity": 0.9709373795873107, "efficiency": 0.4038157183317841, "cost": 0.4304874626522717, "score": 0.4481892728608198}