{"quality": 0.16972892122041616, "novelty": 0.8305466731680498, "diversity": 0, "efficiency": 0.6019346539842547, "cost": 0.08929644296832563, "score": 0.33991589845894293}