{"quality": 0.6391701912062983, "novelty": 0.2113419837890827, "diversity": 0.560600323932705, "efficiency": 0.5791601937808116, "cost": 0.9557874345307726, "score": 0.3480019037097456}