{"quality": 0.9173231906126381, "novelty": 0.9720281608313763, "diversity": 0.5797798055946934, "efficiency": 0.40500057146259155, "cost": 0.6870047679275575}