{"quality": 0.9228754245308344, "novelty": 0.4637514746765292, "diversity": 0.19897489892324222, "efficiency": 0.20717867523426686, "cost": 0.9348717738171978, "score": 0.3701850997164513}