{"quality": 0.10661714968741931, "novelty": 0.5367431908905032, "diversity": 0.19864259588469238, "efficiency": 1, "cost": 0.44111537705455645, "score": 0.3117879241003344}