{"quality": 0.2931450979305479, "novelty": 0.41091200251168764, "diversity": 0.45810605644345986, "efficiency": 0.42303072305200035, "cost": 0.30085542695136314, "score": 0.315661807058442}