{"quality": 0.16873948512480505, "novelty": 0.129840724974955, "diversity": 0.5160977130341602, "efficiency": 0.2007621572527229, "cost": 0.08896126788751438, "score": 0.2075197661871693}