{"quality": 0.599165349030331, "novelty": 0.2683398545895195, "diversity": 0.0938242127575783, "efficiency": 1, "cost": 0.8817153417016845, "score": 0.32742787673782636}