{"quality": 0.2722725106067778, "novelty": 0.9836699903399538, "diversity": 0.46225012339603766, "efficiency": 0.19824951193226448, "cost": 0.05477534383273669, "score": 0.4443091678527953}