{"quality": 0.7344917489933152, "novelty": 0.34805816856275323, "diversity": 0.1421049478965586, "efficiency": 0.7586781989322249, "cost": 0.6175288329060414, "score": 0.38783190296722414}