{"quality": 0.34502405098697614, "novelty": 0.7851920494820726, "diversity": 0, "efficiency": 0.22380496702544053, "cost": 0.32955949613912, "score": 0.30042002310651506}