{"quality": 0.0608035171032775, "novelty": 0.05451142124229824, "diversity": 0.159531958025676, "efficiency": 1, "cost": 0.856968132104311, "score": 0.12807848883626188}