{"quality": 0.36556136223813473, "novelty": 0.42793613444584466, "diversity": 0.5311561645261667, "efficiency": 0.6621234396671165, "cost": 0.7527624447495769, "score": 0.3469259466632447}