{"quality": 0.38453033671275394, "novelty": 1, "diversity": 0.37675038846778175, "efficiency": 1, "cost": 0.2182807057478836, "score": 0.5688811081325942}