{"quality": 0.8265740946092115, "novelty": 0.8813927258819261, "diversity": 1, "efficiency": 0.42418104567887793, "cost": 0.264890013965349, "score": 0.7054585653085418}