{"quality": 0.7057638383528692, "novelty": 0.3509914548584061, "diversity": 0.21217455080943332, "efficiency": 0.26303576058636985, "cost": 0.6040188445865544, "score": 0.32096540501164894}