{"quality": 0.5704998995747331, "novelty": 0.5730142249360872, "diversity": 0.19826077313625845, "efficiency": 0.21509857007698854, "cost": 0.7094460500905948, "score": 0.3153758612361822}