{"quality": 0.6820592845805008, "novelty": 0.7666131097853818, "diversity": 0.8116252375927036, "efficiency": 1, "cost": 0.8433677114671764, "score": 0.6242593391923188}