{"quality": 0, "novelty": 0.3163511050793922, "diversity": 0.05330018133196458, "efficiency": 0.5477641132810248, "cost": 0.49716702949779146, "score": 0.12219572657861555}