{"quality": 0.8204006664986221, "novelty": 0.3956500482606323, "diversity": 0.4734672710978325, "efficiency": 0.5745025528170151, "cost": 0.7543064600578567}