{"quality": 0.6456120766192931, "novelty": 0.48012731550437426, "diversity": 0.8819858958981541, "efficiency": 0.3606948938714821, "cost": 0.1910460898858905, "score": 0.5251122561336456}