{"quality": 0.4055904075348806, "novelty": 0.6284033840808174, "diversity": 0.06140337441069932, "efficiency": 0.6268081742976359, "cost": 0.005417878881470328, "score": 0.38453808141930673}