{"quality": 0.354355747876218, "novelty": 0.3311501755700085, "diversity": 0.9104603170961749, "efficiency": 0.1511103195935375, "cost": 0.5047269575743303, "score": 0.3433801838562001}