{"quality": 0.22114112315208057, "novelty": 0.49777281337047286, "diversity": 0.30520748379181795, "efficiency": 0.509895984947175, "cost": 0.521340093977581, "score": 0.27617742539092416}