{"quality": 0.023518959980856124, "novelty": 0.8901908312595479, "diversity": 0.2494236433489907, "efficiency": 0, "cost": 0, "score": 0.27948812447894195}