{"quality": 0.8468333234607025, "novelty": 0.16715033734030238, "diversity": 0, "efficiency": 0.5866805819193043, "cost": 0.6175401592041615, "score": 0.32208565274076584}