{"quality": 0.44737363142337255, "novelty": 0.7236189377003839, "diversity": 0.713406355802973, "efficiency": 0.39426719178316055, "cost": 0.48918240114812594, "score": 0.46801993366536376}