{"quality": 0.406932596786886, "novelty": 0.20707199136566357, "diversity": 0.0456421924959628, "efficiency": 0.24032490726847994, "cost": 1, "score": 0.11902495146694622}