{"quality": 0.13950469483844435, "novelty": 0.6044064265009744, "diversity": 0.8369579520624786, "efficiency": 0.5833733408349497, "cost": 1, "score": 0.34785060661451517}