{"quality": 0.6511649497120713, "novelty": 1.0, "diversity": 0.6969093754262592, "efficiency": 0.13665087254777702, "cost": 0.49998268586480765}