{"quality": 0.4804604043966309, "novelty": 0.5718095991087158, "diversity": 0.5078774308278469, "efficiency": 1, "cost": 0, "score": 0.5386660072617375}