{"quality": 1, "novelty": 0.7731472592496292, "diversity": 0, "efficiency": 1, "cost": 0.8690850166371962, "score": 0.5563783131486877}