{"quality": 0.31117320420734146, "novelty": 0.4563361565820974, "diversity": 0.5573105326972804, "efficiency": 0.9678800282982052, "cost": 0.5188090032084276, "score": 0.4121992108710709}