{"quality": 0.551750782731788, "novelty": 0.3035966064873705, "diversity": 0.7820295962597438, "efficiency": 1, "cost": 0.09473224693830082, "score": 0.5383570809994978}