{"quality": 0.5444026798534508, "novelty": 0.48775874960578836, "diversity": 0.74637094073707, "efficiency": 0.590055351951845, "cost": 0.28669923649826007}