{"quality": 0.23380644638034426, "novelty": 0.33591685178109126, "diversity": 0.20367719274676216, "efficiency": 0.9263519656306587, "cost": 0.8047970720796006, "score": 0.25332967304536724}