{"quality": 0.8585157681623546, "novelty": 0, "diversity": 0.5844886278025965, "efficiency": 0.9399055368318667, "cost": 0, "score": 0.5154382865340057}