{"quality": 0.8182762781321926, "novelty": 0.2245627783359573, "diversity": 0.18406860325817279, "efficiency": 0.21828775724948601, "cost": 0.0141971667087325, "score": 0.3697607455918313}