{"quality": 0.6063622371251277, "novelty": 0.6335642810257788, "diversity": 0.474977153386526, "efficiency": 0.1421982674324553, "cost": 0.49415370777304857, "score": 0.4072095414088517}