{"quality": 0.47182526684774834, "novelty": 0.6648797950290037, "diversity": 0.719127850968724, "efficiency": 0.49810507739763243, "cost": 0.41515089882939693, "score": 0.48479377073202534}