{"quality": 0.5509084260320463, "novelty": 0.5772373607924807, "diversity": 0.7438142227473017, "efficiency": 0.02417581754804049, "cost": 0.738001885463297, "score": 0.3881708966430707}