{"quality": 1, "novelty": 0, "diversity": 0.22562321950665454, "efficiency": 0.6007038386872465, "cost": 0.8421463973150214, "score": 0.35101557997291577}