{"quality": 0.45726935575005323, "novelty": 0.33210950098238584, "diversity": 0, "efficiency": 0.6681346596359039, "cost": 0.4074123080442443, "score": 0.2796871501115736}