{"quality": 0.7486043501153709, "novelty": 0.10242325340481198, "diversity": 0.6309518237713085, "efficiency": 0.2420936943781596, "cost": 0.35338973648711325, "score": 0.3773525636480886}