{"quality": 0.9833972868926997, "novelty": 0.21186514531065595, "diversity": 0.5987981303589731, "efficiency": 0.1372333443683803, "cost": 0.3514658534927882, "score": 0.45318351477324675}