{"quality": 0.38593034022808625, "novelty": 0.16042936525311585, "diversity": 0.46547953715734863, "efficiency": 0.5738646120870448, "cost": 0.41322603494234156, "score": 0.29373943913199707}