{"quality": 0.4052847255387486, "novelty": 0.8488513702549196, "diversity": 0.73674706624823, "efficiency": 0.8212762404025762, "cost": 0.35947959569821675, "score": 0.5683911499655653}