{"quality": 1, "novelty": 0.7365995398631822, "diversity": 0.013050741851449138, "efficiency": 0.1304077627398835, "cost": 0.44650699255171095, "score": 0.4616704984918968}