{"quality": 0.09521043739319951, "novelty": 0, "diversity": 0.5601124746035567, "efficiency": 0.37994381111900255, "cost": 0.7212722925020032, "score": 0.12544996855632126}