{"quality": 0.391765750562016, "novelty": 0.5403629598368498, "diversity": 0, "efficiency": 0.2758580948371973, "cost": 0.6878428995976158, "score": 0.2252148893936352}