{"quality": 0.49739900016405364, "novelty": 0.7066944928723735, "diversity": 0.21382096825292235, "efficiency": 0.6131191777494756, "cost": 0.7984907870590152, "score": 0.38077631487441377}