{"quality": 0.317927073499349, "novelty": 0, "diversity": 0.15068120398768173, "efficiency": 0.4700877734685658, "cost": 0.34381484819727026, "score": 0.1616460440478989}