{"quality": 0.29984870618376747, "novelty": 0.16054514864812017, "diversity": 0.8634251184378623, "efficiency": 0.7828457409946505, "cost": 0.09207499753433014, "score": 0.41099528410049735}