{"quality": 0.3304402003471061, "novelty": 0.7796546250012993, "diversity": 0.7618971432125111, "efficiency": 0.05920013930598056, "cost": 0.1984152689561296, "score": 0.43546363899724294}