{"quality": 0.35936834800739026, "novelty": 0.06355508091310286, "diversity": 0, "efficiency": 0, "cost": 0.7506519831586829, "score": 0.048634076314624505}