{"quality": 0.5828569810587652, "novelty": 0.11718749043264276, "diversity": 0.4819167742140016, "efficiency": 0.7660657103804417, "cost": 1, "score": 0.31544717832565683}