{"quality": 0.667865500669123, "novelty": 0.9369395160754614, "diversity": 0.7444485106558092, "efficiency": 1.0, "cost": 0.7892151560068149}