{"quality": 0.2130776256303713, "novelty": 0.45683533012810124, "diversity": 0.4516248551001737, "efficiency": 0.2577846439417865, "cost": 0.1494327594902658, "score": 0.29218151188341285}