{"quality": 0.18135676768532952, "novelty": 0.28472402834267846, "diversity": 0.6950037506442046, "efficiency": 0.06345228823980165, "cost": 0.42290365682048786, "score": 0.23181626507403086}