{"quality": 0.4423670543246109, "novelty": 0.6633531120604736, "diversity": 0.5091021215111464, "efficiency": 0.009736910763105705, "cost": 0.3064758968635428, "score": 0.37118176554284255}