{"quality": 0.5377502848832377, "novelty": 0, "diversity": 0.19346506187010426, "efficiency": 0.5493692422514298, "cost": 0.8847434652220342, "score": 0.19394913765450317}