{"quality": 0.31929978676901793, "novelty": 0.16747275801535852, "diversity": 0.7022605508552293, "efficiency": 0.32353924014735114, "cost": 0.1374963047624569, "score": 0.3128914912514479}