{"quality": 0.43377272074118345, "novelty": 0.6309335578895083, "diversity": 0.5651581651390702, "efficiency": 0.102004624973066, "cost": 0.9557564182047449, "score": 0.32062189064803154}