{"quality": 0.4744622299976592, "novelty": 1, "diversity": 0.2208184064587356, "efficiency": 0.4083977649812397, "cost": 0.7719646777500675, "score": 0.4205655472632241}