{"quality": 0.02014979468411421, "novelty": 0.5862151649895523, "diversity": 0.6304279784423412, "efficiency": 0.8562059019883984, "cost": 0.3031274618475589, "score": 0.3768024644545944}