{"quality": 0.015784741919872808, "novelty": 1, "diversity": 0.4942325665552766, "efficiency": 0.822301094296019, "cost": 0.8609169417205359, "score": 0.39083540585936644}