{"quality": 0.15363809003828707, "novelty": 0.683401320320923, "diversity": 0.42339035059875885, "efficiency": 0.8236095685061162, "cost": 0, "score": 0.42516126248738606}