{"quality": 0.7205754797863854, "novelty": 1, "diversity": 0.09320597890209256, "efficiency": 1, "cost": 0, "score": 0.6348138397163341}