{"quality": 0.24800561677052818, "novelty": 0.15377120957416776, "diversity": 0.7323803632106263, "efficiency": 0.6616009002521128, "cost": 0.719458696521094, "score": 0.28661482545253314}