{"quality": 0.5352834742658144, "novelty": 0.9355785288988216, "diversity": 1, "efficiency": 0.02149424906315031, "cost": 0.6583071337061678, "score": 0.5318730984933056}