{"quality": 0.08949577565333555, "novelty": 0.15779561243880957, "diversity": 0.27478685845937684, "efficiency": 0.702970938533564, "cost": 0, "score": 0.226700648277613}