{"quality": 0.913789231517627, "novelty": 0.6883467777728355, "diversity": 0.40702711755711873, "efficiency": 0.679470464147355, "cost": 0.2568592121130493, "score": 0.603863535820719}