{"quality": 0.048378894637866654, "novelty": 1, "diversity": 0.005034170050217945, "efficiency": 0.5221676323206368, "cost": 0.2887872462656343, "score": 0.31496692262293563}