{"quality": 0.7048225119368181, "novelty": 0, "diversity": 0.47928465167970724, "efficiency": 0.5661037372932012, "cost": 0.4488916511973077, "score": 0.3473300793912362}