{"quality": 0.1633775458458953, "novelty": 0.8724305417468834, "diversity": 0.32608276849486634, "efficiency": 0.38245748043393324, "cost": 0.1265203249155423, "score": 0.37705404246299845}