{"quality": 1, "novelty": 0, "diversity": 0.12782229041098248, "efficiency": 0.7244193560473874, "cost": 0.7144048604053271, "score": 0.36278687544877186}