{"quality": 0.6756998411206507, "novelty": 0, "diversity": 1, "efficiency": 0.824479547470127, "cost": 0.5575660203436903, "score": 0.47062528242234525}