{"quality": 0.9099818122249577, "novelty": 0.33311961472621443, "diversity": 0.18751006327469466, "efficiency": 0.2147866597193816, "cost": 0.15968258918483008, "score": 0.410026200043404}