{"quality": 0.3355415007030478, "novelty": 0.9130326714703778, "diversity": 0.47036809600371, "efficiency": 0.6886524518162345, "cost": 0.6921787923469012, "score": 0.45707422581699586}