{"quality": 0, "novelty": 1, "diversity": 1, "efficiency": 0.5875456148842066, "cost": 0.9356014966194222, "score": 0.4445716925706888}