{"quality": 0.9838602832998269, "novelty": 0.8383526776806973, "diversity": 0.47772754506215026, "efficiency": 0.5776574631527703, "cost": 0.2034212759421077, "score": 0.6665982553012574}