{"quality": 0.49625500538637257, "novelty": 0.3708785813309617, "diversity": 0, "efficiency": 0.033908708519578334, "cost": 0.311834312328899, "score": 0.215499021993699}