{"quality": 0.9315467047553789, "novelty": 0.902452144410171, "diversity": 0.553488526571664, "efficiency": 0.3186197752967183, "cost": 0.9809465897186618, "score": 0.5654730601661307}