{"quality": 0.551421665917355, "novelty": 0.38688816472853804, "diversity": 0.6958020971946373, "efficiency": 0.6071451615078115, "cost": 0.3588936621173928}