{"quality": 0.5071936230196434, "novelty": 1, "diversity": 0, "efficiency": 0.032860318531056365, "cost": 0.22232346454834695, "score": 0.38485478823071684}