{"quality": 0, "novelty": 0.5561209550012816, "diversity": 0.9276688091819916, "efficiency": 0.07712768168309575, "cost": 1, "score": 0.2361331528391831}