{"quality": 0.23635456567221685, "novelty": 1, "diversity": 0.5729484795995923, "efficiency": 1, "cost": 0.7064932061708048, "score": 0.514846745004503}