{"quality": 0.3028130603620559, "novelty": 0.37001134298121446, "diversity": 0.04807083256223699, "efficiency": 0.25818799276550447, "cost": 1, "score": 0.13168911928119345}