{"quality": 0.10323665439718005, "novelty": 0.6207421463383368, "diversity": 0.6526593871118104, "efficiency": 0.9467509982730645, "cost": 0.3661157676242781, "score": 0.42208948330463214}