{"quality": 0.6024784741001629, "novelty": 0.006009823004027609, "diversity": 0.40019053885709005, "efficiency": 0.291622458861331, "cost": 0.4978254938305417, "score": 0.25624492519861924}