{"quality": 0.8338273479049625, "novelty": 0.1795836648573107, "diversity": 1, "efficiency": 0.7091241108622586, "cost": 0.5199477500897863, "score": 0.5494179622061766}