{"quality": 0.594041519040526, "novelty": 0.6489594817699933, "diversity": 0.32445091099125345, "efficiency": 0.32517032475898466, "cost": 0.3921321047332522, "score": 0.41490484659342936}