{"quality": 0.23272566347708173, "novelty": 0.9598095365010566, "diversity": 0.6526008403838064, "efficiency": 0.4053441424423823, "cost": 0.2317684102926026, "score": 0.4779150315822471}