{"quality": 0.6284360594011679, "novelty": 0.6262849756147564, "diversity": 0.24442869005962106, "efficiency": 0.20632235492125833, "cost": 0.7774377797336973, "score": 0.34719237500078265}