{"quality": 0.4035566989809855, "novelty": 0.1866627277230618, "diversity": 0.5451102649434567, "efficiency": 0.5841495691959835, "cost": 0.44808726017678585, "score": 0.31956845397547134}