{"quality": 0.761253869959712, "novelty": 0.3361415346284832, "diversity": 0.0035407158686484863, "efficiency": 0.30994681413724107, "cost": 1, "score": 0.25961170993935023}