{"quality": 0.16916208792933596, "novelty": 0.733672375136671, "diversity": 0.9076082610693241, "efficiency": 0.6540711854303302, "cost": 0.3166792156236468, "score": 0.48213112862901825}