{"quality": 0.6420421314513787, "novelty": 0.6936730962083617, "diversity": 0.5996405894681489, "efficiency": 0.7334373886633571, "cost": 0.7799428128209214, "score": 0.5179803583985452}