{"quality": 0.9026639499882498, "novelty": 0.6853151147934764, "diversity": 0.894047736714799, "efficiency": 0.7921458951851962, "cost": 0.5987351368150111, "score": 0.6798858816340821}