{"quality": 0.6205351866483375, "novelty": 0.1785404052300905, "diversity": 0.2345185957650634, "efficiency": 0.9068981650969977, "cost": 0.6469446539199022, "score": 0.349039635827596}