{"quality": 0.35881610599593283, "novelty": 0.10446700226994995, "diversity": 0.8844696554742297, "efficiency": 0.36873849463172187, "cost": 0.6211637467100295, "score": 0.30384991298486863}