{"quality": 0.996414336584972, "novelty": 1, "diversity": 0.4996499050066012, "efficiency": 0.3143298880631454, "cost": 0.25968639358738616, "score": 0.670035125827545}