{"quality": 0.273298725287059, "novelty": 0.3769517785210861, "diversity": 0.4429806778538819, "efficiency": 0.5707074581021756, "cost": 0.4791433560560036, "score": 0.30251548089689156}