{"quality": 0.126460278715899, "novelty": 0.18491597909147545, "diversity": 0.6230441083460636, "efficiency": 0.10366365075210549, "cost": 0.0794118700993684, "score": 0.21638426065973027}