{"quality": 0.3808457596285977, "novelty": 0.5806172481684566, "diversity": 0.6163391143859868, "efficiency": 0.3152855702446173, "cost": 0.9323719003036796, "score": 0.33673150831421544}