{"quality": 1, "novelty": 0.3140040034127418, "diversity": 0.43339557639504, "efficiency": 0.6418552823295683, "cost": 0.1305848649897145, "score": 0.5483999219826573}