{"quality": 0.00995704277844997, "novelty": 0.6542195547411191, "diversity": 0, "efficiency": 0.7199477773454512, "cost": 0.2997006817782113, "score": 0.24456409994281134}