{"quality": 0.273804290736943, "novelty": 1, "diversity": 0, "efficiency": 0.8608868117021111, "cost": 0.35391129915000485, "score": 0.42588317906139905}