{"quality": 0.05251331842242399, "novelty": 0.7322577419018764, "diversity": 0.9819320524272094, "efficiency": 0.37595980819751373, "cost": 0.49399382755607324, "score": 0.402199429961658}