{"quality": 0, "novelty": 0.4653235598558667, "diversity": 0.45509482884653624, "efficiency": 0.6499231883647228, "cost": 0.6141990935460884, "score": 0.2434184246333735}