{"quality": 0.9540816529372342, "novelty": 0.8785917011725027, "diversity": 0.6987702223454764, "efficiency": 0.1609716569868616, "cost": 0.7776280183041449, "score": 0.5920094123610059}