{"quality": 0.887999818723878, "novelty": 1, "diversity": 0.013434273520674764, "efficiency": 0.6700966628307075, "cost": 0.08977804435673462, "score": 0.6106234953102311}