{"quality": 0.5683839498653104, "novelty": 0.004870714316984492, "diversity": 0.16653225429031654, "efficiency": 0.6326754030359152, "cost": 0.12890509264660574, "score": 0.2870501155876292}