{"quality": 0.8421010908520371, "novelty": 0.0, "diversity": 0.7388963236625316, "efficiency": 0.48135177033120413, "cost": 0.2824322978806867}