{"quality": 0.8910413644597751, "novelty": 0.5853997664435983, "diversity": 0.4330217804418009, "efficiency": 0, "cost": 0.5788481552934687, "score": 0.44238189150784535}