{"quality": 0.10562007570241402, "novelty": 0.412580523745243, "diversity": 0.7253462745815007, "efficiency": 1, "cost": 0.8331422550810299, "score": 0.34658618305523214}