{"quality": 0.6676324540885153, "novelty": 0.8174470653075784, "diversity": 0.0942568981421518, "efficiency": 0.7672298979127392, "cost": 0.8111570531729078, "score": 0.4574716615514996}