{"quality": 0.682980823140203, "novelty": 0.22142062478236996, "diversity": 0.7548598669646438, "efficiency": 0.10544264734568487, "cost": 0.6130275130145126, "score": 0.36573502233098365}