{"quality": 1, "novelty": 0.7541220977603786, "diversity": 1, "efficiency": 0.5677523610909622, "cost": 0.7239664314688179, "score": 0.7012967354568572}