{"quality": 0, "novelty": 0.9565665986448291, "diversity": 0.6345528469816366, "efficiency": 0.7708620764323926, "cost": 0.5059221767519868, "score": 0.4310893128471948}