{"quality": 0.298613279479643, "novelty": 0.08994662982713791, "diversity": 0.7442405901592465, "efficiency": 0.025352923100055713, "cost": 0.5225880364690287, "score": 0.21246289415063213}