{"quality": 0.7493747138982627, "novelty": 0, "diversity": 0.31382977870468715, "efficiency": 0.33679832806126797, "cost": 0.8862177182208228, "score": 0.2494763472975241}