{"quality": 0.844858277257394, "novelty": 0.9465630525541902, "diversity": 0.454511395749475, "efficiency": 0.052852393252012964, "cost": 0.9316095945366004, "score": 0.4957674249998026}