{"quality": 0.18107471841078332, "novelty": 0.946838217903766, "diversity": 0.10776359312558292, "efficiency": 0.4771181999702356, "cost": 0.26416551567810703, "score": 0.3577358670520177}