{"quality": 0.15877752575026644, "novelty": 0.6216180788876364, "diversity": 0.30661525061259576, "efficiency": 0.015948948193767243, "cost": 0.45656173737440314, "score": 0.22109699606113295}