{"quality": 0.4181804381350932, "novelty": 0.044053523085427884, "diversity": 0.3748696071227501, "efficiency": 0.6166373561716221, "cost": 0.1715127514051314, "score": 0.2867857619216651}