{"quality": 0, "novelty": 0.8662963404721008, "diversity": 0.6364180829916919, "efficiency": 0.0739327644972195, "cost": 0.7527878767563583, "score": 0.2796688287153107}