{"quality": 0.12472017635212604, "novelty": 0.7753346690701906, "diversity": 0.6901608856406551, "efficiency": 0.21978994320978695, "cost": 0.23766460742867943, "score": 0.3784839280399166}