{"quality": 0.6066972198695273, "novelty": 0.9939741407192237, "diversity": 0.6057517165621631, "efficiency": 1.0, "cost": 0.3436723040168542}