{"quality": 0.17604525902835783, "novelty": 0.8430631781292497, "diversity": 0.360475397558659, "efficiency": 0.1946086184554024, "cost": 0.2752822463268443, "score": 0.3373375198881775}