{"quality": 0.7743258478367867, "novelty": 0.36796853058445883, "diversity": 0.10570570223458486, "efficiency": 0.11955054496169853, "cost": 0.5217006415060312, "score": 0.31119354503771934}