{"quality": 0.24472720807988174, "novelty": 0.32553981416824657, "diversity": 0.7624898940418672, "efficiency": 0.12796547856730595, "cost": 0.8876538301408696, "score": 0.23773053354540852}