{"quality": 0.5289873479837182, "novelty": 0.22238939070507374, "diversity": 0.5883117031995682, "efficiency": 0.5354736144829519, "cost": 0.08559075281177309, "score": 0.403717859602563}