{"quality": 0.4028558954033719, "novelty": 0.8962798153061922, "diversity": 0.7720650602300234, "efficiency": 0.3536893081981968, "cost": 0.7987101653007556, "score": 0.4725221141932182}