{"quality": 0.5544849146897192, "novelty": 0.8117912946311959, "diversity": 0, "efficiency": 0.5213227704723126, "cost": 0.8196187583923986, "score": 0.36552983779632175}