{"quality": 0.5258836356683176, "novelty": 0.18902792878826957, "diversity": 0.15974117805842844, "efficiency": 0.14704727392622716, "cost": 0.08083678135488764, "score": 0.25094372146269367}