{"quality": 0.6358987964549535, "novelty": 0.8307501287173811, "diversity": 0.13522811108593288, "efficiency": 0.9479667843528037, "cost": 0.868652077306448, "score": 0.4808326032552937}