{"quality": 0.3968027345973757, "novelty": 0.36277838025573883, "diversity": 0.48167289078210795, "efficiency": 0.44754136642853104, "cost": 0.5239388840394485, "score": 0.32080731015990377}