{"quality": 0, "novelty": 0, "diversity": 0.34225479182791413, "efficiency": 0.10043026577998676, "cost": 0.016747632856363076, "score": 0.08184073494694455}