{"quality": 0.5757685183978682, "novelty": 0.6129719573875937, "diversity": 0.8040191525597548, "efficiency": 0.4351920259410883, "cost": 1, "score": 0.45205617926937314}