{"quality": 0.605039818985895, "novelty": 0.3563122501419183, "diversity": 0.34492599824706627, "efficiency": 0.375433819596188, "cost": 0.1123229978334663, "score": 0.38465798103674287}