{"quality": 0.8361877830027964, "novelty": 1, "diversity": 0.8013921219461072, "efficiency": 0, "cost": 0.33612629081094425, "score": 0.627522130208966}