{"quality": 0, "novelty": 0.2345683579999493, "diversity": 0.10765340415708802, "efficiency": 0.7498647991914749, "cost": 0.8276225442499081, "score": 0.10989023578513533}