{"quality": 0.10511728642915652, "novelty": 0, "diversity": 0.9525202443428968, "efficiency": 0.7209826484111364, "cost": 0.43168660623395166, "score": 0.2870179714356016}