{"quality": 1, "novelty": 0, "diversity": 0.7300620403707159, "efficiency": 0.713439724024305, "cost": 0.1264645806018182, "score": 0.540381908617607}