{"quality": 0.12076205945928123, "novelty": 0.7517234417114009, "diversity": 0.13937880554589505, "efficiency": 0.5196284826630259, "cost": 0.6227026394648328, "score": 0.2677092478277842}