{"quality": 1, "novelty": 0.01047862560951926, "diversity": 0.4275634929024095, "efficiency": 0.4932948945754895, "cost": 0.8871516485785069, "score": 0.37341142431133445}