{"quality": 0.1904412433219218, "novelty": 0.8532063023743317, "diversity": 0.5931926240066425, "efficiency": 0.854670278595361, "cost": 0.021770370399423172, "score": 0.5150959781408498}