{"quality": 0.964170917234964, "novelty": 0.6545748719873773, "diversity": 0.39037336016382423, "efficiency": 0.2940961686644381, "cost": 1, "score": 0.4750840904997641}