{"quality": 0.7818559845265948, "novelty": 0.20081177049177046, "diversity": 0.9190041581963473, "efficiency": 0.00909068373105204, "cost": 0.14486442859082285, "score": 0.455437729320766}