{"quality": 0.07086296365559328, "novelty": 1, "diversity": 0.26534364011753114, "efficiency": 0.28100150878712216, "cost": 0.9566196028199416, "score": 0.2708158831562584}