{"quality": 0.6260427715823051, "novelty": 1, "diversity": 0.3745274979234681, "efficiency": 0.4799104564418996, "cost": 1, "score": 0.4847048995256701}