{"quality": 0.46662958225786566, "novelty": 0.9085314938870638, "diversity": 0.7288068559504178, "efficiency": 0.747161283547221, "cost": 0.42208437792292725, "score": 0.5827488740789996}