{"quality": 0.6474196850458522, "novelty": 0.1882583467133367, "diversity": 0.6207718779147553, "efficiency": 0.6764998816063739, "cost": 0.5456267754422819, "score": 0.41235717247176873}