{"quality": 0.38580086665578417, "novelty": 0.09125041838440667, "diversity": 0.979166627703413, "efficiency": 0.6888145904641981, "cost": 0.44384223472709916, "score": 0.39332415523043934}