{"quality": 1, "novelty": 0.3862472820446575, "diversity": 0.9003572151438415, "efficiency": 0.5932524803656813, "cost": 0.7748864958063929, "score": 0.5881324860141457}