{"quality": 0.35860101954206913, "novelty": 0.1034059099956593, "diversity": 0.6812225763299959, "efficiency": 0.3251760217754478, "cost": 0.32355893208396036, "score": 0.28609680868545584}