{"quality": 0, "novelty": 0.31138658992538343, "diversity": 0.7662840014034937, "efficiency": 0.19963287011143588, "cost": 0.34939650061092087, "score": 0.2261087282176679}