{"quality": 0.7948340227717067, "novelty": 0.2053874240406846, "diversity": 0.7384355601719184, "efficiency": 0.8107147286054724, "cost": 0.2112700331468561, "score": 0.537964380852202}