{"quality": 0.509256790847499, "novelty": 0.31716300621662996, "diversity": 0.7543903090917801, "efficiency": 0.9184879820299028, "cost": 0.3322252739579491, "score": 0.4874965205354538}