{"quality": 0.7616612838679487, "novelty": 0.5683174897951448, "diversity": 0.1268443336758863, "efficiency": 0.3321178743537371, "cost": 0.6174030727157799, "score": 0.38402399822583067}