{"quality": 0.6694453839677419, "novelty": 0.775899526114898, "diversity": 0.771045175481198, "efficiency": 0.9665431303308833, "cost": 0, "score": 0.6939990013649192}