{"quality": 0.3712930693064191, "novelty": 0.9496908105745074, "diversity": 0.3148017100050389, "efficiency": 0.7806740910154755, "cost": 0.2991229136530267, "score": 0.498959787723579}