{"quality": 0.0991092373385769, "novelty": 0.9640804210976086, "diversity": 0, "efficiency": 0.3912200904907478, "cost": 0.7031612248855665, "score": 0.2591197675610307}