{"quality": 0.5460821262369542, "novelty": 0.518568444385393, "diversity": 0.4077440867949043, "efficiency": 0.6360962272327297, "cost": 0.12543719685893634, "score": 0.45788628072543125}