{"quality": 0.0773335769653391, "novelty": 0.6271981336759712, "diversity": 1.0, "efficiency": 0.6546061586732932, "cost": 0.7822180875662823}