{"quality": 0.771124388395779, "novelty": 0.8781932676338069, "diversity": 0.7063020896942659, "efficiency": 0.19124316700341293, "cost": 0.5272648443479093, "score": 0.5681060419817596}