{"quality": 0.30848826754871156, "novelty": 0.5058453217613232, "diversity": 0, "efficiency": 0.5927508768699767, "cost": 0.8255940971476956, "score": 0.22536103252067125}