{"quality": 0.6962937336896, "novelty": 0.36527529190788477, "diversity": 0.6765563137336278, "efficiency": 0.10887001665213072, "cost": 0.06067343122444169, "score": 0.4457813652059522}