{"quality": 0.9187276543528876, "novelty": 0.17077564461934555, "diversity": 0.9064009109417869, "efficiency": 1, "cost": 0.49021323781995213, "score": 0.6005710658670649}