{"quality": 0.9731740184380993, "novelty": 0.5039587775444861, "diversity": 0.383002982976855, "efficiency": 0.7900383866387505, "cost": 0.4829463406238605, "score": 0.5647536204463487}