{"quality": 0.09493090951207961, "novelty": 0.39225991288644796, "diversity": 0.9648874976051738, "efficiency": 0.5387453124981691, "cost": 0.8252574473685907, "score": 0.31780780273413695}