{"quality": 0, "novelty": 0.580347525924626, "diversity": 0.27557491450006716, "efficiency": 0.04144936844119321, "cost": 0.6545804505787731, "score": 0.14096122458947158}