{"quality": 1.0, "novelty": 0.7273053770179205, "diversity": 0.7398363085518423, "efficiency": 0.32687016955669584, "cost": 0.0}