{"quality": 0.7309042517599793, "novelty": 0.3609791641839182, "diversity": 0, "efficiency": 0.04743600590107419, "cost": 1, "score": 0.21663146745913445}