{"quality": 0.9123954984225181, "novelty": 0.5689643280511788, "diversity": 0.25924292934993415, "efficiency": 0.28796109512580503, "cost": 0.21634371024879634, "score": 0.48936811065352814}