{"quality": 0.48014389091573606, "novelty": 0.4703580983969231, "diversity": 0.7749471057273212, "efficiency": 0, "cost": 0.395978269017929, "score": 0.37702428611762284}