{"quality": 0.47548542916293657, "novelty": 0.656085095894757, "diversity": 0.9085489723960698, "efficiency": 0.5449894721810902, "cost": 1, "score": 0.47012511802894774}