{"quality": 0.4342932152958442, "novelty": 0.9992156217965262, "diversity": 0.34324566705044346, "efficiency": 0.4018658968602317, "cost": 0.16136478968430606, "score": 0.49288440900857766}