{"quality": 0.19802717871891615, "novelty": 0.7396383811411283, "diversity": 1, "efficiency": 1, "cost": 0.7994261706765577, "score": 0.5143751318333011}