{"quality": 0.9560031410590285, "novelty": 0.263268318901004, "diversity": 0.47820365890051264, "efficiency": 1, "cost": 0.5343416098937438, "score": 0.5448245928336877}