{"quality": 0, "novelty": 0.5516379766238442, "diversity": 0.792436690800902, "efficiency": 0.6774410557170036, "cost": 0.15256536758369793, "score": 0.3827564539153222}