{"quality": 0.23404810526060701, "novelty": 0.40913087724961594, "diversity": 0.007481442867501992, "efficiency": 0.3913371472895195, "cost": 0.29025098956723644, "score": 0.20366891260079076}