{"quality": 0.6454333229231793, "novelty": 0.6309937719162867, "diversity": 0.7633997676766062, "efficiency": 0.5914032522468438, "cost": 0.7378172157346748, "score": 0.5189871596549058}