{"quality": 0.22586078186728215, "novelty": 0.02955275413445685, "diversity": 0.7977106622335588, "efficiency": 0.7397190347863944, "cost": 0.4112236483009415, "score": 0.3045240459283757}