{"quality": 0.017312022831810367, "novelty": 0.6474740521186614, "diversity": 0.3202123580007935, "efficiency": 0.26394182160511404, "cost": 0.9211000343525053, "score": 0.17858586128488374}