{"quality": 0.9887821585695508, "novelty": 0.5503828314358998, "diversity": 0.7761260341585063, "efficiency": 1, "cost": 0.2265979464469497, "score": 0.7167957676168465}