{"quality": 0.737893909625026, "novelty": 0.6369348461162525, "diversity": 0.8802698929723672, "efficiency": 0.18055349063959275, "cost": 0.6348800564907476, "score": 0.5202508809579086}