{"quality": 0.2089421661773364, "novelty": 0.49819364003592803, "diversity": 0.8001370807727517, "efficiency": 0.27372507185407335, "cost": 1, "score": 0.2883172367948442}