{"quality": 0.6799917846305997, "novelty": 0.5556090754994363, "diversity": 0.5539892767320129, "efficiency": 0.5206292185751087, "cost": 0.06984911404735761, "score": 0.5248071309919721}