{"quality": 0.9930708291809167, "novelty": 0, "diversity": 0.8508730425616396, "efficiency": 0.2451458236051498, "cost": 0.6428502727709602, "score": 0.44058270353027945}