{"quality": 0.5877382749120627, "novelty": 1, "diversity": 0.4596990289455922, "efficiency": 0.8014215061765656, "cost": 0.08223550585059203, "score": 0.6302509636041629}