{"quality": 0.24781056681151653, "novelty": 0.5282109544572859, "diversity": 0.33662324241772107, "efficiency": 0.2629403368611664, "cost": 0.7440235443229581, "score": 0.23875925323819985}