{"quality": 0.1130645910808541, "novelty": 0.6689754326107229, "diversity": 0.5984416341455081, "efficiency": 0.5008169940521731, "cost": 0.2667214711100034, "score": 0.3693019643028642}