{"quality": 0.9902349319306801, "novelty": 0.7978877000917121, "diversity": 0.7181627925128815, "efficiency": 0.5190166394480777, "cost": 0.4407622741187742, "score": 0.6739512316100426}