{"quality": 0.31055767789666, "novelty": 0.44920770611536387, "diversity": 0, "efficiency": 0.7156028762032667, "cost": 0.09297753204779219, "score": 0.3035119081235497}