{"quality": 0.7311843004418275, "novelty": 0.8662578760128383, "diversity": 0.24880617346850792, "efficiency": 0.6886672014220296, "cost": 0.8443544713162636, "score": 0.5045456269111375}