{"quality": 0.06768060219672883, "novelty": 0.4110354674641854, "diversity": 0.14972211906427568, "efficiency": 0.21577434396978662, "cost": 0.9007143884342286, "score": 0.09530218408996527}