{"quality": 0.6350554170750398, "novelty": 0.3278665013529788, "diversity": 0.4901271032395921, "efficiency": 0.7491217135098535, "cost": 0.0010955285741158782, "score": 0.48276737527774144}