{"quality": 0.6942839114170342, "novelty": 0.7902028772055649, "diversity": 0.45336909954421645, "efficiency": 0.6074856806916391, "cost": 0, "score": 0.5876325647390905}