{"quality": 0.6822152547095182, "novelty": 1, "diversity": 0.43774533365391266, "efficiency": 0.5480399374586936, "cost": 0, "score": 0.624419633762442}