{"quality": 0.5654644548811424, "novelty": 0.9080740918697598, "diversity": 0.7443937767882889, "efficiency": 0.5731435921826229, "cost": 0.09323261580696135, "score": 0.6221848920361377}