{"quality": 1, "novelty": 0.3330298356403059, "diversity": 0.7821788907621015, "efficiency": 0.6644197167154822, "cost": 0.24601552896314183, "score": 0.6147546416735049}