{"quality": 0.7795033351405874, "novelty": 0, "diversity": 0.6418003857453377, "efficiency": 1, "cost": 0.05068527464891448, "score": 0.5071425502263522}