{"quality": 0, "novelty": 0.7333118563771235, "diversity": 0.9026319037789132, "efficiency": 0.7096416750326849, "cost": 0.7447506245011553, "score": 0.39582553365485074}