{"quality": 0.48105931671206603, "novelty": 0.8389677804716426, "diversity": 0.582864321958969, "efficiency": 0.8063314786943251, "cost": 0.8825629950726926, "score": 0.5033260268202038}