{"quality": 0.03346185030274662, "novelty": 0.3044558519110757, "diversity": 0.6673049069865522, "efficiency": 0.31525508567193034, "cost": 0.6603322881228498, "score": 0.20086853350440795}