{"quality": 0.896042799657323, "novelty": 0.4305878465745868, "diversity": 0.6525343888558043, "efficiency": 0.37813404644120163, "cost": 0.9324412408186207, "score": 0.47044266219632264}