{"quality": 0.6209941080143102, "novelty": 0.6365506154155289, "diversity": 0.17222549080474625, "efficiency": 0.8501917303743016, "cost": 0.9055435742947278, "score": 0.41685538654579707}