{"quality": 0.7630413851467819, "novelty": 0.401652359577653, "diversity": 0.5931025718709259, "efficiency": 0.3696382080651382, "cost": 0.48701681533504565, "score": 0.4546900694888992}