{"quality": 0.10460499703450299, "novelty": 0, "diversity": 0.5353854840022048, "efficiency": 0.2662042781224513, "cost": 0.673046196286406, "score": 0.11108461800051893}