{"quality": 0.30880416391929394, "novelty": 0.08610319485139821, "diversity": 0.41806550068379933, "efficiency": 0.29996706411169793, "cost": 0.6743622381497715, "score": 0.17533898382717517}