{"quality": 0, "novelty": 0.14934098639932855, "diversity": 0.5296983187988815, "efficiency": 0.02555607994787945, "cost": 0.6870421213297002, "score": 0.07840411021882036}