{"quality": 0.3162650352173177, "novelty": 1, "diversity": 0.31446225013009266, "efficiency": 0.561969924530499, "cost": 0.22905398619827852, "score": 0.4691620506509607}