{"quality": 0.715749403952857, "novelty": 0.6527309933895103, "diversity": 0.7057066400296069, "efficiency": 0.7286724741435657, "cost": 0.7749280954110307}