{"quality": 0.8722267327865911, "novelty": 0.010495404333660363, "diversity": 0.1609065213798972, "efficiency": 0.8864117381527163, "cost": 0, "score": 0.4294349359182793}