{"quality": 0.8308489540785818, "novelty": 0.8548997660306354, "diversity": 0.8248485395119887, "efficiency": 0.09812961545169427, "cost": 0.786745681852534, "score": 0.5639942097661319}