{"quality": 0.34362997282818486, "novelty": 0.6989287681042896, "diversity": 0.9370142799367196, "efficiency": 0.9984687350537156, "cost": 0.7042848765422712}