{"quality": 0.8685597615585765, "novelty": 0.8531955999187273, "diversity": 0.815098979804554, "efficiency": 0.6121679453165445, "cost": 0.34551189907497903, "score": 0.6941606262981493}