{"quality": 0.01903954516422257, "novelty": 0.9193117358279403, "diversity": 0.54578387927408, "efficiency": 0.4806891023736471, "cost": 0.6686885495625421, "score": 0.3499310837608607}