{"quality": 0.9404211907802685, "novelty": 0.6951434386164711, "diversity": 0.4508995398097746, "efficiency": 0.6257149471854535, "cost": 0.17907779039174582, "score": 0.6220415878887966}