{"quality": 0.12739847672209229, "novelty": 0.6621930503415131, "diversity": 0.2463612056202998, "efficiency": 0.780419049784282, "cost": 0.6834595365303858, "score": 0.30175695054066964}