{"quality": 0.11933235313707297, "novelty": 1, "diversity": 0.06308483715301885, "efficiency": 0.6212891961924724, "cost": 0.1533032746442837, "score": 0.37627972533616816}