{"quality": 0, "novelty": 1, "diversity": 0.5183026639051118, "efficiency": 0.740660685718092, "cost": 0.8657675472592863, "score": 0.37818288091280755}