{"quality": 0.8332333332669495, "novelty": 0.14829022600392733, "diversity": 0.2733603300690409, "efficiency": 0.28323338236210205, "cost": 0.37705668103193274, "score": 0.34649396174599695}