{"quality": 0.7186091918902858, "novelty": 0.6098972923323005, "diversity": 0.6201950214044922, "efficiency": 0.42144745765117814, "cost": 0.2697550217024754, "score": 0.5283377014084885}