{"quality": 0.9848122750253898, "novelty": 0.6990640561971575, "diversity": 0.7226903746861162, "efficiency": 1, "cost": 0.7005792057936265, "score": 0.6946898509147669}