{"quality": 0.06980212166557259, "novelty": 0.3073960099591321, "diversity": 0.046781812309215576, "efficiency": 0.010422174043322324, "cost": 0.3328849156891764, "score": 0.07542083598887861}