{"quality": 0.5961721975467144, "novelty": 1, "diversity": 0.7742882167717278, "efficiency": 0.05808865889237788, "cost": 0.7337303080152245, "score": 0.519049570650694}