{"quality": 0, "novelty": 0.10886323422650351, "diversity": 0.2900599227401242, "efficiency": 0.6764165620222297, "cost": 0.9099792589844566, "score": 0.09569235150953949}