{"quality": 0.03789735539766381, "novelty": 0.4380589427395045, "diversity": 0.41545119832965, "efficiency": 0.6639246581781035, "cost": 0.48931246590051847, "score": 0.2546316341067689}