{"quality": 0.6579490765781854, "novelty": 0.22446340825877859, "diversity": 0.10150748669055248, "efficiency": 0.9137356408924098, "cost": 0.40939499870082285, "score": 0.3699229186400399}