{"quality": 0.7243953354049026, "novelty": 0.23306303881407509, "diversity": 0.6087916956307418, "efficiency": 0.5913973301020745, "cost": 0.29226066780769644, "score": 0.4568262321856794}