{"quality": 1, "novelty": 0.3762073482322217, "diversity": 0.5839298895710997, "efficiency": 0.37564006673117323, "cost": 0, "score": 0.5671838249819513}