{"quality": 0.5717092855667443, "novelty": 0.23596928656577937, "diversity": 0.4336345458917791, "efficiency": 0.5741853303278579, "cost": 0.609885587276841, "score": 0.3423712573113185}