{"quality": 0.4931798854398087, "novelty": 0.47608448923429797, "diversity": 0.8780820732332064, "efficiency": 0.7945510174395973, "cost": 0.3286465831645954, "score": 0.5289094968866385}