{"quality": 0.9139523981980642, "novelty": 0.8964605543749822, "diversity": 0.7918931855404157, "efficiency": 1, "cost": 0.30486930834799547, "score": 0.7761925643264483}