{"quality": 0.38338134693389314, "novelty": 0.8318006775312254, "diversity": 0.517691773795132, "efficiency": 0.31850808485666504, "cost": 0.08578598187859562, "score": 0.4657005427626409}