{"quality": 0.8696591047955158, "novelty": 0.455214589795261, "diversity": 0.7192895155529881, "efficiency": 0.46489264460825774, "cost": 0.07890630567334678, "score": 0.5804025481219717}