{"quality": 0.22796851733274587, "novelty": 0.7468555521883656, "diversity": 0.08079599611027392, "efficiency": 0.8373333831443033, "cost": 0.35214316176467153, "score": 0.36164933376414826}