{"quality": 0.6442608067468187, "novelty": 0.12484957483085829, "diversity": 0.5158423898373656, "efficiency": 0.7904143774113339, "cost": 0.31190462079647285, "score": 0.41503080823128613}