{"quality": 0.48884784719019786, "novelty": 0.638511152423472, "diversity": 0.6804087813069996, "efficiency": 0.43940034570998926, "cost": 0.23332440209228397, "score": 0.48494151017159726}