{"quality": 0.7688322314391568, "novelty": 0.7613013361499831, "diversity": 0.304155592664751, "efficiency": 0.799868236788142, "cost": 0.7808308976621169}