{"quality": 0.4476138397000634, "novelty": 0.24780432087540522, "diversity": 0.7700839618357755, "efficiency": 0.6125912757672421, "cost": 0, "score": 0.44214071586111175}