{"quality": 0.7712260714705721, "novelty": 0.383505838766786, "diversity": 1, "efficiency": 0.04196155132497231, "cost": 0, "score": 0.533538513831614}