{"quality": 0.8803430270295374, "novelty": 0.4366253401625863, "diversity": 1, "efficiency": 0.2549408313844517, "cost": 1, "score": 0.5115003678571756}