{"quality": 0.2678698949489204, "novelty": 0.47244221763568084, "diversity": 0.3637525279441164, "efficiency": 0.6174941914560979, "cost": 0.5725048170121064, "score": 0.30659567549962363}