{"quality": 0.37844246666348336, "novelty": 0.43413330466887357, "diversity": 0.30742055134567386, "efficiency": 0.4522189396574782, "cost": 0.036860926602311134, "score": 0.34769692472378877}