{"quality": 0.012529347690447362, "novelty": 0.6386190960694248, "diversity": 0.13740814884223265, "efficiency": 0.25385876553016773, "cost": 0.11767783166185444, "score": 0.21720623975627668}