{"quality": 0.5749557660139377, "novelty": 0.6885691419696611, "diversity": 0.5969011895732551, "efficiency": 0.33617156611287496, "cost": 0.28996209581251314, "score": 0.4854387785469276}