{"quality": 0.8854278423815964, "novelty": 0.44503190153708005, "diversity": 0.4657306191875215, "efficiency": 0.7416303870331071, "cost": 0, "score": 0.5812770099912193}