{"quality": 0.582842499675333, "novelty": 0.9172498630324526, "diversity": 0.189403926935625, "efficiency": 0.9973358201032863, "cost": 0.5601692531332954, "score": 0.5356294487500014}