{"quality": 0, "novelty": 0.9238195026738623, "diversity": 0.7676969785365816, "efficiency": 0.2039899472348541, "cost": 0.2944771477138261, "score": 0.38564504868962746}