{"quality": 0.8717442536720322, "novelty": 0.42521928127382497, "diversity": 0.43721083952450013, "efficiency": 0.65804124040207, "cost": 0.5876324074929343, "score": 0.49521320963598287}