{"quality": 0.563548130718134, "novelty": 0.4237763684834744, "diversity": 0.7542916234392307, "efficiency": 0.3070356423046781, "cost": 0.2941822365701873, "score": 0.442503978712838}