{"quality": 0.4418554570372257, "novelty": 0.584276929894642, "diversity": 0.7312869381637555, "efficiency": 0.31102432955051124, "cost": 0.9445523501658749, "score": 0.3770816716335684}