{"quality": 0.24108996852981793, "novelty": 0.1398549546770967, "diversity": 0.9068636115451131, "efficiency": 0.7654658786934413, "cost": 0.3036713162391482, "score": 0.37311620171734355}