{"quality": 0.1797425846685859, "novelty": 0.42744519063334463, "diversity": 0.7668617598675119, "efficiency": 0.3547942266214575, "cost": 0.8170437814518936, "score": 0.28567118088044363}