{"quality": 0.14950071799530598, "novelty": 0.08143886428795523, "diversity": 0.048240271919587296, "efficiency": 0.6734874040489057, "cost": 0.5472407261952984, "score": 0.12115702384230408}