{"quality": 1, "novelty": 0.12406700568788986, "diversity": 0.19819896365172593, "efficiency": 0.13286442877226962, "cost": 0.8675475399222046, "score": 0.3038314544759376}