{"quality": 0, "novelty": 0.11279510155114797, "diversity": 0.4923802136649349, "efficiency": 0.20788658648403013, "cost": 0.3065731349504591, "score": 0.12720049259833258}