{"quality": 0.5536388223618098, "novelty": 0.7801021905153472, "diversity": 0.22098751480366718, "efficiency": 0.20484833257311302, "cost": 0.6776370879290882, "score": 0.36827823839117135}