{"quality": 0.4961079300463815, "novelty": 0.29835786569245676, "diversity": 0.689365769326103, "efficiency": 0.489089010046944, "cost": 0.5820121954894582, "score": 0.3764571312603451}