{"quality": 0.22154307379882193, "novelty": 0.637142311756349, "diversity": 0.6954233073204269, "efficiency": 0.5422084816250073, "cost": 0.6804521457496465, "score": 0.37811921921160563}