{"quality": 0.4960933169786153, "novelty": 0.33495586980232733, "diversity": 0.9098531677069582, "efficiency": 0.6778427171419299, "cost": 0.056772025973736026, "score": 0.510536801059474}