{"quality": 0.17860261801186433, "novelty": 0.1736825720685914, "diversity": 0.7563725796477121, "efficiency": 0.20031322747368657, "cost": 1, "score": 0.17832292847130257}