{"quality": 0.381271488385222, "novelty": 0.2922455068714601, "diversity": 0.12706604236728375, "efficiency": 0.7696082837256865, "cost": 0.7338609263638058, "score": 0.2549111816293608}