{"quality": 0, "novelty": 0.22382196115238445, "diversity": 0.4617449136263561, "efficiency": 0.7487142382869404, "cost": 0.4108186215850902, "score": 0.21952974659789942}