{"quality": 0.033492747517140015, "novelty": 0.523817660179295, "diversity": 0.12858790869399483, "efficiency": 0, "cost": 0.6481887520867412, "score": 0.10190094583009059}