{"quality": 0.270743028638113, "novelty": 0.5877393019079791, "diversity": 0, "efficiency": 0.29992834287779657, "cost": 0.5738457654726632, "score": 0.21576240895283183}