{"quality": 0.7353189629470052, "novelty": 0, "diversity": 0.23883003297951644, "efficiency": 0.8149422712171983, "cost": 0.1910912539523869, "score": 0.3714939107673459}