{"quality": 0.5909556802131506, "novelty": 0.7871007097442475, "diversity": 0.7233682340478195, "efficiency": 1, "cost": 0.3700641654172461, "score": 0.6317291117678463}