{"quality": 0.781466893060645, "novelty": 0.8562611998029348, "diversity": 1, "efficiency": 0.6194490958163946, "cost": 0.4809775739434528, "score": 0.6933249748470411}