{"quality": 0.940682542349119, "novelty": 0.46502127521709635, "diversity": 0.7129683265084016, "efficiency": 0.5461351862996755, "cost": 0.6243665132411289}