{"quality": 0.3038977790023137, "novelty": 0.7180417799898104, "diversity": 1, "efficiency": 0.8421155829854046, "cost": 0.3078665297548694, "score": 0.5662104631704705}