{"quality": 0.775854733425727, "novelty": 0.5050164280891776, "diversity": 0, "efficiency": 0.6829042149401139, "cost": 0.4706987482237383, "score": 0.4143762844686557}