{"quality": 0.9997545648228876, "novelty": 0.1845604031058588, "diversity": 0.4837993201090875, "efficiency": 0.9385952064040192, "cost": 0.48859875508488093, "score": 0.5347557396972632}