{"quality": 0.26210260015331993, "novelty": 0.9862776994784815, "diversity": 0.6919381805906528, "efficiency": 1, "cost": 0.3173456553056429, "score": 0.5818532755031827}