{"quality": 0.19595864280356984, "novelty": 0.4017818573502461, "diversity": 0.6413747669071614, "efficiency": 0.0736697210321143, "cost": 0.6464517784927106, "score": 0.23391329086561083}