{"quality": 0.31157044040347126, "novelty": 0.04913977579968132, "diversity": 0.34450907075390813, "efficiency": 0.6353695428643824, "cost": 0.950711704621765, "score": 0.1748921511892242}