{"quality": 0, "novelty": 0, "diversity": 0, "efficiency": 0.08450430058043082, "cost": 0.9762565837116399, "score": -0.08495001328409937}