{"quality": 0.7569518414780548, "novelty": 0.7445748067057273, "diversity": 0.8865022684214626, "efficiency": 0.619259614146639, "cost": 0.05689293408282653, "score": 0.6777293565178539}