{"quality": 0.1423984354294559, "novelty": 0.8435750856889443, "diversity": 0.8237498567678118, "efficiency": 0.7290479424489394, "cost": 0.6739275365342541, "score": 0.4603277111185507}