{"quality": 0.09375629184005174, "novelty": 0.4756099776613005, "diversity": 0.5753378954912226, "efficiency": 0.12739832535237045, "cost": 0.47950020004730404, "score": 0.2332566898637103}