{"quality": 0.1401813786389945, "novelty": 0, "diversity": 0.19239930385105003, "efficiency": 0.8338573525248973, "cost": 0.7627398109377651, "score": 0.12933889614686644}