{"quality": 0.8103569227867355, "novelty": 1, "diversity": 0.7635875199309126, "efficiency": 0.5631812288969578, "cost": 0.11960572153666332, "score": 0.7183411930030805}