{"quality": 0.7104640711348174, "novelty": 0.9454204976462033, "diversity": 0.031737109844680506, "efficiency": 0.7611243187702168, "cost": 0.2565059597124571, "score": 0.5443598195652188}