{"quality": 0.5699484913117366, "novelty": 0.4192510110033584, "diversity": 0.21199029433065175, "efficiency": 0.3057785435337657, "cost": 1, "score": 0.26406214054055577}