{"quality": 0.1999858666489808, "novelty": 0.8852809752302058, "diversity": 0.4775683221111826, "efficiency": 0.5928689907111152, "cost": 0.9087598134263171, "score": 0.3748840354885178}