{"quality": 0.7130615780904515, "novelty": 0.6296947747938629, "diversity": 0.0468077033449896, "efficiency": 0.5591462249537421, "cost": 0.035999054321381396, "score": 0.4609757361055223}