{"quality": 0.38785671144113343, "novelty": 0.9547269043021747, "diversity": 0.6064333384448688, "efficiency": 0.8141492056676487, "cost": 0.3162555659505404, "score": 0.5668222314519507}