{"quality": 0.8800130426534917, "novelty": 0.4434356202526053, "diversity": 0.1273264600496125, "efficiency": 0.7454856142404994, "cost": 0.35924458481616994, "score": 0.4762264935235792}