{"quality": 0.6235473654539794, "novelty": 0.23842170205595858, "diversity": 0.4962266110003704, "efficiency": 0.36674797435232903, "cost": 0.3386221313013663, "score": 0.36706494037297027}