{"quality": 0.794990408886139, "novelty": 0.037950351017615055, "diversity": 0.4021337947680319, "efficiency": 0.5868278346734663, "cost": 0.19015178288522291, "score": 0.3974204662863495}