{"quality": 0.6196394628308703, "novelty": 0, "diversity": 0.5452036805922249, "efficiency": 0.9568097917773495, "cost": 0.9377241722455554, "score": 0.344681626509753}