{"quality": 0.32604519892267914, "novelty": 1, "diversity": 0.022061939441830936, "efficiency": 0, "cost": 0.4854081365462247, "score": 0.3036851339105474}