{"quality": 1, "novelty": 1, "diversity": 0.6134443324042903, "efficiency": 0.3302958570856011, "cost": 0, "score": 0.7222332450436983}