{"quality": 0.5866833002392449, "novelty": 0.8722192911707053, "diversity": 0.0839076529918503, "efficiency": 0, "cost": 0.7209332189263022, "score": 0.33874802157018963}