{"quality": 0.7247561538562584, "novelty": 0.8609617828283569, "diversity": 0.6382739480707537, "efficiency": 0.8184494508802206, "cost": 0, "score": 0.6830894991101506}