{"quality": 0.3579059868880708, "novelty": 0.59319847082389, "diversity": 0.6291792397095082, "efficiency": 0.39858963223469823, "cost": 0.04746145642540636, "score": 0.4365495609069595}