{"quality": 0.13150871229904085, "novelty": 0.49370434443819017, "diversity": 0.14239702370951995, "efficiency": 0.7873269633730919, "cost": 0.2323683248347826, "score": 0.2862203165636493}