{"quality": 0.7656857455980718, "novelty": 0.7649427562016445, "diversity": 0.452728923297628, "efficiency": 0.5675322759187298, "cost": 0.65932670959933}