{"quality": 0.3452499818991492, "novelty": 0.3483417010289674, "diversity": 0.7250378929573046, "efficiency": 0.22109354526863445, "cost": 0.7913605417927025, "score": 0.2896959760294724}