{"quality": 0.28930337817809465, "novelty": 0.4463839169288178, "diversity": 0.5420417990286451, "efficiency": 1, "cost": 0.09476759168042276, "score": 0.4473185933233196}