{"quality": 0.6090681925652635, "novelty": 0.9456739293845253, "diversity": 0.5425457584732021, "efficiency": 0.867365388644229, "cost": 0.7725930528152211, "score": 0.5804935948254629}