{"quality": 0.9850114200705061, "novelty": 0.8227903885441168, "diversity": 0.1917368569970703, "efficiency": 0.8235171299576172, "cost": 0.15010541520566623, "score": 0.6480654225296711}