{"quality": 0.07047076802586272, "novelty": 0.03803919274874484, "diversity": 1, "efficiency": 0.8088535949922948, "cost": 0.643776089972733, "score": 0.287601458846516}