{"quality": 0.6604586117078033, "novelty": 0.6171779110125174, "diversity": 0, "efficiency": 0.7968306644192585, "cost": 0.929337811092813, "score": 0.3790228798190778}