{"quality": 0.5559646092984909, "novelty": 0.6920588326872048, "diversity": 0.5320580141130797, "efficiency": 0.9273562798859878, "cost": 0.6595345658735918, "score": 0.5193656791795034}