{"quality": 0.15573448508672655, "novelty": 0.20939196886949296, "diversity": 0.6977636607640785, "efficiency": 0.3368799138634399, "cost": 0.7758562838595533, "score": 0.21156742858976757}