{"quality": 0.8497908029874552, "novelty": 0, "diversity": 0.16433566960595514, "efficiency": 0.1661619278665905, "cost": 0.6165091359473094, "score": 0.25107775040268515}