{"quality": 0.2844092631305463, "novelty": 0.06005733258942453, "diversity": 0.24353664168347072, "efficiency": 0.4818116836291891, "cost": 0.17701207633359295, "score": 0.20361498533423322}