{"quality": 0.11189262712104572, "novelty": 0.14632969922053302, "diversity": 0.6631918432546504, "efficiency": 0.42761979679100637, "cost": 0.48867618091565523, "score": 0.21806393301946247}