{"quality": 0.5181168561106446, "novelty": 0.8406750429250583, "diversity": 0.5954027117899494, "efficiency": 0.7628414245748378, "cost": 0.005818049301986983, "score": 0.5985287686784748}