{"quality": 0.07624525631989014, "novelty": 0, "diversity": 0.9636656714790799, "efficiency": 0.8982558436776991, "cost": 0.6416925188788835, "score": 0.2861758358555495}