{"quality": 0.0054503756146381255, "novelty": 0.4812027820302764, "diversity": 0.3232462138174353, "efficiency": 0.6135104268275846, "cost": 0.2939573380715542, "score": 0.24921588117242982}