{"quality": 1, "novelty": 0.2945340753362561, "diversity": 0.5127141722234976, "efficiency": 0.8475412010034538, "cost": 0.9318400546532224, "score": 0.5101235279639594}