{"quality": 0.39603457509272266, "novelty": 0.9144122325843045, "diversity": 0.6535948865272747, "efficiency": 0.3220495313243603, "cost": 0.34791500059832664, "score": 0.4916483376181693}