{"quality": 0.7393055662699609, "novelty": 0.8057592731999312, "diversity": 0.0353406422798026, "efficiency": 0.4864759385962927, "cost": 0.5404792054975673, "score": 0.4492230868766188}