{"quality": 0.1007245829058454, "novelty": 0.5556091469470195, "diversity": 0.2586753704346908, "efficiency": 0.6020423503336432, "cost": 0.1785344442146502, "score": 0.29330764382402813}