{"quality": 0.8047190087121959, "novelty": 0.13034699682510292, "diversity": 0.6769475979555888, "efficiency": 0.5055907886119935, "cost": 0.5257348065761432, "score": 0.4326571090452369}