{"quality": 0.7192225110814776, "novelty": 0.19393123270626705, "diversity": 0.8134138804147654, "efficiency": 1, "cost": 0.4075706299181492, "score": 0.5361752745921482}