{"quality": 0.7182594811783922, "novelty": 0.39268799884921746, "diversity": 0.16613767161125026, "efficiency": 0.8725229169095003, "cost": 0.37793619493326125, "score": 0.43996219643117096}