{"quality": 0.32802296409834963, "novelty": 0.3935110241884993, "diversity": 0.174356401383705, "efficiency": 0.2788217113848975, "cost": 0.39204985095522016, "score": 0.2342741971655833}