{"quality": 0.650469884656824, "novelty": 0.07033561772143443, "diversity": 0.3638819910033841, "efficiency": 0.30709119409747865, "cost": 0.4341441329985346, "score": 0.28815053384285094}