{"quality": 0.047400575017953944, "novelty": 0.38023397903446177, "diversity": 1, "efficiency": 0.4491868574081587, "cost": 0.2373640701119703, "score": 0.3529202888640284}