{"quality": 0.006944738871432696, "novelty": 0.3679362239666271, "diversity": 0.4824098234588674, "efficiency": 0.21993800905036154, "cost": 0.7800497055338697, "score": 0.14553517314902736}