{"quality": 0, "novelty": 0.762947853380591, "diversity": 0.04103986060582243, "efficiency": 0.7999737727898918, "cost": 0.6704006207918094, "score": 0.251900939305615}