{"quality": 0.4081995451175824, "novelty": 0.9403607990267709, "diversity": 0.7937384883475684, "efficiency": 0.5070318207824409, "cost": 0.21637320516729625, "score": 0.5707152135621177}