{"quality": 0.6967807732245337, "novelty": 0, "diversity": 0.5536138289819061, "efficiency": 0.9714835427704136, "cost": 0.11336596899400483, "score": 0.4541429322799029}