{"quality": 0.8411016124989684, "novelty": 0.36482431620266986, "diversity": 0.5363128383378186, "efficiency": 0.5195901915053924, "cost": 0.18030250968982903, "score": 0.5107074082247477}