{"quality": 0.716798342997016, "novelty": 0.4530581013842795, "diversity": 0.4006957151727517, "efficiency": 0.4967356747528796, "cost": 0.586199105379787, "score": 0.4243336119546782}