{"quality": 0.07357709343535143, "novelty": 0.21730903592503747, "diversity": 0.47396190562206847, "efficiency": 1, "cost": 0.8129095915731313, "score": 0.23990180897896538}