{"quality": 0.5727357187899005, "novelty": 0.6708194391095781, "diversity": 0.6945816628751161, "efficiency": 0.6307778444618266, "cost": 1, "score": 0.4730585846586619}