{"quality": 0.9228400184942167, "novelty": 0.6291942935450092, "diversity": 0.8007665550864468, "efficiency": 0.07289733964080722, "cost": 0.976763854712694, "score": 0.5075621054266584}