{"quality": 0.7659548126587753, "novelty": 1, "diversity": 0.4874588542507613, "efficiency": 0.40920408455854357, "cost": 0.2557000337353057, "score": 0.6130888239580358}