{"quality": 0.661496624521712, "novelty": 0.22979519355031475, "diversity": 1, "efficiency": 0.5587308878137722, "cost": 0.3820798044879215, "score": 0.501499438467366}