{"quality": 0.6607692772753393, "novelty": 0.659186454092541, "diversity": 0.6226303457757782, "efficiency": 0.845688076294608, "cost": 0.17133679621963, "score": 0.5972729976831208}