{"quality": 0.9464494695590078, "novelty": 0.878575416247203, "diversity": 0.3213315646046005, "efficiency": 0.02983573293808639, "cost": 0.4376173630587188, "score": 0.5285586314852643}