{"quality": 0.5103099267537586, "novelty": 0, "diversity": 0.32871915253305223, "efficiency": 0.6290504041821592, "cost": 0, "score": 0.31319436916006194}