{"quality": 0.8841856411403386, "novelty": 0.847763017216235, "diversity": 0.23049394682290494, "efficiency": 0.87105869686813, "cost": 0.9546005062284808}