{"quality": 0, "novelty": 0.5982311482820197, "diversity": 0.423484869890673, "efficiency": 0.7632292293948554, "cost": 0.7744971193756252, "score": 0.2712894335203053}