{"quality": 0.27186890340330633, "novelty": 0.7919808316014436, "diversity": 0.4851204309689505, "efficiency": 0.35603578804065855, "cost": 0.01607857270338875, "score": 0.4283774760509028}