{"quality": 0.31563716989436963, "novelty": 0.18817504156390114, "diversity": 0.76791654412449, "efficiency": 0.1334117880377586, "cost": 0.846411368433388, "score": 0.2306888515465092}