{"quality": 0.32060528004168426, "novelty": 0.4788023938083632, "diversity": 0.26532340185618486, "efficiency": 0.29496788632624354, "cost": 0.682310325209283, "score": 0.24496101326384123}