{"quality": 0.7221012911890965, "novelty": 0, "diversity": 0.40579703059804517, "efficiency": 0.6921426261715823, "cost": 0.3322756192003509, "score": 0.3683836254820402}