{"quality": 0.16601444173784025, "novelty": 0.26578940560551034, "diversity": 0.5176734124590425, "efficiency": 0.5641784449280303, "cost": 0, "score": 0.30441313315374274}