{"quality": 0.45582576203284697, "novelty": 0.4063558178846031, "diversity": 0.8936194077622502, "efficiency": 0, "cost": 0.6149492761391727, "score": 0.35556563701953764}