{"quality": 0.7475101027094297, "novelty": 0.08561911656636736, "diversity": 0.19784208288903424, "efficiency": 0.2984730096266608, "cost": 0.023299347926095157, "score": 0.32766724318361723}