{"quality": 0.6734992252873451, "novelty": 0.8051569054179981, "diversity": 0.8426001593635462, "efficiency": 0.12354671024030142, "cost": 0.5378726595116327, "score": 0.5366037663982943}