{"quality": 0.32775184942120644, "novelty": 0.7971696253255384, "diversity": 0.8539983989143225, "efficiency": 1.0, "cost": 0.8451350109076438}