{"quality": 0.23886422825987624, "novelty": 0.7395470187876538, "diversity": 0.3710468057529869, "efficiency": 0.25047717657470625, "cost": 0.7674916741430293, "score": 0.29157779339737677}