{"quality": 0.8923661771938325, "novelty": 1, "diversity": 0, "efficiency": 0.2109777032364949, "cost": 0.5979153688202841, "score": 0.4895649717615954}