{"quality": 0.6009917675416394, "novelty": 0.882547236570848, "diversity": 0, "efficiency": 0.6817178269767038, "cost": 0.72195421132313, "score": 0.43099659231939635}