{"quality": 0.2310453553026836, "novelty": 0.8257423809704938, "diversity": 0.7809289065232352, "efficiency": 0.7489098469422784, "cost": 0.3814713236383515, "score": 0.5061243278155823}