{"quality": 0.006181515153441466, "novelty": 0.8361026006665813, "diversity": 0.9598710240563904, "efficiency": 0.6819877781456652, "cost": 0.16522483479066374, "score": 0.48862999276673924}