{"quality": 0.1977885509167221, "novelty": 0.663425962983162, "diversity": 0.7912220738336628, "efficiency": 0.48640827251891283, "cost": 0.4222498567172171, "score": 0.4141737259936549}