{"quality": 0, "novelty": 0.3357521790638845, "diversity": 0.5785487200785978, "efficiency": 0.6654571802252903, "cost": 0.040686301477854514, "score": 0.2953977356676988}