{"quality": 0.2669278364177831, "novelty": 0.9851179125094358, "diversity": 0.2556100551691662, "efficiency": 0, "cost": 0.48093026578867076, "score": 0.3293868135076601}