{"quality": 0.7938056063359314, "novelty": 0.11630871902529877, "diversity": 0.47672679343614954, "efficiency": 0.9603736230858113, "cost": 0.38013239549827077, "score": 0.46860702425737866}