{"quality": 0.2689984584420327, "novelty": 0.2602489770180827, "diversity": 0.34142887440509084, "efficiency": 0, "cost": 1, "score": 0.11404755666814864}