{"quality": 0.3528104249422789, "novelty": 0.2877268192557003, "diversity": 0.8432990088551109, "efficiency": 0.36120876134688323, "cost": 0.41811232047753255, "score": 0.3588047162219101}