{"quality": 0.5293881253963627, "novelty": 1, "diversity": 0.5511931378686593, "efficiency": 0.3564023756662086, "cost": 1, "score": 0.472515421542572}