{"quality": 0.7285746696589708, "novelty": 0.2960782568404438, "diversity": 0.17627229200290745, "efficiency": 0.9469406220986112, "cost": 0.34968806797243207, "score": 0.4349187100259321}