{"quality": 0.32636871046266747, "novelty": 0.6596620189616835, "diversity": 0.7481626483548096, "efficiency": 0.0411551307555105, "cost": 0.34279883116160775, "score": 0.38435203404734886}