{"quality": 0.4456459577210222, "novelty": 0.6107934170704648, "diversity": 0.29269269134146336, "efficiency": 0.6841427682868004, "cost": 0, "score": 0.4475520950952356}