{"quality": 0.13982263003464185, "novelty": 0, "diversity": 0.8297982846512209, "efficiency": 0.05705730732002226, "cost": 0.3491093297017987, "score": 0.1815541090684602}