{"quality": 0.08017477910228343, "novelty": 0.32391053603701103, "diversity": 0.18530281848809296, "efficiency": 0, "cost": 1, "score": 0.04209063143755637}