{"quality": 0.9744251092890455, "novelty": 0.4444345753926276, "diversity": 0.7743052719015351, "efficiency": 0.625104545743052, "cost": 0.9332820791994059, "score": 0.5587347049566949}