{"quality": 0.49589697191421994, "novelty": 0.8816930446564155, "diversity": 0.8104220842131553, "efficiency": 0.8497683911841628, "cost": 0.6757628955742815, "score": 0.5911657387011973}