{"quality": 0.7117729782311304, "novelty": 0.048645391977221036, "diversity": 0.5458074106482049, "efficiency": 0.279560331443047, "cost": 0.4260531232395737, "score": 0.33418346098578505}