{"quality": 0.9312311941913219, "novelty": 0.6099747312793513, "diversity": 0.58228579541643, "efficiency": 0.49795341616097977, "cost": 0.9237391382309618}