{"quality": 0.24757801644816757, "novelty": 0.7248050622147615, "diversity": 0.22484623423866906, "efficiency": 1, "cost": 0.3087554780043001, "score": 0.4195683695354445}