{"quality": 0.060757183007102485, "novelty": 0.9217349130617232, "diversity": 0.83686539606193, "efficiency": 0.5465704142621046, "cost": 0.36924600248836337}