{"quality": 0.5088543833707004, "novelty": 0.9917434735569137, "diversity": 0.9272553717642191, "efficiency": 0.15509268540243062, "cost": 0, "score": 0.609307160563647}