{"quality": 0.873729160850901, "novelty": 0.828137459433256, "diversity": 0.8832759915565342, "efficiency": 0.28475503427652527, "cost": 0.10629532695915975}