{"quality": 0.7653770457051781, "novelty": 0.3345107727448012, "diversity": 0.5386929323761268, "efficiency": 0.3352519648817546, "cost": 1, "score": 0.3712671881052423}