{"quality": 0.8083066405218104, "novelty": 0.009283286687578177, "diversity": 0.7674038610205327, "efficiency": 0.5286675361983348, "cost": 0.7509021358256692, "score": 0.40250350287972747}