{"quality": 0.7035786635928106, "novelty": 0.32956270413495675, "diversity": 0.059937422290313624, "efficiency": 0.09058796045534667, "cost": 0.9923080140292642, "score": 0.2198091522350207}