{"quality": 0.7272278388784755, "novelty": 0.3562895261206398, "diversity": 0.07950579129298072, "efficiency": 0.9440008360832759, "cost": 0.12367412074900352}