{"quality": 0.6996867087396745, "novelty": 0, "diversity": 0.3381437104561539, "efficiency": 0.7138179816381585, "cost": 1, "score": 0.28460745195885695}