{"quality": 0.25199982861316506, "novelty": 0.7154028327769649, "diversity": 0.5387383373042732, "efficiency": 0.051763835329211916, "cost": 0.5161883633819169, "score": 0.3183440632002355}