{"quality": 0.4344333554414445, "novelty": 0.5165379540198909, "diversity": 0.9334668013836744, "efficiency": 0.6788104560757359, "cost": 0.7518613939437704, "score": 0.47279328443112434}