{"quality": 0.1415639658185106, "novelty": 0.34799427283481577, "diversity": 0.01674200353073685, "efficiency": 0.08269995987068943, "cost": 0.11034447965605779, "score": 0.1341867046754021}