{"quality": 1, "novelty": 0.410817729791797, "diversity": 0.3001810988699405, "efficiency": 0.22092439674398917, "cost": 0.7023867030882854, "score": 0.42564064142470714}