{"quality": 0.1675378882029883, "novelty": 0.7788453741280214, "diversity": 1, "efficiency": 0.9775235795673481, "cost": 0, "score": 0.5916012469280041}