{"quality": 0.3759519465062051, "novelty": 0.8684104920463231, "diversity": 0.12700607162407349, "efficiency": 0.1452096978111303, "cost": 0, "score": 0.37707087595992655}