{"quality": 0.7200209225817922, "novelty": 0.5437999613270027, "diversity": 0.5436332167770496, "efficiency": 0.37761908761793306, "cost": 0.8044765861079408, "score": 0.4368781149935942}