{"quality": 0.14954042176076127, "novelty": 0.7170410522301731, "diversity": 0.017059590519856338, "efficiency": 0.10510199713373936, "cost": 0.6753933040161665, "score": 0.17576027685818718}