{"quality": 0.10229012081994654, "novelty": 0.20974831818632167, "diversity": 0.13182846796386835, "efficiency": 0.27800111753275186, "cost": 0, "score": 0.15118997701525083}