{"quality": 0.6020648595806015, "novelty": 0.031342422051602176, "diversity": 0.6478451006877977, "efficiency": 0.37720961192834296, "cost": 0.9686902764196802, "score": 0.27773649767192393}