{"quality": 0.6676744578408053, "novelty": 0.6665949131942079, "diversity": 1, "efficiency": 0.27292481687325243, "cost": 0.15227587849975074, "score": 0.5926622003318064}