{"quality": 0.6423417705629677, "novelty": 1, "diversity": 0.31123169991609184, "efficiency": 0.46545516974885587, "cost": 0.1454921009938086, "score": 0.5602179365150562}