{"quality": 0, "novelty": 0.8197843690442164, "diversity": 0.24029366508653993, "efficiency": 0.024046260507386688, "cost": 0.2423578170180951, "score": 0.23237598265266057}