{"quality": 0.6025878579109604, "novelty": 1.0, "diversity": 0.695510178461753, "efficiency": 0.049605958590434776, "cost": 0.49573629228318955}