{"quality": 0.05087999195966256, "novelty": 0, "diversity": 0.3248246935823951, "efficiency": 0.20323773726489552, "cost": 0.5526799482751319, "score": 0.05544660206659891}