{"quality": 0.22223025676262054, "novelty": 1, "diversity": 0.6626073857626227, "efficiency": 0.026209506538175498, "cost": 0.18544210771229636, "score": 0.4345777693908074}