{"quality": 0.9666438186289641, "novelty": 0.7111051815994567, "diversity": 0.1169219101493569, "efficiency": 0.19329908910166985, "cost": 0.031956068500374996, "score": 0.5169530795336377}