{"quality": 0.3820167914691416, "novelty": 0.5085052468013793, "diversity": 0.9168419319156634, "efficiency": 0.1491798236452405, "cost": 0.4793861779398666, "score": 0.3995380912770194}