{"quality": 0.3168229833597237, "novelty": 0.9037881191984015, "diversity": 1, "efficiency": 0.4282419762305191, "cost": 0.7559267315932958, "score": 0.5096375480827657}