{"quality": 0.4902131697224494, "novelty": 0.6413047266125732, "diversity": 0.7075787024860841, "efficiency": 0.8551426768144491, "cost": 0.5391405417118373, "score": 0.5232632204180785}