{"quality": 0.7757735984710883, "novelty": 0.8497878554947799, "diversity": 0.6432775780431892, "efficiency": 0.055641054877139634, "cost": 0.8639657842171673}