{"quality": 0.7215828729391862, "novelty": 0.5722440229754038, "diversity": 0.6944724060533621, "efficiency": 0.4015405937414957, "cost": 0.2707278332508982, "score": 0.5315886545724138}