{"quality": 0.44183002556019246, "novelty": 0, "diversity": 0.22803733709536003, "efficiency": 0.7791391769317206, "cost": 0.9515491420734757, "score": 0.1998724374195403}