{"quality": 0, "novelty": 0.566202242674315, "diversity": 0.9039722026450348, "efficiency": 0.8568740159106383, "cost": 0.7287166798856142, "score": 0.37800443559561997}