{"quality": 0.6444871111993322, "novelty": 0.06366782775039054, "diversity": 0.809848009337222, "efficiency": 0.7219906970259979, "cost": 0.6157745792296629, "score": 0.4179538387957751}