{"quality": 0.8612590259503656, "novelty": 0.7273002818529466, "diversity": 0.6387916489512124, "efficiency": 0.8232083098190283, "cost": 0.8098536542854453}