{"quality": 0.5926015554968533, "novelty": 0.4565435834987665, "diversity": 0.5039790672757269, "efficiency": 0.7462052669884126, "cost": 0.14460428282236945, "score": 0.49018253774491793}