{"quality": 0.722229671502544, "novelty": 0.21782135022932075, "diversity": 0.07840191581291375, "efficiency": 0.9669196237400113, "cost": 0.7346708428573817, "score": 0.35837548144593967}