{"quality": 0.5300391102577015, "novelty": 0.1749473690043247, "diversity": 0.062390746757473886, "efficiency": 0.4006283486405008, "cost": 0.7438029449466577, "score": 0.2009406824812957}