{"quality": 0.7009581437168411, "novelty": 0.004273845636847323, "diversity": 0.46540497518831175, "efficiency": 0.615404944146136, "cost": 0, "score": 0.39674764118384687}