{"quality": 0.06934926198720623, "novelty": 0.408584433922006, "diversity": 0.050033080387505036, "efficiency": 0.6538415471832123, "cost": 1, "score": 0.13103373523164621}