{"quality": 0.6516244804361357, "novelty": 0.8366842934894387, "diversity": 0.64469616719229, "efficiency": 0.23795657839803902, "cost": 0.33502167766733393, "score": 0.5357889699346309}