{"quality": 0.41532499926130106, "novelty": 0.8046811275557626, "diversity": 0.18155216890128706, "efficiency": 0.722482821794938, "cost": 0.35207838780417994, "score": 0.435242799936411}