{"quality": 0.1926362491053461, "novelty": 0.3041940446788899, "diversity": 0.8746825003514465, "efficiency": 0, "cost": 0.8315175161129104, "score": 0.22562413436032455}