{"quality": 0.13178133864759561, "novelty": 0.22134778586930154, "diversity": 0.8840034000794048, "efficiency": 0.25484735783055673, "cost": 0.5214812404906903, "score": 0.25775100770299947}