{"quality": 0.9357103415436742, "novelty": 0.562954037374117, "diversity": 0.9210245928245098, "efficiency": 0.37206336853609445, "cost": 0.4295558266112941}