{"quality": 0.09320649921244828, "novelty": 0.28509234295576963, "diversity": 0.8413323600149593, "efficiency": 0.7980325858973598, "cost": 0.27331319311855184, "score": 0.35987507607841757}