{"quality": 0.7967703828563283, "novelty": 0.7774569174799009, "diversity": 0, "efficiency": 0.5970173108376059, "cost": 0.4358445495423159, "score": 0.47936348589828304}