{"quality": 0.6947659975241747, "novelty": 0.3560647686215176, "diversity": 0.7808885105165797, "efficiency": 0.4157757918004568, "cost": 0.28083700814246343, "score": 0.48790636147176997}