{"quality": 0.7700807425471146, "novelty": 0.3502228588912605, "diversity": 0.49084440146848823, "efficiency": 0.0802057611104976, "cost": 0.4503462051180994, "score": 0.38374506143541176}