{"quality": 0.5658941677908902, "novelty": 0.44962010790243206, "diversity": 0.7389089472806248, "efficiency": 0.6003006206541565, "cost": 0.32108552338201135, "score": 0.4878916075289223}