{"quality": 0.6427543448978297, "novelty": 0.41004700264622673, "diversity": 0.7892174118715066, "efficiency": 0.10718156761970438, "cost": 0.2639945858398972, "score": 0.44285931306417287}