{"quality": 0.8785486072503264, "novelty": 0.6657997071152515, "diversity": 0.2508549101913858, "efficiency": 0.572375057020925, "cost": 0, "score": 0.5660417495453266}