{"quality": 0.8575112321110713, "novelty": 0.02048455547323491, "diversity": 0.5052681674209931, "efficiency": 0.7417497185011839, "cost": 0.08588518314418764, "score": 0.46610208144658755}