{"quality": 0.3189592570436046, "novelty": 0.9652187332425468, "diversity": 0.17594324257784605, "efficiency": 0.9338926009281866, "cost": 0.6440599596213066, "score": 0.44785900311638466}