{"quality": 0.13140169057333878, "novelty": 0.22030610149231067, "diversity": 1, "efficiency": 0.7180443768208595, "cost": 0.8676537732356557, "score": 0.31543831174464265}