{"quality": 0.121796978767852, "novelty": 0.2739129100267228, "diversity": 0.3109823751831641, "efficiency": 0.5746982141765453, "cost": 0, "score": 0.2534185283001509}