{"quality": 0.8355743605573515, "novelty": 0.6024422899244796, "diversity": 0.40047990277602646, "efficiency": 0.3461883263561334, "cost": 0.03517488416180825, "score": 0.5297896217407697}