{"quality": 0.7000937829936328, "novelty": 0.5406708998994116, "diversity": 0.8775955531580532, "efficiency": 0.23795936613041352, "cost": 0.7344372770290286, "score": 0.4829651477212126}