{"quality": 0.41857702697609733, "novelty": 0.2583015674186209, "diversity": 0.2850850600542506, "efficiency": 0.8662724763664482, "cost": 0.5199919221927168, "score": 0.32510719119403014}