{"quality": 0.03074350296494252, "novelty": 0.3123936516323066, "diversity": 0.5738952134011825, "efficiency": 0.4572809225251486, "cost": 0.6706001643192816, "score": 0.20363262842464003}