{"quality": 0.780801260120949, "novelty": 0.4757774475375374, "diversity": 0.15234619500669397, "efficiency": 0.2651010403165836, "cost": 0.36334922943500153, "score": 0.3870842120259952}