{"quality": 0.7931823049884776, "novelty": 0.48148651074820004, "diversity": 0.15383388278089838, "efficiency": 0.3484964400787728, "cost": 0.1830611547736266, "score": 0.42306144627422615}