{"quality": 0.8969144598379404, "novelty": 0.05437637906970674, "diversity": 0.29484211531681137, "efficiency": 0.47654271237376056, "cost": 0.5008608765349836, "score": 0.3630321749847368}