{"quality": 0.5971143094221568, "novelty": 1, "diversity": 0.48759646553435376, "efficiency": 0.4228323751524696, "cost": 0.38107500752899026, "score": 0.5519709414534892}