{"quality": 0.725662258742495, "novelty": 0.726511840831864, "diversity": 0.3902701660154301, "efficiency": 0.20632287513635683, "cost": 0.6382112483509301, "score": 0.4445079774691611}