{"quality": 0.3973618788232131, "novelty": 0.09257981579017605, "diversity": 0.7463869792544856, "efficiency": 0.14176435946215107, "cost": 0.1293350680798665, "score": 0.299962060556741}