{"quality": 0.44086194071602164, "novelty": 0.5565063254343809, "diversity": 1, "efficiency": 0.4205900331136883, "cost": 0.7749615553600486, "score": 0.4569775130044501}