{"quality": 0.5484988739477337, "novelty": 0.06424348659570868, "diversity": 1, "efficiency": 0.9364506678466782, "cost": 0.5784682979116323, "score": 0.4632313042190858}