{"quality": 0.6651946542087451, "novelty": 0.772793628798142, "diversity": 0.7773898339063565, "efficiency": 0.2842404012413951, "cost": 0.9515449842234088, "score": 0.4957163320072987}