{"quality": 0.7537657130177979, "novelty": 0.5728062652986381, "diversity": 0.4857611269491016, "efficiency": 0.14580803475994733, "cost": 0.32917840689198385, "score": 0.4554368701446129}