{"quality": 0.5097223129002828, "novelty": 0.7956920709294356, "diversity": 0.19096030335949338, "efficiency": 0.07159616526226328, "cost": 0.5623887011382882, "score": 0.3445323269498531}