{"quality": 0.3196597275501458, "novelty": 0.9305968011967115, "diversity": 0.9051648874309853, "efficiency": 0.48284247120677454, "cost": 0.7918478756581778}