{"quality": 0.403686457503075, "novelty": 0.2711412957671727, "diversity": 0, "efficiency": 0.4612415567187598, "cost": 0.6277400435686824, "score": 0.1953034903436614}