{"quality": 0.17888616692800746, "novelty": 0, "diversity": 0.952777023507417, "efficiency": 0.10242384003134292, "cost": 0.6605497802115078, "score": 0.19352985276343632}