{"quality": 0.869121627357485, "novelty": 0.637453487561108, "diversity": 0.15181095589305482, "efficiency": 0.19005634255265702, "cost": 0.32918193987994576, "score": 0.4460523086710374}