{"quality": 0.16108781145542933, "novelty": 0.47553982379863713, "diversity": 0.3294182264991182, "efficiency": 0.4152369590755487, "cost": 0.6509934182208688, "score": 0.23028114672535716}