{"quality": 0.1943656195350867, "novelty": 0.21309468137300747, "diversity": 0.32525856547089504, "efficiency": 1, "cost": 1, "score": 0.22663506929795688}