{"quality": 0.3534937951185887, "novelty": 0.691668838061565, "diversity": 0.673490756545827, "efficiency": 0.7510139904981705, "cost": 0.5650225665809914, "score": 0.46981334127675967}