{"quality": 0.8289136693793759, "novelty": 0.1282976777487525, "diversity": 0.3202308995619156, "efficiency": 0.41822582711988043, "cost": 0.1422869607273494, "score": 0.3932998781586311}