{"quality": 0.9720030154474613, "novelty": 0.8142858915799558, "diversity": 0.2621347418057199, "efficiency": 0.30618993424298147, "cost": 0.007347573842986954, "score": 0.5927930586425197}