{"quality": 0.802626186189932, "novelty": 0.8442772649743235, "diversity": 0.0555615027109051, "efficiency": 1, "cost": 0.07240034195358228, "score": 0.6057294384473833}