{"quality": 0, "novelty": 0.7375968506533591, "diversity": 1, "efficiency": 0.48547734517226626, "cost": 0.2533746556341552, "score": 0.4318833488757642}