{"quality": 0.03399205703098708, "novelty": 0.06119073227080438, "diversity": 0.14302593564557897, "efficiency": 0, "cost": 0.13284373168202263, "score": 0.04081611413791075}