{"quality": 0.10900444920346847, "novelty": 0.23343496625964505, "diversity": 0.14697180683520644, "efficiency": 0.6075032456968096, "cost": 0.2622845753339662, "score": 0.18535146701411792}