{"quality": 1.0, "novelty": 0.40482670829662865, "diversity": 0.3883735792197835, "efficiency": 0.5450156755298332, "cost": 0.016469450136205224}