{"quality": 0.9743852506570867, "novelty": 0.949005502456914, "diversity": 0.47977898428826504, "efficiency": 0.6968245610824803, "cost": 0.5691248179943917}