{"quality": 0.05725922999280947, "novelty": 0.2601805650751643, "diversity": 0.6028986540130798, "efficiency": 0.06430692085537365, "cost": 0.2546314852858528, "score": 0.18698553066897067}