{"quality": 0.1652032272410912, "novelty": 0.19889922003221727, "diversity": 0.929687533689607, "efficiency": 0.23983173323516677, "cost": 0.4697636276832237, "score": 0.2742216771352557}