{"quality": 0, "novelty": 0.3955310346974092, "diversity": 0.9579345721727412, "efficiency": 0, "cost": 0.4601818918389592, "score": 0.24445148392500463}