{"quality": 0.027923745173104114, "novelty": 0.06238346495910366, "diversity": 1, "efficiency": 0.013812509599188685, "cost": 0.4946787533559764, "score": 0.17657699089598783}