{"quality": 0.5101881391864695, "novelty": 0.1586812439967032, "diversity": 0.3656639700537514, "efficiency": 0, "cost": 0.6593920481866802, "score": 0.1999203419471989}