{"quality": 0.6706983003760737, "novelty": 0.037186679522968696, "diversity": 0.09199711794761994, "efficiency": 1, "cost": 0.114701643566756, "score": 0.36743541922641265}