{"quality": 1, "novelty": 1, "diversity": 0.0970884697036215, "efficiency": 0.26423789963163963, "cost": 0.8998395714820868, "score": 0.5190694217372616}