{"quality": 0.5609100646975174, "novelty": 0.5658972029601219, "diversity": 0.7950546946032266, "efficiency": 0.11848197077979644, "cost": 0.1880325810465967, "score": 0.4677272965822408}