{"quality": 0.05008158775275651, "novelty": 0.519512302157598, "diversity": 0.4957278892614845, "efficiency": 0.9415047532633112, "cost": 0.42597901244612635, "score": 0.3426759414624074}