{"quality": 0.5770924394301888, "novelty": 0, "diversity": 1, "efficiency": 0.41109757771151934, "cost": 0.4327455594701687, "score": 0.3915178125387677}