{"quality": 0.7596070514449593, "novelty": 0.8178408370169266, "diversity": 0.8752845959484084, "efficiency": 0.4120560921562444, "cost": 0.8274463402431231, "score": 0.5864630236765256}