{"quality": 1, "novelty": 0.545661646077686, "diversity": 0, "efficiency": 0.8339113042245823, "cost": 0.8560875536490145, "score": 0.47589335178820735}