{"quality": 0.9298981443384251, "novelty": 0.5355658241030374, "diversity": 0.7035062988658487, "efficiency": 0.4885059663833029, "cost": 0.7047856035796106}