{"quality": 1.0, "novelty": 0.9582278320250225, "diversity": 0.7712361670879415, "efficiency": 0.07234686404888177, "cost": 0.7920795401343176}