{"quality": 0.5974086510265617, "novelty": 0.9247197862651373, "diversity": 0.7942073475132564, "efficiency": 1, "cost": 0.5041766662478955, "score": 0.6688263447521147}