{"quality": 0.7918812164412676, "novelty": 0.10254652612724321, "diversity": 0.8978204175147274, "efficiency": 0.3701576796062669, "cost": 0.20351473362121494, "score": 0.47793725854595515}