{"quality": 0.6497647211122402, "novelty": 0.8188912969255937, "diversity": 1.0, "efficiency": 0.2112885002525131, "cost": 0.9356090794849149}