{"quality": 0.9135533790243997, "novelty": 0.5424846019321009, "diversity": 0.49659446676652874, "efficiency": 0.7776843181481571, "cost": 0.29096773775002427}