{"quality": 0.4638408490879855, "novelty": 0.3557315850918556, "diversity": 0.2818805099270782, "efficiency": 0.24666806587560697, "cost": 0.5192945709983126, "score": 0.269532005766285}