{"quality": 0.35796967977416216, "novelty": 0, "diversity": 0.38091444082317555, "efficiency": 0, "cost": 0.9080354320318869, "score": 0.09277024889369508}