{"quality": 0.29629073009610457, "novelty": 0.9682081885715214, "diversity": 1, "efficiency": 0.8490380983720447, "cost": 0.9846994735254575, "score": 0.5598250335749727}