{"quality": 0.24979584075950906, "novelty": 0.19426680230130056, "diversity": 0.6597646987720897, "efficiency": 0.29677956882205897, "cost": 0.4202880232494269, "score": 0.257946525555962}