{"quality": 0.015529897880056376, "novelty": 0.7502333748103311, "diversity": 0.2447665541424381, "efficiency": 0.2537839343360703, "cost": 0.01910453413342597, "score": 0.27732776063215525}