{"quality": 0.2906490543059699, "novelty": 0.8683052685470984, "diversity": 0.9547281419942794, "efficiency": 0.6157504622162852, "cost": 0.9560645571162065}