{"quality": 0.5233208695855833, "novelty": 0.09698102156245306, "diversity": 0.3437031270293206, "efficiency": 0.24459660513832288, "cost": 0.8841952872115981, "score": 0.198252103721741}