{"quality": 0.26669396476352575, "novelty": 0.3754426294697027, "diversity": 0.20445156872415826, "efficiency": 0.07899005430245695, "cost": 0.2811426837317988, "score": 0.1984934003135037}