{"quality": 0.5840720591557474, "novelty": 0.5216056385089597, "diversity": 0.5580546325292375, "efficiency": 0.7681793693313583, "cost": 0.7750361092545093, "score": 0.4549572483540644}