{"quality": 0, "novelty": 0.6622392081837405, "diversity": 0.5806017569890042, "efficiency": 0.04266830940401234, "cost": 0.3216461832102191, "score": 0.2559157815333159}