{"quality": 0, "novelty": 0.8720923626053589, "diversity": 0.4874215748314208, "efficiency": 0.9851096150160539, "cost": 0.32969643940312676, "score": 0.43030420392971935}