{"quality": 0.8915185675870414, "novelty": 0.9049644501972287, "diversity": 0.5932275163597781, "efficiency": 1, "cost": 0.779343547979541, "score": 0.6844078312994212}