{"quality": 0.5958392611977728, "novelty": 0.7515505819483896, "diversity": 0.7547310393969527, "efficiency": 0.753815404069776, "cost": 0.21080410462900415}