{"quality": 0.5392587014965879, "novelty": 0.3785000468094244, "diversity": 0.5301076472002434, "efficiency": 0.6163877489475925, "cost": 1, "score": 0.35488231393352}