{"quality": 0.7213061240268465, "novelty": 0.7967471612191089, "diversity": 0.5946294457538296, "efficiency": 0.4209954827850301, "cost": 0.2862971953326575, "score": 0.5690241195480858}