{"quality": 0.17609283290665295, "novelty": 0.348615345550769, "diversity": 0.2921640947023202, "efficiency": 0.536368107265424, "cost": 0.257039096778707, "score": 0.25316581161209506}