{"quality": 0.36256218545676155, "novelty": 0.9338546556622773, "diversity": 0.9548437054045544, "efficiency": 0.36898478028628556, "cost": 0.4640957171500921, "score": 0.5421392059614423}