{"quality": 0.5340734661364679, "novelty": 0.335775416777852, "diversity": 0.3941693738761898, "efficiency": 0, "cost": 0.4228973133103422, "score": 0.2807100374796071}