{"quality": 0.8360346308927362, "novelty": 0.7353707216027253, "diversity": 0.13700616923850828, "efficiency": 0.04874299845503244, "cost": 0, "score": 0.4693657532844587}