{"quality": 0.14621357876029092, "novelty": 0.26361544929382263, "diversity": 0.5580698089285018, "efficiency": 0.9048854764751455, "cost": 0.23978400937427186, "score": 0.3331363182710879}