{"quality": 0.5583881985650724, "novelty": 0.13257131512655568, "diversity": 0.48136464331063994, "efficiency": 0.264509395628332, "cost": 0.14880074734223625, "score": 0.3217285516233148}