{"quality": 0.7890162559871599, "novelty": 0.5526014615673872, "diversity": 0.15666767622793887, "efficiency": 0.7314388630613067, "cost": 0.2496812332105271, "score": 0.4909364835717258}