{"quality": 1, "novelty": 0.6084174413625631, "diversity": 0.6094037305917743, "efficiency": 0.5285984085584365, "cost": 0.8198853289439896, "score": 0.5712863348483621}