{"quality": 0.9394268902659989, "novelty": 0.007740495011788168, "diversity": 0.6614052069391838, "efficiency": 0.7332535936552935, "cost": 1, "score": 0.42603227126887755}