{"quality": 1, "novelty": 0.16384061928125432, "diversity": 0.28233721455944827, "efficiency": 0.09360367556467858, "cost": 0.7461134360316146, "score": 0.3368568054637435}