{"quality": 0.8125976203783163, "novelty": 0.7237968615647358, "diversity": 0.8980023190642052, "efficiency": 0.6992777458153082, "cost": 0.9614529115061093, "score": 0.6130753360392052}