{"quality": 0.1102647102448353, "novelty": 0.6112181028549999, "diversity": 0.4947870330157168, "efficiency": 0.2260579812214472, "cost": 0.7526830959475382, "score": 0.24348173297880715}