{"quality": 0.29978485057325366, "novelty": 0, "diversity": 0.8316983194994774, "efficiency": 0.3833283381388886, "cost": 0.08422354256961444, "score": 0.3053520155357435}