{"quality": 0.7031468187835282, "novelty": 0.057278562157987434, "diversity": 0.3076029979991045, "efficiency": 0.23752873228576127, "cost": 0.5535677633710008, "score": 0.26705681928014036}