{"quality": 0.6323968113653267, "novelty": 0.7947565293961983, "diversity": 0.25332738077464856, "efficiency": 1, "cost": 0.814661086845202, "score": 0.5076075432290571}