{"quality": 0.3726868820001637, "novelty": 0.7309104985811818, "diversity": 0.7377032088346824, "efficiency": 0.36466406865135714, "cost": 0, "score": 0.49677394130998465}