{"quality": 0.15014927981426748, "novelty": 0.5393417946080125, "diversity": 0.5115621838511433, "efficiency": 0.4850294260767477, "cost": 0.7864412535038847, "score": 0.2763029579276357}