{"quality": 0.10757621616753898, "novelty": 0.153059864396208, "diversity": 0.07204719249625435, "efficiency": 0.815030120925719, "cost": 0.8130806100344037, "score": 0.12589372658398204}