{"quality": 0.8800298891710666, "novelty": 0.9094919777212869, "diversity": 0.9751774458640632, "efficiency": 0.8927559583834955, "cost": 0.9725022760994242, "score": 0.7230806165020363}