{"quality": 0.4661925985496923, "novelty": 0.4193783642041908, "diversity": 0.18621141617434042, "efficiency": 0.11630840123784214, "cost": 1, "score": 0.19939091403649975}