{"quality": 0.5233978950218245, "novelty": 0.32529052575700934, "diversity": 0.6042422889276524, "efficiency": 0.43363653340316743, "cost": 0.8248256795432605, "score": 0.3417533697874792}