{"quality": 0.42728171188358244, "novelty": 0.7233870423965778, "diversity": 0, "efficiency": 0.9683525888092173, "cost": 0.6825021283870752, "score": 0.38603394964689425}