{"quality": 0.14909411513731813, "novelty": 0.9556156136990144, "diversity": 0.0831877227396432, "efficiency": 0.6032122494651133, "cost": 0, "score": 0.3907515199336447}