{"quality": 0.7423458788849571, "novelty": 0.6483178077058627, "diversity": 0.6859563179043656, "efficiency": 0.29882260342383665, "cost": 0, "score": 0.5667978696864014}