{"quality": 0.5322100919686465, "novelty": 0.8801080214051205, "diversity": 0.5814974469318743, "efficiency": 0.09886241646461624, "cost": 0.43048993750314785, "score": 0.46776989104762656}