{"quality": 1, "novelty": 0.15042808568494526, "diversity": 0.2856244004372742, "efficiency": 0.49681589847474816, "cost": 0.5990890471198689, "score": 0.4093453815679165}