{"quality": 0.22943714570991017, "novelty": 0.2112341478155127, "diversity": 0.7709047057681166, "efficiency": 0.5463238923722049, "cost": 0.6457754847981895, "score": 0.2931916571964864}