{"quality": 0.1892867604868487, "novelty": 0.36214398769592976, "diversity": 1, "efficiency": 0.8205186166804254, "cost": 0.31231755449390375, "score": 0.4391680621227105}