{"quality": 0.28215253265050444, "novelty": 0.9416479546846989, "diversity": 0.6391837534912408, "efficiency": 0.8721648632810254, "cost": 0.5643822001831579, "score": 0.5222810086384122}