{"quality": 0.6952332454936487, "novelty": 0.7578780363942703, "diversity": 0.24337198413590544, "efficiency": 0.7417962404365017, "cost": 0.16953043430293746, "score": 0.5410302722090248}