{"quality": 1, "novelty": 0.38682886519501986, "diversity": 0.800459724031905, "efficiency": 0.4253610447714793, "cost": 0.9551845504211061, "score": 0.5250848627787472}