{"quality": 0.7137456752778906, "novelty": 0, "diversity": 0.7499388237624043, "efficiency": 0.49569434552954017, "cost": 0, "score": 0.438465619165279}