{"quality": 0.30836703299852514, "novelty": 0.030618752736754407, "diversity": 0.20928099721938115, "efficiency": 0.64478771833882, "cost": 0.9166236212982724, "score": 0.1470767931486181}