{"quality": 0.8303329789294571, "novelty": 0.294356981507056, "diversity": 0.28422196121157156, "efficiency": 0.025494200925361366, "cost": 0.4947299458422787, "score": 0.3338846668524918}