{"quality": 0.3096080983828988, "novelty": 0.4914756526247536, "diversity": 0.49254105913275026, "efficiency": 0.8255221383381701, "cost": 0, "score": 0.43808787524833365}