{"quality": 0.421211435839417, "novelty": 0.6656621938248409, "diversity": 0.8305504627797118, "efficiency": 0.3597475008903763, "cost": 0.3259741461437752}