{"quality": 0.5831286284790898, "novelty": 0.5287997280962692, "diversity": 0.6300073996468396, "efficiency": 0, "cost": 0, "score": 0.43314000049716217}