{"quality": 0.3610378977156924, "novelty": 0.6169951743380675, "diversity": 0.5397245184657843, "efficiency": 0.06611955693069865, "cost": 0.6937433420025332, "score": 0.31104866593173286}