{"quality": 0.3549344914459005, "novelty": 0.49645731836663204, "diversity": 0.24040301397348554, "efficiency": 0.21155743558589396, "cost": 1, "score": 0.2104088951580094}