{"quality": 0.6289795239701577, "novelty": 0.7944825050601915, "diversity": 0.8374724172572612, "efficiency": 0.2710065834091659, "cost": 0.5913679330789263, "score": 0.5363231611110295}