{"quality": 1, "novelty": 0.5331187869606878, "diversity": 0.6395687477273225, "efficiency": 0.9442313787896532, "cost": 0, "score": 0.7028281531040845}