{"quality": 0.05041758467381652, "novelty": 0.8641035087520386, "diversity": 0.9008152446460295, "efficiency": 0.7032162824768661, "cost": 1.0}