{"quality": 0.8835511530387574, "novelty": 0.45917422044148937, "diversity": 0.38901598134953774, "efficiency": 0.36904752945358066, "cost": 0.16263898672211302, "score": 0.496755328037733}