{"quality": 0, "novelty": 0.7099587827446885, "diversity": 0.5691051130016873, "efficiency": 0.7646469259060992, "cost": 1, "score": 0.30600775717242445}