{"quality": 0.2643608469928459, "novelty": 0.371822905464001, "diversity": 0.7539803032299666, "efficiency": 0.5017995946117627, "cost": 0.3567082444937092, "score": 0.3626591558522408}