{"quality": 0.2732631398603801, "novelty": 0.8707625105884229, "diversity": 0.9216468860221687, "efficiency": 0.0, "cost": 0.9703894499510906}