{"quality": 1, "novelty": 0.45531022160993917, "diversity": 0.4004937452406131, "efficiency": 0.3194286563825576, "cost": 0.4545457614117963, "score": 0.49638602676681143}