{"quality": 0.8867670846161297, "novelty": 0.7960409982664087, "diversity": 0.11547736261122019, "efficiency": 0.9808367682313607, "cost": 0.42627180655829927, "score": 0.5926341820525592}