{"quality": 0.5951943757462042, "novelty": 0.6895533310022809, "diversity": 0.19770046331677177, "efficiency": 0.5413078161792162, "cost": 0.6685661938954501, "score": 0.4048262911751232}