{"quality": 0.5777322329726077, "novelty": 0.40343375148574634, "diversity": 0.3506361061509014, "efficiency": 0.3075381595516753, "cost": 0.42326836305922727, "score": 0.34810921662022776}