{"quality": 0.9036995671252547, "novelty": 0.6527032451652353, "diversity": 0.7931870195617037, "efficiency": 0.5074995367144776, "cost": 0.7180121478334147, "score": 0.5972468010650561}