{"quality": 0.4313907305115544, "novelty": 0, "diversity": 0.07373758501409733, "efficiency": 0.6642666428801977, "cost": 0.8592724209918083, "score": 0.15787749048913458}