{"quality": 0.30742790327923725, "novelty": 0.7290424906895667, "diversity": 0, "efficiency": 0.24681459585126475, "cost": 0.2073891974261517, "score": 0.2907722632912374}