{"quality": 0, "novelty": 0.11710081638779005, "diversity": 0.43858903785161324, "efficiency": 0, "cost": 0.1262346074773631, "score": 0.10436955091953386}