{"quality": 0.7985604334148683, "novelty": 0.741364737301456, "diversity": 0.29971754099363407, "efficiency": 0.895124956317648, "cost": 0.05219732982831793, "score": 0.6139018330133668}