{"quality": 0.8372347193667324, "novelty": 1, "diversity": 0.7057039249951158, "efficiency": 0.28991430063348067, "cost": 0.7548505262109877, "score": 0.610313293282966}