{"quality": 0.10362037926651724, "novelty": 0.26145201559209585, "diversity": 0.27586928298650565, "efficiency": 0.5027154557754936, "cost": 0.3313434586309774, "score": 0.19389594677850655}