{"quality": 0, "novelty": 0.32993338936308075, "diversity": 0.03344965470478045, "efficiency": 0.5221999629761498, "cost": 0.8996915865344024, "score": 0.0775341140747085}