{"quality": 0.9681207841680243, "novelty": 0.6779859810540266, "diversity": 0.6015442670619165, "efficiency": 0.17365475006997744, "cost": 0.1303552599276331}