{"quality": 0.8135381619127124, "novelty": 0.8843268350116795, "diversity": 0.6251335136247202, "efficiency": 0.33126298705154156, "cost": 0.8618487485014041, "score": 0.5536744332592685}