{"quality": 0.13859518309163277, "novelty": 0.4722568401253535, "diversity": 0.6497408671566324, "efficiency": 0.9002725117845212, "cost": 0.30597079372913427, "score": 0.39403473578491943}