{"quality": 0.893499465490587, "novelty": 0.9589942084659473, "diversity": 0.12594250102180676, "efficiency": 0.1420946929950593, "cost": 0.21289699222099773, "score": 0.5330113966951834}