{"quality": 0.49103361275746116, "novelty": 0.6259778408892107, "diversity": 0.2240266387727109, "efficiency": 0.49919795967747205, "cost": 0.1735763558567674, "score": 0.40613193017002724}