{"quality": 0.8830018145105516, "novelty": 0.5425459481405633, "diversity": 0.4365086507885648, "efficiency": 0.19254261254333271, "cost": 0.7211464663909315, "score": 0.44460550678842603}