{"quality": 0.3057161468851515, "novelty": 0.46322211516712586, "diversity": 0.5074388043955319, "efficiency": 0.19212381805868375, "cost": 0, "score": 0.3378267064452358}