{"quality": 0.17185653724157124, "novelty": 0.14748985672678722, "diversity": 0.4926117533966257, "efficiency": 0.23662730406212765, "cost": 0.6609872172320267, "score": 0.1563471499196098}