{"quality": 0.3953541543996187, "novelty": 0.5414680386423264, "diversity": 0.8578009080395181, "efficiency": 0, "cost": 0.8277672412240267, "score": 0.3427567134659682}