{"quality": 0.5027333731421002, "novelty": 1.0, "diversity": 0.8242572782647407, "efficiency": 0.22955690240601628, "cost": 0.4803892089746378}