{"quality": 0.01996799726978135, "novelty": 0.4607720588395568, "diversity": 0.27071462171383137, "efficiency": 0.6201063032582861, "cost": 1, "score": 0.16834228372233276}