{"quality": 0, "novelty": 0.19723538051447465, "diversity": 0.7636741519617367, "efficiency": 0.5800360372268312, "cost": 0.43916811988844495, "score": 0.24513226911614622}