{"quality": 0.35674117318910376, "novelty": 0.3740230024435659, "diversity": 0.5743308012491254, "efficiency": 0, "cost": 0.7092340860122761, "score": 0.24447085421622008}