{"quality": 0.2743469917857515, "novelty": 0.14892947373306958, "diversity": 0.2586069921535987, "efficiency": 0.6129588769626149, "cost": 0.14962483909543617, "score": 0.2482392120345612}