{"quality": 0.24034540970334672, "novelty": 0.3494641014398173, "diversity": 0.5912027958655427, "efficiency": 0, "cost": 0.3517146792607825, "score": 0.24253873951798863}