{"quality": 0.22359572304519598, "novelty": 0.4114206775408507, "diversity": 0.3766102297381355, "efficiency": 0.3850701418704142, "cost": 0.9540996986798487, "score": 0.20760648365897583}