{"quality": 0.280962321017197, "novelty": 0.40907797595763046, "diversity": 0.14319196951623037, "efficiency": 0.6475688530041039, "cost": 0.8338681779800008, "score": 0.22894509435042829}