{"quality": 0.7934669624462837, "novelty": 0.4265671871797513, "diversity": 0.5821313389194873, "efficiency": 0.16434800081437878, "cost": 0.9008992105729297, "score": 0.39567043237758426}