{"quality": 1.0, "novelty": 0.3985417740278639, "diversity": 0.6833722847075091, "efficiency": 0.32325687687228494, "cost": 0.39751526319520303}