{"quality": 0.5059702775154005, "novelty": 0.6842950393478803, "diversity": 0.23696542027979273, "efficiency": 0, "cost": 0.060003507038967535, "score": 0.364257576443652}