{"quality": 0.2560196650091195, "novelty": 1, "diversity": 0.5954057887333613, "efficiency": 0.10752564356381314, "cost": 0.5292846138888748, "score": 0.40908744239509265}