{"quality": 0.7996241509848894, "novelty": 0.4291382101843776, "diversity": 0, "efficiency": 0.17201284168197334, "cost": 0.6405986360328368, "score": 0.30891386049057346}