{"quality": 0, "novelty": 0.19694086304252065, "diversity": 0, "efficiency": 0.5459615766566395, "cost": 0.7935994399125337, "score": 0.051769508267872716}