{"quality": 0.08854780846626847, "novelty": 0.6945810010303451, "diversity": 0.3904283416586984, "efficiency": 0.11432359599379899, "cost": 0.2400516668196142, "score": 0.271438633846315}