{"quality": 0.7494615041650355, "novelty": 0.3963176379822472, "diversity": 0.6086805608799922, "efficiency": 1, "cost": 0, "score": 0.5956539729210709}