{"quality": 0.2909537937282764, "novelty": 0.5470442105662265, "diversity": 0.6515610152154335, "efficiency": 0.890878701070106, "cost": 0.2991502732743888, "score": 0.4580761716362033}