{"quality": 0.7461019138755756, "novelty": 0.5165543648596851, "diversity": 0.03933800025120843, "efficiency": 0.41332844500937327, "cost": 0.5350203210149034, "score": 0.36933400007775125}