{"quality": 0.12369802872749994, "novelty": 0.9935538706962495, "diversity": 0.5992440908894483, "efficiency": 0.922728542781327, "cost": 0.965412381447272, "score": 0.4472147377426739}