{"quality": 1, "novelty": 0.36659021624166604, "diversity": 0.9301854089565489, "efficiency": 0.34100365423562434, "cost": 0, "score": 0.62883518398707}