{"quality": 0.4219893159522198, "novelty": 0.14823058435921982, "diversity": 0.7659713002852813, "efficiency": 0.21937941456577875, "cost": 0.11151612746038592, "score": 0.33860400037135535}