{"quality": 0.687156868499009, "novelty": 0.2134180516965443, "diversity": 0.015637331888200462, "efficiency": 0.030433502593302714, "cost": 1, "score": 0.16719406524047428}