{"quality": 0.006353221003000481, "novelty": 0.6995453463182499, "diversity": 0.21805201250211043, "efficiency": 0.18197468149897497, "cost": 0.32124468730153094, "score": 0.21557443887557787}