{"quality": 0.10305297141291578, "novelty": 0.8409188191143223, "diversity": 0.16223362407815034, "efficiency": 0.5496094950446501, "cost": 0.7487309733842209, "score": 0.28116064793636086}