{"quality": 0.31563857241469195, "novelty": 0.06377671280314705, "diversity": 0.6942109171328473, "efficiency": 0.302365541531529, "cost": 0.2440388259351431, "score": 0.2704288819879789}