{"quality": 0.8397741344002155, "novelty": 0.4821133436499136, "diversity": 0.938881524551618, "efficiency": 0.09422294069476861, "cost": 0.19701090384924222, "score": 0.5546692318621578}