{"quality": 0.788054180003854, "novelty": 0.40385300518455614, "diversity": 0.9191927905352653, "efficiency": 0.29590471325468437, "cost": 0.38002061942469534, "score": 0.5276017084500814}