{"quality": 0, "novelty": 0.626327945404799, "diversity": 0.28597291125239555, "efficiency": 0.773447012681137, "cost": 0.3191823752761633, "score": 0.29787538297623306}