{"quality": 0.6984853221200986, "novelty": 0.23506851418020913, "diversity": 1, "efficiency": 0.8714216571054724, "cost": 0.5389216459041772, "score": 0.545133809156485}