{"quality": 0.0756099608802886, "novelty": 0.19783348026368636, "diversity": 0.46336813223976214, "efficiency": 0.08490290430073978, "cost": 0.14344743576686841, "score": 0.1632056768463847}