{"quality": 0.7906587631918675, "novelty": 1, "diversity": 0.43971610849166776, "efficiency": 0.3785162290179784, "cost": 0.7483959378574037, "score": 0.5570786912228503}