{"quality": 0.18384836811788055, "novelty": 0.4352699939433144, "diversity": 1, "efficiency": 0.8706092494286202, "cost": 0.07337556558955219, "score": 0.4872258397765305}