{"quality": 0.24122069018856201, "novelty": 0.13445537234153748, "diversity": 0.24946996446101694, "efficiency": 0.5208338136636985, "cost": 0.13230055111459926, "score": 0.2207690599722512}