{"quality": 0.04068714929392536, "novelty": 0.4041699912550939, "diversity": 0.7427895633095625, "efficiency": 0.3090952157656468, "cost": 0.22725831812488695, "score": 0.2854450058162219}