{"quality": 0.5106780946330053, "novelty": 0.6013677020217287, "diversity": 0.8516811730051448, "efficiency": 0.49223811620263225, "cost": 0.24148906320207686, "score": 0.5235683996065499}