{"quality": 1, "novelty": 1, "diversity": 0.5553390121280357, "efficiency": 0.3417567257943428, "cost": 0.8959059603131716, "score": 0.6227407152634414}