{"quality": 0.4491068698916428, "novelty": 0.43457987542353665, "diversity": 0.5149175249351292, "efficiency": 0.2459705567929483, "cost": 0.8597587522390618, "score": 0.2972802431054389}