{"quality": 0.24631565682202505, "novelty": 0.17498837662723327, "diversity": 0.17136680437081214, "efficiency": 0.2591886478424436, "cost": 0.7088747346578264, "score": 0.11990597578816217}