{"quality": 0.18092194248001908, "novelty": 0.5661379331063139, "diversity": 0.5836159870326751, "efficiency": 0.19066902490293955, "cost": 0.7322189434045723, "score": 0.26791272282210293}