{"quality": 0.16523727625689233, "novelty": 0, "diversity": 0.9608650102787579, "efficiency": 0.8123172974090664, "cost": 0.6080452905572743, "score": 0.30278725048845184}