{"quality": 0.13313433093385313, "novelty": 0.508081862448828, "diversity": 0, "efficiency": 0.90016480671801, "cost": 0.6956072070816901, "score": 0.23242476519189545}