{"quality": 0.5571273976708448, "novelty": 0.31099045374472045, "diversity": 0.825280407317223, "efficiency": 0.5345112887193959, "cost": 0.9579061494813543, "score": 0.3943279925606521}