{"quality": 0.8089210704926025, "novelty": 0.5136061767655276, "diversity": 0.8742127317238979, "efficiency": 0.05195419086907195, "cost": 0.2778643294018675, "score": 0.5259271073741162}