{"quality": 0.9045879826623584, "novelty": 0.4744055571357733, "diversity": 0.47801079748238906, "efficiency": 0.09200795694384922, "cost": 0.7015416280866908, "score": 0.42922697431203694}