{"quality": 0.4656801821155998, "novelty": 0.8757325134932241, "diversity": 0.6071542470184816, "efficiency": 0.9386635914839576, "cost": 0, "score": 0.6208675711342759}