{"quality": 0.2554576769154435, "novelty": 0.4089517318669426, "diversity": 0.2724918689828969, "efficiency": 1, "cost": 0.3017682152888088, "score": 0.3531967883090672}