{"quality": 0.06112464791004152, "novelty": 0.685356198981302, "diversity": 0, "efficiency": 0.6015527530551918, "cost": 0.3301491652493891, "score": 0.24689444055167784}