{"quality": 0.45779507104825123, "novelty": 0.31856570614895663, "diversity": 0.31313425005339296, "efficiency": 0.8075153624843824, "cost": 0.2643888100254211, "score": 0.37429522123250836}