{"quality": 0.6066816922644358, "novelty": 0.8636979840451656, "diversity": 0.18067151242103052, "efficiency": 0.238978941009106, "cost": 0.7172297414670924, "score": 0.3981871731794849}