{"quality": 0.4757967941805439, "novelty": 1.0, "diversity": 0.7962757273325383, "efficiency": 0.43944819678992875, "cost": 0.6995305124242579}