{"quality": 0.21179497859176855, "novelty": 0.7832833799449792, "diversity": 0.6233923078280363, "efficiency": 0.6373741785268396, "cost": 0.1127851620954739, "score": 0.4683654106988611}