{"quality": 0.9273690773587477, "novelty": 0.4664795315018735, "diversity": 0.9439319926003605, "efficiency": 0.29883053869527726, "cost": 0.04971865908821457, "score": 0.6234697194986349}