{"quality": 0.6013807537688867, "novelty": 0.6075835199615804, "diversity": 0.060923904676061735, "efficiency": 1, "cost": 0.3580768764629852, "score": 0.45868719940997493}