{"quality": 0.7891313536625165, "novelty": 0.3678895761855755, "diversity": 0.08895648170435128, "efficiency": 0, "cost": 0.678699539613145, "score": 0.2786331425247045}