{"quality": 0.9069308564994569, "novelty": 0.9508535058892917, "diversity": 0.03929472295789441, "efficiency": 0.714925288093118, "cost": 0.5450910982773454, "score": 0.5703812613999721}