{"quality": 0.8567434017447136, "novelty": 0.8331368545710989, "diversity": 0.7139348049675243, "efficiency": 0.0030728691340104752, "cost": 0.54295097002608, "score": 0.5542600285271871}