{"quality": 1, "novelty": 0.6871850160391343, "diversity": 0.528938230454631, "efficiency": 0.6142278380255313, "cost": 0.6995149100724243, "score": 0.5997665847972969}