{"quality": 0.7405597526683818, "novelty": 0.4455498093913104, "diversity": 0.27629821919949393, "efficiency": 0.7616232130565785, "cost": 0.7312703506196292, "score": 0.42993146888476474}