{"quality": 0.7061968023944443, "novelty": 0.9973438523134748, "diversity": 0.0766334047594166, "efficiency": 1, "cost": 0.8311775274416601, "score": 0.5434039320044193}