{"quality": 0.04439054469491613, "novelty": 0.5720373112401071, "diversity": 0.8662496515415805, "efficiency": 0.5690787331559505, "cost": 0.8918333944156229, "score": 0.32575489205864805}