{"quality": 0.2598164042180726, "novelty": 0.3593041321297762, "diversity": 0.03579904388673777, "efficiency": 0.23455704293185198, "cost": 0.6549951388346169, "score": 0.1446148056315295}