{"quality": 0.6116720340947561, "novelty": 0, "diversity": 0.21340403049217388, "efficiency": 0.7085754867422418, "cost": 0.6699196663230673, "score": 0.26547677270589115}