{"quality": 0.22296380950792621, "novelty": 0.3483713604226003, "diversity": 0.9158828067551046, "efficiency": 0, "cost": 0.24399213615193133, "score": 0.31275933069385575}