{"quality": 0.007792126106042907, "novelty": 0.14152770747126736, "diversity": 0.39528498904296083, "efficiency": 0.5284499750944893, "cost": 0.6403097953348489, "score": 0.13201307923891037}