{"quality": 0.33446855257239627, "novelty": 0, "diversity": 0.08355329424635427, "efficiency": 0.8411394159105621, "cost": 0.44132510147078474, "score": 0.19908962686049558}