{"quality": 0.35896901012314797, "novelty": 0.7318884564488195, "diversity": 1.0, "efficiency": 0.0, "cost": 0.061059840438374105}