{"quality": 0, "novelty": 0.48596015211094373, "diversity": 0.9037863773272703, "efficiency": 0.4696509863136207, "cost": 0, "score": 0.3726949614402331}