{"quality": 0.14304026978794795, "novelty": 0.173144863671363, "diversity": 0.24923552564103202, "efficiency": 0.9732407040401055, "cost": 1, "score": 0.18203150758844736}