{"quality": 0.24703392218425957, "novelty": 0.12795861970306313, "diversity": 0.2448227700387107, "efficiency": 0.7348008975633746, "cost": 0.8332408717600085, "score": 0.1819604330472911}