{"quality": 0.655207749480082, "novelty": 0.4277298503541811, "diversity": 0.30317092272369406, "efficiency": 0.8768724210641161, "cost": 0.12502602164328352, "score": 0.48315723297259766}