{"quality": 0.426912030366096, "novelty": 0.01728169947203609, "diversity": 0.10021152160922137, "efficiency": 0.9906036354667949, "cost": 0.7444602684129341, "score": 0.2265808567784079}