{"quality": 0.41680911921284614, "novelty": 0.657845725772755, "diversity": 0.4851858093242356, "efficiency": 0.2991018127345408, "cost": 0.02254920171508279, "score": 0.42915168081056254}