{"quality": 1, "novelty": 0.24334302037548225, "diversity": 0.5162136251450685, "efficiency": 0.4680241810898374, "cost": 0.9897818130913225, "score": 0.43530392597722767}