{"quality": 0, "novelty": 0.9464792953144281, "diversity": 0.08240851193261203, "efficiency": 0.5343389071992732, "cost": 0.4764591625330363, "score": 0.2856064460417168}