{"quality": 1, "novelty": 0.887211878161601, "diversity": 0.3075611076562869, "efficiency": 0.5918095873825047, "cost": 0.5227951308997782, "score": 0.6198071160890555}