{"quality": 0.9314961912709256, "novelty": 0.7391264902160809, "diversity": 0.9011531993587439, "efficiency": 0.06509250074043141, "cost": 0.80925082167092, "score": 0.5732999127510193}