{"quality": 0.36447557738167585, "novelty": 0.7723327539801172, "diversity": 0.5343128877602727, "efficiency": 0.8197842915886462, "cost": 0.1504948577318833, "score": 0.5172065972266953}