{"quality": 0.5285285680564775, "novelty": 0.7745858051419011, "diversity": 0.36236472537614095, "efficiency": 0.8913462683084167, "cost": 0.6264183921681528, "score": 0.4957380678070939}