{"quality": 0.2085593263288656, "novelty": 0.13516940650794496, "diversity": 0.35078833558991873, "efficiency": 0, "cost": 0.15235364420488276, "score": 0.15128245222314138}