{"quality": 0.7217255103781904, "novelty": 0.41436958019190473, "diversity": 0.7549326607976927, "efficiency": 0.7097229725119903, "cost": 0.3931355322495003, "score": 0.5382414729728204}