{"quality": 0.305900232401307, "novelty": 0.41062169240120006, "diversity": 0.16396678139810705, "efficiency": 0.757883536222299, "cost": 0.09482606262646698, "score": 0.33141877327101166}