{"quality": 1.0, "novelty": 0.8300903538966085, "diversity": 0.5856824853117854, "efficiency": 0.08327557516130399, "cost": 0.8386522224179218}