{"quality": 0.059248411792721, "novelty": 0.6778867033902144, "diversity": 0.01978612238800609, "efficiency": 0, "cost": 0.8063981602964432, "score": 0.1105636078333268}