{"quality": 0.14721895087366332, "novelty": 0.7069262118533474, "diversity": 0.11074003499096174, "efficiency": 0.20598512966964394, "cost": 0.7704867458521012, "score": 0.19689434008886464}