{"quality": 0.1610935513545581, "novelty": 0, "diversity": 1, "efficiency": 0.15309317175526166, "cost": 0.36556373505070466, "score": 0.2347356676645862}