{"quality": 0.6044532849536891, "novelty": 0.6879568131698006, "diversity": 0.4842196950488528, "efficiency": 0.22839678029112906, "cost": 0.3561113586811475, "score": 0.44881750896388206}