{"quality": 0.04131988796906408, "novelty": 1, "diversity": 0.9894773083894732, "efficiency": 0.4909694520725883, "cost": 0.846416829940527, "score": 0.44929516288544946}