{"quality": 0.8840698150215088, "novelty": 0.9945128320879604, "diversity": 0.6217647337497476, "efficiency": 0.435333094892839, "cost": 0.9353039346377561, "score": 0.6099716700485425}