{"quality": 0.8155799986496839, "novelty": 0, "diversity": 0, "efficiency": 0.6007680307240714, "cost": 0.6147191461822364, "score": 0.2733172895852922}