{"quality": 0.8822080886313712, "novelty": 0.7566178336530834, "diversity": 1, "efficiency": 0.5752598726714354, "cost": 0.1325090261645319, "score": 0.7268549632869443}