{"quality": 0, "novelty": 0.2241116552130052, "diversity": 0.9107740161972828, "efficiency": 0.3233807552663986, "cost": 0.18490328056400668, "score": 0.268199502276267}