{"quality": 0.29471989227523493, "novelty": 0.5947422384395233, "diversity": 1, "efficiency": 0.29001006707195315, "cost": 0.7811102806913333, "score": 0.40249200928411094}