{"quality": 0.16630221082015434, "novelty": 0.8511547505190974, "diversity": 1, "efficiency": 0.0238735236120165, "cost": 0.2748416925266656, "score": 0.4387762101649566}