{"quality": 0.13107891508103742, "novelty": 0.5420480812427646, "diversity": 0.6625722191867373, "efficiency": 0.42548352715045173, "cost": 0, "score": 0.3711726677449176}