{"quality": 0.2689807976145163, "novelty": 0.06041039377502433, "diversity": 0.7828909382628941, "efficiency": 0.9150974168556048, "cost": 0.21846345157268354, "score": 0.36779329275176215}