{"quality": 0.6293011969859449, "novelty": 0.48355294216961753, "diversity": 0.19459747457678475, "efficiency": 0.736520035376328, "cost": 1, "score": 0.3590760948599939}