{"quality": 0.023768290886182375, "novelty": 0.25529510927161725, "diversity": 0.8436389752821066, "efficiency": 0.8851284018694869, "cost": 0.29526998287634804, "score": 0.3429243216329686}