{"quality": 0.6236549823611376, "novelty": 0.15320669212545043, "diversity": 0.3402586030305737, "efficiency": 0.05981045266883071, "cost": 0.5401246270279985, "score": 0.2484089935433434}