{"quality": 0.8293761017747174, "novelty": 0.6025875259239, "diversity": 0.805909735606066, "efficiency": 0.40757575541434027, "cost": 0.7873750148608449, "score": 0.5430405209606699}