{"quality": 0.7523277955859407, "novelty": 0.3325096928491663, "diversity": 0.3611084917299681, "efficiency": 0, "cost": 0.7409375403243077, "score": 0.3069537062016366}