{"quality": 0.5452447336464744, "novelty": 0.7636835433285203, "diversity": 0.11868632621471176, "efficiency": 0.4981847313680878, "cost": 0.7940275860094143, "score": 0.37355652227328645}