{"quality": 0.033060959183978084, "novelty": 0.7887056991251674, "diversity": 0.17182098677745833, "efficiency": 0.1574019111509759, "cost": 0.2287230665859694, "score": 0.24219688990602642}