{"quality": 0.6009738068725892, "novelty": 0.8225923228827492, "diversity": 0.9020425094173464, "efficiency": 0.4752889536940018, "cost": 1.0}