{"quality": 0.11761595229886046, "novelty": 0.6795522927680515, "diversity": 0.27525828857069035, "efficiency": 0.49583081563509857, "cost": 0.09743427960074341, "score": 0.3248557109809995}