{"quality": 0.2655869035484244, "novelty": 0.8880873892228468, "diversity": 0.00756446354979512, "efficiency": 1, "cost": 0.05495845385302346, "score": 0.44771496569489566}