{"quality": 0.578663567197049, "novelty": 0.8811290829625216, "diversity": 0.11437634329436158, "efficiency": 0.11702381276425727, "cost": 0.09560400262691007, "score": 0.424749781210565}