{"quality": 0, "novelty": 0.46522842017147764, "diversity": 0.1929536590559146, "efficiency": 0.5182068185273678, "cost": 0.10821824605464403, "score": 0.22180703502769308}