{"quality": 0.64392997622972, "novelty": 0.808901478084214, "diversity": 0.9120683174857501, "efficiency": 0.13808414762542598, "cost": 0.33922355675546273}