{"quality": 0.3226008075536689, "novelty": 0.6008917848961217, "diversity": 0.3927119794227365, "efficiency": 0.4163883775066225, "cost": 0.3768572939191366, "score": 0.3503181116087581}