{"quality": 0.777590585919511, "novelty": 0.6008629996094388, "diversity": 0.5476867832093941, "efficiency": 1.0, "cost": 0.510567907512308}