{"quality": 0, "novelty": 0.03959028465653075, "diversity": 0.5174193960618214, "efficiency": 0.579585463541415, "cost": 0, "score": 0.20031926990770924}