{"quality": 0.6383077692169117, "novelty": 0.4151446666727115, "diversity": 0.8322074991355465, "efficiency": 0.5354959828956724, "cost": 0.6603226906234565, "score": 0.4760121256323659}