{"quality": 0.531250764789722, "novelty": 0.9717203745499297, "diversity": 0, "efficiency": 0.6804158055924838, "cost": 0.4220463867845343, "score": 0.4621630552348182}