{"quality": 0.9764558656661491, "novelty": 0.7404727094448134, "diversity": 0.8040787695759155, "efficiency": 0.87841509304568, "cost": 0.6280071056635184, "score": 0.7078322443667313}