{"quality": 0.310238598205217, "novelty": 0.8139816438475382, "diversity": 0.4833956728809968, "efficiency": 0.6310882141923659, "cost": 0.2866773801507622, "score": 0.4592416191134277}