{"quality": 0.9494320471710965, "novelty": 0.40220659075308857, "diversity": 0.3132499029518326, "efficiency": 0.26215567186382993, "cost": 0.8441011538071685, "score": 0.40294447782882525}