{"quality": 0, "novelty": 0.922034234757241, "diversity": 0.8326865100786628, "efficiency": 0.1839970557195364, "cost": 0.6483685664299386, "score": 0.3598085624199794}