{"quality": 0.2782922517662044, "novelty": 0.7838260002241808, "diversity": 1, "efficiency": 0.5066364468943481, "cost": 0, "score": 0.5554396426200587}