{"quality": 0.5787509499485433, "novelty": 0.6759413723395816, "diversity": 0, "efficiency": 0, "cost": 0.8678309283092777, "score": 0.25582753523853063}