{"quality": 0.6248363251678655, "novelty": 0.6326041212488338, "diversity": 0.3897228594090727, "efficiency": 0.3664832792356949, "cost": 0.13139336240719676, "score": 0.46537965538901716}