{"quality": 0.8329645962927831, "novelty": 0.9876399211116802, "diversity": 0.3911773814528807, "efficiency": 0.13074955133151317, "cost": 0.5872122569532959}