{"quality": 0.7047716692698539, "novelty": 0.490440548779082, "diversity": 0.21874246796774807, "efficiency": 0.5398593654168169, "cost": 0, "score": 0.4587690363817988}