{"quality": 0, "novelty": 0.9870553201232093, "diversity": 0.7460631873256289, "efficiency": 1, "cost": 0.2847275419505175, "score": 0.5175037133008763}