{"quality": 0.26061490006165167, "novelty": 0.4658794638107339, "diversity": 0.08765336862252854, "efficiency": 0.5903886531993899, "cost": 0.14259615062936112, "score": 0.28648369261265705}