{"quality": 0.7232114107992791, "novelty": 0.1367444835878657, "diversity": 0.20766171200125305, "efficiency": 0.05816479988456774, "cost": 0.04237728269214808, "score": 0.29716887825047106}