{"quality": 0, "novelty": 0.31760954421885945, "diversity": 0.42995177114859995, "efficiency": 0.1051684756183679, "cost": 0.16198768289571455, "score": 0.1649692433376186}