{"quality": 0.8437777423614042, "novelty": 0.8556558128009903, "diversity": 0.08316418124914113, "efficiency": 0, "cost": 0.123828437296639, "score": 0.4712972684288331}