{"quality": 0.9313984252340262, "novelty": 0.4944746306384428, "diversity": 0.26637158455541315, "efficiency": 0.5382134037857095, "cost": 0, "score": 0.5370445127087576}