{"quality": 0.7116839912989168, "novelty": 0.5728777932482314, "diversity": 0.46346259887914404, "efficiency": 0.36687288342681135, "cost": 0.445835528329528, "score": 0.4598645451586306}