{"quality": 0.4213179994574667, "novelty": 0.716904205457234, "diversity": 0.9676094754320894, "efficiency": 0.46248032685507373, "cost": 0.32617625454355464, "score": 0.535897769861872}