{"quality": 0.47610064463206453, "novelty": 0.38430007037703834, "diversity": 0.32211513120230983, "efficiency": 0.7461520476321201, "cost": 0.5562106362774161, "score": 0.35962998074141733}