{"quality": 0.8552075516536717, "novelty": 0.8548058555190976, "diversity": 0.1584673815631873, "efficiency": 0.6080812043981927, "cost": 0.5889542897669731, "score": 0.5342739573715449}