{"quality": 0.8897429704929691, "novelty": 0.302704038314728, "diversity": 0.19540427730113613, "efficiency": 0.38262624648919, "cost": 1, "score": 0.33907369316017844}