{"quality": 0.00752137817412224, "novelty": 0.05932198208014636, "diversity": 0.0063337819692253355, "efficiency": 0.6141533902318526, "cost": 1, "score": 0.01047667390089621}