{"quality": 0.08740657933465402, "novelty": 0.8935850082054706, "diversity": 0.6591284581800683, "efficiency": 0.12305498255282718, "cost": 0.6280349334533566, "score": 0.3370986715253659}