{"quality": 0.19304016695679485, "novelty": 0.45043522343202824, "diversity": 0.6318138832145099, "efficiency": 0.37925565817028506, "cost": 0.9127205295467111, "score": 0.26249992835881913}