{"quality": 0.7318193919202134, "novelty": 0.5824978675432346, "diversity": 0.729973671236682, "efficiency": 0.6547729122617223, "cost": 0.1383102295910806, "score": 0.5955499325893593}