{"quality": 0.10156672095259076, "novelty": 0, "diversity": 0.13859081919634073, "efficiency": 0.3584949164885177, "cost": 0.16480768303427346, "score": 0.09548164929489568}