{"quality": 0.6139546509032915, "novelty": 0.012555949625378593, "diversity": 0.20148797790004175, "efficiency": 1, "cost": 0.530287610344913, "score": 0.3245942172228491}