{"quality": 0.7340901994255402, "novelty": 0.36464621807025177, "diversity": 1, "efficiency": 0.14725017242316693, "cost": 1, "score": 0.4334761402087002}