{"quality": 1, "novelty": 0.23006652950233303, "diversity": 0.8049920028197608, "efficiency": 0.5333079222911682, "cost": 0.3077497585301041, "score": 0.5677362454302003}