{"quality": 0.6183693547303437, "novelty": 0.08558245680844767, "diversity": 0.8357068604816629, "efficiency": 0.9060863844392754, "cost": 0.9567219232905451, "score": 0.4142885580543844}