{"quality": 0.13729532721302362, "novelty": 0.6120851825510761, "diversity": 0.07121300407853803, "efficiency": 0.586970339705041, "cost": 1, "score": 0.19649804557313985}