{"quality": 0.4721119093000383, "novelty": 0.3105956936543759, "diversity": 0.4551140319607923, "efficiency": 0, "cost": 0.9210463842049881, "score": 0.21820066417526512}