{"quality": 0.565733043055707, "novelty": 0.11938308340833137, "diversity": 0.1802765373531683, "efficiency": 0.27915600086257064, "cost": 0.10366873687768202, "score": 0.26712751768104603}