{"quality": 0.06592570667847954, "novelty": 0.3288225693354981, "diversity": 0.7423521652221449, "efficiency": 0.6327845645345432, "cost": 0.9982059282617102, "score": 0.24555087923585783}