{"quality": 0.004580542589744718, "novelty": 1, "diversity": 0, "efficiency": 0.027827814665469047, "cost": 0.008457897649371826, "score": 0.2547025452118066}