{"quality": 0.7801929664249807, "novelty": 0.38623701242018815, "diversity": 0.18260037429479964, "efficiency": 0.416601793107695, "cost": 0.6547819155810876, "score": 0.36414929529954665}