{"quality": 0.8022502332507344, "novelty": 0.6213203803861128, "diversity": 0.6956486640488923, "efficiency": 0, "cost": 0.41131602399385364, "score": 0.49400329548214167}