{"quality": 0.8743924203844355, "novelty": 0, "diversity": 0.34746492156973907, "efficiency": 0.609907121141547, "cost": 0.17422563552885614, "score": 0.4058742150476249}