{"quality": 0.8717986698135325, "novelty": 0.819379730400656, "diversity": 0.1659098206892456, "efficiency": 0.7389158216391762, "cost": 0.16263268671260417, "score": 0.594140602256689}