{"quality": 0.9293097032196042, "novelty": 0.4000757056940242, "diversity": 0.5907484323290485, "efficiency": 0.44049555014044667, "cost": 0.15656481630178953}