{"quality": 0.9658558431369892, "novelty": 0.36694700869288, "diversity": 0.3199602662183807, "efficiency": 0.07401335021188371, "cost": 0.4664166472409763, "score": 0.40994589616567784}