{"quality": 0.9110188579359366, "novelty": 0.8305268075982755, "diversity": 0.19296656962620545, "efficiency": 0.34858536503625753, "cost": 0.7837863873812525, "score": 0.49343983922290435}