{"quality": 0, "novelty": 0.18870603216815035, "diversity": 0.6599053417316106, "efficiency": 0.041725694375023326, "cost": 0.9100824306425722, "score": 0.09440818748035598}