{"quality": 0.6134438842397705, "novelty": 0.42680130557355356, "diversity": 0.13442334332786154, "efficiency": 0.7244882798885054, "cost": 0.5169863781790385, "score": 0.37459276449626383}