{"quality": 0.6284191825998371, "novelty": 0.191289218478566, "diversity": 0.5166650602649934, "efficiency": 0.5822649479512283, "cost": 0.4052895659724066, "score": 0.3864918570480349}