{"quality": 0.8883641502264914, "novelty": 0.8458593967477677, "diversity": 0.25801609858836233, "efficiency": 1, "cost": 0.0518078251088232, "score": 0.6743965314616795}