{"quality": 0.3190201185878838, "novelty": 0.6503634196564488, "diversity": 0.8529980493684926, "efficiency": 0.6037148677580804, "cost": 0.662019811440758, "score": 0.4532517493838121}