{"quality": 0.1868884852967612, "novelty": 0.5944457137627047, "diversity": 0.04169490462797859, "efficiency": 0.20679785191147826, "cost": 0.6765133140073938, "score": 0.1763853013412826}