{"quality": 0.3341518475204489, "novelty": 0.4561127595452331, "diversity": 0.6043882573931472, "efficiency": 0.49453450101453283, "cost": 0.9227693913348551, "score": 0.3170546316397668}