{"quality": 0.5673612305556879, "novelty": 0.12445592919369133, "diversity": 0.5773889367533447, "efficiency": 0.8003572955177449, "cost": 0.8959502265250833, "score": 0.3472587104909515}