{"quality": 0.39721593282570206, "novelty": 0.5741740537051845, "diversity": 0.1898196492273056, "efficiency": 0.8712967488795722, "cost": 0.11021170519423262, "score": 0.42034556493198044}