{"quality": 0.5933511745926212, "novelty": 0.7626576308320964, "diversity": 0.35974884655650224, "efficiency": 1, "cost": 0.37324251332206704, "score": 0.5532952780649042}