{"quality": 0.504455856466123, "novelty": 0.00565640071644366, "diversity": 0.4136652052378318, "efficiency": 1, "cost": 0.36586584348076784, "score": 0.3488973138184374}