{"quality": 0.8761311157823983, "novelty": 0.36069826243971165, "diversity": 0.6433146567386159, "efficiency": 0.47988851663582155, "cost": 0.8445981322714464, "score": 0.46920029596059926}