{"quality": 0.8224217267417964, "novelty": 0.31769425200490364, "diversity": 0.5062942329614415, "efficiency": 0.8808279596477785, "cost": 0.25118496967696025, "score": 0.5344146245955239}