{"quality": 0.9136920884076072, "novelty": 0, "diversity": 0.5478891042872618, "efficiency": 1, "cost": 0.1278807608276939, "score": 0.5208973712969651}