{"quality": 0.20831802708557356, "novelty": 0.7746619022097111, "diversity": 0.3497263794220292, "efficiency": 0.3936770369614165, "cost": 0.3293892130244947, "score": 0.35221879380426874}