{"quality": 0.6454488470623562, "novelty": 1, "diversity": 1, "efficiency": 1, "cost": 0.8066763409564265, "score": 0.7129670200230642}