{"quality": 0.2078670608449254, "novelty": 0.48434517010574224, "diversity": 0.4386512155829372, "efficiency": 0.7341493072384746, "cost": 1, "score": 0.28129904998227184}