{"quality": 0.31039711528673675, "novelty": 0.6386984802537171, "diversity": 0.33801556156433715, "efficiency": 0.717600360480127, "cost": 0.996156415202158, "score": 0.328421279514121}