{"quality": 0.9523613227467904, "novelty": 0.43323642789852135, "diversity": 0.13099005251223655, "efficiency": 0.46321711296618584, "cost": 0.3455084045645734, "score": 0.45514724078958524}