{"quality": 0.1049314731843543, "novelty": 0.9173791467823071, "diversity": 0.4493913913880559, "efficiency": 0.6463647490112595, "cost": 0.8659694957150441, "score": 0.36106026970867877}