{"quality": 0.899620338410225, "novelty": 0.3391790675820059, "diversity": 0.269042189282111, "efficiency": 0.6180308761527766, "cost": 1, "score": 0.4011939376979077}