{"quality": 0.3085808568811532, "novelty": 0.5084288172970071, "diversity": 0.3766880305677748, "efficiency": 0.7306855117996649, "cost": 0.3522236141252144, "score": 0.36939953285958094}