{"quality": 0.4181237957006523, "novelty": 0.24863534939527837, "diversity": 0.8837513051261154, "efficiency": 0, "cost": 0.9144525946556176, "score": 0.27290097761867665}