{"quality": 0.7335521587346148, "novelty": 0, "diversity": 0.5299203000242483, "efficiency": 0.5827826317119438, "cost": 0, "score": 0.41346710238202566}