{"quality": 0.2796382540336352, "novelty": 0.33849305467309126, "diversity": 0.9148525653031548, "efficiency": 0.9294675639593906, "cost": 0.7341256730015802, "score": 0.4174928202327449}