{"quality": 0.3930999308071284, "novelty": 0.7916514817432385, "diversity": 0.8419831394869783, "efficiency": 0.5852531378100934, "cost": 0.13585294367485207, "score": 0.5584421538793727}