{"quality": 0.7643130452501116, "novelty": 0.6942294736816848, "diversity": 0.9130142935824853, "efficiency": 0.9336387300464998, "cost": 0.9326606778059987, "score": 0.6322338824383268}