{"quality": 0.9152988397797852, "novelty": 0.5102682903119717, "diversity": 0.620182304384269, "efficiency": 0.5577025573081766, "cost": 0, "score": 0.6098485689850087}