{"quality": 0.9163566047245173, "novelty": 0.8868539330272802, "diversity": 0.4200211290879169, "efficiency": 0.3476026048747714, "cost": 0.8831602781795496, "score": 0.5444490534050194}