{"quality": 1, "novelty": 0.2566421771142645, "diversity": 0.3401865953384908, "efficiency": 0.24009031573157757, "cost": 0.7135230571570169, "score": 0.3968591049902992}