{"quality": 1, "novelty": 0.025529638406964067, "diversity": 0.6536710643118158, "efficiency": 0.47781894556520266, "cost": 0.30914916927302977, "score": 0.47787454737158164}