{"quality": 0, "novelty": 0.4425547263181449, "diversity": 0.011020882382411112, "efficiency": 0.4431247509620619, "cost": 0.12564708032055577, "score": 0.16674686266827213}