{"quality": 0.22640565110608402, "novelty": 1, "diversity": 0.4346006270988258, "efficiency": 0.24353587215746547, "cost": 0.3977061170560588, "score": 0.4016015898696043}