{"quality": 0, "novelty": 0.3997386353446543, "diversity": 0.47880494853930605, "efficiency": 0.743448815823711, "cost": 0.15100386035168814, "score": 0.2921125848824126}