{"quality": 0.6458650611548254, "novelty": 0.2858647279908595, "diversity": 0.04622041078444941, "efficiency": 0.42592842426847927, "cost": 0.48917229106870525, "score": 0.28944181703445376}