{"quality": 0.36076771130178337, "novelty": 0.10111355940059283, "diversity": 0, "efficiency": 0.554065353268276, "cost": 0.2726841703985308, "score": 0.18935008919107152}