{"quality": 0.9336787130787736, "novelty": 0.5794043101528029, "diversity": 0.6464267902281235, "efficiency": 0.39002802458878594, "cost": 0.9417920321280653, "score": 0.5185650499829688}