{"quality": 0.5451510000557619, "novelty": 0.7185858264504784, "diversity": 0.06809470979435442, "efficiency": 0.9790394720843926, "cost": 0.49493368322726305, "score": 0.45417325107815165}