{"quality": 0.8974877477774744, "novelty": 0.7463520616730954, "diversity": 0.8856637324080094, "efficiency": 0.662777021275476, "cost": 0.3269041331620781, "score": 0.6996932261082316}