{"quality": 0, "novelty": 0.026413055699675447, "diversity": 0.7347136560652259, "efficiency": 0.6425431018897538, "cost": 0.7701440839176816, "score": 0.17291305202965895}