{"quality": 0.6772639988115466, "novelty": 0.5437937804459716, "diversity": 0.844327319212369, "efficiency": 0.9101059192954, "cost": 0.8097411417431808, "score": 0.5635348823174227}