{"quality": 0.5083207825860155, "novelty": 0, "diversity": 0.7210578370128232, "efficiency": 0.675842725475754, "cost": 0.3112492635435352, "score": 0.3669592846453789}