{"quality": 0.36843140136373737, "novelty": 0.9719802296425416, "diversity": 0.17652011832439019, "efficiency": 0.788921667832299, "cost": 0.6070898204630244, "score": 0.4464577696131771}