{"quality": 0.48155175558221347, "novelty": 0.6238018427832231, "diversity": 0.703383259154181, "efficiency": 0.3158398605518983, "cost": 0.8293498287609725, "score": 0.40553363540799353}