{"quality": 0.4901785777282319, "novelty": 0.5992156108252642, "diversity": 0, "efficiency": 0.15498533024877692, "cost": 0.37620694655504694, "score": 0.28248458090659745}