{"quality": 0.891664649270706, "novelty": 0.6180809308778445, "diversity": 0.6335997277853824, "efficiency": 0.1057076143634871, "cost": 0.12063821685643504}