{"quality": 0.08478798414148705, "novelty": 0.4959904177665111, "diversity": 0.2197966973618527, "efficiency": 0.74129923893215, "cost": 0.13005053437351755, "score": 0.29158317155891517}