{"quality": 0.09517357456529979, "novelty": 0.6803934527292509, "diversity": 0.9268802105964468, "efficiency": 0.25455160015756084, "cost": 0.6059765824265597, "score": 0.36161155945217016}