{"quality": 0.030611613903941584, "novelty": 0.6201092090445547, "diversity": 0.8273369122730886, "efficiency": 1.0, "cost": 0.7880453440855006}