{"quality": 0.7151674915158737, "novelty": 0.49012187132172935, "diversity": 0, "efficiency": 0.2607860976617877, "cost": 0.329199616854429, "score": 0.3432786682490197}