{"quality": 0.6378384500629024, "novelty": 0.6698564409738395, "diversity": 0.9176526789224697, "efficiency": 0.2985567322106785, "cost": 0.8448642362554468, "score": 0.5026432672528816}