{"quality": 0.1788331528290048, "novelty": 0.4140788711164567, "diversity": 0.5859275358414207, "efficiency": 0.8713746568443229, "cost": 0.6614744409055674, "score": 0.33891392523219144}