{"quality": 0.6874208418465236, "novelty": 0.7800416977443199, "diversity": 0.13472290621419009, "efficiency": 0.7397103464264938, "cost": 0.06263279631233246, "score": 0.5328745305656158}