{"quality": 0.5414059552621469, "novelty": 0.7891424947149173, "diversity": 0.9231493474501635, "efficiency": 0.5564985335108228, "cost": 0.9196164578760027, "score": 0.5358504139864293}