{"quality": 0.7121268298325648, "novelty": 0.3772957025851724, "diversity": 0.017947753841743935, "efficiency": 0.3324401589287119, "cost": 0.7825272762422886, "score": 0.28316482157948925}