{"quality": 0.5355153702072772, "novelty": 0.17935208966433597, "diversity": 0, "efficiency": 0.18404846009058756, "cost": 0.2981697267530139, "score": 0.2032829298165539}