{"quality": 0.7971791343913117, "novelty": 0.7575226119679479, "diversity": 0.48427127877982434, "efficiency": 0.29159406602568, "cost": 0.8940545418169247, "score": 0.4797223047875048}