{"quality": 0.5145975319132425, "novelty": 0.06763602967663382, "diversity": 0.6005997150831599, "efficiency": 0.6473542522438889, "cost": 0.42384415987447144, "score": 0.34612693185889937}