{"quality": 0, "novelty": 0.9033701787795845, "diversity": 0.522205689596593, "efficiency": 0.6870269057165873, "cost": 0.687122740516628, "score": 0.36462544442003997}