{"quality": 0.15408975876871156, "novelty": 0.06426213546055229, "diversity": 0.2517271557513858, "efficiency": 0.7892390515998624, "cost": 0.794478764051441, "score": 0.15157587398086395}