{"quality": 1.0, "novelty": 0.4292848330439698, "diversity": 0.3725518838494653, "efficiency": 0.49971410816082357, "cost": 0.06212008168759149}