{"quality": 0.8911426746498761, "novelty": 0.5436800588346055, "diversity": 0.6433221779305829, "efficiency": 0.7962100160070507, "cost": 0.3301901126681305, "score": 0.6183397438239754}