{"quality": 0.3712211558261416, "novelty": 0.34741961111099545, "diversity": 0.8658414931508441, "efficiency": 0.26810181757158674, "cost": 0.1045851741438974, "score": 0.40114630337710844}