{"quality": 0.1430645109478711, "novelty": 0.5204212187986057, "diversity": 0.6717839828935086, "efficiency": 0.9901467204682899, "cost": 0.9853939759914668, "score": 0.3573640650338113}