{"quality": 0.8489823883918253, "novelty": 0.427521005674799, "diversity": 0.9755218486256502, "efficiency": 0.3416931284472586, "cost": 0.3191881800774957}