{"quality": 0.35347221040765864, "novelty": 0.3149123727145285, "diversity": 0.015373104382967823, "efficiency": 0.4393289163176607, "cost": 0.6075213219800688, "score": 0.1929915824271655}