{"quality": 0.9425792587210603, "novelty": 0.4700145956103268, "diversity": 0.8120971693707448, "efficiency": 0.6797693134067674, "cost": 0.26396270501573577}