{"quality": 0.16559124774800532, "novelty": 0.11568723114916199, "diversity": 1, "efficiency": 0.26795557597532205, "cost": 0.33668299576633676, "score": 0.2851242189313567}