{"quality": 0.8048620620653621, "novelty": 0.6590513749901353, "diversity": 0.5207413116645613, "efficiency": 0.28318459587942774, "cost": 0.05978792147059872, "score": 0.546868621934909}