{"quality": 1, "novelty": 0.582780926933177, "diversity": 0.34256228936564087, "efficiency": 0.5496459054881616, "cost": 0.5081924443905228, "score": 0.5458353309905943}