{"quality": 0.6872061702366985, "novelty": 0.3981460139663353, "diversity": 0.19102833988109857, "efficiency": 0.5225111847736529, "cost": 0.6516803446883768, "score": 0.35711266578602335}