{"quality": 0.027829911924482337, "novelty": 1, "diversity": 0.5794125337358634, "efficiency": 0.69900066262418, "cost": 0.42531023594943373, "score": 0.43655055612320104}