{"quality": 0.49369083473767494, "novelty": 0.0881795729195072, "diversity": 0.5888091246711286, "efficiency": 0.24872926058146977, "cost": 0.8465324163232171, "score": 0.24057011604030373}