{"quality": 0.10447489584129854, "novelty": 0.40969288582283914, "diversity": 1, "efficiency": 0.6535217542458652, "cost": 0.013550570470103357, "score": 0.4304388962979688}