{"quality": 0.47047128928964244, "novelty": 0.32038881005792386, "diversity": 0.06612867268065575, "efficiency": 0.6446407794346454, "cost": 0.27243777608213887, "score": 0.3039166631444878}