{"quality": 0.968437746475631, "novelty": 0.2264677322913806, "diversity": 0.8757491165417512, "efficiency": 0.6848357503491835, "cost": 0.7312918495663786, "score": 0.5518942579196243}