{"quality": 0.12441253133044672, "novelty": 0.28114306852828924, "diversity": 0.5128499880222586, "efficiency": 0.5407170902421183, "cost": 0.8343277190308742, "score": 0.20785431576888838}