{"quality": 0.6883475137235747, "novelty": 0.20676256743117888, "diversity": 0.6180624988864679, "efficiency": 0.06278294497847875, "cost": 0.2858228601922943, "score": 0.36264255147970315}