{"quality": 0.20657774916895782, "novelty": 0.720418582299802, "diversity": 0.5273782653234258, "efficiency": 0.07844632485354006, "cost": 0.8070329181697, "score": 0.27861728030138405}