{"quality": 0.28580518610276434, "novelty": 0.4326038573392681, "diversity": 0.2777695366060894, "efficiency": 0.9622200019566576, "cost": 0.14110065796320154, "score": 0.37966936198404266}