{"quality": 0.3580229792389744, "novelty": 0.7151591714559586, "diversity": 0.4073047384627264, "efficiency": 0.10943390163904537, "cost": 0.44443449754228914, "score": 0.3396292698198552}