{"quality": 1, "novelty": 0.3737853337582849, "diversity": 0.6096356304540079, "efficiency": 0.6101935386709257, "cost": 0.3874547817357594, "score": 0.5681570121574356}