{"quality": 0.9522765843424484, "novelty": 0.6786996664043039, "diversity": 0.8020963853664679, "efficiency": 1, "cost": 0.7460750464579545, "score": 0.6911696643313087}