{"quality": 0.38207102819670286, "novelty": 0.21069471811515045, "diversity": 0.2625978171673689, "efficiency": 0.23390877998979204, "cost": 0.7605166608990936, "score": 0.17884920232983165}