{"quality": 0.41007612995059994, "novelty": 0.43651851334422864, "diversity": 0.45231360102250007, "efficiency": 0.20088838217317717, "cost": 0.221561856175435, "score": 0.33059225923417024}