{"quality": 0.9973544156997448, "novelty": 0.3536818883458014, "diversity": 0.27292637346173676, "efficiency": 0.05253502857881304, "cost": 0.14357575325662925, "score": 0.4357347504498802}