{"quality": 0.9607626089479098, "novelty": 0.5782292646113022, "diversity": 0.9339668705727724, "efficiency": 0.584997678107793, "cost": 0.2230877222642611, "score": 0.6850203524414958}