{"quality": 0.07336915528465321, "novelty": 0.12284048058090263, "diversity": 0.21651585135675738, "efficiency": 0.2703066044887594, "cost": 0.0024591249138654625, "score": 0.13632411518390045}