{"quality": 0.22758838060887296, "novelty": 0.9519739780146552, "diversity": 1, "efficiency": 0.5876664847393306, "cost": 0.07919930170467063, "score": 0.5865000512267582}