{"quality": 0.5342788407112745, "novelty": 0.916528713283709, "diversity": 0.47497737197954654, "efficiency": 0.4688196073382068, "cost": 0.5323678334394829}