{"quality": 0.5224884948939974, "novelty": 0.5828385091583949, "diversity": 0.8944262288186061, "efficiency": 0.310865162957839, "cost": 0.018768326832942064}