{"quality": 0.9639813324487867, "novelty": 0.6427615163066245, "diversity": 0.6278077528389353, "efficiency": 0.5664638526119606, "cost": 0.11975261261943218}