{"quality": 1, "novelty": 1, "diversity": 0.059823949737485616, "efficiency": 0.059012654227235894, "cost": 0.33812679532372386, "score": 0.5370040085492102}