{"quality": 0.560180421410541, "novelty": 0.15250158774132266, "diversity": 0.477948950464296, "efficiency": 0.7533642935996173, "cost": 0.25563357527169606, "score": 0.38921059996412516}