{"quality": 1, "novelty": 0.9523482583023319, "diversity": 0.862889437742621, "efficiency": 1, "cost": 0.8494749550174656, "score": 0.7757174566223606}