{"quality": 0.29474702464945335, "novelty": 0.20970259827910312, "diversity": 0.6994837883775199, "efficiency": 0.08128776085264897, "cost": 0.6305420261647575, "score": 0.22988547615153737}