{"quality": 0.9148411126695273, "novelty": 0.28485474748337136, "diversity": 0.7659837267890824, "efficiency": 0.4637371152061067, "cost": 0.10167660106488333}