{"quality": 0, "novelty": 0.06663441252521521, "diversity": 0.6902827447422005, "efficiency": 0.9002097465156711, "cost": 0.9968692093725261, "score": 0.19005969311984194}