{"quality": 0.2609917671195627, "novelty": 0.6854846057749815, "diversity": 0.1821357625723992, "efficiency": 0.8033560098029806, "cost": 0.15450945320613932, "score": 0.39114829024392717}