{"quality": 0.5884026803330237, "novelty": 0.3972297999894195, "diversity": 0, "efficiency": 0.9429626858500393, "cost": 0.2830832660549624, "score": 0.38896433036927164}