{"quality": 0.2288755227266026, "novelty": 0.6944210323585248, "diversity": 0.4827520656034787, "efficiency": 0.9237959989615451, "cost": 0.6383618088746974, "score": 0.41355154698506974}