{"quality": 0.8637438758552459, "novelty": 0.8893219255724893, "diversity": 0.21676064328279326, "efficiency": 1, "cost": 0.1428829563403062, "score": 0.6605174771722241}