{"quality": 0.15675189786058746, "novelty": 1, "diversity": 1, "efficiency": 0, "cost": 0.20350537495490106, "score": 0.47667503186268617}