{"quality": 0.16818218839498095, "novelty": 0.7626887172941574, "diversity": 0.27319372958059995, "efficiency": 0.8359111738834878, "cost": 0.8392744756670456, "score": 0.3372248102739722}