{"quality": 0, "novelty": 0, "diversity": 1, "efficiency": 0.5652733083973127, "cost": 0.7857719398442727, "score": 0.20621380227516964}