{"quality": 1, "novelty": 0.3545520590914567, "diversity": 0.09786313336337504, "efficiency": 0.18624496401222349, "cost": 0.760901757375099, "score": 0.3600572103098628}