{"quality": 0.824895895120104, "novelty": 0.567451053934108, "diversity": 0.07269475467632004, "efficiency": 0.8765736946462784, "cost": 0.35109622816333025}