{"quality": 0.38533817030353096, "novelty": 0.5312369650942128, "diversity": 0.40395806673054513, "efficiency": 0.32248251592752586, "cost": 0, "score": 0.3775746830998504}