{"quality": 0.3021548659725334, "novelty": 0.0916960828004042, "diversity": 0.9461286962514674, "efficiency": 0.5707258350651423, "cost": 0.0102888552447013, "score": 0.3873762094774558}