{"quality": 0.8533416773211755, "novelty": 0.5344209866975033, "diversity": 0.3470847294158746, "efficiency": 0.3342195090114555, "cost": 0.8134717807439987, "score": 0.42781044403122176}