{"quality": 0, "novelty": 0.3674382860140796, "diversity": 0.15906916342638697, "efficiency": 0.21208881473464386, "cost": 0.2913025079348238, "score": 0.1263564756055115}