{"quality": 0.516228401361696, "novelty": 0.37454175995073724, "diversity": 0.19656076395498823, "efficiency": 0.7848173440757606, "cost": 0.21269905299361586, "score": 0.3842688094991933}