{"quality": 0.1441408969787186, "novelty": 0.15201505190696776, "diversity": 0.6414132791668725, "efficiency": 0.7946302397448006, "cost": 0.6238800302203954, "score": 0.26633522084341255}