{"quality": 0.20127124534955615, "novelty": 0.24840298594315988, "diversity": 0.6801128543897786, "efficiency": 0.7165173686214479, "cost": 0.9233846276962892, "score": 0.27364383349220084}