{"quality": 0.6039833676639026, "novelty": 0, "diversity": 1, "efficiency": 0.5116514831023322, "cost": 0.9572528472235444, "score": 0.36221744804216616}