{"quality": 0.2081238739977614, "novelty": 0.5250279410003419, "diversity": 1, "efficiency": 0.7081395470298529, "cost": 0.6459157535978712, "score": 0.4353235041441047}