{"quality": 1, "novelty": 0.7966393315165176, "diversity": 0.5488714748232235, "efficiency": 0.7109411213250705, "cost": 1, "score": 0.6155752960425347}