{"quality": 0.1094949140217405, "novelty": 1, "diversity": 0, "efficiency": 0.4483012787665416, "cost": 0.49687707895166544, "score": 0.30040595812633686}