{"quality": 0.25242922087612735, "novelty": 0.7257336816027192, "diversity": 0.20858725151105323, "efficiency": 0.5589069256571919, "cost": 0.4111523605624636, "score": 0.341600439758061}