{"quality": 0.4096130887246012, "novelty": 0.6989332255017926, "diversity": 0.44486297928052376, "efficiency": 0.8947066592247207, "cost": 0.7679847308336454, "score": 0.4439973546492768}