{"quality": 0.04397788996305797, "novelty": 1, "diversity": 0.8320753253784906, "efficiency": 0.8550531902112799, "cost": 0.1305425122970754, "score": 0.5448121593666}