{"quality": 0.3886572701793226, "novelty": 0.6575250488120068, "diversity": 0.2688540032726143, "efficiency": 0.790835974355401, "cost": 0.6392980960822785, "score": 0.3894448304564036}