{"quality": 0.7725094235900766, "novelty": 0.8413461771355433, "diversity": 0.33518054870013625, "efficiency": 0.4985110195427159, "cost": 0.3361884629107423, "score": 0.5502832877412691}