{"quality": 1, "novelty": 0.5780945522090517, "diversity": 0, "efficiency": 0.988736334987403, "cost": 0.11701079317034402, "score": 0.5811330089833389}