{"quality": 0.5834262960501897, "novelty": 0, "diversity": 0.7025793731880655, "efficiency": 0.2781670673998637, "cost": 0.6439538199615041, "score": 0.29287344156649914}