{"quality": 0.97371598884445, "novelty": 0.4859238054932824, "diversity": 0.7916145025481479, "efficiency": 0.3879420442318232, "cost": 0.43016780460543147}