{"quality": 0.7419487747449997, "novelty": 0.31477359462247134, "diversity": 0.09664828396358874, "efficiency": 0.3347973314558686, "cost": 0.32326790392957483, "score": 0.3385004971972583}