{"quality": 0.5089380869080218, "novelty": 0.2959983150734439, "diversity": 0.5207079732008402, "efficiency": 0.6633281729232342, "cost": 0, "score": 0.43032182541942066}