{"quality": 0.40956554049912147, "novelty": 1, "diversity": 0.31847620012926803, "efficiency": 0.5866690485291219, "cost": 0.954940127423737, "score": 0.4290712467125847}