{"quality": 0.1080436748446946, "novelty": 0.04768056170280388, "diversity": 0.4457437012308469, "efficiency": 0.14154757982258553, "cost": 0.16976191202716934, "score": 0.13773792889594963}