{"quality": 0.25647499699518195, "novelty": 0.23373020239736833, "diversity": 0.6122233544586062, "efficiency": 0.28360981280602393, "cost": 0.7681865957413212, "score": 0.22354253293638932}