{"quality": 0.6999625711523689, "novelty": 0.7633627748056729, "diversity": 0.25408553436386455, "efficiency": 0.46926375766727624, "cost": 0.9725934172936661, "score": 0.42477679384062667}