{"quality": 0.9927578430796182, "novelty": 0.8655063490693793, "diversity": 0.31171232967812557, "efficiency": 0.4076401899666798, "cost": 0.6896975448902727, "score": 0.56872268013283}