{"quality": 0.3102330204136603, "novelty": 0.48243795386259325, "diversity": 0.6470654843035626, "efficiency": 0.31550941807926597, "cost": 0.31509899204553227, "score": 0.3589090049577956}