{"quality": 0.4211170588479865, "novelty": 0.11016255923875581, "diversity": 0.5272633431192262, "efficiency": 0.7840619604462156, "cost": 0.908985541215666, "score": 0.2860391660332959}