{"quality": 0, "novelty": 0, "diversity": 0.43525794125765876, "efficiency": 0.49640243957382335, "cost": 0.5416188650071152, "score": 0.10735006768689373}