{"quality": 0.7828778969335444, "novelty": 0.5106165568461056, "diversity": 0.4980698415428478, "efficiency": 0.5635245019230042, "cost": 0, "score": 0.5466601518886098}