{"quality": 0, "novelty": 0.5267580159037919, "diversity": 0.2751695762606719, "efficiency": 0.11595022914852848, "cost": 0.5778485264472496, "score": 0.14633110095563667}