{"quality": 0.20257881454954044, "novelty": 0.4229660173162514, "diversity": 0.5545186443189495, "efficiency": 0.5365223351231235, "cost": 0.11182728040997453, "score": 0.3467144997851859}