{"quality": 0.2447429681108368, "novelty": 0.2098844183917748, "diversity": 0, "efficiency": 0.7977959129495316, "cost": 0.5274200365699014, "score": 0.19282137831663435}