{"quality": 0.4856481875464759, "novelty": 0.1291030741470701, "diversity": 0.967347612900614, "efficiency": 0.7863521903333639, "cost": 0.702615178574117, "score": 0.41913105807342593}