{"quality": 0.6236499630317047, "novelty": 0.9382426765960763, "diversity": 0.9394357651606735, "efficiency": 0.48590359060048405, "cost": 0.9580130129132384}