{"quality": 0.6125963036170337, "novelty": 0.16784543412170183, "diversity": 0.1679327772794198, "efficiency": 0.7537012698487047, "cost": 0.12412012281128484, "score": 0.3599699832675967}