{"quality": 0.3290884842674164, "novelty": 0.9413667714028864, "diversity": 0.22359119235873098, "efficiency": 0.5107716588184406, "cost": 0.2730631240962536, "score": 0.4280959130158334}