{"quality": 0.6427982455900041, "novelty": 0.33224200929554265, "diversity": 0.14413463162912452, "efficiency": 1.0, "cost": 0.02494601178640521}