{"quality": 0.6275912438527498, "novelty": 0.6230058225443064, "diversity": 0.41667540541204984, "efficiency": 0.17942201962336798, "cost": 0.28008898272871363}