{"quality": 0, "novelty": 0.41605779450197045, "diversity": 0.8722522704367639, "efficiency": 0.6093220483148762, "cost": 0.8892897838467829, "score": 0.28093423157539854}