{"quality": 0.253474357834151, "novelty": 0.8818482662504634, "diversity": 0.19736762266957733, "efficiency": 0.5060882879645128, "cost": 0.3529576407916348, "score": 0.37659537756229006}