{"quality": 0.9671094667021276, "novelty": 0.6266403801888853, "diversity": 0.8424106690749806, "efficiency": 0.8980147687674587, "cost": 1, "score": 0.6499772841879746}