{"quality": 0.5009174310983138, "novelty": 0.9770111730245634, "diversity": 1, "efficiency": 0.1384597513118249, "cost": 0, "score": 0.6152969852824088}