{"quality": 0.5619888318529189, "novelty": 0.24766884475620793, "diversity": 0.8916765121658878, "efficiency": 0.7718375717229924, "cost": 0.2822050018184906, "score": 0.49640429875470493}