{"quality": 0.360930469024847, "novelty": 0.3308674021671574, "diversity": 1, "efficiency": 1, "cost": 0.29647038439479245, "score": 0.5113489528097642}