{"quality": 1, "novelty": 0.07066543556657962, "diversity": 0.34772580538742903, "efficiency": 0.7362604186573707, "cost": 0.4614220306223462, "score": 0.45150837970550173}