{"quality": 0, "novelty": 0.2654634004538736, "diversity": 0.03380220682391527, "efficiency": 0.281110443487378, "cost": 0.7743182662784568, "score": 0.037861031373512474}