{"quality": 0.146659398275551, "novelty": 0.18794597285597997, "diversity": 0.8642554432649727, "efficiency": 0.847676674510579, "cost": 0.8063511881747821, "score": 0.31035178370876354}