{"quality": 1, "novelty": 0.6864908508227917, "diversity": 0.5004217946286954, "efficiency": 0.45932988573564704, "cost": 0.6678392756468847, "score": 0.5738226269270956}