{"quality": 0.6508846030170887, "novelty": 0.5181056674334714, "diversity": 0.944117355784468, "efficiency": 1, "cost": 0.004624184329440034, "score": 0.663152850487444}