{"quality": 0.7633292129910347, "novelty": 0.15463439451359817, "diversity": 0.742075848505246, "efficiency": 0.8253186081638906, "cost": 0.849424639829306, "score": 0.4549278594684121}