{"quality": 0.7868388058815651, "novelty": 0.49646686093886616, "diversity": 0.7324909013999085, "efficiency": 0.4598785747872979, "cost": 0.2800400553100457}