{"quality": 0, "novelty": 0.42886805389884625, "diversity": 0.7431307418433816, "efficiency": 0.1730503452073459, "cost": 0.8059417524575729, "score": 0.20120653837873248}