{"quality": 0.31245448594004394, "novelty": 0.2659954105856848, "diversity": 0.7491304686764872, "efficiency": 0, "cost": 0.3215016998638897, "score": 0.2779111221773428}