{"quality": 0.7878321553079933, "novelty": 0.48571150981943506, "diversity": 0.6067556948008423, "efficiency": 0.4762394011259105, "cost": 0.11580596455396003, "score": 0.5389839767209158}