{"quality": 0.9269796827985404, "novelty": 0.5106108585924252, "diversity": 0.008419341358675836, "efficiency": 0.9721834426342674, "cost": 0.3453973777693894, "score": 0.5187182663776047}