{"quality": 0.3737514075881286, "novelty": 0.39051888322143297, "diversity": 1, "efficiency": 0.6029916230287673, "cost": 0.49131469047806087, "score": 0.45107241748830584}