{"quality": 0.29815886226740607, "novelty": 0.8817991881704962, "diversity": 0.7245318956523735, "efficiency": 0.8878185039104212, "cost": 0.4863678960741669, "score": 0.5393398208324671}