{"quality": 0.510452106960444, "novelty": 0.3160971990328019, "diversity": 0.8462194298703931, "efficiency": 0.1325193254160808, "cost": 0.15916435984438776, "score": 0.4053652806483857}