{"quality": 0.32732821194924966, "novelty": 0.8531568104187776, "diversity": 0.7433796781109647, "efficiency": 0.29801857577112606, "cost": 0.25063177013569793}