{"quality": 0.8467075488887933, "novelty": 0.15067717847659423, "diversity": 0.37709083868361276, "efficiency": 0.2451647622783245, "cost": 0.15652262205195155, "score": 0.3882221791590626}