{"quality": 0.11491719488503721, "novelty": 0, "diversity": 0.7854960353660051, "efficiency": 0.2706438499092962, "cost": 0.34286317015796575, "score": 0.19788462600931003}