{"quality": 0.7716757993524803, "novelty": 0.5476868387234493, "diversity": 0.8166774141716493, "efficiency": 1, "cost": 0.18792814309077993, "score": 0.6629671180118584}