{"quality": 0.8764816493926404, "novelty": 0.12710181845502513, "diversity": 0.9818795969458722, "efficiency": 0.06999471803460472, "cost": 0.34455584466570455, "score": 0.4671394920593432}