{"quality": 0.011045249211352096, "novelty": 0.3539067625143327, "diversity": 0.21193151095652032, "efficiency": 0.05180893291360461, "cost": 1, "score": 0.04194790752033356}