{"quality": 0.2395866501014674, "novelty": 0.34858869256320457, "diversity": 0.6091502911403832, "efficiency": 0.304579364626051, "cost": 0.3092939001342432, "score": 0.2956107410798013}