{"quality": 0.9222799791486227, "novelty": 0.3681966111433464, "diversity": 0.32010926880493684, "efficiency": 0.37442531291425163, "cost": 0.14864527174134243, "score": 0.4740542700544143}