{"quality": 0.49923689770755164, "novelty": 0.8662868625907754, "diversity": 1.0, "efficiency": 0.0, "cost": 0.07150254173492128}