{"quality": 0.9312515082912272, "novelty": 0.5634992840612313, "diversity": 0.9284089697112722, "efficiency": 0.6234961805434821, "cost": 0.8228966211073783, "score": 0.6171668324157149}