{"quality": 1, "novelty": 0.8236658799455141, "diversity": 0.09409437683615743, "efficiency": 0.2223931880846639, "cost": 0.13796837521436833, "score": 0.5442974860448728}