{"quality": 0.046769517722068416, "novelty": 0.9348058169431208, "diversity": 0.7471703773086, "efficiency": 0.21917164439846015, "cost": 0.759501639213277, "score": 0.354091967752562}