{"quality": 0.9197083407470495, "novelty": 0.3776459208670629, "diversity": 0.16987432064433808, "efficiency": 0.13444954154126793, "cost": 0.4562133758666951, "score": 0.37884494021426884}