{"quality": 0.36554558652978936, "novelty": 0.6672898750444121, "diversity": 0.7447111614542011, "efficiency": 0.9520135481763478, "cost": 1.0}