{"quality": 0, "novelty": 0.6122496250621144, "diversity": 0.47998405773654146, "efficiency": 0.123147124259737, "cost": 0.22324307532164162, "score": 0.2452069789196333}