{"quality": 0.32884260226611595, "novelty": 0.4437130852595406, "diversity": 0.5360267517377146, "efficiency": 0.6576268840319133, "cost": 0.31242307638076217, "score": 0.3841881273089736}