{"quality": 0.7918931344715326, "novelty": 0.28841681813245545, "diversity": 0.7505118744480904, "efficiency": 0.447205681207675, "cost": 0.12851143349293737, "score": 0.5140042285960492}