{"quality": 0.534022846087469, "novelty": 0.825673205836211, "diversity": 0.9400544889839108, "efficiency": 0.3881335767190344, "cost": 0.33199087747156114, "score": 0.5796570018427746}