{"quality": 0.6341055179776803, "novelty": 0, "diversity": 0.44103463224031614, "efficiency": 0.5289863294731741, "cost": 0.18120951805542726, "score": 0.3396655794568007}