{"quality": 0, "novelty": 0.9731955568307114, "diversity": 1, "efficiency": 0.6139518290370924, "cost": 0, "score": 0.5353916635632417}