{"quality": 0.477080631814207, "novelty": 0.42804609755701184, "diversity": 0.8825541892928765, "efficiency": 1, "cost": 0, "score": 0.5766465517920905}