{"quality": 0.5059419780952601, "novelty": 0, "diversity": 0.2645093295231403, "efficiency": 0.6234398851538346, "cost": 0.40323118671545055, "score": 0.25787732343473624}