{"quality": 0.864370830397272, "novelty": 0.33724885448574754, "diversity": 0.48627224623414544, "efficiency": 0.27425892758298953, "cost": 0.2470853577128177, "score": 0.45730821535361416}