{"quality": 0.17625533689341066, "novelty": 0.7728689871190402, "diversity": 0.2468056367838281, "efficiency": 0.6375716008237499, "cost": 0.37314112266669364, "score": 0.353776603061442}