{"quality": 0, "novelty": 0.6124504894630329, "diversity": 0.12841265355556908, "efficiency": 0.20585471759160826, "cost": 0.400219252070654, "score": 0.1696514355085479}