{"quality": 0.6644705894996494, "novelty": 0.5118108767643663, "diversity": 0.1652451967855442, "efficiency": 0.021579209332450666, "cost": 0.5130985928324107, "score": 0.3122699575147218}