{"quality": 0.8612037462770994, "novelty": 0.09137248736007011, "diversity": 0.7001470139474835, "efficiency": 0, "cost": 0.9800632511324912, "score": 0.32322732339939486}