{"quality": 0.9633190759737326, "novelty": 0.7330618321602365, "diversity": 0.3754271474654216, "efficiency": 0, "cost": 0.6936981166735222, "score": 0.477976798657911}