{"quality": 0, "novelty": 0.34657362972856287, "diversity": 0.22826246322005292, "efficiency": 0.5155462456726463, "cost": 0.2697329308874396, "score": 0.18265454383830426}