{"quality": 0.028429240787825716, "novelty": 0.13465650489394665, "diversity": 0.35796015814353904, "efficiency": 1, "cost": 0.5019619422363373, "score": 0.21358873586490848}