{"quality": 0.15664324861762807, "novelty": 0, "diversity": 0.606190679409353, "efficiency": 0.82915012561897, "cost": 0.7750446835026047, "score": 0.21509916095974402}