{"quality": 0.5942131056642685, "novelty": 0.2595979982804029, "diversity": 0.3938391545036275, "efficiency": 0.974210026799804, "cost": 0.81043104444452, "score": 0.38701966174562535}