{"quality": 1, "novelty": 0.21523408587197432, "diversity": 0.7542376516234135, "efficiency": 0.15018242855239017, "cost": 0.4100670011500046, "score": 0.4861767159605343}