{"quality": 0.28047521948321863, "novelty": 0.09598614828837357, "diversity": 0.3287047344911858, "efficiency": 0.2843938836082044, "cost": 0.033552082909826975, "score": 0.2131839240655441}