{"quality": 0.6542514298109521, "novelty": 0.5966760685677184, "diversity": 0.23559565930203338, "efficiency": 0.60008123696856, "cost": 0.47850451134075384, "score": 0.4347253123568305}