{"quality": 0.2831042013924349, "novelty": 0.8816855850758791, "diversity": 0, "efficiency": 1, "cost": 0.3675287093019723, "score": 0.418599785756503}