{"quality": 0.2569223555096025, "novelty": 0.13276622439059949, "diversity": 0.7078174425159427, "efficiency": 0.42403738832735627, "cost": 0.5562735800485401, "score": 0.25981000149796857}