{"quality": 0.987519388432093, "novelty": 0.6515054707544041, "diversity": 0.6914775019423753, "efficiency": 0.34458991202141714, "cost": 0.35715215040158627, "score": 0.613400956369758}