{"quality": 0.49641202169426624, "novelty": 0.9539904410897002, "diversity": 0.07328485826831513, "efficiency": 0.4364511384219689, "cost": 0.4993125935554017, "score": 0.4176145998421232}