{"quality": 0.07085698154411676, "novelty": 0.16710070951114364, "diversity": 0.2283923134334382, "efficiency": 0.5883442002012587, "cost": 0.33118155819765827, "score": 0.16384420873813155}