{"quality": 0.8284554983792559, "novelty": 0.335120837530736, "diversity": 0.010503857158344676, "efficiency": 0.009013145890045024, "cost": 0.5224214936342175, "score": 0.28352745284821473}