{"quality": 0.5306515543937551, "novelty": 0.9094317305027537, "diversity": 0.23948211541565628, "efficiency": 0.8855677678012861, "cost": 0.16313981446509734, "score": 0.5509710057506294}