{"quality": 0.142085649836017, "novelty": 0.3135436418756898, "diversity": 0.4975571937533392, "efficiency": 0.3067343635114677, "cost": 0.3665753840359229, "score": 0.22987566029352322}