{"quality": 0.24350874072605216, "novelty": 0.9291679952203751, "diversity": 1.0, "efficiency": 0.6717499114745454, "cost": 0.9291911229446074}