{"quality": 0.6068423320184407, "novelty": 0.7144412951372798, "diversity": 0, "efficiency": 0.6381734639071308, "cost": 0.6963402921252408, "score": 0.3867550137633977}