{"quality": 0.5891705446816425, "novelty": 0.1979021627628941, "diversity": 0.05708307353473838, "efficiency": 0.720112112291697, "cost": 0.37788885822098583, "score": 0.3078712498238199}