{"quality": 0.4496795932454756, "novelty": 1, "diversity": 0.1361095089806781, "efficiency": 0.17918502722522733, "cost": 0.7411636641067952, "score": 0.36488716744288285}