{"quality": 0.25907055197022066, "novelty": 0.6684644220433504, "diversity": 0.7791369431662684, "efficiency": 1, "cost": 0.8682196534139194, "score": 0.46384269439376546}