{"quality": 0.3009838993944036, "novelty": 0.27712814699707894, "diversity": 0.6005973792326857, "efficiency": 0.40796529577701995, "cost": 0.4731274966660547, "score": 0.2935787271140755}