{"quality": 0.8379824623629387, "novelty": 0.23984798028978022, "diversity": 0.6582073853119437, "efficiency": 0.3523751395695073, "cost": 0.2759127173074706, "score": 0.46826321004839444}