{"quality": 0.8232499273371363, "novelty": 0.6021481032906715, "diversity": 0.43596527989733824, "efficiency": 0.04632334270047553, "cost": 0, "score": 0.4916535614083477}