{"quality": 0.39000326253556833, "novelty": 0.328470350645932, "diversity": 1, "efficiency": 0.48733668047890966, "cost": 0.6047504261892261, "score": 0.4117440258750673}