{"quality": 0.558671845389951, "novelty": 0.27345619618937833, "diversity": 1, "efficiency": 0.2684400690386749, "cost": 0.8943390830746466, "score": 0.38679770471266645}