{"quality": 0.7723944423306486, "novelty": 0.6951839353382345, "diversity": 0.1939101302724576, "efficiency": 0.8494643734150893, "cost": 0.7567979935698638, "score": 0.49603619924352166}