{"quality": 0.6186824583033117, "novelty": 0.7795200536841942, "diversity": 1, "efficiency": 0, "cost": 0.7454586618840273, "score": 0.5059388847236393}