{"quality": 0.7786146178459672, "novelty": 0.6661433324437849, "diversity": 0.3211397885620753, "efficiency": 0.6592461756038581, "cost": 0.8840670585011546, "score": 0.47482839666761467}