{"quality": 0.7911652206348139, "novelty": 0.35656913538032187, "diversity": 0.4373554903710618, "efficiency": 0.8998127640791849, "cost": 0.23364516265148727, "score": 0.525570346456466}