{"quality": 0.08769881492147216, "novelty": 0.6256617058152382, "diversity": 0.27197481231741816, "efficiency": 0.03447711973870243, "cost": 0.48301914420897574, "score": 0.19398968693364263}