{"quality": 0.8807226211645678, "novelty": 0.2613114529826907, "diversity": 0.28073845230268, "efficiency": 0.2920383192542586, "cost": 0.1829065324425383, "score": 0.411207434699464}