{"quality": 0.7447288843426302, "novelty": 0.7590358605317815, "diversity": 0.9556998864938636, "efficiency": 0.11074811737191802, "cost": 0.3145756400912117}