{"quality": 0.12167319425193873, "novelty": 0.1554401301153121, "diversity": 0.9686837114633706, "efficiency": 1, "cost": 1, "score": 0.3190987330970838}