{"quality": 0.44627869993508895, "novelty": 0.8179345114737528, "diversity": 0.09258989137205503, "efficiency": 0, "cost": 0.7081968488430689, "score": 0.28606553123906897}