{"quality": 0.765919476110756, "novelty": 0.62187522334777, "diversity": 0.2548031301001003, "efficiency": 0.19241203937523307, "cost": 0, "score": 0.4650670805964743}