{"quality": 0.5049619880266238, "novelty": 0.36711208960301245, "diversity": 0.8131021520867383, "efficiency": 0, "cost": 0.38850514128729596, "score": 0.36703653509735834}