{"quality": 0.24550725995515588, "novelty": 0.08841314002079678, "diversity": 0, "efficiency": 0.1759885698226843, "cost": 0.9576250656011231, "score": 0.026391241905036278}