{"quality": 0.32031889212435805, "novelty": 0.662789975638808, "diversity": 0.8098285832114204, "efficiency": 0.3551959745952215, "cost": 0.09470814434233629, "score": 0.4675674599443431}