{"quality": 0, "novelty": 0.10696020367898812, "diversity": 0.11860875496339982, "efficiency": 0.9354923160954081, "cost": 0.17366692010290874, "score": 0.17341895731644733}