{"quality": 0.7445142064122225, "novelty": 0.5404491017390618, "diversity": 0.8106194938193473, "efficiency": 0.6931894025913157, "cost": 0.4127321523259001, "score": 0.5832956312784091}