{"quality": 0.5523102043195502, "novelty": 0.01211151293347057, "diversity": 0.44370311175511046, "efficiency": 0.7292583649113523, "cost": 0.2465599262680014, "score": 0.34219432399015753}