{"quality": 0.5321268107788469, "novelty": 0.7912479974298292, "diversity": 0.20373989159823608, "efficiency": 0.5320435626657801, "cost": 0.13269361687126352, "score": 0.46473519362349924}