{"quality": 0.08054242620200125, "novelty": 0.24367114930118508, "diversity": 0.3829282707848336, "efficiency": 0.4363421289370636, "cost": 0, "score": 0.2271174886834229}