{"quality": 0.32723958142848825, "novelty": 0.26024486581520845, "diversity": 0.43598827385152344, "efficiency": 0.23945968043102323, "cost": 0.5114158705479159, "score": 0.23520811066251518}