{"quality": 1, "novelty": 0.7980928911001856, "diversity": 0.38049431098090136, "efficiency": 0.8502232492262658, "cost": 0, "score": 0.7031555723551665}