{"quality": 0.556028839553146, "novelty": 0.5501596382621992, "diversity": 0.6747678587561017, "efficiency": 0.4227651252396997, "cost": 0.6545271174490002, "score": 0.4372641902237689}