{"quality": 0.7204987051991046, "novelty": 0.7996048885385627, "diversity": 0.23552131234379559, "efficiency": 0.4397118934804393, "cost": 0.21990527954860026, "score": 0.507121352230337}