{"quality": 1, "novelty": 0.01773884359957212, "diversity": 0.03145854725235553, "efficiency": 1, "cost": 0.10059059370528392, "score": 0.4506673609798358}