{"quality": 0.8464707596221159, "novelty": 0.2750044673683196, "diversity": 0.9134389251162225, "efficiency": 0.012974705657822744, "cost": 0.6413388188010289, "score": 0.4431924537205297}