{"quality": 0.20946404032849833, "novelty": 0.8901179862280808, "diversity": 0.20739982177043725, "efficiency": 0.027369162069389164, "cost": 0.26069578731616294, "score": 0.3048844685884492}