{"quality": 0.29890737507851395, "novelty": 0.05447608768680487, "diversity": 0.28937904083927146, "efficiency": 0, "cost": 0.5921342314538856, "score": 0.10195361946772113}