{"quality": 0.9122002193832432, "novelty": 0.9571930923130707, "diversity": 0.2730724788560289, "efficiency": 0.7065396899451004, "cost": 0.34115075467096867, "score": 0.6394387126891146}