{"quality": 0.10787354938088878, "novelty": 0.23560275694979999, "diversity": 1, "efficiency": 0.8953940746829232, "cost": 0.7540790851584658, "score": 0.3501639567383086}