{"quality": 0.44828442467348295, "novelty": 0.3028496009534209, "diversity": 0.15620732826090544, "efficiency": 0.015497331157587724, "cost": 0.46722484232808814, "score": 0.19704130873341055}