{"quality": 0.5966079617524913, "novelty": 0.6241354704114404, "diversity": 0.3420820690049555, "efficiency": 0.20089929649628913, "cost": 0.25797177882319966, "score": 0.40777038652172204}