{"quality": 0.0647854715591526, "novelty": 0.1692606761150583, "diversity": 0.4704507464406332, "efficiency": 0.4724329016869179, "cost": 0.5859507088079496, "score": 0.16811082415687972}