{"quality": 0.7010688424315421, "novelty": 0.2004839344574116, "diversity": 0.1975400903327683, "efficiency": 0, "cost": 0.42599245660713014, "score": 0.2573504087496561}