{"quality": 0.4197612287341982, "novelty": 0.7121658438767556, "diversity": 0.636774375290987, "efficiency": 0.3510685123167506, "cost": 0.16295040370192404, "score": 0.4676899411249659}