{"quality": 0, "novelty": 0.2179789778235996, "diversity": 0.1959665907610017, "efficiency": 0.3042494447409647, "cost": 0.10212103045962745, "score": 0.1291133762732822}