{"quality": 0.11039370203351406, "novelty": 0.550525843900475, "diversity": 0.6635079604553153, "efficiency": 0.17425693059045877, "cost": 0, "score": 0.32958970326480486}