{"quality": 1, "novelty": 0.560981674164598, "diversity": 0.6524293394680555, "efficiency": 0, "cost": 0.8004819780808006, "score": 0.49068308862668064}