{"quality": 0.9248704078214774, "novelty": 0.779890764548895, "diversity": 0.14253652165315966, "efficiency": 0.24208457653115859, "cost": 0.2077018479270748, "score": 0.5164836195012652}