{"quality": 0.7513449356847558, "novelty": 0.8386230686046747, "diversity": 0.8844281773208922, "efficiency": 0, "cost": 0, "score": 0.6119448833207739}