{"quality": 0.4752103237484091, "novelty": 0.13811769082421568, "diversity": 0.41441010258214955, "efficiency": 0.9131021393537836, "cost": 0, "score": 0.3969398612500741}