{"quality": 0.3518161372312526, "novelty": 0, "diversity": 0.008064861460986034, "efficiency": 0.3886725076867056, "cost": 0.7314852446421561, "score": 0.09231016515036321}