{"quality": 0.9139871709930719, "novelty": 0.5177476823371325, "diversity": 0.554680199361169, "efficiency": 0.6980627774318455, "cost": 0.2689348353420498}