{"quality": 0.31755198114767924, "novelty": 0.9679499292187044, "diversity": 0.7038909608394335, "efficiency": 0.347237714793098, "cost": 0.8011164979623824, "score": 0.450005276239593}