{"quality": 0.4230774788202367, "novelty": 0.8290631100007056, "diversity": 1.0, "efficiency": 0.529449061904352, "cost": 0.8295860737021474}