{"quality": 0.9527080526169155, "novelty": 0.5004061823086009, "diversity": 0.6485621025234687, "efficiency": 0.7593070690573434, "cost": 0.17608884212713358, "score": 0.6369135580128069}