{"quality": 0.2154207399309401, "novelty": 0.9126764504781678, "diversity": 0.7416769544763243, "efficiency": 0, "cost": 0.25653302978316894, "score": 0.41547742251577197}