{"quality": 0.8789040942524262, "novelty": 0.5817607217403649, "diversity": 0.9452788424221816, "efficiency": 0.2676321245156972, "cost": 0.9765123464240801, "score": 0.540660761230202}