{"quality": 1, "novelty": 0.2568841161934845, "diversity": 0.6772818024295727, "efficiency": 0.24502434782756244, "cost": 0.8463355140134657, "score": 0.45179749030707345}