{"quality": 0.09075404395486766, "novelty": 0.3630520349632534, "diversity": 0.2976365428298823, "efficiency": 0.6687823738513955, "cost": 0.009185766920779326, "score": 0.27691530987888147}