{"quality": 0.9468262159196579, "novelty": 1.0, "diversity": 0.5509200590409132, "efficiency": 0.3003561183373118, "cost": 0.6810763396238446}