{"quality": 0.22972775271249785, "novelty": 0.4670023198502158, "diversity": 0.1738048543139702, "efficiency": 0.7084045096178662, "cost": 0.9798214968749346, "score": 0.22870840339428378}