{"quality": 0, "novelty": 0.9520453145496581, "diversity": 0.9463331450227068, "efficiency": 0.0882711694483071, "cost": 0.9733886326522301, "score": 0.34317976979397896}