{"quality": 0.8264431634355569, "novelty": 0.19250319048581674, "diversity": 0.6277709357090829, "efficiency": 1, "cost": 0.6454809077772714, "score": 0.5070648430162107}