{"quality": 0.7692298779282135, "novelty": 0.548909569232359, "diversity": 0.5362923084578867, "efficiency": 0.7516747877734844, "cost": 0.34948969269816693, "score": 0.553057066274337}