{"quality": 0.3044078852352443, "novelty": 0.5508110047153877, "diversity": 1, "efficiency": 0.4125941246630083, "cost": 0.8090686716523832, "score": 0.41000736828363316}