{"quality": 0, "novelty": 0.24908472393094, "diversity": 0, "efficiency": 0.1842749054126685, "cost": 0.9194817256245811, "score": -0.002035755767822847}