{"quality": 0.19086872350864748, "novelty": 0.697740798116161, "diversity": 0.8375806362079231, "efficiency": 0.5172917951188689, "cost": 0.37778450410443404, "score": 0.43902726268060605}