{"quality": 0.03822382481338191, "novelty": 0.42380620223003523, "diversity": 0.30252349433922077, "efficiency": 0.7498763262753513, "cost": 0.7917450038375293, "score": 0.21123034542691727}