{"quality": 0.5940318526089851, "novelty": 1, "diversity": 0.005768534737576769, "efficiency": 0.609989621135441, "cost": 0.421086653136604, "score": 0.47875304058686663}