{"quality": 1, "novelty": 0.8536933306439846, "diversity": 0.9096162766303708, "efficiency": 0.21219813802044982, "cost": 0.6768934127427322, "score": 0.6594869674158647}