{"quality": 0.9997022908487944, "novelty": 0, "diversity": 0.5671588821468996, "efficiency": 0, "cost": 0.3182586637154653, "score": 0.3815165973124717}