{"quality": 0.8391543870580243, "novelty": 0.5253705130542066, "diversity": 1, "efficiency": 0.06195432654505981, "cost": 0.8532863905804973, "score": 0.5070534543046681}