{"quality": 0.38127824168219204, "novelty": 0.27823024915947986, "diversity": 0.4152713623846237, "efficiency": 0.4485256118019373, "cost": 0.8162994349599422, "score": 0.2526442055457487}