{"quality": 0.5293210711844702, "novelty": 0.5114927596138696, "diversity": 0.5738177234196589, "efficiency": 0.2583372937388161, "cost": 0.46992361348276646, "score": 0.393191288655286}