{"quality": 0.2953389419324064, "novelty": 1, "diversity": 0.5684352425538488, "efficiency": 0.9328584232694129, "cost": 0.5170105586025838, "score": 0.5405164387206451}