{"quality": 0.4558886614305603, "novelty": 0.4878302900034712, "diversity": 0.5261365090314025, "efficiency": 0.698960271707681, "cost": 0.3113498917656786, "score": 0.43766052431590063}