{"quality": 0.3203473682171436, "novelty": 0.9118268941931646, "diversity": 1.0, "efficiency": 0.3937399319115184, "cost": 0.8967555330864907}