{"quality": 0, "novelty": 0.39183056307991837, "diversity": 0.7978909372267984, "efficiency": 0.3539302210495599, "cost": 0.7006922188383669, "score": 0.24055613948893656}