{"quality": 0.5183863033206421, "novelty": 0.918950046834144, "diversity": 0.7638375028161317, "efficiency": 1, "cost": 0.3989675049743947, "score": 0.6481241527705156}