{"quality": 0.528997400128793, "novelty": 0.1110412197370769, "diversity": 0.10475322415181595, "efficiency": 0.21269671183859745, "cost": 0.18976645870074843, "score": 0.2203380307089851}