{"quality": 0.16061372144820957, "novelty": 0.5277305486588739, "diversity": 0.811423069971299, "efficiency": 0.7634012217327599, "cost": 0.38759084381369746, "score": 0.41815246647198534}