{"quality": 0, "novelty": 0.7055627939330911, "diversity": 0.9787085870659354, "efficiency": 0, "cost": 1, "score": 0.27213241589645987}