{"quality": 0.3840640271720403, "novelty": 0.9579383377393275, "diversity": 0.5402170255595184, "efficiency": 1, "cost": 0.18257054971586117, "score": 0.5944901427267615}