{"quality": 0.04185343479181394, "novelty": 0.7878277901480721, "diversity": 0.2500951596297713, "efficiency": 0.5738047767453227, "cost": 0.276200555706875, "score": 0.31798267084162746}