{"quality": 0.4919936114159385, "novelty": 0.3261905446221073, "diversity": 0.3843740919413717, "efficiency": 0.14060847610422025, "cost": 0, "score": 0.32711180938421575}