{"quality": 0.2563889462670834, "novelty": 0.5710937372828454, "diversity": 0.7946652630785174, "efficiency": 1, "cost": 0.2915675109752526, "score": 0.4994664197190146}