{"quality": 0.19498345747808205, "novelty": 0.5482898862983323, "diversity": 0.3183262618440418, "efficiency": 0.3285790048709623, "cost": 0.8301134567456036, "score": 0.2255082662429}