{"quality": 0.8372666131198431, "novelty": 0.9067824303917733, "diversity": 1, "efficiency": 0.24081151115970392, "cost": 0.2785166079783587, "score": 0.6861456574100161}