{"quality": 0.3812457488201033, "novelty": 0.21561837562153918, "diversity": 0.8575235838566191, "efficiency": 0.8776628351235969, "cost": 1, "score": 0.3714324605912792}