{"quality": 0.5030551074598901, "novelty": 0.2770509733624933, "diversity": 0.903236014172231, "efficiency": 0.4261683732329456, "cost": 0.13762938737746805, "score": 0.45098879566023153}