{"quality": 0.2782593106904665, "novelty": 0, "diversity": 0.5818684222319226, "efficiency": 0.5908683506505061, "cost": 0.8534135788249533, "score": 0.20314037236860502}