{"quality": 1, "novelty": 0, "diversity": 0.26018983247505956, "efficiency": 0.10403030857282078, "cost": 0.2656729889997495, "score": 0.34107521388096007}