{"quality": 0.4583637839940909, "novelty": 0.4290398292193027, "diversity": 0.48671295904712414, "efficiency": 0, "cost": 0.6268129553084145, "score": 0.27943038878163634}