{"quality": 0.6430159506404309, "novelty": 0, "diversity": 0.9022006472012561, "efficiency": 0.7233915576983272, "cost": 0.18745187241732147, "score": 0.46310846104539743}