{"quality": 0.1647773516067692, "novelty": 0.6972596780957323, "diversity": 0.4229740918116071, "efficiency": 0, "cost": 0.19782853604449752, "score": 0.2885600897638355}