{"quality": 0.49019487788824695, "novelty": 0.8499889382095829, "diversity": 0.6568432709463993, "efficiency": 0.05001241187617689, "cost": 0.6613255966489711}