{"quality": 0.693588890694272, "novelty": 1, "diversity": 0.20534717534622243, "efficiency": 0.610924721734938, "cost": 0, "score": 0.5907848105377668}