{"quality": 0.8837190147434921, "novelty": 0.5935003762468308, "diversity": 0.40168919554705695, "efficiency": 0.5351681056641231, "cost": 0.4240733445300876, "score": 0.5316965189907765}