{"quality": 0.7865193884712787, "novelty": 0.32711602117765914, "diversity": 0.9753699130189507, "efficiency": 0, "cost": 0.7278576670182859, "score": 0.44002303773775997}