{"quality": 0.27589864033668604, "novelty": 0.6755383876767215, "diversity": 0, "efficiency": 0, "cost": 0.690210819487146, "score": 0.18263310707147157}