{"quality": 0.05286214398740946, "novelty": 0.7498560927253703, "diversity": 0.18948541546754855, "efficiency": 0.3303972580981237, "cost": 0.9311648852551431, "score": 0.19766284966027942}