{"quality": 0.045164601971183965, "novelty": 0.24788399559995694, "diversity": 0.09336369189433752, "efficiency": 0.675060606358413, "cost": 0.5147791559741377, "score": 0.1439742932265601}