{"quality": 0.14602901005233151, "novelty": 0.14877902992698042, "diversity": 0.07884889691143718, "efficiency": 0.5062833940153891, "cost": 0, "score": 0.17271574898204034}