{"quality": 0.5198528285979425, "novelty": 0, "diversity": 0.34999521480669066, "efficiency": 0.1427159633318713, "cost": 0, "score": 0.24736228604050156}