{"quality": 0.7110481531502602, "novelty": 0.707174436748084, "diversity": 0, "efficiency": 1, "cost": 0.11324240938481744, "score": 0.5287838141936173}