{"quality": 0.40666962556766134, "novelty": 0.5118352817923564, "diversity": 0.9535484174915674, "efficiency": 0.5721293666163225, "cost": 0.7902942179089598, "score": 0.4474593748182534}