{"quality": 0.32521179198683314, "novelty": 0.47974886940002875, "diversity": 1, "efficiency": 0.5690226241970098, "cost": 0.3424913576957864, "score": 0.46860501280602995}