{"quality": 0.5778507211616766, "novelty": 0.4894597314885091, "diversity": 0.13344967682252734, "efficiency": 0.0898492620895544, "cost": 0.48281977683391775, "score": 0.2876054962151771}