{"quality": 0.9705284286170566, "novelty": 0.33248313217451525, "diversity": 0.21561876321718165, "efficiency": 0, "cost": 0, "score": 0.4174030642721821}