{"quality": 1, "novelty": 0.5214076069588127, "diversity": 0.1926479736715751, "efficiency": 0.034629729953523467, "cost": 0.7538931638015117, "score": 0.3986866395868956}