{"quality": 0.5730159805020689, "novelty": 0.977362661925127, "diversity": 0.3184404926712338, "efficiency": 0.4360714852791095, "cost": 0.7419800363431115, "score": 0.4711462773237044}