{"quality": 0.24415344227269953, "novelty": 1, "diversity": 0.9052080464359825, "efficiency": 0.36301132247949464, "cost": 0, "score": 0.5587393403409305}