{"quality": 0.8851316537669325, "novelty": 0.9004623183366789, "diversity": 0.27800903189360143, "efficiency": 0.38357440657078384, "cost": 0.1352291020022403, "score": 0.5902701328783633}