{"quality": 0.36329625620457007, "novelty": 0.9289050320669259, "diversity": 0.6562890240673531, "efficiency": 0.9522282793854193, "cost": 0.7358107106344804, "score": 0.541726110535938}