{"quality": 0.532530520937757, "novelty": 0.9734953498911448, "diversity": 0.5712462431117075, "efficiency": 0.35431912659065884, "cost": 0.6132379233410543}