{"quality": 0.6396174638000731, "novelty": 0.5889210192066043, "diversity": 0.32577733271291304, "efficiency": 0.42125272978616357, "cost": 0.3963979388475118, "score": 0.4278190760674289}