{"quality": 0.5342609311377947, "novelty": 0.39096130523933675, "diversity": 0.7923559860359889, "efficiency": 0, "cost": 0.4707663196137013, "score": 0.3694131708970002}