{"quality": 0.3357037837273813, "novelty": 0.8378840995194902, "diversity": 0.8801919699142657, "efficiency": 0.256779637757057, "cost": 0.12064535553954116}