{"quality": 0.3667602035702447, "novelty": 0.10333958956976497, "diversity": 0.4784395727737917, "efficiency": 0.2850126575428359, "cost": 0.18751674098867227, "score": 0.2555510975508311}