{"quality": 0.09594758615553106, "novelty": 0.5023445732382288, "diversity": 0.5420537065441821, "efficiency": 0.2571015041035577, "cost": 0.011606483767631126, "score": 0.3001857377038235}