{"quality": 0.4479505702389334, "novelty": 0.8155972668994036, "diversity": 0.8537469168522562, "efficiency": 0.926667641141788, "cost": 0.3190045305341369, "score": 0.6161335642848367}