{"quality": 0.6182710203998362, "novelty": 1, "diversity": 0.40545480491428565, "efficiency": 0.5553368253119844, "cost": 0.35626572649623656, "score": 0.564246218249982}