{"quality": 0.9024944832548846, "novelty": 1, "diversity": 0.7300733043528318, "efficiency": 0.42340065903073526, "cost": 0.6326408064432527, "score": 0.6670090240573167}