{"quality": 0.3169920932464469, "novelty": 0.8372670034412688, "diversity": 0.3458106755300414, "efficiency": 0.4674700049395215, "cost": 0.06049624040984666, "score": 0.4376473906402031}