{"quality": 0.46950541806030993, "novelty": 0.14562707724305565, "diversity": 0.27181942729166875, "efficiency": 0.4187992947658333, "cost": 0.1999546337946888, "score": 0.27444671102259677}