{"quality": 0.7062329072203575, "novelty": 0.32981484161074637, "diversity": 0.2894900446516135, "efficiency": 0.297986910252736, "cost": 0.09665922740966493, "score": 0.3872537052960604}