{"quality": 0.6859846731661867, "novelty": 0.9143536325781405, "diversity": 0.7564532707528302, "efficiency": 0.24542172248085792, "cost": 0.33905934867992304, "score": 0.5885817877490935}