{"quality": 0.0558355876720561, "novelty": 0.5203718380010274, "diversity": 0.2884154276787491, "efficiency": 0.10012955117895067, "cost": 0.8686188529203046, "score": 0.13268426872243566}