{"quality": 1, "novelty": 0, "diversity": 0.7126586227517222, "efficiency": 0.5542345823878801, "cost": 0.6998911317259238, "score": 0.45567779873593406}