{"quality": 0.5313140101993836, "novelty": 0.8529499645307108, "diversity": 0.10711096962393862, "efficiency": 0.49134353520594043, "cost": 0.3657057633819125, "score": 0.43118484205998026}