{"quality": 0.8929989259844648, "novelty": 0.2920284481603541, "diversity": 0.6520694436996022, "efficiency": 0.8922824625748575, "cost": 0.7058418693403392, "score": 0.5345788610275432}