{"quality": 0.24353209735102155, "novelty": 0.059393632722374745, "diversity": 0.21199021883013075, "efficiency": 0.5526920256495627, "cost": 0.05796664192807627, "score": 0.20741322080655308}