{"quality": 0.9846778683914598, "novelty": 0.08479329934759094, "diversity": 0.46575271122186934, "efficiency": 0.06121470807271165, "cost": 0.8795931625047666, "score": 0.3309751175591396}