{"quality": 0.29355539317622015, "novelty": 0.3658584099192017, "diversity": 0.6728642575086037, "efficiency": 0.4838555423478338, "cost": 0.5837881976922907, "score": 0.32830358351733313}