{"quality": 0.39254615534751375, "novelty": 0.4160499951323805, "diversity": 0.6028508620471604, "efficiency": 0.12725483890674308, "cost": 0.41666571780850115, "score": 0.3197681718519426}