{"quality": 0.7324272856859197, "novelty": 0.9126764191577128, "diversity": 0, "efficiency": 0.11590925150463965, "cost": 0.042795760098441854, "score": 0.46100410221105587}