{"quality": 0.9493811937500894, "novelty": 0.7206253718353319, "diversity": 0.21996994647826404, "efficiency": 0.6875810922635669, "cost": 0.4983149328441692, "score": 0.5622703609346308}