{"quality": 0.9159478330078863, "novelty": 0.9155034208433477, "diversity": 0.45507975161651565, "efficiency": 0.4706855750998946, "cost": 0.5604874584209893, "score": 0.6092302458593912}