{"quality": 0.46063509480630865, "novelty": 0.5662140425425128, "diversity": 0.6750336815529278, "efficiency": 0.5145505673829391, "cost": 0.7587588001409276, "score": 0.4160574804814544}