{"quality": 0.2071399385727381, "novelty": 0.9041748690563517, "diversity": 0.5022024546235748, "efficiency": 0.8158926773063556, "cost": 0.48618634209849226, "score": 0.46239145714672836}