{"quality": 0.8037188437471579, "novelty": 0.8422589001974317, "diversity": 0.5310832617759385, "efficiency": 0.512148727790409, "cost": 0.09417992419932508, "score": 0.6253013472773219}