{"quality": 0.4373924321618958, "novelty": 0.2865431707116477, "diversity": 0.1938316975005961, "efficiency": 0.3330249313120084, "cost": 0.463235844126325, "score": 0.24525001711076866}