{"quality": 0.578295496011112, "novelty": 0.2846890245301376, "diversity": 0.3315243878440207, "efficiency": 0.02611194888130669, "cost": 1, "score": 0.21488257483686815}