{"quality": 0.3489690715809079, "novelty": 0.03501852135020361, "diversity": 0.7910443886510024, "efficiency": 0.676286073955753, "cost": 0.22191833972947894, "score": 0.35090530666243885}