{"quality": 0.3181858127348462, "novelty": 0.6715308858937856, "diversity": 0, "efficiency": 0.902014123629915, "cost": 0.6268424391633058, "score": 0.3359563399220569}