{"quality": 0.5216329356487666, "novelty": 0.8082258849041891, "diversity": 0.7186509556596736, "efficiency": 0.5537053989099604, "cost": 0.5465511402903328, "score": 0.5306772388600727}