{"quality": 0.24180247526105908, "novelty": 0.8627320600987984, "diversity": 0.6090387367445462, "efficiency": 0.08010176824326048, "cost": 0.1781570862998238, "score": 0.40423106155843325}