{"quality": 0.7160706758952701, "novelty": 0.36225905271255443, "diversity": 0.5883977366094578, "efficiency": 0.4611387438900241, "cost": 0.4809470289830936, "score": 0.44414162195380547}