{"quality": 0.5919547140265106, "novelty": 0.5785062091694441, "diversity": 0.4808933095348519, "efficiency": 0.2681134835713636, "cost": 0.1896755405398356}