{"quality": 0.6023237111165888, "novelty": 0.8656186606966465, "diversity": 0.23724143825557667, "efficiency": 0.4238199822133607, "cost": 0.7142363220507979, "score": 0.43669943128717786}