{"quality": 0.20869153772413707, "novelty": 0.7627082574947115, "diversity": 0.3328601766506167, "efficiency": 0.8228439254388126, "cost": 0.3932385863755907, "score": 0.4039592911993052}