{"quality": 0, "novelty": 1, "diversity": 0.8785588627907097, "efficiency": 0.7918143186457216, "cost": 0.1435558359861534, "score": 0.5301283367563849}