{"quality": 0.3733766693705686, "novelty": 0.776444951303251, "diversity": 0.33690752788646766, "efficiency": 0.5673037892737562, "cost": 0.999224056175626, "score": 0.3586789069877777}