{"quality": 0.3832020548714614, "novelty": 0.8974424982875564, "diversity": 0.5691122355659772, "efficiency": 0.06355430795197567, "cost": 0.4565880135496813}