{"quality": 0.11221965256200755, "novelty": 0.5959399007867755, "diversity": 1, "efficiency": 0.30270548537890085, "cost": 0.9222951891565041, "score": 0.3358271748564809}