{"quality": 0.7680045801887387, "novelty": 0.12365688404734848, "diversity": 0.5450478841180536, "efficiency": 1, "cost": 0.49663348428276793, "score": 0.4706618234637927}