{"quality": 0.17281937036461986, "novelty": 0.9908798256279028, "diversity": 0.7835840603402846, "efficiency": 0.2982364844412364, "cost": 1, "score": 0.40101805225060405}