{"quality": 0.6132878492383596, "novelty": 0.3526363837215858, "diversity": 0.7083112211688116, "efficiency": 0.11786896634010627, "cost": 0.5368025443785271, "score": 0.37780778544882987}