{"quality": 0.7800321594902391, "novelty": 0.43710006501097404, "diversity": 0.6213478770675882, "efficiency": 0.47101412335234966, "cost": 0.6493282391241817, "score": 0.47327353410376716}