{"quality": 0.5109141528383364, "novelty": 0.1469976376958439, "diversity": 0.9773640261147918, "efficiency": 0.17906461170588384, "cost": 1, "score": 0.3123561522543028}