{"quality": 0.14471280444914847, "novelty": 0.8304773283821785, "diversity": 0.6089889917723368, "efficiency": 0.8440628522172962, "cost": 1, "score": 0.3994403996173509}