{"quality": 0.5857779066571891, "novelty": 0.32002505336902765, "diversity": 0.7515924341098275, "efficiency": 0.7189658188428978, "cost": 0.21732740936373157, "score": 0.4921702540514406}