{"quality": 0, "novelty": 0.6870082638523611, "diversity": 0.8178000553055955, "efficiency": 0.8527206708570398, "cost": 0.45561376123016917, "score": 0.41765880152974844}