{"quality": 0.20075218141258172, "novelty": 0.5958356507850417, "diversity": 0.8360629053118089, "efficiency": 0.9903164904284782, "cost": 0.7951417832844219, "score": 0.44543044341822624}