{"quality": 0.21559860001886091, "novelty": 0.005388899743419662, "diversity": 0.2715715393540655, "efficiency": 0.3947509087150527, "cost": 0.27585872499794456, "score": 0.15196787661978972}