{"quality": 0.37277360722298186, "novelty": 0.0630855185500037, "diversity": 1, "efficiency": 0.7926932651795855, "cost": 0.1334728777716938, "score": 0.43316016380416394}