{"quality": 0.8018207815298022, "novelty": 0.42320155430784495, "diversity": 0.22609980738249957, "efficiency": 0.5635681615117935, "cost": 0.18675850981083886, "score": 0.4574259577580869}