{"quality": 0.23611159926112615, "novelty": 0.8136269667277138, "diversity": 0.5780529314405135, "efficiency": 0.18626003522081008, "cost": 0.627123179505362, "score": 0.35507749508095426}