{"quality": 0.49223633190783866, "novelty": 0.21600068902869698, "diversity": 0.6152272937841032, "efficiency": 0.9936170020955304, "cost": 0.3031115800088339, "score": 0.4434479228997927}