{"quality": 0.9644181598608317, "novelty": 0.974234769950521, "diversity": 0.7348791267781195, "efficiency": 0.08195575009013092, "cost": 0.8010302275034946}