{"quality": 0.0508415709485571, "novelty": 0.6127328589293796, "diversity": 0.10456219837872355, "efficiency": 0.06395011754022067, "cost": 0, "score": 0.19894064332368985}