{"quality": 0.6495671000216303, "novelty": 0.30522959451892484, "diversity": 0.20943498821141787, "efficiency": 0.8321510235971168, "cost": 0.8249311966189848, "score": 0.3553940601561729}