{"quality": 0.29212598758386416, "novelty": 0.07886872571527273, "diversity": 0.3970401549070292, "efficiency": 0.37129062810676067, "cost": 0, "score": 0.24245660290139737}