{"quality": 0, "novelty": 0.9192199679375757, "diversity": 0, "efficiency": 0.2257916249323531, "cost": 0.12359678303120458, "score": 0.25131405742112645}