{"quality": 0.2928751477318982, "novelty": 1, "diversity": 0.24608984739063813, "efficiency": 0.842575127264221, "cost": 0.9724923683686761, "score": 0.4162175460504627}