{"quality": 0.4137961045673455, "novelty": 0.8488889751301231, "diversity": 0, "efficiency": 0.6497544451912757, "cost": 0.415674733003857, "score": 0.3922567686310401}