{"quality": 0.8761210663672385, "novelty": 0.8453703749544482, "diversity": 0.6195099116897075, "efficiency": 0.9393657221362373, "cost": 0.012820031816927008, "score": 0.737703751125468}