{"quality": 0.641073263810514, "novelty": 0.569242556800182, "diversity": 0.9248603632179552, "efficiency": 0.7066370434359381, "cost": 0.9315082783060671, "score": 0.5324494196715748}