{"quality": 0.2928879263645591, "novelty": 0.2924567036238761, "diversity": 0.7703639526565709, "efficiency": 0.6743288808410757, "cost": 0.1621440501659776, "score": 0.3999882714562145}