{"quality": 0.578411861624468, "novelty": 0.21192307750380612, "diversity": 0.7020525068880975, "efficiency": 0.8208000364200294, "cost": 0.909542033399489, "score": 0.39908063136396693}