{"quality": 0.03283689530762818, "novelty": 0, "diversity": 0.46319737750281154, "efficiency": 0.7238231802457357, "cost": 0.06230824369274243, "score": 0.20483319676043688}