{"quality": 0.8833887609166943, "novelty": 0.7460754436059389, "diversity": 0.2012644592698734, "efficiency": 1, "cost": 0.8761374511807496, "score": 0.5541746359123927}