{"quality": 0.06355594414819907, "novelty": 0.23868743750188298, "diversity": 0.3570332973862498, "efficiency": 0.7010604533482697, "cost": 0.2184803530859769, "score": 0.23345633479082317}