{"quality": 0.6555657198083158, "novelty": 1, "diversity": 0.548783226811677, "efficiency": 1, "cost": 0.06312324823742899, "score": 0.7001140364810873}