{"quality": 0.2081705110848912, "novelty": 0.0528764796320573, "diversity": 0.9456130362566335, "efficiency": 0.44469850308399544, "cost": 0.42531759917585227, "score": 0.28896589602982253}