{"quality": 0.7119695510574793, "novelty": 0.8379461996499351, "diversity": 0.6906188798460036, "efficiency": 0.6018958933044654, "cost": 0.6603455374689812}