{"quality": 0.4354416678230371, "novelty": 0.4808031935147048, "diversity": 1, "efficiency": 0.1490941841171144, "cost": 0.7772654286760043, "score": 0.3954708834755541}