{"quality": 0.23656908313067482, "novelty": 0.10917256920430124, "diversity": 0.2043242296250661, "efficiency": 0, "cost": 0.5234956188930847, "score": 0.08677915127598249}