{"quality": 0.4996216544194132, "novelty": 0.7289207560102544, "diversity": 0.2569657674638834, "efficiency": 0.8627693097271655, "cost": 0.16908249076805687, "score": 0.4960169862034334}