{"quality": 0.8447968696841486, "novelty": 0.16218740103520773, "diversity": 0.2268197006285872, "efficiency": 0.9990966531008199, "cost": 0.6495218964659233, "score": 0.42426215960829455}