{"quality": 0.7270961499770456, "novelty": 0.8126355370282938, "diversity": 0.5368147702057844, "efficiency": 0.6027158204633235, "cost": 0.6987906762879506}