{"quality": 0.16562413908112797, "novelty": 0.3882001875314761, "diversity": 0.20453830477937412, "efficiency": 0.5094761906635801, "cost": 0.14630764803889285, "score": 0.24943561335872996}