{"quality": 0.16505619266790772, "novelty": 0.5886987680626243, "diversity": 0.9739809171687486, "efficiency": 0.32312482980799645, "cost": 0.6984804781306183, "score": 0.3701084099079158}