{"quality": 0.23618390823476937, "novelty": 0.6907863105765903, "diversity": 0, "efficiency": 0.3570535081167154, "cost": 0.6869750419434772, "score": 0.22841227213773801}