{"quality": 1, "novelty": 0.8826778989709243, "diversity": 0.6310370016185474, "efficiency": 0.8760464694434295, "cost": 0.7866467576305958, "score": 0.6996191697198954}