{"quality": 0.006320543942029938, "novelty": 0.33010858681439015, "diversity": 0.8460987606989807, "efficiency": 0.7974097709804384, "cost": 0.07542026391577274, "score": 0.3657125012814912}