{"quality": 0, "novelty": 0.7582606977249056, "diversity": 0.6326244225718844, "efficiency": 0, "cost": 0.9506953609032669, "score": 0.22102052285527657}