{"quality": 0.6931501365336243, "novelty": 0.3636603410504849, "diversity": 0.8670655248865531, "efficiency": 0.35018408754491565, "cost": 0.016963194761536654, "score": 0.5231045248556029}