{"quality": 0.7046617275068737, "novelty": 0.164724523093601, "diversity": 0.23377512973051484, "efficiency": 0.18085248847925472, "cost": 0.38796991182869756, "score": 0.2876655570605838}