{"quality": 0.42666424037517997, "novelty": 0.9865094397421195, "diversity": 0.5790499489977503, "efficiency": 0, "cost": 0, "score": 0.4904366218476339}