{"quality": 0.7017186089152033, "novelty": 0.7772950590379732, "diversity": 0.350468690345956, "efficiency": 0.17406419467455236, "cost": 0.5407336288251172, "score": 0.44696935182191666}