{"quality": 0.8656407550776088, "novelty": 0.4459375003021852, "diversity": 0.7310131221479321, "efficiency": 0.11028056778279699, "cost": 0, "score": 0.5339213111958349}