{"quality": 0.14800995638301537, "novelty": 0.7162529885496908, "diversity": 0, "efficiency": 0.4953406698963625, "cost": 1, "score": 0.19776733453678166}