{"quality": 0.2556814604537686, "novelty": 0.35498265459642664, "diversity": 0.3374481777528702, "efficiency": 0.34539698300405364, "cost": 0.7718003593155232, "score": 0.207569248854867}