{"quality": 0.9511945405007336, "novelty": 0.18765548610637656, "diversity": 0.47692808202640957, "efficiency": 0.755512240613823, "cost": 0.32045728772850357}