{"quality": 0, "novelty": 0.8725460200960823, "diversity": 0.5938559703162447, "efficiency": 0.7133054577944107, "cost": 0.5276341679232882, "score": 0.3911401009641023}