{"quality": 0.7519666744678766, "novelty": 1.0, "diversity": 0.398419026298131, "efficiency": 0.11550026795140708, "cost": 0.564973321269284}