{"quality": 0.06458448534319483, "novelty": 0.8299128383116892, "diversity": 0.9377513279674934, "efficiency": 0.7740884645937447, "cost": 0.5786534667988915, "score": 0.4726517437835519}