{"quality": 0.4401503832468961, "novelty": 0.5237563873230675, "diversity": 0.6931108081961279, "efficiency": 0.4470864353459908, "cost": 0.948656283808701, "score": 0.37380371036508975}