{"quality": 0, "novelty": 0.05410843700060328, "diversity": 0.8036644061289331, "efficiency": 0.8190241111848016, "cost": 1, "score": 0.1971136071536577}