{"quality": 0.8404584418205624, "novelty": 0.9721530151891827, "diversity": 0.4973040403139192, "efficiency": 0.8231794975099416, "cost": 0.5239141025204748}