{"quality": 0.24499364824191971, "novelty": 0.0944853223366238, "diversity": 0.0014313846304524203, "efficiency": 0.392499150993103, "cost": 0.7314779586142843, "score": 0.08313277877035936}