{"quality": 1, "novelty": 0, "diversity": 0.4344893438612055, "efficiency": 0.3219054121575619, "cost": 0.617063634485884, "score": 0.37347731714728694}