{"quality": 0.8606008937656107, "novelty": 0.43818625371021075, "diversity": 0.4376754903722178, "efficiency": 0.2768535617210474, "cost": 0.78154604360384, "score": 0.4186353595294525}