{"quality": 0.051083918337788026, "novelty": 0.3990101714934329, "diversity": 0.865370922556858, "efficiency": 0.6533110615204629, "cost": 0.9317650341306292, "score": 0.29297205870107274}