{"quality": 0.35047444731714505, "novelty": 0.6178174733777764, "diversity": 0.13854266954931865, "efficiency": 0.41586691947967325, "cost": 0, "score": 0.3496852743714023}