{"quality": 1, "novelty": 0.37546158602446095, "diversity": 0.4945830287073904, "efficiency": 0, "cost": 0.5258005374911386, "score": 0.4402019484984795}