{"quality": 0.8452664955839201, "novelty": 0.6772980608699042, "diversity": 0.2164181792974964, "efficiency": 0.7257353041258461, "cost": 0.3116347121791186, "score": 0.5438849241531164}