{"quality": 0, "novelty": 0.05951975588216618, "diversity": 0.11540821186697185, "efficiency": 0.2889624786190576, "cost": 0.22257832415507436, "score": 0.05904812072128712}