{"quality": 0.9032933913635187, "novelty": 0.666015652074823, "diversity": 0.10317014279575881, "efficiency": 0.8464668641741045, "cost": 0.8274137758425071, "score": 0.5023546110287781}