{"quality": 1, "novelty": 0.8673819294626472, "diversity": 0.828515066516243, "efficiency": 0.5543443817216666, "cost": 0.3286579714255701, "score": 0.7328343557846035}