{"quality": 0.3647112457435661, "novelty": 0.3064088822505331, "diversity": 0.40357074657879094, "efficiency": 0.7753237309559785, "cost": 0, "score": 0.38302830324485804}