{"quality": 0.6446681650338518, "novelty": 0.4906432751992728, "diversity": 0.3541602124731637, "efficiency": 0.9220810356788233, "cost": 0.1996820364989953, "score": 0.5052372625065304}