{"quality": 0.6425425760919605, "novelty": 0.9671865044536607, "diversity": 0.8198566252790658, "efficiency": 0.629949632615382, "cost": 0.44126413488964317, "score": 0.6488967554001595}