{"quality": 0.01438892038538217, "novelty": 0.9993855396518319, "diversity": 0.7143148850075063, "efficiency": 0.644506045716455, "cost": 0.3249553953516949, "score": 0.4612064053523726}