{"quality": 0.46682357025186166, "novelty": 0.7916789117821483, "diversity": 0.87087735981059, "efficiency": 0.21267229825917774, "cost": 0.43348606815173624, "score": 0.5006945089069167}