{"quality": 0.034907299970046546, "novelty": 0.491206478188194, "diversity": 1, "efficiency": 0.48754899144594127, "cost": 1, "score": 0.30640615825495365}