{"quality": 0.5270689397685915, "novelty": 0.9789893002168476, "diversity": 0.6625699975588359, "efficiency": 0.13856318977874446, "cost": 1, "score": 0.4561664849633682}