{"quality": 0.3565912653876714, "novelty": 0.946356413547031, "diversity": 0.13888664746104917, "efficiency": 0.8761258176677533, "cost": 0.6245267661029945, "score": 0.4403100085351325}