{"quality": 0.620255361247203, "novelty": 0.5843811379206627, "diversity": 0, "efficiency": 0.12616226705586558, "cost": 0.21855912775360126, "score": 0.3292403201373463}