{"quality": 0.5474088691826166, "novelty": 0.21998434213926765, "diversity": 0.6432132392501285, "efficiency": 0.392203418306668, "cost": 0.6280545893964977, "score": 0.343886447945978}