{"quality": 0.47611055938815006, "novelty": 0.8331969062615001, "diversity": 0.7253839083480911, "efficiency": 0.8293943207654131, "cost": 0, "score": 0.6206183241662502}