{"quality": 0.08485509826542603, "novelty": 0.43370028816802425, "diversity": 0.8360573429166042, "efficiency": 0.29680509719124615, "cost": 0.43365698762826993, "score": 0.3022481359208146}