{"quality": 0.21978818231950598, "novelty": 0.35685830290069515, "diversity": 0.7165025666327665, "efficiency": 0.39958773714537554, "cost": 1, "score": 0.25838970431938524}