{"quality": 0.5946938281917689, "novelty": 0.7992389472825102, "diversity": 0.2752970555037181, "efficiency": 0, "cost": 0.8972582969704215, "score": 0.34355146668185965}