{"quality": 0.937366843674563, "novelty": 0.7715098851093822, "diversity": 0.5796047055997037, "efficiency": 0.512283953581329, "cost": 0.860597305973253, "score": 0.5807913279395293}