{"quality": 0.3590924864843672, "novelty": 1, "diversity": 0.8167991469119905, "efficiency": 0.5060914343784645, "cost": 0.6908034633551221, "score": 0.5279209441489657}