{"quality": 0.32721346187811384, "novelty": 0.2179702647720816, "diversity": 0.5202024862225079, "efficiency": 0.7558322562650082, "cost": 0.1490874037987125, "score": 0.3551632000608361}