{"quality": 0.7767439989882491, "novelty": 0.19999612515245782, "diversity": 0.7420259762425147, "efficiency": 0.4460604765660491, "cost": 0.8323691943143094, "score": 0.4150995782865685}