{"quality": 0.15714098957043043, "novelty": 0.8150857377661189, "diversity": 0.246301956042677, "efficiency": 0.5768836701627733, "cost": 0.5535227350140993, "score": 0.3313543995442003}