{"quality": 0.7638650662930552, "novelty": 0.7674428489324747, "diversity": 0.9234024729254369, "efficiency": 0.6927535433739445, "cost": 0.3400306722090245, "score": 0.6756106909913119}