{"quality": 0.6404160429181807, "novelty": 0.3629399703055525, "diversity": 0.043509824276302914, "efficiency": 0.9242542554557397, "cost": 0.015897347429565903}