{"quality": 0.947963695073434, "novelty": 0.6629375094419038, "diversity": 0.2725192362551253, "efficiency": 0.37680425353999186, "cost": 0.5983098901728661, "score": 0.5013169821472435}