{"quality": 0.9735501105650453, "novelty": 0.8072915681487798, "diversity": 0.43524127650373945, "efficiency": 0.25057390274271374, "cost": 0.6242142822260498, "score": 0.5561008376962585}