{"quality": 0.75507381101064, "novelty": 0.5243054516933032, "diversity": 0.28607994948579485, "efficiency": 1, "cost": 0.2170915514289492, "score": 0.5431053409807818}