{"quality": 0.6917926101826334, "novelty": 0.925922142131715, "diversity": 0.8442975912818096, "efficiency": 0.2689185792083618, "cost": 0.7095976014945049, "score": 0.5772558635758844}