{"quality": 0.9224828166270719, "novelty": 0.3106915456350766, "diversity": 0.5022535059989369, "efficiency": 0.06066465462938175, "cost": 0.35100022561731176, "score": 0.4288681082293542}