{"quality": 0.42213187118798795, "novelty": 0.2787675854674335, "diversity": 0.5390465588106805, "efficiency": 0.0780211911290596, "cost": 0.6197956637425512, "score": 0.2538643817804947}