{"quality": 0.7576075588882144, "novelty": 0.35919818851922186, "diversity": 0.8627132731323837, "efficiency": 0.6605362357161635, "cost": 0.20070856385430438}