{"quality": 0.2378813255186799, "novelty": 0.6508428852975293, "diversity": 0, "efficiency": 0.058537946834126275, "cost": 0.7416828887074749, "score": 0.16868752213435773}