{"quality": 0.5033145352887887, "novelty": 0, "diversity": 0.8253787579122106, "efficiency": 1, "cost": 1, "score": 0.3660701121690788}