{"quality": 0.09076933724469877, "novelty": 0.7192009442741859, "diversity": 0.16100491077860968, "efficiency": 0.30544172599767194, "cost": 0.5046535334524422, "score": 0.2345829249520846}