{"quality": 0.17687731060006984, "novelty": 0.21516261187603145, "diversity": 0.8359332896500035, "efficiency": 0.35111660955103474, "cost": 0.8276187936536257, "score": 0.24394611614632217}