{"quality": 0.6970424599342471, "novelty": 0.5996640072184922, "diversity": 0.21392620418855057, "efficiency": 0.3143443242036138, "cost": 0.7159369867899759, "score": 0.37737193057415175}