{"quality": 0.6222607468964134, "novelty": 0.3573154061488449, "diversity": 0.5625087418359411, "efficiency": 0.3102277972252058, "cost": 0, "score": 0.43504299355710435}