{"quality": 0.3234986175022047, "novelty": 0.5914685357208128, "diversity": 0.6052063702905823, "efficiency": 0.6222791543196453, "cost": 0.10532457328735431, "score": 0.44876740905819246}