{"quality": 0.7517591007791077, "novelty": 0.1192235840558794, "diversity": 0.6812277100829556, "efficiency": 0.7588619157175251, "cost": 0.5274201537927775, "score": 0.4526664402426443}