{"quality": 0.9590458629772354, "novelty": 0.10233140974864463, "diversity": 0.06764690965505177, "efficiency": 0.2532960203799346, "cost": 0.5801157952321169, "score": 0.30680881679512056}