{"quality": 0.035527489119785705, "novelty": 0.597896309662746, "diversity": 0.9731344012662351, "efficiency": 0, "cost": 0.7726528494765021, "score": 0.277493919457219}