{"quality": 1, "novelty": 0.7780503279295019, "diversity": 0.47429517999374704, "efficiency": 0.17020407925040934, "cost": 0.4047936243022386, "score": 0.5744228674384625}