{"quality": 0.5478403567408259, "novelty": 0.5013378292790841, "diversity": 0.8953893503500294, "efficiency": 0.9732602680331647, "cost": 0.7686558609901523, "score": 0.5378878885179841}