{"quality": 0.8246359156522788, "novelty": 0.4863304036384304, "diversity": 0.11772578782654489, "efficiency": 0.6325241969991553, "cost": 0.8801068656324691, "score": 0.39938647615722656}