{"quality": 0.9645524134344852, "novelty": 0.33976288436093693, "diversity": 0.7856568565700488, "efficiency": 0.6012396473814504, "cost": 0.1973886116785098, "score": 0.6018849023739562}