{"quality": 0.9848756913043558, "novelty": 0.21153319978957735, "diversity": 0, "efficiency": 0.5484241037961928, "cost": 0.6065561554933828, "score": 0.3699540073587917}