{"quality": 0.10808871374493181, "novelty": 0.6011330060185456, "diversity": 0, "efficiency": 0.7338718816429701, "cost": 0.8844555538236687, "score": 0.20434509249219457}