{"quality": 0.3860980825899403, "novelty": 0.21742075990582757, "diversity": 0.18882473050714538, "efficiency": 0.6288140363372167, "cost": 0.29703548386907586, "score": 0.27256811791854296}