{"quality": 0.45228994747517076, "novelty": 0.744605904006177, "diversity": 0.4854372708527781, "efficiency": 0.9342374053387134, "cost": 0.14317859220728632, "score": 0.5447436659947295}