{"quality": 0.7632979975282836, "novelty": 0.1357424101549946, "diversity": 0.9391424090035374, "efficiency": 0.2984341435352376, "cost": 0.18525731594882008, "score": 0.47699287353334485}