{"quality": 0.5482522371738529, "novelty": 0.13362302097983356, "diversity": 1, "efficiency": 0.3453991104798627, "cost": 0.8563965043492355, "score": 0.3640516425341701}