{"quality": 0.2691529243316028, "novelty": 0.28240351117213747, "diversity": 0.8555203211327123, "efficiency": 0, "cost": 0.5291718217249869, "score": 0.269533637146559}