{"quality": 0.6316762270131498, "novelty": 0.14702292527554478, "diversity": 0.5467589293568376, "efficiency": 0.8651498550216005, "cost": 0.5632227050319867, "score": 0.4090605930442401}