{"quality": 0.6841249139144778, "novelty": 0.10510178990771923, "diversity": 0.8519797821081838, "efficiency": 0.6946998958224551, "cost": 0.2610057291728957, "score": 0.48001328952898864}