{"quality": 0.6560436119608595, "novelty": 0.2209066186533633, "diversity": 0.837669969472691, "efficiency": 0.9338476756997149, "cost": 0.5478692934567191, "score": 0.5048639541554222}