{"quality": 0.2411546517998413, "novelty": 1, "diversity": 0.29116412733170716, "efficiency": 0.3659119674628766, "cost": 0.6701069414878924, "score": 0.3684553219769361}