{"quality": 0.7638739751639546, "novelty": 0.6528809289086246, "diversity": 1, "efficiency": 0.437779121319533, "cost": 0.543787509134618, "score": 0.6036705420608107}