{"quality": 0.5951366445530202, "novelty": 0.8013916678228927, "diversity": 0.290851243369511, "efficiency": 0.9297539676912541, "cost": 0.44064480079578117, "score": 0.5324577740696413}