{"quality": 0.8145491784591355, "novelty": 0.37305629416823044, "diversity": 0, "efficiency": 0.7268939608713718, "cost": 0.4925342012548064, "score": 0.3974095010850234}