{"quality": 0.5628898207842015, "novelty": 0.16641184057259883, "diversity": 0.8850600655501062, "efficiency": 0.38861261401170655, "cost": 0.6378156960113344, "score": 0.3819922419890539}