{"quality": 0.6419025525472188, "novelty": 0, "diversity": 0.29737603590688244, "efficiency": 1, "cost": 0.8894406960722139, "score": 0.3131019033383207}