{"quality": 0.9946364244018063, "novelty": 0.09088146082734902, "diversity": 0.5075934398384804, "efficiency": 0.08006065331629776, "cost": 0.6037863105788301, "score": 0.3742604474346368}