{"quality": 0.885487711272137, "novelty": 0.8691430318271962, "diversity": 0.18095572882101776, "efficiency": 0.8112079917713304, "cost": 0.9531417739653804}