{"quality": 0.41149701608108263, "novelty": 0.5186737483116975, "diversity": 1, "efficiency": 0.014240851749867334, "cost": 0.22984898097864248, "score": 0.43226877156686505}