{"quality": 0.0810371040214693, "novelty": 0.8202582328624657, "diversity": 0.4798975287399547, "efficiency": 0.9297432814992042, "cost": 0.1789891740384349, "score": 0.4469177699910853}