{"quality": 0.1369539269766046, "novelty": 0.14417030844864348, "diversity": 0.8831710006824551, "efficiency": 0.38661652548395786, "cost": 0.15771940891479513, "score": 0.2959834932727474}