{"quality": 0.295524939725226, "novelty": 0.2790847375279564, "diversity": 0.8382618305903211, "efficiency": 0, "cost": 0.9021070946038763, "score": 0.23587032295723348}