{"quality": 0.4654384029168738, "novelty": 0.6689290036102551, "diversity": 0.8537431498871777, "efficiency": 0.6689959421135294, "cost": 0.5618727363956845, "score": 0.5217745194325224}