{"quality": 0.8939681596483664, "novelty": 0.5278520051384016, "diversity": 0.4219206473459302, "efficiency": 0.05786144287958987, "cost": 0.3211154117869787, "score": 0.461105253901537}