{"quality": 0.37308337567253924, "novelty": 0.23327188158605858, "diversity": 0.24051904644151262, "efficiency": 0.38507457313355475, "cost": 0.504756216119311, "score": 0.22563235674468107}