{"quality": 0.7134592387273779, "novelty": 0.7889623283523876, "diversity": 0.9419440555563707, "efficiency": 0.09992981477708311, "cost": 0.3236188603149982, "score": 0.582294751002647}