{"quality": 1, "novelty": 1, "diversity": 0.8266036446218894, "efficiency": 0.5314432805775092, "cost": 0.34743282061348085, "score": 0.7602939389496561}