{"quality": 0.04112166084394395, "novelty": 0.6516822618331233, "diversity": 0.6527118486197035, "efficiency": 0.4338700449409222, "cost": 0.7706916822237374, "score": 0.29381077195416927}