{"quality": 0.8432140804942044, "novelty": 0.27150665185857975, "diversity": 0.6594349979230427, "efficiency": 0.5162711184765444, "cost": 0.9309879087711006}