{"quality": 0.6318673257617533, "novelty": 0.3851993079848526, "diversity": 0.2849511433365658, "efficiency": 0.311520147502207, "cost": 0, "score": 0.3895782755173834}