{"quality": 0, "novelty": 0.6314069243877749, "diversity": 1, "efficiency": 0.41423682384652777, "cost": 0.7309157895236428, "score": 0.3468956757215586}