{"quality": 0.8963172406094125, "novelty": 0.7930846039486009, "diversity": 0.2430172720440701, "efficiency": 0.4149010953097872, "cost": 0.7255262965204281, "score": 0.5054523122232132}