{"quality": 0.6858428521728308, "novelty": 0.6404026806530339, "diversity": 0, "efficiency": 0.7449926573126193, "cost": 0.8781980540197318, "score": 0.38978261901002736}