{"quality": 0.26521869577095614, "novelty": 0.05468282868246854, "diversity": 0.747656131660521, "efficiency": 0.8992019825878722, "cost": 0.481643282353147, "score": 0.3294835113868744}