{"quality": 0.6690205245586911, "novelty": 0.8604391589711781, "diversity": 0.4897769696348735, "efficiency": 0.0, "cost": 0.9082427055107899}