{"quality": 0.07580054038711809, "novelty": 0.5081262625480198, "diversity": 1, "efficiency": 0.7770013834957981, "cost": 0.17527493835732721, "score": 0.4487944414417774}