{"quality": 0.20878262549543197, "novelty": 0.2881974016990579, "diversity": 0.5220056614969254, "efficiency": 0.35464189104118327, "cost": 0.16927875915723412, "score": 0.27535367811323325}