{"quality": 0.265485275237774, "novelty": 1, "diversity": 0.43765734633625136, "efficiency": 0.5827643857341589, "cost": 0.7400513703201397, "score": 0.4305865726666923}