{"quality": 0.7368745791996334, "novelty": 0.371685680477011, "diversity": 0.09606569858581765, "efficiency": 0.4320777096251254, "cost": 0.4303527687952051, "score": 0.3549733131605546}