{"quality": 0.30752764214448536, "novelty": 0.29332436558106023, "diversity": 0.5182173325262536, "efficiency": 0.3383731875564187, "cost": 0.9107790096346575, "score": 0.2289109277138584}