{"quality": 0.8362222425129462, "novelty": 0.4313904274374645, "diversity": 0.05646418017292684, "efficiency": 1, "cost": 0.27757269222784375, "score": 0.49224984642505093}