{"quality": 0.308978213665182, "novelty": 0.726988766907543, "diversity": 0.4103668458004649, "efficiency": 0.5403179274077525, "cost": 0.5293921147840883, "score": 0.3846225026192874}