{"quality": 0.20437496452987852, "novelty": 0.7812785012206387, "diversity": 0.20828562789754218, "efficiency": 0.9704060695744459, "cost": 0.6195122175072383, "score": 0.38189892892907473}