{"quality": 0.1806215097755549, "novelty": 0.1824065633722628, "diversity": 0.3626903751007164, "efficiency": 1, "cost": 0.4262884577364942, "score": 0.27969732302222605}