{"quality": 0.9510741218319112, "novelty": 0.3548411883556575, "diversity": 0.83943093608204, "efficiency": 0.2746486556653797, "cost": 0.49688156071032, "score": 0.5334278631336706}