{"quality": 0.28379800871254474, "novelty": 0.42626868366761755, "diversity": 0.6964032846488104, "efficiency": 0.49115962732123564, "cost": 0.7122711233324496, "score": 0.33343406222537025}