{"quality": 0.4156467772888183, "novelty": 0.18658519108689803, "diversity": 0.40406594915353355, "efficiency": 0, "cost": 0.8192405367284035, "score": 0.17022946711623638}