{"quality": 0.25992648399912704, "novelty": 0.15964192750710443, "diversity": 0.48745828369185074, "efficiency": 0.47784991677546385, "cost": 1, "score": 0.18705757133120396}