{"quality": 0.7153788695709259, "novelty": 0.39435516041420543, "diversity": 0.7141298670210928, "efficiency": 0.41201547761492435, "cost": 0.09186615668445874, "score": 0.5086441303528404}