{"quality": 0.6690691035413714, "novelty": 0.14410946174436956, "diversity": 0.13581403989522745, "efficiency": 0.3330059282301294, "cost": 0.6326012233240891, "score": 0.2506016713796598}