{"quality": 0.962433831187206, "novelty": 0.5575283490408484, "diversity": 0.3783167050158953, "efficiency": 0.39575094245544573, "cost": 0.22864897873938594, "score": 0.5402733211139311}