{"quality": 0.497440343246673, "novelty": 0.5710323747083192, "diversity": 0.5096205370103148, "efficiency": 0.016176016395260534, "cost": 0.712904305679416, "score": 0.3250502759444922}