{"quality": 0.2680034783047297, "novelty": 0.3637729480448647, "diversity": 0.6133910077416775, "efficiency": 0.1932277031825031, "cost": 0.8547944966682373, "score": 0.23752718786152233}