{"quality": 0.584493734472551, "novelty": 0.5531888040119819, "diversity": 0.5828565160522885, "efficiency": 0.5276569371154716, "cost": 0.01954372070040547, "score": 0.5074107930524987}