{"quality": 0.43975235707521076, "novelty": 0.8208641926485893, "diversity": 0.4372192643083094, "efficiency": 0.39852354493897657, "cost": 0.5963595990037525, "score": 0.4247281799868437}