{"quality": 0.41310888195226725, "novelty": 0.9901810262447197, "diversity": 0.5117529089275774, "efficiency": 0.3908714672446495, "cost": 0.48006242622908835}