{"quality": 0.16476505459985263, "novelty": 0.7236632173773015, "diversity": 0.6389282854305899, "efficiency": 0.840656971820932, "cost": 0.25865314543532775, "score": 0.4583642090400062}