{"quality": 0.2877946501336612, "novelty": 0.7399049836467081, "diversity": 0.12144440988410637, "efficiency": 0.3124031068368511, "cost": 0.5081937563871539, "score": 0.2916446133154089}