{"quality": 0.44446955066969335, "novelty": 0.24217973352557842, "diversity": 0.503161723543366, "efficiency": 0.1782321570150224, "cost": 1, "score": 0.22125296684322918}