{"quality": 0.9704073200390742, "novelty": 0.9043579776393762, "diversity": 0.7226713031754045, "efficiency": 0.349535757153685, "cost": 0.9401446595487373, "score": 0.6201618486748262}