{"quality": 0.6267830539269674, "novelty": 0.8842009711806273, "diversity": 0, "efficiency": 0.2827548215076386, "cost": 0.13961914832367975, "score": 0.43753646736702484}