{"quality": 0.5081529076781846, "novelty": 0.7600136888648306, "diversity": 0.7599084909739393, "efficiency": 0.728142141529525, "cost": 0.09861978443461741, "score": 0.5937903355004179}