{"quality": 0.12414148324649188, "novelty": 0.7261894507283495, "diversity": 0.5259021012490535, "efficiency": 0.6774680994007465, "cost": 0.8654019737506189, "score": 0.3390502454408957}