{"quality": 0.07573385605332675, "novelty": 0.629005022210203, "diversity": 0.7931376180445605, "efficiency": 0.975609048690536, "cost": 1, "score": 0.3849402932810413}