{"quality": 0.7289943810743931, "novelty": 0.24147997914586716, "diversity": 0.18420365459263638, "efficiency": 0.23432526985929522, "cost": 0.7976196885607892, "score": 0.27129586165012737}