{"quality": 0.5597211310572581, "novelty": 0.8664539146700262, "diversity": 0.5879866902104469, "efficiency": 0.18467480751923132, "cost": 0.4278972272536851}