{"quality": 0.9066841657177107, "novelty": 0.8539125891080098, "diversity": 0.532137857019211, "efficiency": 0.25897945314733417, "cost": 0.21745146475812524, "score": 0.6090127398924455}