{"quality": 0.1643924740048045, "novelty": 0.35550363110646177, "diversity": 0.8973824583753298, "efficiency": 0.7374912775619091, "cost": 0.7158918440815802, "score": 0.3567046488792511}