{"quality": 0.23648550035688706, "novelty": 1, "diversity": 0.6903713444945223, "efficiency": 0.4485189423341816, "cost": 0.5620622938361424, "score": 0.47009153097248363}