{"quality": 0.6030024903368394, "novelty": 0.5546459451029218, "diversity": 0.3742081008852215, "efficiency": 0.6577002474440166, "cost": 0.7406935274756928, "score": 0.41898953792285976}