{"quality": 0.9107094584221143, "novelty": 0.27704454324000266, "diversity": 0.6902585035042114, "efficiency": 0.5853870001206984, "cost": 0.12432305081076106, "score": 0.5559014189745058}