{"quality": 0.32788509667271926, "novelty": 0.10094969293171899, "diversity": 0.031067029670634516, "efficiency": 0.3232523930485409, "cost": 0.1757442145850544, "score": 0.1607297956676481}