{"quality": 0.9848556840666451, "novelty": 0.9905553604935673, "diversity": 0.18688700248923285, "efficiency": 0.2594285971133313, "cost": 1, "score": 0.5193872354082316}