{"quality": 0.8504043340133226, "novelty": 0.28391820209591573, "diversity": 0.44186906445502333, "efficiency": 0.8108545282889243, "cost": 0.2790669589723051, "score": 0.5081961469650885}