{"quality": 0.5244442505379321, "novelty": 0.2124699752823505, "diversity": 0.9978749121619541, "efficiency": 0, "cost": 0, "score": 0.41002575141435804}