{"quality": 0.14164653292797252, "novelty": 0.6354999819862577, "diversity": 0.07343202855578425, "efficiency": 0.45057436440574133, "cost": 0.21931312099806843, "score": 0.26171020364716735}