{"quality": 0.5157522777320922, "novelty": 0.20915009068537416, "diversity": 0, "efficiency": 0.2236217550557269, "cost": 0.5642614275101112, "score": 0.1841303264983191}