{"quality": 0.2745191760135427, "novelty": 0.8184329630260252, "diversity": 0.8477447772157227, "efficiency": 0.215410142365151, "cost": 0.9664981471900315, "score": 0.39217465563948317}