{"quality": 0.8942028630208803, "novelty": 1, "diversity": 0, "efficiency": 0.47425981492450314, "cost": 0.49765545706605824, "score": 0.5396342854383337}