{"quality": 0.28028494170447604, "novelty": 0.056281612706968076, "diversity": 0.4158700911301809, "efficiency": 1, "cost": 0, "score": 0.331329903914121}