{"quality": 0.5584977467513909, "novelty": 0.28771070478072336, "diversity": 0, "efficiency": 0.16359242386476588, "cost": 0.43130107571496284, "score": 0.22088575622881665}