{"quality": 0.4056763173522047, "novelty": 0.6334412845001309, "diversity": 0.8441026201461959, "efficiency": 0.7290058703902836, "cost": 0.41127327568596633, "score": 0.5171072933498793}