{"quality": 0.7097990231658563, "novelty": 1.0, "diversity": 0.2735546520527402, "efficiency": 0.26201032453842626, "cost": 0.5660293693992359}