{"quality": 0.021112579156898598, "novelty": 0.6519718480329069, "diversity": 0.8802042981281956, "efficiency": 0.911998391755439, "cost": 0.248298885230894, "score": 0.45733746562116184}