{"quality": 0.8597361874686145, "novelty": 0.280222712104129, "diversity": 0.4972047580210411, "efficiency": 0, "cost": 0.58425270454211, "score": 0.36899221541661376}