{"quality": 0.5362827275209929, "novelty": 0.6436599384961823, "diversity": 0.7322587871224351, "efficiency": 0, "cost": 0.428700148679886, "score": 0.4253815454368419}