{"quality": 0.26063457789530997, "novelty": 0.364986468218233, "diversity": 0.12846440699267186, "efficiency": 0.290480137148623, "cost": 0.6435923837004036, "score": 0.17434265402393873}