{"quality": 0.7028868335515548, "novelty": 0.5582814631470925, "diversity": 0.963971045578268, "efficiency": 0.6596350620917217, "cost": 1, "score": 0.5421758842816514}