{"quality": 0.7839878924703305, "novelty": 0.47940383438405676, "diversity": 0.21968409680211037, "efficiency": 0.3875572968779117, "cost": 0.3667237939675311, "score": 0.4204453608324691}