{"quality": 0.6196522927174488, "novelty": 0.8909844578088473, "diversity": 0.03092293109245503, "efficiency": 0.6172473521281996, "cost": 0.508062747759592, "score": 0.4566072165292081}