{"quality": 0.24795098736735272, "novelty": 0.41870998837017115, "diversity": 0.43193169481477517, "efficiency": 0, "cost": 0.6623046014773298, "score": 0.19921867211797067}