{"quality": 0.3059817375767929, "novelty": 0.500427361104558, "diversity": 0.7909417714206605, "efficiency": 0.31653513397494193, "cost": 0.056950361696020135, "score": 0.41687494975994877}