{"quality": 0.7415817733946128, "novelty": 0, "diversity": 1, "efficiency": 1, "cost": 0.3211976488402673, "score": 0.5403547671343572}