{"quality": 0.991324124804497, "novelty": 0.9422260097586237, "diversity": 0.5879158872758784, "efficiency": 0.7627973717305138, "cost": 0.6111697009537456, "score": 0.7038395530003833}