{"quality": 0.21140449869797967, "novelty": 0.9750233793756112, "diversity": 0.3681009796717137, "efficiency": 0.6374550645332698, "cost": 0.03319528911583133, "score": 0.4730961211560468}