{"quality": 0.5901217056783502, "novelty": 0.1767651535165075, "diversity": 0.34239743427636704, "efficiency": 0.7677957735552612, "cost": 0.6771871524715742, "score": 0.3371579377240371}