{"quality": 0.6676030513550479, "novelty": 0.7118282103693848, "diversity": 1, "efficiency": 0.4759133559342891, "cost": 0.7820508289758141, "score": 0.5714198884914224}