{"quality": 0.5861988348743484, "novelty": 0.4677241460921654, "diversity": 0.9826571718794085, "efficiency": 0.9858521180205304, "cost": 0.47840540613413973, "score": 0.5893593984508931}