{"quality": 1, "novelty": 0.03724633438489955, "diversity": 0.7793358028446775, "efficiency": 0.9067584291298844, "cost": 0, "score": 0.601192508534643}