{"quality": 0.6968813905598101, "novelty": 0.7095557839716297, "diversity": 0.17554015904132805, "efficiency": 0.3356455312555226, "cost": 0.6664378124005844, "score": 0.405264443417386}