{"quality": 0.47387594682471057, "novelty": 0.47049920438423076, "diversity": 0.8199783316981364, "efficiency": 0.7634509098982338, "cost": 0.7108682302004559, "score": 0.46721406494778767}