{"quality": 0.3600486160099942, "novelty": 0.12689267764813156, "diversity": 0.8570032003139356, "efficiency": 0.9941720506587175, "cost": 1, "score": 0.3602642018766259}