{"quality": 0.10730088056183398, "novelty": 0.05523135265941623, "diversity": 0.1595169874394611, "efficiency": 0.2143257288457318, "cost": 0.8127957156843044, "score": 0.028770787579725773}