{"quality": 1, "novelty": 0.6293679463819366, "diversity": 0.6611685757173495, "efficiency": 0.6694266567903495, "cost": 0.3589007653448931, "score": 0.6540996237230171}