{"quality": 0.06289050514166888, "novelty": 0.4036359248454731, "diversity": 0.880338261778991, "efficiency": 0.24348366150412193, "cost": 0.9871938459557259, "score": 0.23364694973971278}