{"quality": 0.022095529388258428, "novelty": 0.13001969106658018, "diversity": 0.45758462293372587, "efficiency": 0, "cost": 0.44350574254556147, "score": 0.0862999319153116}