{"quality": 0, "novelty": 0.2615848011565068, "diversity": 0.6641590543940625, "efficiency": 0.8655545960353479, "cost": 0.4335737538086645, "score": 0.2847038251923749}