{"quality": 0.6425016168553419, "novelty": 0.9790397433566724, "diversity": 0.05792773456876654, "efficiency": 0.4020411341443226, "cost": 0.9750960252270225, "score": 0.41189253540847004}