{"quality": 0.1925169120246251, "novelty": 0.5283090001578722, "diversity": 0.9081648775333293, "efficiency": 0.9597108122762551, "cost": 0.06435246735950172}