{"quality": 0.5301246819493806, "novelty": 0.9687725792575208, "diversity": 0.1947079225374771, "efficiency": 0.5670492660253575, "cost": 0.6557508717144755, "score": 0.4596544366390458}