{"quality": 1, "novelty": 0.7359070036532891, "diversity": 0.17969790749939696, "efficiency": 0.7302586628565897, "cost": 0.3184120170056502, "score": 0.5976139301411251}