{"quality": 0.9708552436999005, "novelty": 0.5534951440209346, "diversity": 0.21098158319866164, "efficiency": 0.6748663842264238, "cost": 1, "score": 0.4730566333888997}