{"quality": 0.39751435242960653, "novelty": 0, "diversity": 0.6745329033893804, "efficiency": 0.7302908456575831, "cost": 0.9129069522738679, "score": 0.2724138180280087}