{"quality": 0.9306163655089956, "novelty": 0.9897969664480799, "diversity": 0.14708195475038968, "efficiency": 0.4069940004718215, "cost": 0.19902548410651838, "score": 0.5971970938749179}