{"quality": 0.06802581597237076, "novelty": 0.9850207956946397, "diversity": 0.6558202514525588, "efficiency": 1, "cost": 0.10958023124599627, "score": 0.5368689708812834}