{"quality": 0.19862869521487936, "novelty": 0.08206788566537579, "diversity": 0.6257548907764443, "efficiency": 0.7568868494569951, "cost": 0.733011734343837, "score": 0.24548841212026218}