{"quality": 0.9112731037781256, "novelty": 0.7947363999798998, "diversity": 0.8437047286303698, "efficiency": 0.785050147390948, "cost": 0.16689510705959215, "score": 0.7418749882571696}