{"quality": 0.11306506640208086, "novelty": 0.10441036022851577, "diversity": 0.41364348753356667, "efficiency": 0.32839174459375536, "cost": 0.7042991106286857, "score": 0.12157965811066128}