{"quality": 0.11874465805816534, "novelty": 0.6451467109850104, "diversity": 0.8537245041146453, "efficiency": 0.640694673804031, "cost": 0.8240966658996427, "score": 0.3813495104672716}