{"quality": 0.9303201570055399, "novelty": 0.4808744000392275, "diversity": 0.6022694115462661, "efficiency": 0.4534277690513762, "cost": 0.1434719238096136}