{"quality": 0.5713072893464204, "novelty": 0.15562885337684715, "diversity": 0.7985572164911233, "efficiency": 0.5233866152157897, "cost": 0.5284403003922715, "score": 0.39567480568950386}