{"quality": 0.9330340035283207, "novelty": 0.12160122785005956, "diversity": 0.13943196961433818, "efficiency": 0.42198589958327626, "cost": 0.16669079572035722, "score": 0.3848257073093344}