{"quality": 0.21778084544223753, "novelty": 0.8836243359121138, "diversity": 0.17522811754707013, "efficiency": 0.00508365460989213, "cost": 0.09293729355392019, "score": 0.3127547799562055}