{"quality": 0.3016553534438405, "novelty": 0.07654920829832076, "diversity": 0.06974945008487943, "efficiency": 0.3298420504004301, "cost": 0.1150554214938157, "score": 0.16155456353539116}