{"quality": 0.32650763303825325, "novelty": 0, "diversity": 0.1569212613773285, "efficiency": 0.3928010416489444, "cost": 0.637500358558118, "score": 0.12450666257847152}