{"quality": 0.0067604764170342, "novelty": 0.8406114780669554, "diversity": 0.4588468411864367, "efficiency": 0.3765093464901474, "cost": 1, "score": 0.2604267826526585}