{"quality": 0.82614342961982, "novelty": 0.4706227779510515, "diversity": 0.23179251789809885, "efficiency": 0, "cost": 0.787297994840687, "score": 0.33312742746925994}