{"quality": 0.13579061914722396, "novelty": 0.6232946982739898, "diversity": 0.24618111393980435, "efficiency": 1, "cost": 0.941173555896266, "score": 0.30167972751099886}