{"quality": 0.7555007539359084, "novelty": 0.5271717966479097, "diversity": 0.5699737993809639, "efficiency": 0.4431087768173118, "cost": 0.24229883160204263, "score": 0.5146743685813352}