{"quality": 1, "novelty": 0.28376969205617664, "diversity": 0.9849423037547915, "efficiency": 0.325969149400942, "cost": 0, "score": 0.6168262561751438}