{"quality": 0.4110353427620102, "novelty": 0, "diversity": 0.6544488635635073, "efficiency": 0.393600677343253, "cost": 0.37619703610594, "score": 0.27562077353219844}