{"quality": 0.08501493288140705, "novelty": 0.5426228057974831, "diversity": 0.4075919756982001, "efficiency": 0.05729966950224882, "cost": 0.9301734977324045, "score": 0.1582561771055298}