{"quality": 0.6311308999973944, "novelty": 0.44714221425734335, "diversity": 0.4895109779215079, "efficiency": 0.17111854765129608, "cost": 0.9849373360212343, "score": 0.3262010676934267}