{"quality": 0.16937937940227976, "novelty": 0.2797970804800194, "diversity": 0.5932221293762736, "efficiency": 0, "cost": 0.43986083080455024, "score": 0.19542142673548846}