{"quality": 1, "novelty": 0.28438446538662404, "diversity": 0.23668263548433183, "efficiency": 0.6602419807506367, "cost": 0.5110532159203159, "score": 0.4663636189640863}