{"quality": 0.6055522227207525, "novelty": 0.6768105683285952, "diversity": 0.7030250634611372, "efficiency": 0.1975274518148131, "cost": 0.990200193236515, "score": 0.42208242003917246}