{"quality": 0.638532638054348, "novelty": 0.15967262752775147, "diversity": 0.3391006977825128, "efficiency": 0.28549373542300704, "cost": 0.3635495707563559, "score": 0.3057671910925603}