{"quality": 0.25519619592099185, "novelty": 0.8547082630375022, "diversity": 0, "efficiency": 0.6778665123955967, "cost": 0.5483486829864603, "score": 0.33708103309636656}