{"quality": 1, "novelty": 0.04510922268576387, "diversity": 0.763621578713176, "efficiency": 0.8155186354942957, "cost": 0.8157380048710912, "score": 0.5047556162511114}