{"quality": 0.6558324645651668, "novelty": 0.5787315304081813, "diversity": 0.5322212000416029, "efficiency": 0.46084765620176416, "cost": 0.3502358044838435, "score": 0.4819804299617962}