{"quality": 0.5081802551913219, "novelty": 0.6690739111693288, "diversity": 0.2883379467364876, "efficiency": 0, "cost": 0.1472938181128355, "score": 0.36266076188574276}