{"quality": 0.5757800275621441, "novelty": 0, "diversity": 0.8786140527373902, "efficiency": 0.3092092925022167, "cost": 0.47501760662038317, "score": 0.3473364520294155}