{"quality": 0.5269904394484504, "novelty": 1, "diversity": 0.16262958134681915, "efficiency": 0.17551696563310715, "cost": 0.4610373310567729, "score": 0.42084685984318776}