{"quality": 0, "novelty": 0.6878138862040926, "diversity": 0.8172854772836347, "efficiency": 0.17060627254352734, "cost": 0.12594832040211268, "score": 0.34840667584906787}