{"quality": 0.20025837414123004, "novelty": 1, "diversity": 0, "efficiency": 0.729595274684526, "cost": 0.6487298256246827, "score": 0.3546438208825797}