{"quality": 0.9761352149020983, "novelty": 0, "diversity": 0.5696295096954943, "efficiency": 0.21773749079403937, "cost": 0.561559986901253, "score": 0.38327109133870896}