{"quality": 0.25929627549723067, "novelty": 0.7754954393906055, "diversity": 0.876581356343267, "efficiency": 0.09362140785315418, "cost": 0.17308600742345076, "score": 0.443713624201102}