{"quality": 0.3412723102214064, "novelty": 0.4463635050416501, "diversity": 0.9673559542934976, "efficiency": 0.7193457830809389, "cost": 0.9292327738707111, "score": 0.42242235026060365}