{"quality": 0.5423620003825589, "novelty": 0.12170218818719952, "diversity": 0.4139063842159533, "efficiency": 0.5814045548693088, "cost": 0.1825770546553011, "score": 0.3448684017696244}