{"quality": 0.5008478375110001, "novelty": 0.9010177997694209, "diversity": 0.04137439966654133, "efficiency": 0.3040520032291923, "cost": 0.12010177245790982, "score": 0.4173813043675514}