{"quality": 0.15644738374921852, "novelty": 0.00750625272908495, "diversity": 0.446354011287628, "efficiency": 0.19230263445085788, "cost": 0.8740692558074028, "score": 0.0795200501514508}