{"quality": 0.0459840040080822, "novelty": 0.31023147292821784, "diversity": 0.6226227304258208, "efficiency": 0.1910304296578091, "cost": 0.8618128141533288, "score": 0.1583508985529818}