{"quality": 0.7041058106561686, "novelty": 0.6623410893216211, "diversity": 0.8096297608071656, "efficiency": 0.21386430234381573, "cost": 0.41389405647851696, "score": 0.5294332073924097}