{"quality": 0.5220982838339224, "novelty": 0.3930767688362318, "diversity": 0.42396379693283204, "efficiency": 0.31132170988441804, "cost": 0.29576581584058537, "score": 0.3568131116444052}