{"quality": 0.396565974941585, "novelty": 0.8952553301934113, "diversity": 0.6348666202463498, "efficiency": 0.6688932383644075, "cost": 0.5287394482032011, "score": 0.5172169900144392}