{"quality": 0.38364483417280865, "novelty": 0.2831820805460453, "diversity": 0.22692924994451874, "efficiency": 0.507449876002332, "cost": 0.8141891631651903, "score": 0.22597338546108842}