{"quality": 0.35349039967480594, "novelty": 0.4532498437245351, "diversity": 1, "efficiency": 0.3019411896401773, "cost": 0.6330510073532123, "score": 0.4013456585442809}