{"quality": 0.831919154189718, "novelty": 0.16973404824548083, "diversity": 0.444059537994633, "efficiency": 0.6919098825330547, "cost": 1, "score": 0.3846076482971703}