{"quality": 1, "novelty": 0.6188981749528886, "diversity": 0.4364539294116301, "efficiency": 0.4228623813037681, "cost": 0.17709800338981158, "score": 0.5877348864771321}