{"quality": 1, "novelty": 0.1293724118338136, "diversity": 0.3940553424029653, "efficiency": 0.2911802085713057, "cost": 0.27530517122826975, "score": 0.42730068560191525}