{"quality": 0.9036031879587337, "novelty": 1, "diversity": 0.5276467523258197, "efficiency": 0.8106257442483226, "cost": 0.2385862773520323, "score": 0.7243455407548293}