{"quality": 0.5276811389353279, "novelty": 0.11700149428428896, "diversity": 0.8759726950448101, "efficiency": 0.2898981265292291, "cost": 0.8267534787589299, "score": 0.32355862536412405}