{"quality": 0.44961861622140004, "novelty": 0.2379383607253318, "diversity": 0.5754116630086136, "efficiency": 0.8151638359778965, "cost": 0.48898821394726644, "score": 0.38282826165143347}