{"quality": 0.49663009467153607, "novelty": 0.9021347109224797, "diversity": 0.7257650269609297, "efficiency": 0.40327736514879986, "cost": 0.1991846707944031, "score": 0.5602488492171463}