{"quality": 0.2577657981667618, "novelty": 0.015583798074724042, "diversity": 0.5294851048055919, "efficiency": 0.7691190787123232, "cost": 0, "score": 0.30249057173667643}