{"quality": 0.4038888569617251, "novelty": 0.5116213110262882, "diversity": 0.6363243110370118, "efficiency": 0.2850470373168746, "cost": 0.8547912052591697, "score": 0.3336147821241061}