{"quality": 0.9535398687613866, "novelty": 0.8580068114147379, "diversity": 0.32601905703300216, "efficiency": 0.6846497725759302, "cost": 0.9467171111573823, "score": 0.5737932296593522}