{"quality": 0.11605104722377868, "novelty": 0.6091263156607756, "diversity": 0.5169159126642429, "efficiency": 1, "cost": 0.23763003264297816, "score": 0.4167170723508783}