{"quality": 0, "novelty": 0.02085678571249089, "diversity": 0.20045660871043075, "efficiency": 0.23658424865409228, "cost": 0.1518291545149204, "score": 0.06561024001683068}