{"quality": 0.9386052965212299, "novelty": 0.0, "diversity": 0.7585684081627445, "efficiency": 0.4637841131108744, "cost": 0.2704191852710336}