{"quality": 0.8418787057687305, "novelty": 0.07348706501071653, "diversity": 0.5250000729728107, "efficiency": 0.7758508962189514, "cost": 0.9722687007565557}