{"quality": 0.37344369334391625, "novelty": 0, "diversity": 0.5949419479272491, "efficiency": 0.394040023895463, "cost": 1, "score": 0.19012750117294416}