{"quality": 0.6460952632929531, "novelty": 0.8968663678924351, "diversity": 0.5775198804522019, "efficiency": 0.47019269036556804, "cost": 0.24924687554772113, "score": 0.5791533630514982}