{"quality": 0.6215878220152528, "novelty": 0.9165288026290466, "diversity": 0.8289721984894061, "efficiency": 1, "cost": 0.8761778077986249, "score": 0.6437852061798562}