{"quality": 0.5326902238470559, "novelty": 0.178615232213208, "diversity": 0.4752364583609519, "efficiency": 0.7587689542505635, "cost": 0.8853432206933176, "score": 0.3247891879478619}