{"quality": 1, "novelty": 0.9750784464835495, "diversity": 0.04988611725922587, "efficiency": 0.8038925738833009, "cost": 0.49005483116249104, "score": 0.6253252380389785}