{"quality": 0.3183996006053397, "novelty": 0.017087453580846845, "diversity": 0.0014545490903542235, "efficiency": 0.15200185002219796, "cost": 0.5865492720597296, "score": 0.06422800369224119}