{"quality": 0.29999487423387894, "novelty": 0.472286344259063, "diversity": 0.639633649898386, "efficiency": 0.46034958442943275, "cost": 0.7346445837663277, "score": 0.33158475760238876}