{"quality": 0.7383028669906919, "novelty": 0.44483546948991676, "diversity": 0.726781561821465, "efficiency": 0.5599665726577931, "cost": 0.3878509251350563, "score": 0.523265933219143}