{"quality": 0.5985883879949057, "novelty": 0, "diversity": 0.27775038888945186, "efficiency": 0.8421417010169256, "cost": 0.313110482076116, "score": 0.3301368011212893}