{"quality": 0.07383307584256482, "novelty": 0.7589885123289003, "diversity": 0.513567566540696, "efficiency": 0.9101976313728641, "cost": 0.12551478894403398, "score": 0.43858872995466}