{"quality": 0.48571260848671066, "novelty": 0.37198441224148404, "diversity": 1, "efficiency": 0.29669089256699466, "cost": 0.5073831033452488, "score": 0.4324752091569085}