{"quality": 0.15585162297216346, "novelty": 0.9485868339027232, "diversity": 0.4551398356041474, "efficiency": 0, "cost": 0.44518868852274784, "score": 0.33041129363588456}