{"quality": 0.9838152753680942, "novelty": 0.3222677695126479, "diversity": 0.053523397000886375, "efficiency": 0.12285944001886695, "cost": 0.4010592119693553, "score": 0.364739199194662}