{"quality": 0.8551555139311364, "novelty": 0.24998881284674457, "diversity": 0.4279562988386594, "efficiency": 0.8282756881613058, "cost": 0.9273730789663428, "score": 0.43613916248632045}