{"quality": 0.4238005884756244, "novelty": 0.48842068736437805, "diversity": 0.5047975377020226, "efficiency": 0.20139621783717052, "cost": 0.3260234259932937, "score": 0.3478119460004326}