{"quality": 0.8254669055994431, "novelty": 0.2476636738769704, "diversity": 1, "efficiency": 0.33541934893864617, "cost": 0, "score": 0.5598688924898725}