{"quality": 0.8050342127379052, "novelty": 0.9969351916721509, "diversity": 0.9029774176216973, "efficiency": 0.11983605901000546, "cost": 0.4381041150849269, "score": 0.6455045426067568}