{"quality": 0.2988725773245395, "novelty": 0.7932205176214584, "diversity": 0.6478118830218673, "efficiency": 0.4306046410042209, "cost": 0.7386558274938452, "score": 0.4082543926083485}