{"quality": 0.7368925222064395, "novelty": 0.8505931548931203, "diversity": 0.8155872255790264, "efficiency": 0.37497476536922064, "cost": 0.25907214635471776, "score": 0.6271724906709285}