{"quality": 0, "novelty": 0.4690387625850367, "diversity": 0.583278590241455, "efficiency": 0.9267038124157136, "cost": 0.4023007118120887, "score": 0.3326909093756984}