{"quality": 0.6840413115710926, "novelty": 0, "diversity": 0, "efficiency": 0.7894165515962305, "cost": 0.7592438615692525, "score": 0.2477004900538371}