{"quality": 0.4914187912744715, "novelty": 0.8528655658377319, "diversity": 0.8586879223211052, "efficiency": 0.9287624754162666, "cost": 0.3443261872035085, "score": 0.6372613658980846}