{"quality": 0.08814352003602718, "novelty": 0.22036674526671307, "diversity": 0.11208344027497341, "efficiency": 0.2107982981331632, "cost": 0.7517193423138102, "score": 0.060399240871074567}