{"quality": 0.5825214179528663, "novelty": 0.7784262028538951, "diversity": 0.9671238582181414, "efficiency": 0.14201775053644344, "cost": 0.7823688985210498, "score": 0.5058535204713235}