{"quality": 0.697802016377095, "novelty": 0.9363852462994986, "diversity": 0.4697734123885213, "efficiency": 0.3579591647625414, "cost": 0.6914944790442611, "score": 0.5219360257756626}