{"quality": 0, "novelty": 0.7146799849751915, "diversity": 0.6904202151113865, "efficiency": 0.19009984152528558, "cost": 0.5604530682876179, "score": 0.2892237086661062}