{"quality": 0.7107220543695099, "novelty": 0.7208668507585261, "diversity": 1, "efficiency": 0.0426516366047586, "cost": 0, "score": 0.5998310744911983}