{"quality": 0.0689095056081458, "novelty": 0.7207387895635723, "diversity": 0.7704580564376304, "efficiency": 0.0017098567470767712, "cost": 0.2817712698084649, "score": 0.3270285118920779}