{"quality": 0.37013111858692416, "novelty": 0.9683327486027986, "diversity": 0.8527242594974157, "efficiency": 0.04091844036657903, "cost": 0.1180931079124856}