{"quality": 0.17713501770955198, "novelty": 0.26203812397915976, "diversity": 0.05867295807292486, "efficiency": 0.8702486483402139, "cost": 0.4578988901871235, "score": 0.21513203615456028}