{"quality": 0.30687473671728355, "novelty": 0.2370657734254377, "diversity": 0.22909300740304034, "efficiency": 0.42913635446001946, "cost": 0, "score": 0.2615179190211555}