{"quality": 0.47124459096384624, "novelty": 0.47862217798153894, "diversity": 0.38683442652151573, "efficiency": 0.11399179149412875, "cost": 0.8421497168488532, "score": 0.2712796041280757}