{"quality": 0.46027844457592115, "novelty": 0.5107428264077178, "diversity": 0, "efficiency": 0.5286840971205438, "cost": 0.44672974098587104, "score": 0.30039888044420027}