{"quality": 0.7242191225830396, "novelty": 0.19288000937175837, "diversity": 0.5473127689374939, "efficiency": 0.01314524052704863, "cost": 0.8341882041812545, "score": 0.29350125856628206}