{"quality": 0.8643472541230246, "novelty": 1, "diversity": 0.19587493572092515, "efficiency": 0.5391229812253586, "cost": 0.5888707497224683, "score": 0.5704605355926493}