{"quality": 0.26446826273022955, "novelty": 0.40547802130249677, "diversity": 0.8477027007721541, "efficiency": 0.8148000111382128, "cost": 0.6755133957055297, "score": 0.40491918639930286}