{"quality": 0.07791163568468723, "novelty": 0.2927548699829809, "diversity": 0.09724459547454176, "efficiency": 0.9703881920095083, "cost": 0.6536427424714724, "score": 0.19620508185033875}