{"quality": 0, "novelty": 0.9020709551846404, "diversity": 0.15609586007039977, "efficiency": 0.44811277069811306, "cost": 0.7571203959962791, "score": 0.24824178681532916}