{"quality": 0.6469367212595905, "novelty": 0.47359632848886224, "diversity": 0.8872155915503276, "efficiency": 0.14212106587070772, "cost": 0.5678559771473918, "score": 0.45445577897602524}