{"quality": 0.7218991359896269, "novelty": 0.13621967984150277, "diversity": 0.08699839933923564, "efficiency": 0.9215886199849777, "cost": 0.7939976417060729, "score": 0.32686286945225024}