{"quality": 0.3777285975703807, "novelty": 1, "diversity": 0.03839522613601021, "efficiency": 0.7136867316051504, "cost": 0.8007185273177715, "score": 0.39797878150731164}