{"quality": 0.12474960957850209, "novelty": 0.7271417182403084, "diversity": 0.3415200190557379, "efficiency": 0.23355739110335916, "cost": 0.5274212555212059, "score": 0.26980579935815857}