{"quality": 0.9801055542913739, "novelty": 0.8604208582122065, "diversity": 0.2970775072325932, "efficiency": 0.11393482725358747, "cost": 0.32450198072525555, "score": 0.553192408302495}