{"quality": 0.4306400420433695, "novelty": 0.2091837907322155, "diversity": 0.23324480042967752, "efficiency": 0.6495448946417834, "cost": 0.04005078071922116, "score": 0.3215635765063456}