{"quality": 0.7975141057214501, "novelty": 0.540931770974147, "diversity": 0.6727035528358489, "efficiency": 0.22802375541352654, "cost": 0.581204954423879, "score": 0.4851109528967827}