{"quality": 0.8342288767387539, "novelty": 0.2190335727965746, "diversity": 0.6490061262996855, "efficiency": 0.9263318530874841, "cost": 0.9039543550810909}