{"quality": 0.5983809765257297, "novelty": 0.4164031988409286, "diversity": 0.7435993545004782, "efficiency": 0, "cost": 0.5051886247165434, "score": 0.38181610109639236}