{"quality": 0.6436703603043834, "novelty": 1, "diversity": 0.5868974509398244, "efficiency": 0.10814890416111692, "cost": 0.7071001371384322, "score": 0.5059929201896042}