{"quality": 1, "novelty": 0.7133113602873461, "diversity": 0.0719162312998775, "efficiency": 0.40433554907378244, "cost": 0.05691021853615741, "score": 0.5476703968392637}