{"quality": 0.5179726886743808, "novelty": 0.1369734563188339, "diversity": 0.8244393588961161, "efficiency": 0.8221687418827542, "cost": 0.009344075973170163, "score": 0.47691394614634214}