{"quality": 0.8511140446816259, "novelty": 0.35896732966090134, "diversity": 0.5302290611958816, "efficiency": 0.4667927110675003, "cost": 0, "score": 0.5211407647190144}