{"quality": 0.9346741992780767, "novelty": 0, "diversity": 0.2750775942660885, "efficiency": 0.1635948170367843, "cost": 0.449281728272011, "score": 0.31502882836495727}