{"quality": 1, "novelty": 0.20217354553602523, "diversity": 0, "efficiency": 0.7239053366476895, "cost": 0.1774879487344071, "score": 0.441380392007719}