{"quality": 0.0665760883532665, "novelty": 0.8939514700964146, "diversity": 0.24302163961812767, "efficiency": 0.4997252483388619, "cost": 0.9586570806934357, "score": 0.27115810113519484}