{"quality": 0.21354969577103977, "novelty": 0.30109809091257467, "diversity": 0.19399222502557972, "efficiency": 0, "cost": 0, "score": 0.17813787646457155}