{"quality": 0.856213768501133, "novelty": 0.0, "diversity": 0.7006973437183968, "efficiency": 0.8919140602071324, "cost": 0.7919833482112446}