{"quality": 0.5975198210549935, "novelty": 0.7533369186951832, "diversity": 1.0, "efficiency": 0.9354375812307045, "cost": 0.0}