{"quality": 0.7036065203190301, "novelty": 1, "diversity": 0.5247217787892633, "efficiency": 0.24067485449649473, "cost": 0.44032541792325985, "score": 0.55809499823571}