{"quality": 0.5892924977622851, "novelty": 0.42078807728736334, "diversity": 0.033975230210153196, "efficiency": 0.9515687639864496, "cost": 0.4222467606045919, "score": 0.38929045323006517}