{"quality": 0.9801354914009517, "novelty": 0.5557068779472251, "diversity": 0.18600217848123085, "efficiency": 0.752484865692158, "cost": 1, "score": 0.4830405324571617}