{"quality": 0.8202520077641583, "novelty": 0.5680251393937219, "diversity": 0.6645463282737695, "efficiency": 0.31328639359932814, "cost": 1, "score": 0.467984111872331}