{"quality": 0.6342767462947765, "novelty": 0.8944003223828898, "diversity": 0.8505884197098899, "efficiency": 0.5891812170209644, "cost": 0.39839815624558705, "score": 0.6325381553547192}