{"quality": 0.0593003383688549, "novelty": 0.4321688988803733, "diversity": 0.18699046263475672, "efficiency": 0.29094697007542686, "cost": 0.7988099854457407, "score": 0.1269914657244411}