{"quality": 0.7693270675197815, "novelty": 0.5942008973661841, "diversity": 0.8096354075625776, "efficiency": 0.368762255908794, "cost": 0.4718498803665793, "score": 0.5494047764596571}