{"quality": 0.17317279843526645, "novelty": 0.7447897111241654, "diversity": 1.0, "efficiency": 0.7058990391585704, "cost": 0.9992509274829295}