{"quality": 0.6294346581720209, "novelty": 0, "diversity": 0.4350797934716321, "efficiency": 0.17725875624033705, "cost": 0.7582426519552964, "score": 0.2266109043864536}