{"quality": 0.34488634710131294, "novelty": 0.45813280965048225, "diversity": 0.36856214493623224, "efficiency": 0.34703068577600066, "cost": 0.7551933058835352, "score": 0.2682468078083074}