{"quality": 0, "novelty": 0.025474698516611355, "diversity": 0.3338569537185465, "efficiency": 0.13505790107418641, "cost": 0, "score": 0.09339875053399009}