{"quality": 0.8957468529647303, "novelty": 0.5093397000774076, "diversity": 0.5708914389628403, "efficiency": 0.756078883256134, "cost": 0.16880591244501172}