{"quality": 0, "novelty": 0.07881014648815743, "diversity": 0.2806936823861687, "efficiency": 0.45316499856221154, "cost": 0.1934259622570783, "score": 0.12447342665789701}