{"quality": 0.53118892086091, "novelty": 0.9049097436060879, "diversity": 0.24137560875351532, "efficiency": 0.5075994699590002, "cost": 0.23423934709414743, "score": 0.48657521969493334}