{"quality": 0.662073498997944, "novelty": 0.718070923460498, "diversity": 0.4334910416419842, "efficiency": 0.43638087440260764, "cost": 0.9507989937757693, "score": 0.4352152206757188}