{"quality": 0.5138683637224063, "novelty": 0.7520620082581977, "diversity": 0.5914059308902968, "efficiency": 0.865031284677396, "cost": 0.27656049746981304, "score": 0.5625558403139588}