{"quality": 0.46465458470926985, "novelty": 0.8590329217332382, "diversity": 0.25993839863652557, "efficiency": 0.7261546384622043, "cost": 0.5605327364608303, "score": 0.4590122076966432}