{"quality": 0.6515801050281508, "novelty": 0.6958089187290526, "diversity": 0.6523395176956938, "efficiency": 0.6029694737955773, "cost": 0.9308475921532922, "score": 0.49725482658385456}