{"quality": 0.04651344953872266, "novelty": 0.6444821816364082, "diversity": 0.8194963629641283, "efficiency": 0.6141971049840915, "cost": 0.43103520265462847}