{"quality": 0.41140237702297505, "novelty": 0.1321243858640783, "diversity": 0.189652742303364, "efficiency": 0.688562397535051, "cost": 0.20876049668636187, "score": 0.27679066799520635}