{"quality": 0.2634531356342813, "novelty": 0.20245412752450176, "diversity": 0.764073296783392, "efficiency": 0.9718900426652199, "cost": 0.5311481658957811, "score": 0.3751328217382931}