{"quality": 0.43278702376205225, "novelty": 0.7132751047358307, "diversity": 0.3227616507975531, "efficiency": 0.33517502064266835, "cost": 0.1804756277373865, "score": 0.4049359037947456}