{"quality": 0.947512779955192, "novelty": 0.5042868248662973, "diversity": 0.043573863897070686, "efficiency": 0.6448045273855512, "cost": 0.7515126641297364, "score": 0.4406097256774051}