{"quality": 0.30145906045456233, "novelty": 0.1243857901685115, "diversity": 0.6383635485460145, "efficiency": 0.13234990431505578, "cost": 0.8720864064406466, "score": 0.1818507203908932}