{"quality": 0.17566810692470736, "novelty": 0.9087953124638526, "diversity": 0.1936404251972444, "efficiency": 0.3715637791248018, "cost": 0.6453242116503606, "score": 0.3098294909365084}