{"quality": 0.3838194966614959, "novelty": 0.9309724005136049, "diversity": 0.31494720265345416, "efficiency": 0.9834465031354166, "cost": 0.14304473618767255, "score": 0.544090891509086}