{"quality": 0.6414083420935077, "novelty": 0.5337561468091079, "diversity": 0.8560721939013117, "efficiency": 0.45921087622761225, "cost": 0.4537112245765848, "score": 0.5205864870870749}