{"quality": 0.5012806016311351, "novelty": 0.20782406820996147, "diversity": 0.061993178671842175, "efficiency": 0, "cost": 0.6321019298607173, "score": 0.15152864029012758}