{"quality": 0.5330394352166908, "novelty": 0.8907107671328633, "diversity": 0.5217058687596723, "efficiency": 1, "cost": 0.16085492067562673, "score": 0.6208452040325948}