{"quality": 0.5526031348623872, "novelty": 0.6168815123901517, "diversity": 0.2424684265753969, "efficiency": 0.6076712354568499, "cost": 1, "score": 0.35964568918986095}