{"quality": 0.6308031095539484, "novelty": 0.6659495427691214, "diversity": 0.6734314473244475, "efficiency": 0.16339068627221834, "cost": 0.8442219876678175, "score": 0.4305010121974054}