{"quality": 0.9385535100487609, "novelty": 0.061890209094494, "diversity": 0.6328745904135608, "efficiency": 0.777037113184474, "cost": 0.9618937213786087, "score": 0.44397971821077403}