{"quality": 0.23959586988038578, "novelty": 0.38018429167048856, "diversity": 0.23739155178989502, "efficiency": 0.526137341773089, "cost": 0.4561258331899533, "score": 0.2477111621866849}