{"quality": 0.6513448379654397, "novelty": 0.5501466215820986, "diversity": 0.567218429803424, "efficiency": 0.428584347931701, "cost": 0.22605478354223282, "score": 0.4880659665813733}