{"quality": 0.13273168445103625, "novelty": 0.8241473112798063, "diversity": 0.08496971252937735, "efficiency": 0.473386839336194, "cost": 0.3004693166746907, "score": 0.30381136989409796}