{"quality": 0.3447170734166713, "novelty": 0.29197625235401947, "diversity": 0.8477937414591564, "efficiency": 0.335108862459108, "cost": 0.5990936789788345, "score": 0.33632489487632033}