{"quality": 0.7720387643888379, "novelty": 0.5510074880969099, "diversity": 0.45341299145742564, "efficiency": 0.5997867730316642, "cost": 1, "score": 0.4500141155871136}