{"quality": 0.1626898036784188, "novelty": 0.3529763097646512, "diversity": 0.4786315495503232, "efficiency": 0.9066876867581993, "cost": 0.6576968165505888, "score": 0.3030107998134241}