{"quality": 0.6786821870609623, "novelty": 0.44954742767991357, "diversity": 0.09063976274222296, "efficiency": 1, "cost": 0.30464708067806845, "score": 0.45365475751890477}