{"quality": 0.16565913851408828, "novelty": 0.051897313779167994, "diversity": 0.21872442169192668, "efficiency": 0.9390443660076486, "cost": 0.7415977632976881, "score": 0.1731138329087823}