{"quality": 0.43212557140177127, "novelty": 0.387237303313009, "diversity": 0.07157299688568347, "efficiency": 0.24807812891356568, "cost": 0.9475743959905534, "score": 0.1832158763638998}