{"quality": 0.5461505239330418, "novelty": 0.6048058039280684, "diversity": 0.8858588611234148, "efficiency": 0.28791387296889265, "cost": 0.006650322071794307, "score": 0.534740429124767}