{"quality": 0.6564400278477244, "novelty": 0.3439424454714475, "diversity": 0.7809126228099262, "efficiency": 0.33500082659454755, "cost": 0.9775070442765629, "score": 0.3915995638456903}