{"quality": 0.4997330620867836, "novelty": 0.6465000604956017, "diversity": 0.949492681724475, "efficiency": 0.5678150807960887, "cost": 0.5423550158518924, "score": 0.5323802306290546}