{"quality": 0.1442450402119149, "novelty": 0.6423104132342712, "diversity": 0.7315517553820412, "efficiency": 0.9881378191821302, "cost": 0.3325266806170739, "score": 0.46512947126416265}