{"quality": 0.9847367548318522, "novelty": 0.5084652640600308, "diversity": 0.37214700047022403, "efficiency": 1, "cost": 0.8417747577820449, "score": 0.5627892667804035}