{"quality": 0.6422366933196482, "novelty": 0.8666674299603406, "diversity": 0.25852199461311876, "efficiency": 0.3270685130275398, "cost": 0.23030290322097383, "score": 0.487072251040637}