{"quality": 0.34560084080395326, "novelty": 0.791026353277816, "diversity": 0.6386965092410581, "efficiency": 0.9579436942711462, "cost": 0.7273924050696559, "score": 0.500128456042558}