{"quality": 0.7999868846054021, "novelty": 0.03505351466584462, "diversity": 0.2800239436513512, "efficiency": 0.39772106687333836, "cost": 0.3568599722299207, "score": 0.3287363955863607}