{"quality": 0.8446017235520409, "novelty": 0.7686137513222626, "diversity": 0.7514281147919819, "efficiency": 0.06199424920986028, "cost": 0.9458850926873809}