{"quality": 0.9095197303242142, "novelty": 0.9532877833601014, "diversity": 0.6563025730482396, "efficiency": 0.35194207696501895, "cost": 0.9444001160419071}