{"quality": 1, "novelty": 0.4292331156667418, "diversity": 0.6164542750825116, "efficiency": 0.45059842686412444, "cost": 0.36371596384152766, "score": 0.5618173015786536}