{"quality": 0.36749519402055153, "novelty": 0.4575067812474354, "diversity": 0.7000274639205714, "efficiency": 0.6181238081309666, "cost": 0.23740889372725238}