{"quality": 0.3228563846391428, "novelty": 0.9409288090483144, "diversity": 0.8169179794118836, "efficiency": 0.7051639619592844, "cost": 0.9308598059392116, "score": 0.5081613272361697}