{"quality": 0.9985574735754111, "novelty": 0.5919274611392191, "diversity": 0.6323772626070623, "efficiency": 0.9929850143073897, "cost": 0.9840201231089636}