{"quality": 0, "novelty": 0.5376223153969575, "diversity": 0.05472441249419238, "efficiency": 0.40454749226396947, "cost": 0.25126251115647436, "score": 0.18090633407202583}