{"quality": 0.3345297102555227, "novelty": 0.4589208525695988, "diversity": 0.11960758905470331, "efficiency": 0.8032299099437237, "cost": 0.5936897267120127, "score": 0.3001261578503544}