{"quality": 0.5811163182285616, "novelty": 0, "diversity": 0.8100506589958055, "efficiency": 0.9258233447094546, "cost": 0.6903376602779759, "score": 0.40618476294635025}