{"quality": 0.14645772579905242, "novelty": 0.30691339068431406, "diversity": 0.5695131133077607, "efficiency": 0.5939266257045248, "cost": 0.25079227806938925, "score": 0.2985780541210861}