{"quality": 0, "novelty": 0.2314183506277095, "diversity": 0.4326323296378191, "efficiency": 0.20655050390992952, "cost": 0.31677178910608167, "score": 0.14368645026037247}