{"quality": 0.46252639951406593, "novelty": 0.21601019980171582, "diversity": 0.4642325600756697, "efficiency": 0.06948619960016653, "cost": 0.7525530354135352, "score": 0.22077460821845413}