{"quality": 0.19593227445151168, "novelty": 0.06191015787973403, "diversity": 0.2892656462344641, "efficiency": 0.4688330048581143, "cost": 0.8119593950473667, "score": 0.1212393622762603}