{"quality": 0.20588103522023365, "novelty": 0.39168440575756547, "diversity": 0, "efficiency": 0.5335466151124433, "cost": 0.849868543830685, "score": 0.15473054988925944}