{"quality": 0.6106868704117665, "novelty": 0.18866752193239936, "diversity": 0.5977113725900308, "efficiency": 1, "cost": 0.8331954964557386, "score": 0.4165956664790621}