{"quality": 0.7956738849962073, "novelty": 0.25183193788660757, "diversity": 0, "efficiency": 0.19587086820935695, "cost": 0.04005866785274306, "score": 0.32703491341664326}