{"quality": 0.21298365926282048, "novelty": 0.4236955892434371, "diversity": 0.6531047287013901, "efficiency": 0.9534127022087626, "cost": 0.5405572288940261, "score": 0.3893961232718952}