{"quality": 0.8220942185982356, "novelty": 0.556342853794285, "diversity": 0.7392025244074292, "efficiency": 0.4592048484747372, "cost": 0.6070521126081424, "score": 0.5417299999199241}