{"quality": 0.46558287211419586, "novelty": 0.43554917456305114, "diversity": 0, "efficiency": 0.26613529078698045, "cost": 0.4958652170986866, "score": 0.2388959271831999}