{"quality": 1, "novelty": 0.36002303034628297, "diversity": 0.06902301950076722, "efficiency": 0.3649702042180425, "cost": 0.3404330885458881, "score": 0.42451258326484176}