{"quality": 0.026298208325122724, "novelty": 0.6469952887665552, "diversity": 1, "efficiency": 1, "cost": 0.19763472619297323, "score": 0.49987481206987827}