{"quality": 1.0, "novelty": 0.8036727970206774, "diversity": 0.6535369596427092, "efficiency": 0.5209689275177911, "cost": 0.18553869906777676}