{"quality": 0.36020442492577337, "novelty": 0.04467657988159082, "diversity": 0.5572922763937622, "efficiency": 0.23260579303709394, "cost": 1, "score": 0.16557979668244624}