{"quality": 0.8377413004898133, "novelty": 0.7155989985683975, "diversity": 0.14674935120914256, "efficiency": 0.36120761849497807, "cost": 0.07414186135071346, "score": 0.5063389666700472}