{"quality": 0.673036138809258, "novelty": 1, "diversity": 0.5740920961444149, "efficiency": 0.24876566903185532, "cost": 0.4536991547044005, "score": 0.5586741957559987}