{"quality": 0.5918797955451243, "novelty": 0.5320923331926126, "diversity": 0, "efficiency": 0.3022914775932025, "cost": 0.6858513474953853, "score": 0.28734560885113225}