{"quality": 0.22478202575041306, "novelty": 0.9171521118776972, "diversity": 0, "efficiency": 0.5417566325727667, "cost": 1, "score": 0.2779861305804632}