{"quality": 0.0, "novelty": 0.972453496871881, "diversity": 0.897240776716721, "efficiency": 0.6024154315158425, "cost": 0.38322718114574655}