{"quality": 1, "novelty": 0.3489933963022707, "diversity": 0.5968721771831977, "efficiency": 0.6969652171314418, "cost": 0.8055246383389721, "score": 0.5306151032480262}