{"quality": 0.5655196919999348, "novelty": 0.3430499250836634, "diversity": 0.5515479619008188, "efficiency": 1, "cost": 0.3486757807243954, "score": 0.48086040317862044}