{"quality": 0.512239888596796, "novelty": 0.7702795026202244, "diversity": 0.9800877017912286, "efficiency": 0.23261914309523202, "cost": 0.5096996898830155, "score": 0.5261822850683239}