{"quality": 0.03797313167608965, "novelty": 0.7846978125303445, "diversity": 0.25832383901542005, "efficiency": 0.5489945939024293, "cost": 0.11060797418112278, "score": 0.3305195521057491}