{"quality": 0.3152739671873973, "novelty": 0.4280659453926954, "diversity": 0.947153932202168, "efficiency": 0.9056635554801391, "cost": 1, "score": 0.42687899626684755}