{"quality": 0.32989443921195727, "novelty": 0.4681157099710069, "diversity": 0.7464416115027932, "efficiency": 0.3950579887590114, "cost": 0.18601420823382686, "score": 0.40594285904736654}