{"quality": 0.14199585201074943, "novelty": 0.454914731153776, "diversity": 0, "efficiency": 0.2942038623998213, "cost": 0.9599365689972474, "score": 0.10446436085191727}