{"quality": 0.45684974169411047, "novelty": 0.37039818827495175, "diversity": 0.09141549829465401, "efficiency": 1, "cost": 0.3709512378006479, "score": 0.36084244545583705}