{"quality": 0.3699866683676689, "novelty": 0.07282112516786277, "diversity": 0.7627197040665197, "efficiency": 0.8176446193977402, "cost": 0.3889051790917742, "score": 0.36550139761605394}