{"quality": 0.7023424372383233, "novelty": 0.7844319984993909, "diversity": 0.16786423023098218, "efficiency": 0.15667114931485682, "cost": 0.2645259981375029, "score": 0.43743164942601936}