{"quality": 0.42696424492178403, "novelty": 0.695494022348468, "diversity": 0.9033539813971669, "efficiency": 0.09456565895308655, "cost": 0.6632112060119852, "score": 0.43049730358485006}