{"quality": 0.861890656372201, "novelty": 0.3317465991195401, "diversity": 0, "efficiency": 0.6195872140738041, "cost": 0.5446445923037474, "score": 0.3799774695722412}