{"quality": 0.7987636414891608, "novelty": 0.7594837587584027, "diversity": 0.5998316481557301, "efficiency": 1, "cost": 0.651644502506743, "score": 0.6343019115168207}