{"quality": 0.3874478699624689, "novelty": 0.5637859361208136, "diversity": 0.40073635213272546, "efficiency": 1, "cost": 0.19555198048364125, "score": 0.467772917397125}