{"quality": 1.0, "novelty": 0.4338204388013649, "diversity": 0.6393917873360575, "efficiency": 0.29568994543246874, "cost": 0.9529913287929646}