{"quality": 0.34839226530002493, "novelty": 0.726754890251916, "diversity": 0.7274315634803863, "efficiency": 0.7766612071354988, "cost": 0.2974424169498317, "score": 0.5184476542244054}