{"quality": 0.14130431930608334, "novelty": 0.8328503606713533, "diversity": 0.5603781842153363, "efficiency": 0.5015515268817142, "cost": 0.4374213616046416, "score": 0.39417011567452354}