{"quality": 0.5749064246900359, "novelty": 0.4279773290646424, "diversity": 0.811928907054065, "efficiency": 0.4972364981229903, "cost": 0.6997285328945915, "score": 0.4464646625129738}