{"quality": 0.4307986788492019, "novelty": 0.17344136874178484, "diversity": 1, "efficiency": 0.792335742585794, "cost": 0, "score": 0.49145030722807587}