{"quality": 0.17091564592585887, "novelty": 0.19826893774944393, "diversity": 0.4397778819655742, "efficiency": 0, "cost": 1, "score": 0.08879750460823349}