{"quality": 0.08614110709502587, "novelty": 0.5455022086942392, "diversity": 0.2844799831911763, "efficiency": 0.2563045592288541, "cost": 0.09849419744058419, "score": 0.2477101450805725}