{"quality": 0.5299444672872847, "novelty": 0.25465415697899646, "diversity": 0.16482541795668548, "efficiency": 0.21917503082535517, "cost": 0.9445388996271248, "score": 0.19403432768336243}