{"quality": 0.7550717806893805, "novelty": 0.4778790137260054, "diversity": 0.6432996498557975, "efficiency": 0.48941093861140333, "cost": 1, "score": 0.44806285840118554}