{"quality": 0.5209490798406736, "novelty": 0.1450140694483934, "diversity": 0.921268252402189, "efficiency": 1.0, "cost": 0.3741182855639014}