{"quality": 0, "novelty": 0.02015067901405751, "diversity": 0.018852219036274098, "efficiency": 0.830053038404748, "cost": 0.1972751875710621, "score": 0.11358855056437517}