{"quality": 0, "novelty": 0.4192021454984568, "diversity": 0.7868835786474518, "efficiency": 0.4478606624957545, "cost": 0.12791761609112798, "score": 0.316564589869355}