{"quality": 0.8582303479368003, "novelty": 0, "diversity": 0.04219054639847697, "efficiency": 0.7634037449555148, "cost": 0.24924800565908103, "score": 0.3554929748381546}