{"quality": 0.49190789058377893, "novelty": 0.523072784800458, "diversity": 0.3700945459015108, "efficiency": 0.7252479599877965, "cost": 0.38926043218821227, "score": 0.4222206233348986}