{"quality": 0.018327306919636577, "novelty": 0.45331276925742814, "diversity": 0.25877629252059803, "efficiency": 0.21481728241256953, "cost": 0.6138074939877716, "score": 0.14142348585747588}