{"quality": 1, "novelty": 0.5281620208439228, "diversity": 0.5394409953451273, "efficiency": 0.33212996095462666, "cost": 0.9320109371708141, "score": 0.49654710470611874}