{"quality": 0.18521703260370148, "novelty": 0.34945267548980596, "diversity": 0.7269670859991983, "efficiency": 0.24597145828918704, "cost": 0.7571171187688256, "score": 0.24950570271989708}