{"quality": 0.6589006175917513, "novelty": 0.49168189409393526, "diversity": 0.339670635867818, "efficiency": 0.2296226635664218, "cost": 0.5437804358255941, "score": 0.3685901419269767}