{"quality": 0, "novelty": 0.21179228693913565, "diversity": 0.8626473287519689, "efficiency": 0.7333233103184187, "cost": 0.4458340891067318, "score": 0.2908926251222673}