{"quality": 0.5033630352844561, "novelty": 0.2034178842212777, "diversity": 0.1370472125159301, "efficiency": 0.056461681913515194, "cost": 0.3162847427452277, "score": 0.20611360215634678}