{"quality": 0.9807665425411409, "novelty": 0.7128004045026218, "diversity": 0, "efficiency": 0.9339492266132812, "cost": 0.30385746550507736, "score": 0.5821367013294821}