{"quality": 0.648104499240336, "novelty": 0.426744012332654, "diversity": 0.8571473603244723, "efficiency": 0.3308061666446451, "cost": 0.9409922422992147, "score": 0.4280685256869341}