{"quality": 0.7222690889524812, "novelty": 0.845249490840086, "diversity": 0.1656022687646581, "efficiency": 0.23582471028872426, "cost": 0.18835862609312806, "score": 0.47765139708269333}