{"quality": 0.7221240636343249, "novelty": 0.4011584264247068, "diversity": 0.0, "efficiency": 0.9006036320064539, "cost": 0.5368028297567498}