{"quality": 0.6162438728209824, "novelty": 0.4004728192479737, "diversity": 0.31611558694063024, "efficiency": 0.8635836667598753, "cost": 0.15091223154028954, "score": 0.4626608109063665}