{"quality": 0.26714700745297054, "novelty": 0.4957624119383769, "diversity": 0.2946466036343744, "efficiency": 0.6158053838497579, "cost": 0.9330517116574315, "score": 0.2620796623590808}