{"quality": 0.9363240532717381, "novelty": 0.5859070657443535, "diversity": 0.7050681540710603, "efficiency": 0.7595497204839143, "cost": 0.8756294183938491}