{"quality": 0.5018702239183658, "novelty": 0.705645082452672, "diversity": 0.8133529533987148, "efficiency": 0.06684663086379111, "cost": 0.262729388908451}