{"quality": 0.12384515360174309, "novelty": 1, "diversity": 0.9586525881854728, "efficiency": 0.19932980227984753, "cost": 0.6994156824672966, "score": 0.438841965812865}