{"quality": 1, "novelty": 0.4770992689664503, "diversity": 0.13722346342596495, "efficiency": 0.8458466402114162, "cost": 0.10044707562068955, "score": 0.563551798396449}