{"quality": 0.3277590367998492, "novelty": 0, "diversity": 0.2965206361888715, "efficiency": 0.3006977004200852, "cost": 0.9059807105559491, "score": 0.11213842228514692}