{"quality": 0.25428556112527195, "novelty": 0.38739575087208233, "diversity": 0.9441026941491595, "efficiency": 0.9498504000146302, "cost": 0.2287233934614294, "score": 0.4815603655414856}