{"quality": 0.9762285546390271, "novelty": 0.887904392765404, "diversity": 0.5135198721566938, "efficiency": 0.4424890125370148, "cost": 0.8250945493553987, "score": 0.6014125359594102}