{"quality": 0.22526074490649528, "novelty": 0.27690290124599337, "diversity": 0.3878019594638091, "efficiency": 0.9000897066858888, "cost": 0.7635812096191457, "score": 0.2730196757171775}