{"quality": 0.3288897047029584, "novelty": 0.9846553674011205, "diversity": 0.6199172464972604, "efficiency": 0.26849895031206134, "cost": 0.49428060158221787, "score": 0.45966098494920715}