{"quality": 0.43897322691778284, "novelty": 0.216142221955058, "diversity": 0, "efficiency": 0.6201847726000214, "cost": 0.17813768878500133, "score": 0.2609414705756024}