{"quality": 0.6032546511117727, "novelty": 0.3229757125915076, "diversity": 0.8390683568423581, "efficiency": 1, "cost": 0.4173914995980111, "score": 0.5377948448900792}