{"quality": 0, "novelty": 0.3973222290698886, "diversity": 0.9511747470382717, "efficiency": 0.9343781011090859, "cost": 0.34273193959925813, "score": 0.39544902788156355}