{"quality": 0.6457822988671728, "novelty": 0.06488341843573117, "diversity": 0.7720000166185907, "efficiency": 0.4269260621136755, "cost": 1, "score": 0.328394456909854}