{"quality": 0.6074679178126643, "novelty": 1, "diversity": 0.3286868291771944, "efficiency": 0.059538627731379884, "cost": 0.22251689418089457, "score": 0.4846568459208556}