{"quality": 0.7225796722190008, "novelty": 1, "diversity": 0.20459343417429982, "efficiency": 1, "cost": 0.4886323714844784, "score": 0.6088293513521124}