{"quality": 0.3854132312394652, "novelty": 0.7653725303542539, "diversity": 0.17726920307440192, "efficiency": 0.46991836734600134, "cost": 0.6268273337851128, "score": 0.3502259642986723}