{"quality": 0.34395916550108735, "novelty": 0.7975989904739577, "diversity": 0.3389129809531917, "efficiency": 0.8543646548377425, "cost": 0.5830687953814413, "score": 0.4402179121469712}