{"quality": 0.47380540221854456, "novelty": 0.49008439535892095, "diversity": 0.7629485185897357, "efficiency": 0.0657267462698935, "cost": 0.8767788098915832, "score": 0.33943355417456644}