{"quality": 0.2740552237036072, "novelty": 0.20287812290284996, "diversity": 0.6406937518691085, "efficiency": 0, "cost": 0.9778759770639069, "score": 0.16328725050422563}