{"quality": 0.49463518352573094, "novelty": 0.6630804920777122, "diversity": 0, "efficiency": 0.8632976744638188, "cost": 0.001983682402428494, "score": 0.4434569610064773}