{"quality": 0.29744162816567127, "novelty": 0.17326071743617144, "diversity": 0, "efficiency": 0.06525768908605262, "cost": 0.6185659395456135, "score": 0.08047972721709078}