{"quality": 0, "novelty": 0.7175083510628171, "diversity": 0.5960716236164467, "efficiency": 0.8705782868417693, "cost": 0, "score": 0.429178155515259}