{"quality": 1, "novelty": 0.6282370447098414, "diversity": 0.3479441100274014, "efficiency": 0.7604488078442073, "cost": 0.5655346318642649, "score": 0.5841619411731451}