{"quality": 0.10685095312759665, "novelty": 0.9753030074775296, "diversity": 0.3340958727601059, "efficiency": 1, "cost": 0.9016500146467517, "score": 0.4025352108950074}