{"quality": 0, "novelty": 0.8087834955442592, "diversity": 0.38528821344315295, "efficiency": 0.08880535749696777, "cost": 0, "score": 0.29257432019924057}