{"quality": 0.3625673859892005, "novelty": 0.5620931948308059, "diversity": 0.38366370769578, "efficiency": 0.25632603945663807, "cost": 0.7081562533287464, "score": 0.29365953662923866}