{"quality": 0.42541406100512485, "novelty": 0.8014446864432516, "diversity": 0.27175508372887114, "efficiency": 0.28121922782723413, "cost": 0.8040708085135113, "score": 0.3441122099808586}