{"quality": 0.0593828849012783, "novelty": 0.4035267352493984, "diversity": 0.9268695139781333, "efficiency": 0.9416685745399629, "cost": 0.24695261809541588, "score": 0.4206254764498127}