{"quality": 0.35128367234778984, "novelty": 1.0, "diversity": 0.522879592818161, "efficiency": 0.47550819362917435, "cost": 0.26750617550083144}