{"quality": 0.34806897125244457, "novelty": 0.6448631712478199, "diversity": 0.19604541716754448, "efficiency": 0.004689771728030506, "cost": 0.867855278364101, "score": 0.2187635055439918}