{"quality": 0.28531439481478676, "novelty": 0.2347641982909887, "diversity": 0.6826915353887831, "efficiency": 0.10799796142562296, "cost": 0.5998205856064551, "score": 0.2370413107481378}