{"quality": 0.08755861404054388, "novelty": 0.4938496952894018, "diversity": 0.9233894677599044, "efficiency": 0, "cost": 0.8905851617442735, "score": 0.24534938541206713}