{"quality": 0.6991763987555216, "novelty": 0.42485983652786286, "diversity": 0.6798626636226459, "efficiency": 0.14799417523866593, "cost": 0.6097751602943555, "score": 0.4131620217395157}