{"quality": 0, "novelty": 0.7466101444736373, "diversity": 0.021077235697295277, "efficiency": 0.8152608324597721, "cost": 0.54851353209478, "score": 0.2583057549173562}