{"quality": 0.6929372794880476, "novelty": 0.46710297330670975, "diversity": 0.3887311320136654, "efficiency": 0.6233861676900012, "cost": 0.7401458066396998, "score": 0.42189649806535495}