{"quality": 0.7303166245408511, "novelty": 0.16381622506422305, "diversity": 0.6075070406467373, "efficiency": 0.8585178278471499, "cost": 1.0}