{"quality": 1, "novelty": 0.7389967884234273, "diversity": 0.5918799961584161, "efficiency": 0.14579985475980328, "cost": 0.01484828655264496, "score": 0.6235103458962462}