{"quality": 0.08512282655740766, "novelty": 0.492639334398398, "diversity": 0.7867063202638984, "efficiency": 0.5069266768709016, "cost": 0.5279051308763779, "score": 0.32928643406259894}