{"quality": 0.052198142380020796, "novelty": 0.012125456594171122, "diversity": 0.21568867078940934, "efficiency": 0.44577790486036795, "cost": 0.41720921218231233, "score": 0.08697430553125485}