{"quality": 0.09223837137930613, "novelty": 0.25636360982763723, "diversity": 0.5106395473292161, "efficiency": 0.09526088829195944, "cost": 0.7691364316382128, "score": 0.131265813416517}