{"quality": 0.8808452169635914, "novelty": 0.4177058761718623, "diversity": 0.8717237243786014, "efficiency": 0.9714573812676368, "cost": 0.7412490536216949, "score": 0.6146184808357392}