{"quality": 0.7926811832257155, "novelty": 0.6308473105737639, "diversity": 0.4807471577469906, "efficiency": 0.17018491525809226, "cost": 0, "score": 0.5171933514492676}