{"quality": 0.49749101458706013, "novelty": 0.16310732426796412, "diversity": 0.5142916072003125, "efficiency": 0.055217416065533, "cost": 0.6708230951058665, "score": 0.23408275978241494}