{"quality": 0.48883010866457643, "novelty": 0.621842826442069, "diversity": 0.6475313998166586, "efficiency": 0.9707491036283369, "cost": 0.22588969033394685, "score": 0.5546394156840777}