{"quality": 0.5599816979926333, "novelty": 0.9714251215441082, "diversity": 0.2723430005521032, "efficiency": 0.8360100387672926, "cost": 0.5104168162666068, "score": 0.5396792140826709}