{"quality": 0.7861018764080855, "novelty": 0.802640813643775, "diversity": 0.5280656596833151, "efficiency": 0.8234822157358044, "cost": 0.867016736156857, "score": 0.5789245570147173}