{"quality": 1, "novelty": 0.7159695742727088, "diversity": 0.09537943563164612, "efficiency": 0.7171440672538333, "cost": 0.9670456042438235, "score": 0.508935330358199}