{"quality": 0.690718287836489, "novelty": 0.015154387707129069, "diversity": 0, "efficiency": 0.57304244212132, "cost": 0.7166872636962562, "score": 0.2252917232263013}