{"quality": 0.5017727797000364, "novelty": 0.05430442309391584, "diversity": 0.7982253875815548, "efficiency": 0.5941599357833032, "cost": 0.49819667774889814, "score": 0.3630573397924065}