{"quality": 0, "novelty": 0.4076513935639699, "diversity": 0.5331590411049814, "efficiency": 0.3331989673326819, "cost": 0.38861900198507576, "score": 0.21966260151338343}