{"quality": 0.803725877078578, "novelty": 0.7580123692504142, "diversity": 0.28434972253655105, "efficiency": 0.1124368746270348, "cost": 0.926874085373456, "score": 0.4116689226001967}