{"quality": 0, "novelty": 0.5028996743991401, "diversity": 0.823323093617645, "efficiency": 0.35283327903825046, "cost": 0.13703764874080765, "score": 0.3296107643049708}