{"quality": 0.44532204212828075, "novelty": 0.914219029168966, "diversity": 0.17302737647200855, "efficiency": 0.3400209744915326, "cost": 0.5266760974923814, "score": 0.39509238164961924}