{"quality": 0.39435854214200694, "novelty": 0.30061579629016516, "diversity": 0.7843073448228666, "efficiency": 0.782833093663134, "cost": 1, "score": 0.3677479447291868}