{"quality": 0.32592496143859745, "novelty": 0.10484313072283424, "diversity": 0.6649337543022855, "efficiency": 0.46670726561873666, "cost": 0, "score": 0.3269811118155554}