{"quality": 0.34252273287900054, "novelty": 0.4547234834649547, "diversity": 0.5865316198322801, "efficiency": 0.3466028521282376, "cost": 0.11023179697624916, "score": 0.3747112628180056}