{"quality": 1, "novelty": 0.23769889729101634, "diversity": 0.48471180387272594, "efficiency": 0, "cost": 0.07299270537742791, "score": 0.44906781455955647}