{"quality": 0.2396276093923151, "novelty": 0.27654522820583927, "diversity": 0.7383899422120962, "efficiency": 0.5745167036606863, "cost": 0.8516323420699146, "score": 0.28971684965368505}