{"quality": 0.10402026643910486, "novelty": 0.9458712733041423, "diversity": 0.3723210472241091, "efficiency": 0.7292147721118158, "cost": 0.28091452214073775, "score": 0.4234288713052875}