{"quality": 0.1645395624093416, "novelty": 0.8304907876568374, "diversity": 0.413355225518271, "efficiency": 0.7302055780015204, "cost": 0.6815511821431655, "score": 0.38103132922657756}