{"quality": 0.3174076717328439, "novelty": 0.8501635554428283, "diversity": 0.48618973957043676, "efficiency": 0.7127468158135473, "cost": 0, "score": 0.5119131606666797}