{"quality": 0, "novelty": 0.5127817114787427, "diversity": 0.31761236589707015, "efficiency": 0.17334580557056542, "cost": 0.9614967569365629, "score": 0.12157009619102824}