{"quality": 0.29839416540841585, "novelty": 1, "diversity": 0.06452412885441253, "efficiency": 0.6345906585993321, "cost": 0.2878264305207604, "score": 0.418829031131231}