{"quality": 0.41914908624278263, "novelty": 0.6801719448813901, "diversity": 0.8014616242535975, "efficiency": 0, "cost": 0.23664198824661498, "score": 0.4324158381192404}