{"quality": 0.19897660572912695, "novelty": 0.5444725441500745, "diversity": 0.8266903451047182, "efficiency": 0.9168118875744552, "cost": 0.9559463371038441, "score": 0.40307633620298416}