{"quality": 0, "novelty": 0.4886347521607164, "diversity": 0.8904063330213963, "efficiency": 0.037379887079879215, "cost": 0, "score": 0.3058469377064402}