{"quality": 0.9498795489793989, "novelty": 1.0, "diversity": 0.52903404398945, "efficiency": 0.20831894722241331, "cost": 0.33999355929649094}