{"quality": 0.27520451170019433, "novelty": 0.30992321904208986, "diversity": 1, "efficiency": 0.7438037338659789, "cost": 0.2175351798269468, "score": 0.4498592003677829}