{"quality": 0.4782406945352935, "novelty": 0.11599849946763091, "diversity": 0.46779478405582436, "efficiency": 0.6532891779896705, "cost": 0.4527921090064674, "score": 0.3187449558364645}