{"quality": 0.714543181749959, "novelty": 0.7169889329617265, "diversity": 0.6858731030152648, "efficiency": 1, "cost": 0.5139090027510618, "score": 0.6293939080933662}