{"quality": 0.17839532736892882, "novelty": 0.13847696217766264, "diversity": 0, "efficiency": 0.5086353294466213, "cost": 0.352850742264985, "score": 0.12914806394558898}