{"quality": 0.7783033547128286, "novelty": 0.7960200848389978, "diversity": 0.6388959358399567, "efficiency": 0.17459188583895338, "cost": 0.6080552662621665, "score": 0.5256584710412158}