{"quality": 0.14124722770311232, "novelty": 0.5885101316196092, "diversity": 0.6324202764923778, "efficiency": 0, "cost": 1, "score": 0.21598575651431154}