{"quality": 0.7735656576011318, "novelty": 0.6885495218784794, "diversity": 0.2035554756680738, "efficiency": 0.5579359877668875, "cost": 0.33303714833201115, "score": 0.49530485621540615}