{"quality": 0.3666650383834659, "novelty": 1, "diversity": 0.6493148898836499, "efficiency": 0.7240074016140091, "cost": 0.6341121950042479, "score": 0.5350523802334464}