{"quality": 0.5319955473499678, "novelty": 0.8125586372118614, "diversity": 0.6916445701382354, "efficiency": 0.863921478657635, "cost": 0.8330059361673092, "score": 0.5473548657175171}