{"quality": 0.655393180645033, "novelty": 0.4009857586347547, "diversity": 0.6557257210327028, "efficiency": 0.11176669227410549, "cost": 0.6633918327900709, "score": 0.3784353586208479}