{"quality": 0.0434305245267817, "novelty": 0.10584037817795208, "diversity": 0.7321667852516156, "efficiency": 0.5837219877301506, "cost": 0.379632670679772, "score": 0.23551764004439102}