{"quality": 0.6050344929237751, "novelty": 0.06436551222350101, "diversity": 0.6373168737570667, "efficiency": 0.7699511835671371, "cost": 0.35296180182089965, "score": 0.40526159803740175}