{"quality": 0.8389886549185162, "novelty": 0.18353603746315045, "diversity": 0.9033028402654745, "efficiency": 0.595288924902496, "cost": 0.9844955502014168, "score": 0.46908495760967}