{"quality": 0.9902969490318102, "novelty": 0.17672561860006616, "diversity": 0.7775179639795828, "efficiency": 0.4141250531238053, "cost": 0.0}