{"quality": 0.41787518528020706, "novelty": 0.37042534621524464, "diversity": 0.26183815199188176, "efficiency": 0.37510813601814713, "cost": 0.13950900391693505, "score": 0.3126518425472782}