{"quality": 0.2308631744319389, "novelty": 0.8619285692916161, "diversity": 0.3256746414822409, "efficiency": 0.8803953488049573, "cost": 0.6356554894606385, "score": 0.4183697763236136}