{"quality": 0.6597928809091345, "novelty": 0.9525686532099293, "diversity": 0.9390780488647468, "efficiency": 0.8211446562972813, "cost": 1, "score": 0.6470673357927643}