{"quality": 0, "novelty": 0.9045185470099371, "diversity": 0.8123702439068266, "efficiency": 0.4798118332833553, "cost": 0.9881234980212825, "score": 0.3617631107242246}