{"quality": 0.3581128336006329, "novelty": 0, "diversity": 0.2909235119746232, "efficiency": 0.9236626040480074, "cost": 0.22994107665418068, "score": 0.28117383541689756}