{"quality": 0.4941004190101871, "novelty": 0.8734990733618653, "diversity": 0.20814064568926333, "efficiency": 0.6394973813602237, "cost": 1, "score": 0.40415763038540875}