{"quality": 0.19793282644616567, "novelty": 0.10360889432263956, "diversity": 0.20330941386090617, "efficiency": 0.20236902497294157, "cost": 0.28834253328175585, "score": 0.12746505470445646}