{"quality": 0.7194978659181274, "novelty": 0.17366070670968764, "diversity": 0.27033594806819117, "efficiency": 0.7597779404398967, "cost": 0.22086671327464785, "score": 0.4052117458050181}