{"quality": 0.11502532161075685, "novelty": 0.405404894537212, "diversity": 0.8981236097852381, "efficiency": 0.33625537284254037, "cost": 0.8046214409336301, "score": 0.28545970390759573}