{"quality": 0.22141303364868925, "novelty": 0.7245097476398874, "diversity": 0.7988313334437793, "efficiency": 0.7389424990941387, "cost": 0.2724266026076545, "score": 0.4909163282966899}