{"quality": 0, "novelty": 0.8696857172316567, "diversity": 0.6385137592692637, "efficiency": 0.9677971641679561, "cost": 0.6125427231317124, "score": 0.42903948347378906}