{"quality": 0.7356815126999215, "novelty": 0.07346153684885096, "diversity": 0.11546259976919582, "efficiency": 0.9790583447476346, "cost": 0.199390773932904, "score": 0.38908203229488314}