{"quality": 0.5884275890782291, "novelty": 0.2744638502116485, "diversity": 0.31576766932322975, "efficiency": 0.5633003359662809, "cost": 0.41242507634652187, "score": 0.35155031590131675}