{"quality": 1, "novelty": 0.8438069350705185, "diversity": 1, "efficiency": 0.6374283676782337, "cost": 0.5386719370821423, "score": 0.7526987952111505}