{"quality": 0.779231500804641, "novelty": 0.09672824375137681, "diversity": 0, "efficiency": 0.10748924614609012, "cost": 0.07602600269458287, "score": 0.2664722978316917}