{"quality": 0.5618593393056743, "novelty": 1, "diversity": 0.8191900958344625, "efficiency": 0.752662271515267, "cost": 0.5661719740289581, "score": 0.6386779642829891}