{"quality": 0.2834926501203362, "novelty": 0.31167203925355513, "diversity": 0.1274731223744526, "efficiency": 0.132114398797664, "cost": 0.7835715285475982, "score": 0.12992043628926997}