{"quality": 0.44840244485453856, "novelty": 0.3942473755746644, "diversity": 0.5352909876950698, "efficiency": 0.006850936786969408, "cost": 0.7393807201002824, "score": 0.26723034339705876}