{"quality": 0.14879443857932456, "novelty": 0.17920614906037946, "diversity": 0.9592228828183654, "efficiency": 0.5964202483371439, "cost": 0.45828900702585146, "score": 0.3249185819505518}