{"quality": 0.6583023928995855, "novelty": 0.38944062502523114, "diversity": 0.20284648392505447, "efficiency": 0.3644608982562112, "cost": 0.2965010208937792, "score": 0.360439203560248}