{"quality": 1, "novelty": 0.6264259461119902, "diversity": 0.7072256683493869, "efficiency": 0.32331719075085086, "cost": 0.9413822770510183, "score": 0.5524109711054007}