{"quality": 0.5246257661163642, "novelty": 0.20424832056858935, "diversity": 0.2886670989548737, "efficiency": 0.10733955330114411, "cost": 0.6467685348741476, "score": 0.2176073092757882}