{"quality": 0.9027383345213682, "novelty": 0.991210737840202, "diversity": 0, "efficiency": 0.2675544172900757, "cost": 0.3052195104711781, "score": 0.5282353963628544}