{"quality": 0.6150733357147701, "novelty": 1, "diversity": 0.8079838497152507, "efficiency": 0.5217441099779354, "cost": 0.5782070234388055, "score": 0.6165596848102909}