{"quality": 0.24091755863962516, "novelty": 0.834333750468068, "diversity": 0.7731617733746285, "efficiency": 0.5767350823732552, "cost": 0.8084634125329329, "score": 0.4411549809865253}