{"quality": 0.8296144842506779, "novelty": 0.1008460482626477, "diversity": 0.596077801838331, "efficiency": 0.35938375603665396, "cost": 0.34970539454338523, "score": 0.41224844165969105}