{"quality": 0.3266789616406818, "novelty": 0.24136509196157518, "diversity": 0.3750490725841163, "efficiency": 0.7576186897370849, "cost": 0.8385938893096487, "score": 0.26313819052901943}