{"quality": 0, "novelty": 0.3457106710218104, "diversity": 0.6903405964551435, "efficiency": 0.721547042170607, "cost": 0.6753599130735618, "score": 0.2651918520647162}