{"quality": 0.7292321482670028, "novelty": 0.19217607581959606, "diversity": 0.5697780697293265, "efficiency": 0.06731685688267658, "cost": 0.6091740855535013, "score": 0.3299493973579165}