{"quality": 0.6837655274794314, "novelty": 0.5826063706287954, "diversity": 0.8831003125056915, "efficiency": 0.3430728843021792, "cost": 0.6401074637596387, "score": 0.5148514996715298}