{"quality": 1, "novelty": 0.8341650389627365, "diversity": 0.43204136374819957, "efficiency": 0.33554283484335773, "cost": 0.704537628502911, "score": 0.5748271948665366}