{"quality": 0.7804697526327422, "novelty": 0.16706372935113972, "diversity": 0.19714053752147093, "efficiency": 0.9920399653222964, "cost": 0.5450393423609527, "score": 0.40963702619415093}