{"quality": 0.7090688813370765, "novelty": 0.5528873079929371, "diversity": 0.35707960203205535, "efficiency": 0.03213060218746079, "cost": 0.33992164552392434, "score": 0.39318583758149495}