{"quality": 0.49557847904486385, "novelty": 0.5107593819664099, "diversity": 0.15765409935332364, "efficiency": 0.4441418884283686, "cost": 0.6453606032208534, "score": 0.30997943201789635}