{"quality": 0, "novelty": 0.9374964213555237, "diversity": 0.21189393029752568, "efficiency": 0.6623376167816741, "cost": 0.514550008093944, "score": 0.32464853310624275}