{"quality": 0.58632725883855, "novelty": 0.7824147560819736, "diversity": 0.3480833138116061, "efficiency": 0.9644528155107477, "cost": 0, "score": 0.5857864517609919}