{"quality": 0.04173902051066122, "novelty": 0.7546827320587426, "diversity": 0.22471710478653428, "efficiency": 0.5113332414461362, "cost": 0.7719656861551858, "score": 0.2456392277265927}