{"quality": 0.9877558104489848, "novelty": 0.3564502875964204, "diversity": 0.8505917595012809, "efficiency": 0.2974506104015807, "cost": 0.19499510455804114, "score": 0.5806757480384898}