{"quality": 0.9373524494379805, "novelty": 0.3190338082525733, "diversity": 1, "efficiency": 0.353793049410763, "cost": 0.3909156192909139, "score": 0.5749415823770605}