{"quality": 0.7936910889868709, "novelty": 0.7237883984425395, "diversity": 0.44239180508157366, "efficiency": 0.17024859177944163, "cost": 0.43989981152196694, "score": 0.48908009493773047}