{"quality": 0.07853567795602559, "novelty": 0.234453524226728, "diversity": 0.652578675078078, "efficiency": 0.8573816245956651, "cost": 0.9033811014710043, "score": 0.2509589530013546}