{"quality": 0.7414077093504163, "novelty": 0.0020495758130781028, "diversity": 0.019950325655717555, "efficiency": 1, "cost": 0.5220063447157426, "score": 0.32472413741796363}