{"quality": 1, "novelty": 0.3883782963479507, "diversity": 0.22998327124493534, "efficiency": 0.13003284421227593, "cost": 0.458014203371062, "score": 0.41679473463070993}