{"quality": 0.2368950171743667, "novelty": 0.7409509771874605, "diversity": 0.740108431304641, "efficiency": 0.429994088671947, "cost": 0.6387064886869813, "score": 0.40495640014219725}