{"quality": 0.2527739608380865, "novelty": 0.20760412473878403, "diversity": 0.7050884786208298, "efficiency": 0.6929359217103173, "cost": 0.8927481716414174, "score": 0.2834164862526938}