{"quality": 0.482146912250757, "novelty": 0.77957899953483, "diversity": 1.0, "efficiency": 0.00293526889430043, "cost": 0.06510189135144151}