{"quality": 0.3790392590237247, "novelty": 0, "diversity": 1, "efficiency": 0.38798771390245657, "cost": 0, "score": 0.3719099347924859}