{"quality": 0.4753358379294342, "novelty": 0.45960443601652295, "diversity": 0.754481020894231, "efficiency": 0.6612926389850614, "cost": 0.06100734124096202, "score": 0.5014912262854702}