{"quality": 0.3047585527946774, "novelty": 0.1846849755984388, "diversity": 0.9236529556301806, "efficiency": 0, "cost": 0.026578800813188447, "score": 0.3196715207827302}