{"quality": 0.4301831945290877, "novelty": 0.4169137902343747, "diversity": 0.8711755079126812, "efficiency": 0.7417632922990218, "cost": 1, "score": 0.41878300134470947}