{"quality": 0.30280565875147986, "novelty": 0.19428617121621944, "diversity": 0.07807232919719936, "efficiency": 0.10024442603988343, "cost": 0.17101857799337977, "score": 0.15296251237558323}