{"quality": 0.22926003953302357, "novelty": 0.3286619809508646, "diversity": 0.975925369554008, "efficiency": 0.3310500097218544, "cost": 0.2822153321227858, "score": 0.3675645492544244}