{"quality": 0.5752779192569876, "novelty": 0.6558234106236123, "diversity": 0.855976955077189, "efficiency": 0.9045846698973539, "cost": 0.4291481378925617, "score": 0.600507506143784}