{"quality": 0.6164533122158335, "novelty": 0.7244657919230687, "diversity": 0.34358408242470423, "efficiency": 0.09921128033996779, "cost": 0.9159592684053279, "score": 0.35805502334092043}