{"quality": 0.06927357140201254, "novelty": 0.8161537063305109, "diversity": 0.5188067721008822, "efficiency": 0.5041301470434433, "cost": 0.38511309922827086, "score": 0.36569006455709735}