{"quality": 0.5802965308563108, "novelty": 0.7569027476822445, "diversity": 0.6349833648875335, "efficiency": 0.5803696168130844, "cost": 0.7515949132566961, "score": 0.5022072703512541}