{"quality": 1, "novelty": 0.45333954330232845, "diversity": 0.27194480407041866, "efficiency": 0.5566988872647944, "cost": 0.6933274894773506, "score": 0.4818959307816499}