{"quality": 0.7384296201538708, "novelty": 0.25056651236652694, "diversity": 0.3694196065427402, "efficiency": 0.5182146531436729, "cost": 0.7428382665313273, "score": 0.3615028067647592}