{"quality": 0.3875506294330437, "novelty": 0.763216111416715, "diversity": 0.05914445223666462, "efficiency": 0.9004149818590026, "cost": 0.5113979260415968, "score": 0.4028205618061155}