{"quality": 0.8516010786682522, "novelty": 0.7448186039549354, "diversity": 0.5305321806707413, "efficiency": 0.8282156684097283, "cost": 0.3560038145495425, "score": 0.6364233795298627}