{"quality": 0.23971080384096724, "novelty": 0.250075339020013, "diversity": 0.20489733363592683, "efficiency": 0.6365579490219037, "cost": 1, "score": 0.17089523498776435}