{"quality": 0.8449229394637179, "novelty": 0.12369047864384025, "diversity": 0.8205595708794431, "efficiency": 0.8863259419457163, "cost": 0.7305789805964652, "score": 0.5084024089081749}