{"quality": 0.35013868392509445, "novelty": 0.45444623659570793, "diversity": 0.5163763409836797, "efficiency": 0.7588414083050998, "cost": 0.7023064108394201, "score": 0.3655240026850142}