{"quality": 0.992386134923986, "novelty": 0.842452235218056, "diversity": 0.0966100191657347, "efficiency": 0.6882101681985189, "cost": 0.5294484708749011, "score": 0.5779375812571445}