{"quality": 0.10550706524418843, "novelty": 0.37095774174666585, "diversity": 0.7286040829997866, "efficiency": 0.527900074676149, "cost": 0.4248698578911904, "score": 0.30681039702218366}