{"quality": 0.22571547025009642, "novelty": 0.6320799417026731, "diversity": 0.6625894608604683, "efficiency": 0.16946200336518477, "cost": 0.6001147580479571, "score": 0.32366034337277283}