{"quality": 0.14530999681821405, "novelty": 0.2255641959901451, "diversity": 0.3589854587200966, "efficiency": 0.4667048677902988, "cost": 0.5114575336556795, "score": 0.1906411165899967}