{"quality": 0.8671312380994943, "novelty": 0.004084935119662125, "diversity": 0.8380813486399101, "efficiency": 0, "cost": 0, "score": 0.42877687493774586}