{"quality": 0.4178319524000641, "novelty": 0.03582608716941979, "diversity": 0.44461013967154617, "efficiency": 0.623052718799997, "cost": 0.6051979415347272, "score": 0.2561662491132102}