{"quality": 0.7962433681054513, "novelty": 0.870314844435335, "diversity": 0, "efficiency": 0, "cost": 0.7283213952360605, "score": 0.383619582016863}