{"quality": 0.9217684620570779, "novelty": 0.9467441648837173, "diversity": 0.6235979262299297, "efficiency": 0.7675361239733903, "cost": 0.5578451823420575}