{"quality": 0.6084345183688961, "novelty": 0.7359755982762991, "diversity": 0.8025366047356906, "efficiency": 1, "cost": 0.2944849223034534, "score": 0.6475830837965365}