{"quality": 0.49063294259978135, "novelty": 0.17536379769746846, "diversity": 0.374246418165188, "efficiency": 0.8330300921876581, "cost": 0.45946372970027555, "score": 0.34488825669546025}