{"quality": 0.4314866626785333, "novelty": 0.8631520978253195, "diversity": 0.37287650740206957, "efficiency": 0.2500377550022233, "cost": 0.24406069798161534, "score": 0.43290891819247573}