{"quality": 0.030730411220979942, "novelty": 0.07663171223246036, "diversity": 0.8023554989740442, "efficiency": 0.9490684248288992, "cost": 0.7395859704912945, "score": 0.25724981789442336}