{"quality": 0.03048707103776041, "novelty": 0.7865012957515186, "diversity": 0.9715714494145069, "efficiency": 0, "cost": 0.7217182027065584, "score": 0.3279139148614533}