{"quality": 0.6453598985160636, "novelty": 0.6955477826284602, "diversity": 0.9403513592907263, "efficiency": 0.699833082124375, "cost": 0.2985332747060515, "score": 0.6306868219181305}