{"quality": 0.8744036699003269, "novelty": 1.0, "diversity": 0.7618053731311455, "efficiency": 0.4013450484712134, "cost": 0.7326659729057452}