{"quality": 0.3953476745891023, "novelty": 0.36831510207787377, "diversity": 0.8229265267586353, "efficiency": 0.5456424293937522, "cost": 0.13881508221615024, "score": 0.443233239435374}