{"quality": 0.5788130992639497, "novelty": 0.8296408622838041, "diversity": 0.3763093800084175, "efficiency": 0.4604039560998203, "cost": 0.7962986181008891, "score": 0.4457467529567035}