{"quality": 0.48210986104361225, "novelty": 0.6479335154776409, "diversity": 0, "efficiency": 0.32131904207631085, "cost": 0, "score": 0.35481419349394056}