{"quality": 0.19026825250109197, "novelty": 0.2702656058363622, "diversity": 0.8653468118929768, "efficiency": 0.5747525134235768, "cost": 0, "score": 0.38392911660155005}