{"quality": 0.2732295930800246, "novelty": 0, "diversity": 0.7380892274523643, "efficiency": 0.4481907809633156, "cost": 0.1664187601869156, "score": 0.280173464540286}