{"quality": 0.44875660940711165, "novelty": 0.7848849936807393, "diversity": 0.9422901827892102, "efficiency": 0.17048652502922002, "cost": 0.04679474105113213}