{"quality": 0.3548290873111342, "novelty": 0, "diversity": 0.8017503897794781, "efficiency": 0.23441112915600615, "cost": 0.7641736201510315, "score": 0.22554311150753367}