{"quality": 0.12509559238766454, "novelty": 0, "diversity": 0.7338423428639431, "efficiency": 0.11819950721018174, "cost": 0.80969090566964, "score": 0.12105798180365127}