{"quality": 0.3337761536446275, "novelty": 0.150538751049677, "diversity": 0.2932638021186175, "efficiency": 0.823740057324192, "cost": 0.15045258084954968, "score": 0.30493604479320474}