{"quality": 0.8449715476334474, "novelty": 0.3657893381755918, "diversity": 0.8466137769218444, "efficiency": 0.32455970269444, "cost": 0.014769808607944496, "score": 0.5614685287616727}