{"quality": 0.5304911273087369, "novelty": 0.9983911570813677, "diversity": 0.7270963855221859, "efficiency": 0.6336603376013918, "cost": 0.7637688777904207, "score": 0.5728365674285668}