{"quality": 0.3879175207857558, "novelty": 0.7300057676951714, "diversity": 0.40292047446535156, "efficiency": 0.6748470469913597, "cost": 0.7608263867797471, "score": 0.4046052114233192}