{"quality": 0.7149942949516184, "novelty": 0.12485118057769962, "diversity": 0.8361550181296208, "efficiency": 0.5504656316605854, "cost": 0.3896083207097619, "score": 0.45655109993394616}