{"quality": 0.5811301357466983, "novelty": 0.8604484253820877, "diversity": 0.7986651479622766, "efficiency": 0.626256320874363, "cost": 0.6554424705805605, "score": 0.5775783777350851}