{"quality": 0.5236381706946679, "novelty": 0.6309480378996682, "diversity": 0.8214311287250543, "efficiency": 0.8008504583859849, "cost": 0.783561177671788, "score": 0.5208861374190473}