{"quality": 0, "novelty": 0.051254494766894726, "diversity": 0.02873994203431518, "efficiency": 0.9661685823154627, "cost": 0.678975136432947, "score": 0.0955893858026114}