{"quality": 0.19818396100591393, "novelty": 0.14717589660270158, "diversity": 0.2839467161476766, "efficiency": 0.4347028902120325, "cost": 0, "score": 0.21824393921378976}