{"quality": 0.8012654583809204, "novelty": 0.6169297644002294, "diversity": 0.4377533505850367, "efficiency": 0.47532772794125616, "cost": 0.49264546540671095}