{"quality": 0.6451426252464642, "novelty": 1, "diversity": 0.17154289244936582, "efficiency": 0.15828322073331147, "cost": 0.2226019251386956, "score": 0.47933365665993966}