{"quality": 0.4592104059084081, "novelty": 0.34012691923789407, "diversity": 1, "efficiency": 0.9545376216847784, "cost": 0.06910359577111441, "score": 0.5590651352576013}