{"quality": 0.13469590689925118, "novelty": 0.7013520077795722, "diversity": 0.26637750784599384, "efficiency": 0.7604188329119042, "cost": 0.7926517092827665, "score": 0.3038199295923761}