{"quality": 1, "novelty": 0.16947217208894544, "diversity": 0.3471069301781793, "efficiency": 0.9342600002125597, "cost": 0.6478996009526645, "score": 0.4871384689944897}