{"quality": 0.29803999477314264, "novelty": 0.48208429373634104, "diversity": 0.7446070250164823, "efficiency": 0.4313361579552022, "cost": 0, "score": 0.42355490056260486}