{"quality": 0.7685540579050025, "novelty": 1, "diversity": 0.4635104781768209, "efficiency": 0, "cost": 0.30748768820639655, "score": 0.5425195441862253}