{"quality": 0.4694420347669716, "novelty": 0.6230912449626395, "diversity": 0.7834306801754434, "efficiency": 0.29287473429806116, "cost": 0.9774622360595966, "score": 0.39947654424458956}