{"quality": 0.6681142251881642, "novelty": 0.8405176579868503, "diversity": 0.44110394633664984, "efficiency": 0.20003263400209725, "cost": 1, "score": 0.42878936642080645}