{"quality": 0.3716156343436117, "novelty": 0, "diversity": 0.537746140621535, "efficiency": 0.8081724840691227, "cost": 0.9938690845483045, "score": 0.24087288258292844}