{"quality": 0.24052923479407473, "novelty": 0.5665750786755472, "diversity": 0.06287355781904674, "efficiency": 0.12313768225042299, "cost": 0.6251430363877521, "score": 0.1823336003697068}