{"quality": 0.3641121008807468, "novelty": 0.9810117367165945, "diversity": 0.32955926583996936, "efficiency": 0.5048262545121638, "cost": 0.6979756352144336, "score": 0.4263247922667477}