{"quality": 0.8670893658962845, "novelty": 0.12157047386286346, "diversity": 1, "efficiency": 0.3970494859754857, "cost": 1, "score": 0.4500768511309241}