{"quality": 0.3915864499853477, "novelty": 0.10558907068477236, "diversity": 0.49404072260127574, "efficiency": 0.6348645799647243, "cost": 0.06320949062965266, "score": 0.3315900851187959}