{"quality": 0, "novelty": 0.6827143618329077, "diversity": 0.42942209972290796, "efficiency": 0.6941798714115747, "cost": 0.33969492300879467, "score": 0.3267204988136652}