{"quality": 0.5433667564482124, "novelty": 0.9025855007606031, "diversity": 0.8769584658424339, "efficiency": 0.9444235054705441, "cost": 0.6789407977484718}