{"quality": 0.55973970199677, "novelty": 0.4553387843599269, "diversity": 0, "efficiency": 0.7462977596416517, "cost": 0.4154749095049033, "score": 0.35215377968477013}