{"quality": 0.2853287226431923, "novelty": 0.6911390441987159, "diversity": 0.45741091338966244, "efficiency": 0.3249258341204063, "cost": 0.834078185817531, "score": 0.315196617056877}