{"quality": 0.6067289817281434, "novelty": 0.5003797214294059, "diversity": 0.3368609033996457, "efficiency": 0.7751282752004802, "cost": 0.08673219082207836, "score": 0.4820818277535878}