{"quality": 0.6710656212017378, "novelty": 0.8417155712898521, "diversity": 0.21454053323993658, "efficiency": 0.3050407730311669, "cost": 0.5301670981252755, "score": 0.4473960919731192}