{"quality": 0.940391703084562, "novelty": 0.6544734970085287, "diversity": 0.5412411566414161, "efficiency": 0.6333551188234996, "cost": 0.1724931795006639}