{"quality": 0.17297901533018634, "novelty": 0.7828632874687786, "diversity": 0.8034157243884156, "efficiency": 0.7394354566901509, "cost": 0, "score": 0.5192079898474563}