{"quality": 0.7553143104573352, "novelty": 0.4341212655561105, "diversity": 0.2161157540591278, "efficiency": 0.8353009958905332, "cost": 0.06634198439477713, "score": 0.497008711282156}