{"quality": 0.37562422702527337, "novelty": 0.3185159315016978, "diversity": 0, "efficiency": 0.5369364249750285, "cost": 0.4521871758579023, "score": 0.22763799714347052}