{"quality": 0.7889504771650443, "novelty": 0.1394854499246292, "diversity": 0.27882969253796, "efficiency": 0.2794165940228427, "cost": 0.679612304544531, "score": 0.30127370278723586}