{"quality": 0.48073894273559015, "novelty": 0.38228145866276114, "diversity": 0.63434871081046, "efficiency": 0.15902825156693295, "cost": 0.6363458172173317, "score": 0.326881445661766}