{"quality": 0.7293678144207492, "novelty": 0.9499378295095446, "diversity": 0.8224822163591474, "efficiency": 0.14503512478173436, "cost": 0.4464188260715896, "score": 0.5979046310855417}