{"quality": 0.5648879978296908, "novelty": 0, "diversity": 0.8412684664843435, "efficiency": 0.43200148201030525, "cost": 0.4942100370975548, "score": 0.35309931123756627}