{"quality": 0.18411933939089958, "novelty": 0.27163882922978766, "diversity": 0.3054498721270042, "efficiency": 0.7660499806879665, "cost": 0.2866276445689272, "score": 0.2704802161964199}