{"quality": 0.4850082423516062, "novelty": 1, "diversity": 0.7068524664639955, "efficiency": 0.7615035693448614, "cost": 0.39897695312683956, "score": 0.6112008060873262}