{"quality": 0.5979596053726368, "novelty": 0.29016668958056246, "diversity": 0.6540206675842795, "efficiency": 0.28794176586079134, "cost": 0.14178138161754533, "score": 0.4117468142411518}