{"quality": 0.3372841429127409, "novelty": 0.7517210476964585, "diversity": 0.22025927202754955, "efficiency": 0.08635980435800283, "cost": 0.8175693561543066, "score": 0.26436439424171654}