{"quality": 0.33658791893723566, "novelty": 0.9164988472803044, "diversity": 0.1955891033066617, "efficiency": 0.16912856822013284, "cost": 0.33654722697323586, "score": 0.3609334706982754}