{"quality": 0.8591188763908536, "novelty": 0.6997606434963575, "diversity": 0.5607022881391658, "efficiency": 0.6018888446016248, "cost": 1, "score": 0.5350996081094224}