{"quality": 0.15518936608405487, "novelty": 0.25941062468084314, "diversity": 0.4787891513475324, "efficiency": 0.17219479798769172, "cost": 0.4319400460883598, "score": 0.18980251135425152}