{"quality": 0.050929531862926425, "novelty": 0.9194138591052148, "diversity": 0.5949916655147112, "efficiency": 0.7518775989899665, "cost": 0.08856088089882136, "score": 0.4680562091967367}