{"quality": 0.35242459181843044, "novelty": 1, "diversity": 0.3985387104481496, "efficiency": 0.647838518858727, "cost": 0.4388024837579051, "score": 0.48873064908817765}