{"quality": 0.668543164944593, "novelty": 0.07660537655514582, "diversity": 0.7508423278522056, "efficiency": 0.07181535131488939, "cost": 0.29443640117890746, "score": 0.35121142177194814}