{"quality": 0.9173100838151346, "novelty": 0.9867526473613959, "diversity": 0.22487076896045702, "efficiency": 0.5368667876200659, "cost": 0.8862760177233915, "score": 0.5587577571476514}