{"quality": 0.1623317569956064, "novelty": 0.3630279471122314, "diversity": 0.5595569966843461, "efficiency": 0.8078590016458891, "cost": 0.10179098375875065, "score": 0.36236766508461726}