{"quality": 0.20832778458500018, "novelty": 0.5354588369898283, "diversity": 0.9316772285690615, "efficiency": 0.7936354220762719, "cost": 0.2729737170552964, "score": 0.4744464319426806}