{"quality": 1, "novelty": 0.13053891064656475, "diversity": 0.7287698871487343, "efficiency": 0.29342153412681193, "cost": 0.18140635123850113, "score": 0.5042613000865597}