{"quality": 1, "novelty": 0.4330773226923746, "diversity": 0.3987768087083009, "efficiency": 0.3443386105220116, "cost": 0, "score": 0.5396754839930555}