{"quality": 0.023580899104272468, "novelty": 0.44052476040231114, "diversity": 1, "efficiency": 0.15044410660835333, "cost": 0.7541218139488819, "score": 0.26435989442822433}