{"quality": 0.26214359128225173, "novelty": 0, "diversity": 0.47549864210191384, "efficiency": 0.8415445752106459, "cost": 0.5127779615116039, "score": 0.24869669593549476}