{"quality": 0.2883955474219576, "novelty": 0.3849197010444376, "diversity": 0.9260842925894398, "efficiency": 0.6523310481688714, "cost": 0.7627345163021466, "score": 0.3895416536007007}