{"quality": 0.5114919062692517, "novelty": 0.1530520353558979, "diversity": 0.8354742873306086, "efficiency": 0.06770988305704259, "cost": 1, "score": 0.26896192064442803}