{"quality": 0.5705857372714549, "novelty": 0.3676416344021969, "diversity": 0.4936296622606558, "efficiency": 0.6073672276287951, "cost": 0, "score": 0.4529171463784361}