{"quality": 0.6750388362077816, "novelty": 0.570242737423726, "diversity": 0.8535680119833717, "efficiency": 0.8491875086433132, "cost": 0.8191893689677379, "score": 0.5612451270146636}