{"quality": 0.479064390400699, "novelty": 0.30594724394695577, "diversity": 1, "efficiency": 0.28982588265010834, "cost": 0.19283212815693562, "score": 0.44439679768877133}