{"quality": 0.09792538579901419, "novelty": 0.601637160575412, "diversity": 0.2704541657623787, "efficiency": 0.3623406342134373, "cost": 0.9244909137704531, "score": 0.1957797427910033}