{"quality": 0.827551412704294, "novelty": 0.9314707525695096, "diversity": 0.9131826421111306, "efficiency": 0.49116808412653024, "cost": 0.4885156386054951, "score": 0.6885932891343218}