{"quality": 0.0037670682352788643, "novelty": 0.10297616448758223, "diversity": 0.7929947403358801, "efficiency": 0.23303116167334234, "cost": 0.043983248218426335, "score": 0.21602945908881396}