{"quality": 0.6251284152111503, "novelty": 0.2934744791454477, "diversity": 0.3109607184915792, "efficiency": 0.2516837231316297, "cost": 0.7860303373337882, "score": 0.28224881278438846}