{"quality": 0.788350576238972, "novelty": 0, "diversity": 0.47689371739757747, "efficiency": 0.9311012379766151, "cost": 0.7556300680556609, "score": 0.39598609524213324}