{"quality": 0.4957456950899929, "novelty": 0.14112847710202192, "diversity": 0.5560591594001381, "efficiency": 0.2785479127433508, "cost": 0.7165521282902553, "score": 0.26534463376500805}