{"quality": 0.8634449047019127, "novelty": 0.8256639751579118, "diversity": 0.43705415013704324, "efficiency": 0.8028218373231906, "cost": 0.05145958248065019, "score": 0.668137612577874}