{"quality": 0.8018465019646626, "novelty": 0.47421910412893287, "diversity": 0.5064819882075254, "efficiency": 0.3316776653291661, "cost": 0.8390405280667703, "score": 0.426252721255835}