{"quality": 0.7450040204095796, "novelty": 0, "diversity": 0.523651040800396, "efficiency": 0.879392414444258, "cost": 0.7599487517785982, "score": 0.3841454012717319}