{"quality": 0.5436134572663247, "novelty": 0.6479125886052426, "diversity": 0.41470018556591626, "efficiency": 0.443485034231228, "cost": 0.15980752120288994, "score": 0.4585442244587865}