{"quality": 0.22435664185088505, "novelty": 0.6348845729288395, "diversity": 0.15902473428326747, "efficiency": 0.7869922518869215, "cost": 1, "score": 0.2758819204271671}