{"quality": 1, "novelty": 0.33202986379654786, "diversity": 0.5350397109998377, "efficiency": 0.6395735894659951, "cost": 0, "score": 0.5859514465690038}