{"quality": 1, "novelty": 0.9337053009239487, "diversity": 0.6065893633471994, "efficiency": 0.16036512742854236, "cost": 0.3498753997603829, "score": 0.6438114270386702}