{"quality": 0.2159162511219493, "novelty": 1, "diversity": 0.7692656923234495, "efficiency": 0.15278458600021644, "cost": 0.3340848104272441, "score": 0.45813722065858276}