{"quality": 1, "novelty": 0.03898290160227791, "diversity": 0.25738539869306853, "efficiency": 0.6669222957993777, "cost": 0.34255782609242763, "score": 0.427005366899847}