{"quality": 0.29283064866771785, "novelty": 0.4016608267743399, "diversity": 0.9622695869468739, "efficiency": 0.8131743289534281, "cost": 0.5193364739356692, "score": 0.4507608206327223}