{"quality": 0.39202242074983373, "novelty": 0.9655651193057293, "diversity": 0.34210038063953124, "efficiency": 0, "cost": 0.3698682812327789, "score": 0.39043125405601076}