{"quality": 0.9838615797808327, "novelty": 0.1896223846068104, "diversity": 0.404621748249029, "efficiency": 0.9849259396970627, "cost": 0.17102050216132192, "score": 0.5541252604741854}