{"quality": 0.9296970889259737, "novelty": 0.3896750350667558, "diversity": 0.3544859726686843, "efficiency": 0.3572520322930358, "cost": 0.3378048908398426, "score": 0.4670323957381891}