{"quality": 0.7899023801345268, "novelty": 0.4117873272582706, "diversity": 0.8694809178123448, "efficiency": 0.3299102239204044, "cost": 0.5389054157668025}