{"quality": 0.0035696890978831886, "novelty": 0.3711083417399658, "diversity": 0.16161348268580533, "efficiency": 0.5571510000126156, "cost": 0.38116315001197565, "score": 0.17162702370221228}