{"quality": 0.8571985252501314, "novelty": 0.462459891173005, "diversity": 0, "efficiency": 0.4356493026967405, "cost": 0, "score": 0.43812192577280173}