{"quality": 1, "novelty": 0.4696115415875927, "diversity": 0, "efficiency": 0.5502544071008112, "cost": 0.5082679663387756, "score": 0.4491142498281423}