{"quality": 0.7302980458037632, "novelty": 0.9137679945449947, "diversity": 0.4518065424038621, "efficiency": 0.1450891988420888, "cost": 0.28787826842613495, "score": 0.5308682738418499}