{"quality": 0.4286130807184869, "novelty": 0.6691645628926363, "diversity": 0.04063424124663617, "efficiency": 0.9101469293691642, "cost": 0.4553233013970771, "score": 0.39499162245369934}