{"quality": 0.9769603712159107, "novelty": 0.9069476376678202, "diversity": 0.44087235431842314, "efficiency": 0, "cost": 0.8133565047033702, "score": 0.5266638411750757}