{"quality": 0.33834001886276044, "novelty": 0.55004884339622, "diversity": 0.6433355447484255, "efficiency": 0.5757308254953569, "cost": 0.3348063065588234}