{"quality": 0.07699474131545347, "novelty": 0.5462374923409441, "diversity": 0.043460168276690206, "efficiency": 0.294098983151019, "cost": 0.6212016947095838, "score": 0.1503445071369046}