{"quality": 1.0, "novelty": 0.3615750786265511, "diversity": 0.9710731522832798, "efficiency": 1.0, "cost": 0.9032070330354703}