{"quality": 0.7086648392601085, "novelty": 0.6874568060419461, "diversity": 1, "efficiency": 1, "cost": 0.5972294399342475, "score": 0.6747407092950943}