{"quality": 0.4924716925634471, "novelty": 0.2717160984988897, "diversity": 0.13098438077480085, "efficiency": 0.87402381720547, "cost": 0.5978510924776865, "score": 0.31318587188176855}