{"quality": 0.0401739824552898, "novelty": 0.7782652268547734, "diversity": 0.5590423246295939, "efficiency": 0.08884269669191283, "cost": 0.6306752492904664, "score": 0.2686858459509393}