{"quality": 0.15075341091199637, "novelty": 0.6920883937124968, "diversity": 0.9668502660587193, "efficiency": 0.4249579578830349, "cost": 0.28112826252966516, "score": 0.4472490423429557}