{"quality": 0.5533720315452846, "novelty": 0.21628599254581735, "diversity": 0.010704711598093497, "efficiency": 0.42416968858678294, "cost": 0.029288518795766216, "score": 0.28292065132809924}