{"quality": 0.41173605021775433, "novelty": 0.3878821452310868, "diversity": 0.5639800427072755, "efficiency": 1, "cost": 0.531073333653113, "score": 0.43018002654924176}