{"quality": 0.4914099159767358, "novelty": 0.9756148789919115, "diversity": 0.17943232615994364, "efficiency": 0.39853241452852806, "cost": 0.3165330220112855, "score": 0.45533971975113796}