{"quality": 0.5680873021109161, "novelty": 0.4353879746631104, "diversity": 0.8299105368528946, "efficiency": 0.3079977561663486, "cost": 0.431746629308461, "score": 0.4482802921637376}