{"quality": 0.9059104825711406, "novelty": 0.43431602520167706, "diversity": 0.26513985018835756, "efficiency": 0.1405720940358807, "cost": 1, "score": 0.35446593521481506}