{"quality": 0.8151750966168749, "novelty": 0.2223327179374392, "diversity": 0.7818865461530708, "efficiency": 0.7591912444755377, "cost": 0.6551752752965131, "score": 0.5048741768417158}