{"quality": 0.7408954014135984, "novelty": 0.30298517544155507, "diversity": 0.5988491663106312, "efficiency": 0.7198494305217992, "cost": 0.5999400824248168}