{"quality": 0.6054205681064648, "novelty": 0.23865214253257966, "diversity": 0, "efficiency": 0.4869088322620948, "cost": 0.4330303155866208, "score": 0.2710224993457365}