{"quality": 0.5402082460959415, "novelty": 0.8609096010548596, "diversity": 0.21916563758462862, "efficiency": 0.878535746065209, "cost": 0.2785546889089887, "score": 0.5250478946283056}