{"quality": 0.9833592422460629, "novelty": 0.29808474767164383, "diversity": 0.8382276423568422, "efficiency": 0.5491896977525162, "cost": 1, "score": 0.5195529427259757}