{"quality": 1, "novelty": 0.591790229675508, "diversity": 0.3405533454872752, "efficiency": 0.8856202802813673, "cost": 0.7348196632373001, "score": 0.5754193022348071}