{"quality": 0.1389602966690277, "novelty": 0.3911123326871503, "diversity": 0.80668816437045, "efficiency": 0, "cost": 0.2672927961117863, "score": 0.2740745254354072}