{"quality": 0, "novelty": 0.79148806266361, "diversity": 0.33531711482404625, "efficiency": 0.09991844738626514, "cost": 0.36669068379092506, "score": 0.24325413735955903}