{"quality": 0.49966364540040925, "novelty": 0.19049178261310235, "diversity": 0.2516168233517865, "efficiency": 0.8372132427002338, "cost": 0.9313984247362961, "score": 0.2802875478751611}