{"quality": 0.5054299095865616, "novelty": 0.7009291865759781, "diversity": 0.3086606032372786, "efficiency": 0.26284038349878003, "cost": 0.20898275881485545, "score": 0.40712117181075025}