{"quality": 0.34141072175020815, "novelty": 0.6038300476813461, "diversity": 0.26459203989984237, "efficiency": 0.5494290308225441, "cost": 0.9675394586489413, "score": 0.2919595451838549}