{"quality": 1, "novelty": 0.8138902363403999, "diversity": 0.6760945649971661, "efficiency": 0.4238322220942422, "cost": 0.5144667265619429, "score": 0.6508196327424752}