{"quality": 0.15282062636787516, "novelty": 0.4008672990634023, "diversity": 0.8061272500363479, "efficiency": 0.3688234487730159, "cost": 0.5606669883798024, "score": 0.30654528116145485}