{"quality": 0.5392602582360044, "novelty": 0.5487799716920005, "diversity": 1, "efficiency": 0.10833169849038227, "cost": 0.8833755843480389, "score": 0.42688526673255495}