{"quality": 0.11469579438051107, "novelty": 1, "diversity": 0.6909117681398711, "efficiency": 0.40354365421837285, "cost": 0.9929507915971012, "score": 0.3838275609151733}