{"quality": 0.7018572447754159, "novelty": 0.21652837843407852, "diversity": 0.7717009068336337, "efficiency": 0.3410570203376341, "cost": 0.782636783695498, "score": 0.3919243240889664}