{"quality": 0.48249534991555304, "novelty": 0.6087079372896806, "diversity": 1, "efficiency": 0.5821136499415513, "cost": 0.2981811770924962, "score": 0.5544245190790692}