{"quality": 0.25062375081179245, "novelty": 0, "diversity": 0.34314787141956854, "efficiency": 0.7487476468539248, "cost": 1, "score": 0.15612884655554013}