{"quality": 0.3273777194202857, "novelty": 0.9065382472343934, "diversity": 0.483138859280897, "efficiency": 0.1523588920232542, "cost": 0.23999242523258338, "score": 0.42033024077109327}