{"quality": 0.9864361288470649, "novelty": 0.40318804493500954, "diversity": 0.8297803890934377, "efficiency": 0.803451389593209, "cost": 0.5681493057726723, "score": 0.6263867055682735}