{"quality": 0.9455470983696708, "novelty": 0.7799602765585149, "diversity": 0.12835620171088294, "efficiency": 0.8565505869516311, "cost": 0.8600791871664686, "score": 0.5468001083188043}