{"quality": 0.23680041737811997, "novelty": 0.34385537151076484, "diversity": 0.8949110374039786, "efficiency": 0.3616920796143415, "cost": 0.2399943382260128, "score": 0.3662405536914729}