{"quality": 0.9262993988890424, "novelty": 1, "diversity": 1, "efficiency": 0.3082892525695484, "cost": 0.8439001241701628, "score": 0.6897431951351287}