{"quality": 0.7551531240348845, "novelty": 0.14457379570923995, "diversity": 0.8158970756175425, "efficiency": 0.9129792723625749, "cost": 0.42397018836027367, "score": 0.5204186732796428}