{"quality": 0.5586852336193591, "novelty": 0.568123222155372, "diversity": 0.14826682931859736, "efficiency": 0.18968843609731478, "cost": 0.21599160721751287, "score": 0.34614384618121613}