{"quality": 0.6083148337468666, "novelty": 0.1983546097699968, "diversity": 0.24421475212828347, "efficiency": 0.2117438299563526, "cost": 0.8683735295015581, "score": 0.22585027453551293}