{"quality": 0.964006450659121, "novelty": 0.23336948932477122, "diversity": 0.6979560498602458, "efficiency": 0.7257676309622665, "cost": 0.4492808870757044}