{"quality": 0.7280502876345938, "novelty": 0.7666662138217047, "diversity": 0, "efficiency": 0.7450040714051983, "cost": 0.9694473484419172, "score": 0.42488751561239224}