{"quality": 0.4321972994751988, "novelty": 0.8236487375283966, "diversity": 0.8718376595892978, "efficiency": 0.7985901153263539, "cost": 0.2320108772701747, "score": 0.606526335714454}