{"quality": 0.8554855119125078, "novelty": 0.7706742842812931, "diversity": 0.8819963180166943, "efficiency": 0.9933597592077844, "cost": 0.8145354085413612, "score": 0.693263911274446}