{"quality": 0.31603966754474516, "novelty": 0.11663761441553441, "diversity": 0.9751031801418376, "efficiency": 0.8433107332459664, "cost": 0.21601569836002876, "score": 0.4238869800465667}