{"quality": 0.8503534052615734, "novelty": 0.3342787054248252, "diversity": 0.01547565388929674, "efficiency": 0.4412742198042072, "cost": 1, "score": 0.3079619616831687}