{"quality": 0.6638377235760635, "novelty": 0.26004118587318703, "diversity": 0.7504679498875062, "efficiency": 0.24380190645729122, "cost": 0.5384083526244324, "score": 0.3969846542247674}