{"quality": 0.643468796460102, "novelty": 1, "diversity": 0.595826520935854, "efficiency": 0.5049568032701941, "cost": 0.3294089810620889, "score": 0.6050085655095215}