{"quality": 0.3337086856361279, "novelty": 0.1675457554096172, "diversity": 0.5851159785391236, "efficiency": 0.9376980708148808, "cost": 0.9842831127088489, "score": 0.30124863960241455}