{"quality": 0.6594948667370906, "novelty": 0, "diversity": 0.5614714775532499, "efficiency": 0.11557950693474117, "cost": 0.14190860074962916, "score": 0.31328882149702547}