{"quality": 0.6118875019654401, "novelty": 0.2032413395527337, "diversity": 0.4065394220368236, "efficiency": 0.6948364594123378, "cost": 0, "score": 0.41990993879703087}