{"quality": 0.3945417095709247, "novelty": 0.8595288335659726, "diversity": 0.582485447254263, "efficiency": 0.6881540202839416, "cost": 0.43101149368218533, "score": 0.5098637643879959}