{"quality": 0.14641211985152466, "novelty": 0.39019539411242493, "diversity": 0.5027933443434827, "efficiency": 0.8306280948771179, "cost": 0.7449973606202721, "score": 0.29212563152180065}