{"quality": 1, "novelty": 0.5141571632705011, "diversity": 0.09284059713053933, "efficiency": 0.5371218599908716, "cost": 0.2221635563860975, "score": 0.5054593336037541}