{"quality": 0.583250858450111, "novelty": 0.5729352407561361, "diversity": 0.8550166280765978, "efficiency": 0.20060096401423425, "cost": 0.6622473998609117, "score": 0.45307779795543085}