{"quality": 0.8441541633873452, "novelty": 1, "diversity": 1, "efficiency": 0.32437003365429207, "cost": 0.16610314946483268, "score": 0.7352914391178641}