{"quality": 0.17991557750888837, "novelty": 0.7053469459306606, "diversity": 0.16854153223338308, "efficiency": 0.2804990981934541, "cost": 0.821642801159306, "score": 0.22393030079509577}