{"quality": 0.05991702462496021, "novelty": 0.04195394475888323, "diversity": 0, "efficiency": 0.46763488335417147, "cost": 0.4066171198017524, "score": 0.057947114100159354}