{"quality": 0.9779681795149053, "novelty": 0.5266971872906434, "diversity": 0.57479020402663, "efficiency": 0.4457325173442578, "cost": 0.45373804845175736, "score": 0.5615088642389214}