{"quality": 0.03525983654467685, "novelty": 0, "diversity": 0.42741544147026556, "efficiency": 0.3261145958778964, "cost": 0.6344586108871644, "score": 0.08153236755042417}