{"quality": 0.17063724216306653, "novelty": 0.5219188702583072, "diversity": 0.6059831190633364, "efficiency": 0.6877481088933588, "cost": 0, "score": 0.4060297303601678}