{"quality": 0.1359992626700543, "novelty": 0.3040074160610006, "diversity": 1, "efficiency": 0.7067908123512736, "cost": 0.023815800367090134, "score": 0.42043867463224843}