{"quality": 0.13889814341109247, "novelty": 0.597938200865463, "diversity": 0.48942307741211544, "efficiency": 0.19638174012639942, "cost": 0.3814533787553329, "score": 0.28035053186554315}