{"quality": 0.8510867582974492, "novelty": 0.7166593825683465, "diversity": 0.39521022713793247, "efficiency": 0, "cost": 0.5699050917782449, "score": 0.4565424093810833}