{"quality": 0.22523151437257838, "novelty": 0.9317202370059401, "diversity": 0.4750421008799107, "efficiency": 0, "cost": 0.2351413738932719, "score": 0.37199379634991353}