{"quality": 0.5923833054234267, "novelty": 0.7287035951947705, "diversity": 1, "efficiency": 0.13207725467059514, "cost": 0.5392233018532417, "score": 0.5257801484409858}