{"quality": 0.9219420448102928, "novelty": 0.26463103232324675, "diversity": 0.6193101508867824, "efficiency": 0.44927719323792253, "cost": 0.7475697549706859, "score": 0.45923700518987576}