{"quality": 0.35349241225663064, "novelty": 0.8895178280776463, "diversity": 0.8781547012911066, "efficiency": 0.03373800329141291, "cost": 0.11705866957869074, "score": 0.497412954490465}