{"quality": 0.5863427723879576, "novelty": 1, "diversity": 0.04987884877352314, "efficiency": 0, "cost": 0.7179807373720348, "score": 0.36408052773388844}