{"quality": 0.3457187859919959, "novelty": 0.3233751059010449, "diversity": 0.9088504886717435, "efficiency": 0.7150872438721007, "cost": 0, "score": 0.4735925965880238}