{"quality": 0.31874527712994183, "novelty": 0.6721331259783773, "diversity": 0.8088776980324704, "efficiency": 0.22957403199256277, "cost": 1, "score": 0.3598685090389554}