{"quality": 0.11565099086352904, "novelty": 0.3941482851343229, "diversity": 0.8381214501610432, "efficiency": 0.8282412544290658, "cost": 0.5060385647484498, "score": 0.374488990264363}