{"quality": 0.273093733234945, "novelty": 0.7081377234456476, "diversity": 0.2592613983599342, "efficiency": 0.039006350898373315, "cost": 0, "score": 0.31666578313863825}