{"quality": 0.5033033253905906, "novelty": 0.45569221016019124, "diversity": 0, "efficiency": 0.049642689778838095, "cost": 0.7898392550201525, "score": 0.19337652812203548}