{"quality": 0.7206499642797372, "novelty": 0.6322774368861566, "diversity": 0.3303936273060965, "efficiency": 0.399890724174634, "cost": 0.2497490770229165, "score": 0.47535177489058306}