{"quality": 0.3285144139631947, "novelty": 1, "diversity": 0.6353872611391005, "efficiency": 0.029572896716169195, "cost": 0.6255069420621923, "score": 0.4175170167179846}