{"quality": 0.8284710675032207, "novelty": 0.13333107095045704, "diversity": 0.5210031746259379, "efficiency": 0.5336808481963117, "cost": 0.26363753569075127, "score": 0.43976309657413976}