{"quality": 0.3641276886467313, "novelty": 0.08282438754737537, "diversity": 0.37431126549192295, "efficiency": 0.8021036828700829, "cost": 0.19204410053086896, "score": 0.30591779895667337}