{"quality": 0.5912350664019325, "novelty": 0.6008674044520643, "diversity": 0.38430447826134756, "efficiency": 0.5822545180680977, "cost": 0.6004781389699287, "score": 0.4317386304990871}