{"quality": 0.5516144179803193, "novelty": 0.37651557148438297, "diversity": 0.1818711546007467, "efficiency": 0.3124739495613222, "cost": 0.8038424021376378, "score": 0.26247430140577543}