{"quality": 0.6421387951610471, "novelty": 0.22357558936657018, "diversity": 0.2649687326891795, "efficiency": 0.05109441138557372, "cost": 0.4518025479629889, "score": 0.2640131893393297}