{"quality": 0.30225377006893606, "novelty": 0.5899177989903555, "diversity": 0.7654068396941107, "efficiency": 0.6156494692170391, "cost": 0.7777229160037981, "score": 0.40581207748926784}