{"quality": 0.8591385667956232, "novelty": 0.025261603638188523, "diversity": 0.7443939194086684, "efficiency": 0.882287436973431, "cost": 0, "score": 0.5452788703759823}