{"quality": 1, "novelty": 0.6285348467323704, "diversity": 0.6419894950795988, "efficiency": 0.67322476401172, "cost": 0.14146756559559376, "score": 0.6723685687412111}