{"quality": 0.992192206923612, "novelty": 0.04777476690393556, "diversity": 0.42171258242545023, "efficiency": 0.33505649879099275, "cost": 0.8316912568616691, "score": 0.3610332194206396}