{"quality": 0, "novelty": 0.5980590312104251, "diversity": 0.6459323990059525, "efficiency": 0.9012070509853607, "cost": 0.47108616272618264, "score": 0.36677367897898266}