{"quality": 0.07274722400733916, "novelty": 0.453298161622108, "diversity": 0.9830320384268534, "efficiency": 0.025914413910970935, "cost": 0.20989249098003815, "score": 0.31465302828174124}