{"quality": 0.7329673761763618, "novelty": 0.5803794846450443, "diversity": 0.16785751971323337, "efficiency": 0.8053865088362142, "cost": 0.4348172148038395}