{"quality": 0.43197336669638864, "novelty": 0.20083269005208754, "diversity": 0, "efficiency": 0.2980314466637277, "cost": 0.08318868737277979, "score": 0.21618603078421966}