{"quality": 0.6162241921470872, "novelty": 0, "diversity": 0.013544282600702673, "efficiency": 0, "cost": 0.8742808344033346, "score": 0.10014803072393323}