{"quality": 0.4046333776847096, "novelty": 0, "diversity": 1, "efficiency": 0.27062527804924313, "cost": 0.3150266221407944, "score": 0.33048114279871993}