{"quality": 0.9259995425733162, "novelty": 0.3316318721081003, "diversity": 0.4102942645951979, "efficiency": 0.5565064365642043, "cost": 0.2995693800461067, "score": 0.49628571119807946}