{"quality": 0.13207800736226694, "novelty": 0.6918567955646588, "diversity": 0.4218096816982655, "efficiency": 0.09559097742547745, "cost": 0.7871517658959141, "score": 0.2325730074637281}