{"quality": 0.08398007148665398, "novelty": 0.7925347646575468, "diversity": 1, "efficiency": 0.44769960838414624, "cost": 0.7840324509922959, "score": 0.4120794087687753}