{"quality": 0.8160194214874397, "novelty": 0.17958813102135063, "diversity": 0.9754780469447265, "efficiency": 0.2459431083597588, "cost": 0.8796375039453317, "score": 0.4337261844499455}