{"quality": 1, "novelty": 0.415053453855142, "diversity": 0.5294402768383366, "efficiency": 0.6935525938278186, "cost": 0.2086980318562825, "score": 0.5928145047199973}