{"quality": 0.7322968994101594, "novelty": 0.5319956415742954, "diversity": 0.5955161722109155, "efficiency": 0.4152471144685933, "cost": 0.9102439144840466}