{"quality": 1.0, "novelty": 0.7693382433576674, "diversity": 0.801026292861411, "efficiency": 0.2169334868728852, "cost": 0.0}