{"quality": 0.8041398330177358, "novelty": 0.7608979611773622, "diversity": 0.5854605247908413, "efficiency": 0.09114065008682837, "cost": 0.6572609218491052, "score": 0.4965035504859432}