{"quality": 0.8126633923325678, "novelty": 0.764859929752937, "diversity": 0.5183961787125959, "efficiency": 0.6514305571009922, "cost": 0.6724358452928864, "score": 0.5691642349163841}