{"quality": 0.40959141744556565, "novelty": 0.8250501217946784, "diversity": 0.8226049184022223, "efficiency": 0.3014982527930052, "cost": 0.8061734595284998, "score": 0.45826833132888456}