{"quality": 0.23496980917732407, "novelty": 0.26395294761117827, "diversity": 0.6939250546131539, "efficiency": 1, "cost": 0.766423839204627, "score": 0.34862180665815984}