{"quality": 0.6965879637044153, "novelty": 0.21118518923796145, "diversity": 0.2761137028244029, "efficiency": 0.7162546452685223, "cost": 0.4442219446736782, "score": 0.38001142930860604}