{"quality": 0.4135136683888102, "novelty": 0.806230586733808, "diversity": 0.23302899246884629, "efficiency": 0, "cost": 0.5063173359405264, "score": 0.3215858120998117}