{"quality": 0.983686313221459, "novelty": 0.7643353699513706, "diversity": 0.8631418877875778, "efficiency": 0.0023852375020448346, "cost": 0.011097250694801025, "score": 0.6580661745676225}