{"quality": 0.1735031381378909, "novelty": 0.5727306038233577, "diversity": 0.586709954036331, "efficiency": 0.6959778194199593, "cost": 0.4675880868522767, "score": 0.37021344743223905}