{"quality": 0, "novelty": 0.8965420867265762, "diversity": 0.29750184095756327, "efficiency": 0.3467460455158017, "cost": 0.9154496629828621, "score": 0.24410283040224068}