{"quality": 0.5755839745190652, "novelty": 0.3693655394996017, "diversity": 0.26179460775657143, "efficiency": 0.4967343961030039, "cost": 0.22188325368666165, "score": 0.3696973328287187}