{"quality": 0.2256487368146629, "novelty": 0.6462326634450621, "diversity": 0.48724040038545224, "efficiency": 0.5783348375304215, "cost": 0.7749858989464454, "score": 0.3359525027176735}