{"quality": 0.1588572444135862, "novelty": 0.6950511852495782, "diversity": 0.31737702869168943, "efficiency": 0.6575109429115282, "cost": 1, "score": 0.28352201681153755}