{"quality": 0, "novelty": 0.5316829430200454, "diversity": 1, "efficiency": 0.45775685892056583, "cost": 0.36039933507451766, "score": 0.36554433108564444}