{"quality": 0.5525002509936163, "novelty": 0.4561598659035805, "diversity": 0.5892164124538164, "efficiency": 1, "cost": 0.3893691284766862, "score": 0.5086964114170747}