{"quality": 0.08528002653221484, "novelty": 0.9264241135359884, "diversity": 0.9866923135404687, "efficiency": 0.8803344736505508, "cost": 0.22102090731149338, "score": 0.5644765793681886}