{"quality": 0.796302555970309, "novelty": 0, "diversity": 0.7528751111136536, "efficiency": 0.2608253382503056, "cost": 0.4094147611425887, "score": 0.3876481136371104}