{"quality": 0.12099359595336961, "novelty": 0.20216495905201257, "diversity": 0.5755950780315666, "efficiency": 0.44589888782341064, "cost": 0.3787393548310066, "score": 0.23096923184573828}