{"quality": 0.8660551896488549, "novelty": 0.21350601216573767, "diversity": 0.4732177575083026, "efficiency": 0.7572363029945813, "cost": 0.49409054663916907, "score": 0.4720130022230216}