{"quality": 0.9701236730090925, "novelty": 0.25345783017197354, "diversity": 0.12651123299161454, "efficiency": 0.6831114540421775, "cost": 0.07988226733786424, "score": 0.4741822974165843}