{"quality": 0.5083593349141584, "novelty": 0.6337927810387705, "diversity": 0.7237865401698245, "efficiency": 0.4989398494325377, "cost": 0.8074091610816014, "score": 0.44981336507462555}