{"quality": 0.39929587247174037, "novelty": 0.11186324007479415, "diversity": 0.6107787184297402, "efficiency": 0.5819284207451273, "cost": 0.23297691504801393, "score": 0.3339018870531364}