{"quality": 0, "novelty": 0.34002866734817305, "diversity": 0, "efficiency": 0.06173079824927083, "cost": 0.16240617930661225, "score": 0.07802616864377265}