{"quality": 0.024358625691146787, "novelty": 0.19279219698353323, "diversity": 0.6287365363435569, "efficiency": 0.593217867890831, "cost": 0.11226726920012017, "score": 0.25900889748555134}