{"quality": 0.8313695876863506, "novelty": 0.3718113715665937, "diversity": 0.6894903596565425, "efficiency": 0, "cost": 0, "score": 0.48026179112886214}