{"quality": 0.3366542252845931, "novelty": 0.778664309183337, "diversity": 0.6688130815261195, "efficiency": 0, "cost": 0.5380868909568276, "score": 0.3756162720907533}