{"quality": 0.6651481525332255, "novelty": 0.8159300982839777, "diversity": 0.9543220507365632, "efficiency": 0.28123540984491113, "cost": 0.46017395161692254}