{"quality": 0.29022400988803915, "novelty": 0.23892759215538456, "diversity": 0.45677206605244175, "efficiency": 0.37095402409616596, "cost": 0.9687895484547044, "score": 0.1969176629847007}