{"quality": 1, "novelty": 0.502212085952306, "diversity": 0.6383352736520307, "efficiency": 0.590131968593792, "cost": 0.6228922440582384, "score": 0.5794506471017277}