{"quality": 0.4672775799499398, "novelty": 0.6618478947196725, "diversity": 0.9395529710448606, "efficiency": 0.8730551163087941, "cost": 0.4689737736093105, "score": 0.5776167319592603}