{"quality": 0.593252415887199, "novelty": 0.48705117088973116, "diversity": 0.08503121990942117, "efficiency": 0.7432773764181293, "cost": 0.25439234163585106, "score": 0.40279713376961096}