{"quality": 0.09970878208964051, "novelty": 0.9818820743832418, "diversity": 0.6840496879422682, "efficiency": 0.4082209997982626, "cost": 0.2653618997361771, "score": 0.44689005080727795}