{"quality": 0.9634529229971014, "novelty": 0.4483957839327606, "diversity": 0.5659098735595367, "efficiency": 0.6992508796494814, "cost": 0, "score": 0.6192044295416501}