{"quality": 0.7627515301019105, "novelty": 0.1862841213824684, "diversity": 0.58798133474275, "efficiency": 0.705009042808048, "cost": 0.3995491698850628}