{"quality": 0.19849685891334606, "novelty": 0.2301238561046246, "diversity": 0.5378557458510671, "efficiency": 0.2637759882449694, "cost": 0.625675481578726, "score": 0.2016500209492462}