{"quality": 0.4359149258608112, "novelty": 0.0990432903228512, "diversity": 0.4856054556489339, "efficiency": 0.18023901162854294, "cost": 0.478473393934291, "score": 0.23184490381959533}