{"quality": 0.4687029403172993, "novelty": 0.12585972275350088, "diversity": 0.9526617810122227, "efficiency": 0.20345718152768238, "cost": 0.14333030391749763, "score": 0.37879371582341215}