{"quality": 0.31078978246524547, "novelty": 0.9282919364120451, "diversity": 0.9109131128498291, "efficiency": 0.9145215256415866, "cost": 0.010667681581166946, "score": 0.643604002100672}