{"quality": 0.11520963738618029, "novelty": 0.8903940023725333, "diversity": 0.42886594342246875, "efficiency": 0.909563451801706, "cost": 0.19284316494550552, "score": 0.4600847817691865}