{"quality": 0.6194096896835206, "novelty": 0.14730048201921125, "diversity": 0.8751979584864453, "efficiency": 0.43794645929509846, "cost": 0.15388501233222718, "score": 0.44799108676819016}