{"quality": 0.5821141409812387, "novelty": 1, "diversity": 0.17739940033729917, "efficiency": 0.24797581633994814, "cost": 1, "score": 0.39731049481282366}