{"quality": 0.34474368218582185, "novelty": 0.8110836470325468, "diversity": 0.4022540399832347, "efficiency": 0.06997116522259814, "cost": 0.6875323420031655, "score": 0.3283872649936033}