{"quality": 0.5405835463762901, "novelty": 0.5752886473306662, "diversity": 0.3365696318281553, "efficiency": 0, "cost": 0.42572131589356116, "score": 0.33073902052182846}