{"quality": 0.34976668737249583, "novelty": 0.18813111784693248, "diversity": 0.24747106637156369, "efficiency": 1, "cost": 0.9572134736299223, "score": 0.2557356515848024}