{"quality": 1, "novelty": 0.3196721915407199, "diversity": 0, "efficiency": 1, "cost": 0.27660597760536887, "score": 0.5022574501246431}