{"quality": 0.250076601055769, "novelty": 0.051261664851215166, "diversity": 0.14608149808965165, "efficiency": 0.10146904257852757, "cost": 0.5570217933723745, "score": 0.07657287319700651}