{"quality": 0.8844029684094491, "novelty": 0.18951388328149643, "diversity": 0, "efficiency": 0.4089037864002083, "cost": 0.47944782966653415, "score": 0.3260901463365866}