{"quality": 0.9588613573618117, "novelty": 0.2014245823746625, "diversity": 0.6216003174397864, "efficiency": 0.36123793683370936, "cost": 0.77915335147549, "score": 0.43860497166767376}