{"quality": 0.8983461353972505, "novelty": 0.29886962419175245, "diversity": 0.9400379544932393, "efficiency": 0.8002283284781718, "cost": 0.29283168746135824, "score": 0.6229799180913511}