{"quality": 0.24099921456333068, "novelty": 0.7418743975120641, "diversity": 0.9845056251582375, "efficiency": 0.0, "cost": 0.2108713150934576}