{"quality": 0.4553759541231197, "novelty": 0.2969164537764263, "diversity": 0.5250186469076241, "efficiency": 0.14013902724543192, "cost": 0.29650953716182005, "score": 0.30721552943320013}