{"quality": 0.8314154583960883, "novelty": 0.41595554664488094, "diversity": 0.7517691447254802, "efficiency": 0.7449335233854515, "cost": 0, "score": 0.6155073816329605}