{"quality": 1, "novelty": 0.37699859579816475, "diversity": 0.507958441764609, "efficiency": 0.543603186803472, "cost": 0.1299303662874826, "score": 0.5643887786942355}