{"quality": 0.5961240239016482, "novelty": 0.22675197232514677, "diversity": 0.37327356088457536, "efficiency": 0.5078450290505856, "cost": 0.430631534113231, "score": 0.343293513374961}