{"quality": 0.46717049586278186, "novelty": 0.2003705119828694, "diversity": 0.528412173329531, "efficiency": 0.13454996236637345, "cost": 0.09013017187613742, "score": 0.30709568858780034}