{"quality": 0.8340820765147013, "novelty": 0.3704943646948198, "diversity": 0.35859839124055504, "efficiency": 0, "cost": 0.45987659401442993, "score": 0.3685802329747834}