{"quality": 0.19840043386280243, "novelty": 0.445756974012422, "diversity": 0.7410917172784928, "efficiency": 0.574887561306019, "cost": 0.4029672161007201, "score": 0.36511412970347557}