{"quality": 0.7263475230638469, "novelty": 0.737421745873091, "diversity": 0.8034424416703778, "efficiency": 0.14851950291397223, "cost": 0.6608511122394147, "score": 0.5191409959346567}