{"quality": 0, "novelty": 0.4944174180215944, "diversity": 0.31588735456698, "efficiency": 1, "cost": 0.004089100142983998, "score": 0.33637291540449626}