{"quality": 0.9426451489206985, "novelty": 0.7965763347020557, "diversity": 0.5382582610894185, "efficiency": 0.6105468490917321, "cost": 0.752678034658173, "score": 0.6059035044675497}