{"quality": 0.8090083642685968, "novelty": 0.21684253251769425, "diversity": 0.6898360934404285, "efficiency": 0.9105570553341592, "cost": 0.8301481398076086}