{"quality": 0.013732984145619243, "novelty": 0.6606815240209084, "diversity": 0.006494863899687689, "efficiency": 0.21988088607665635, "cost": 0.41133046108423804, "score": 0.16243833583192507}