{"quality": 0.1847877359476034, "novelty": 0.42699764518102307, "diversity": 0, "efficiency": 0.6427391978378718, "cost": 0.6023827554498308, "score": 0.19835833621023446}