{"quality": 0.07259267115946921, "novelty": 0.8165205029103997, "diversity": 0.12965425141864262, "efficiency": 0.13968186909439134, "cost": 0.17855427748963076, "score": 0.2549356299743648}