{"quality": 0.714840208808551, "novelty": 0.2590929355206733, "diversity": 0.26110512505072414, "efficiency": 0.7913967236841531, "cost": 0.5865556831294743, "score": 0.391500261772554}