{"quality": 0.22893860333090515, "novelty": 0.4244733459656383, "diversity": 0.40371372928273724, "efficiency": 0.5684354359036743, "cost": 0, "score": 0.34080797873277974}