{"quality": 0.6021502011020223, "novelty": 0.3011663153539125, "diversity": 0.41855063760936845, "efficiency": 0.24381101180815778, "cost": 0.25213839911838576, "score": 0.3510045785503436}