{"quality": 0.4542983013709217, "novelty": 0.5484266246129015, "diversity": 0.6045477295742951, "efficiency": 0.14540722515490795, "cost": 0.7645243029003159, "score": 0.33966434596256545}