{"quality": 0.3861359934070868, "novelty": 0.8708913159032106, "diversity": 0, "efficiency": 0.48431954882907574, "cost": 0.46677440897587313, "score": 0.35953411842470273}