{"quality": 0.6585542169643686, "novelty": 0.8937515511232526, "diversity": 0.005166554355537034, "efficiency": 0.6818775347983224, "cost": 0.5548487730926392, "score": 0.4688342166517156}