{"quality": 0.28250850454166393, "novelty": 0.019130101256294857, "diversity": 0.6781974874056008, "efficiency": 0.23129684115934698, "cost": 0, "score": 0.2598691003315951}