{"quality": 0.1769208764395547, "novelty": 0.8483175315284222, "diversity": 0.1359302905009137, "efficiency": 0.18150593362997713, "cost": 0.22167734849715495, "score": 0.29739985910893574}