{"quality": 0.8195658333585967, "novelty": 0.6542079642016723, "diversity": 0.13249547391065492, "efficiency": 0.4841527835665209, "cost": 0.7118533911095872, "score": 0.43735841426414745}