{"quality": 0.9582317293161939, "novelty": 0.2706464987056927, "diversity": 0.2929717873975009, "efficiency": 1, "cost": 0.3838211115098784, "score": 0.5253433897997937}