{"quality": 0.8617157383459499, "novelty": 0.9518341499326743, "diversity": 0.3439959239248315, "efficiency": 0.5861931425162114, "cost": 0.15690644100230955, "score": 0.6375107710491207}