{"quality": 1, "novelty": 0.5523904226589352, "diversity": 0.523554489827014, "efficiency": 0.9177375628213533, "cost": 0.7458060791787295, "score": 0.6058885301354666}