{"quality": 0.5763639187451668, "novelty": 0.2631878404000006, "diversity": 0.39794484590014256, "efficiency": 0.16872964552781855, "cost": 0.8285300511494471, "score": 0.2607515466178068}