{"quality": 0.09084492780450257, "novelty": 0.6294483536528754, "diversity": 0, "efficiency": 0.6445896562701314, "cost": 0.783177880227666, "score": 0.20298622717232273}