{"quality": 0.6460360847377027, "novelty": 0.23363516489676056, "diversity": 0.278208542578381, "efficiency": 0, "cost": 0.6830987198457796, "score": 0.23955145317659918}