{"quality": 0.0826346070556116, "novelty": 0.1590082801612263, "diversity": 0.2925328570335992, "efficiency": 0.18381014169684481, "cost": 0.7911348808968894, "score": 0.07150705672854767}