{"quality": 0.4772077848676824, "novelty": 1, "diversity": 1, "efficiency": 0.5753311677938284, "cost": 0.5071289950266045, "score": 0.6287491111267185}