{"quality": 0.631406926307567, "novelty": 0.8682384270553716, "diversity": 0.5362215048841564, "efficiency": 0.5243777703759769, "cost": 0, "score": 0.5923826511893409}