{"quality": 0.8855734869423002, "novelty": 0.6110457680538455, "diversity": 0.24893070824091412, "efficiency": 0.8637121936758839, "cost": 0.4528242065894813, "score": 0.5524940381367687}