{"quality": 0.7032166485260256, "novelty": 0.9204594256027938, "diversity": 0.07989097765479863, "efficiency": 1, "cost": 0.1418944455123047, "score": 0.5928686019382353}