{"quality": 1, "novelty": 1, "diversity": 0.15616372862827813, "efficiency": 0.68874670673253, "cost": 0.575167625698285, "score": 0.6270279891657067}