{"quality": 0.42560704557709284, "novelty": 0.8279486082402816, "diversity": 0.8755471624446871, "efficiency": 0.45663142102715437, "cost": 0.3164952614336136, "score": 0.5466238852328474}