{"quality": 0.5315759999998583, "novelty": 0.9884085934188551, "diversity": 0.7951148214328908, "efficiency": 0.6510949016264779, "cost": 0.22120058085359412, "score": 0.6411420897998616}