{"quality": 1.0, "novelty": 0.9852065383405049, "diversity": 0.34197035480081484, "efficiency": 0.33075717179102776, "cost": 0.5433430623347799}