{"quality": 0.971341494980323, "novelty": 0.7570460348969876, "diversity": 0.9576708614667097, "efficiency": 0.9254000594642375, "cost": 0.5414225062961845, "score": 0.7568658878017028}