{"quality": 0.13196195420901097, "novelty": 0.10195846241324008, "diversity": 0.6962900539099184, "efficiency": 0.314550924147246, "cost": 0.16194955282533335, "score": 0.23532389598755055}