{"quality": 0.7936735880648953, "novelty": 0.3645731000831552, "diversity": 0.2613484227603373, "efficiency": 0.33875390603746636, "cost": 0.29492392530178363, "score": 0.4028357293677664}