{"quality": 0.33773510347743996, "novelty": 0.282963084599456, "diversity": 0.35810969112169555, "efficiency": 1, "cost": 0.8650675116129164, "score": 0.30717648925614344}