{"quality": 0.6957933892286357, "novelty": 0.5425335568982351, "diversity": 0.8183156153588721, "efficiency": 0.6937181987860899, "cost": 0.5035652348494457, "score": 0.5617357353978929}