{"quality": 1, "novelty": 0.47763132486162113, "diversity": 0.7020640801207356, "efficiency": 0.7235628698994057, "cost": 1, "score": 0.5683550777244633}