{"quality": 0.9869967047899633, "novelty": 0.9167962300254713, "diversity": 0.7618843165231985, "efficiency": 0.17093570038568018, "cost": 0.8354304283117542}