{"quality": 0.9828660065979702, "novelty": 0.8273932946534538, "diversity": 0.16901210939186784, "efficiency": 0.38170716144851324, "cost": 0.13903148407330534, "score": 0.5788634733310745}