{"quality": 0.6846398601266979, "novelty": 0, "diversity": 0.5644924198693472, "efficiency": 0.7635241792469151, "cost": 0.40295466696016197, "score": 0.39252360220289984}