{"quality": 0.4820215777176842, "novelty": 0.6779537142577741, "diversity": 1, "efficiency": 0.2863980135363832, "cost": 0.05526621346191721, "score": 0.5515279825640145}