{"quality": 0.9367267447806962, "novelty": 0.34311334251344394, "diversity": 0.5113099188850976, "efficiency": 0.16343284785486034, "cost": 1.0}