{"quality": 0.956648317735744, "novelty": 0.6868274976280944, "diversity": 0.25855267176900953, "efficiency": 0.7183471997694953, "cost": 0.47970702457360553, "score": 0.5701932815896125}