{"quality": 0.707324338794367, "novelty": 0.5504693590090757, "diversity": 0.6102990017646835, "efficiency": 0.524579753084617, "cost": 0.5446982999005862, "score": 0.4960915747161497}