{"quality": 0, "novelty": 0.7519614236921739, "diversity": 0.509936614566666, "efficiency": 1, "cost": 0.9275993606331345, "score": 0.34721774277306316}