{"quality": 0.23247659101953916, "novelty": 0.7672180731287792, "diversity": 0.10723711867639996, "efficiency": 0.8113458366000441, "cost": 0.28110730216541624, "score": 0.3765860645968015}