{"quality": 0.6083494079354144, "novelty": 0, "diversity": 0.503928198368927, "efficiency": 0.6514569448325899, "cost": 0, "score": 0.38100900377929814}