{"quality": 0.02227252498069837, "novelty": 0.31748143106200866, "diversity": 0.21056445362782877, "efficiency": 0.7625452179693867, "cost": 0.2937255620997231, "score": 0.21317423247071313}