{"quality": 0.5624279329102739, "novelty": 0.7867729070577455, "diversity": 0.4499864030749257, "efficiency": 0.5863604581599574, "cost": 0.7567637218906678, "score": 0.4676965837874305}