{"quality": 0.027968248530496426, "novelty": 0.370664330118859, "diversity": 0, "efficiency": 0.19727620966736484, "cost": 0.4006727912522897, "score": 0.09058070941373944}