{"quality": 0.3999677741374804, "novelty": 0.5145448815293058, "diversity": 0.5133152031856363, "efficiency": 0.28608162325409825, "cost": 0.8894372864670541, "score": 0.30525810810210713}