{"quality": 0.3908010469945179, "novelty": 0.5858412043285226, "diversity": 0.4598095771153953, "efficiency": 0.9579232584135315, "cost": 0.5047257276652978, "score": 0.44887844659906506}