{"quality": 0.21906426623574973, "novelty": 0.5637620175258247, "diversity": 0.6817142448059763, "efficiency": 0.7934028372854187, "cost": 0.05555627353869816, "score": 0.4564574314523193}