{"quality": 0.4350520058904712, "novelty": 0.38916689224022144, "diversity": 0.3124038821151044, "efficiency": 0.9175926793185705, "cost": 0.7176469176573615, "score": 0.35616231138226706}