{"quality": 0.31302064646068634, "novelty": 0.47282971488133685, "diversity": 0.0999598683513912, "efficiency": 0.22850152727807854, "cost": 0.038034173731491205, "score": 0.26257740804738106}