{"quality": 0.8380191787755183, "novelty": 0.526335079353678, "diversity": 0.9653186703628076, "efficiency": 0.6868627121026529, "cost": 0.05123954354500809, "score": 0.6739587100045336}