{"quality": 0.8530436818193242, "novelty": 0.43875460711419023, "diversity": 0.5405173735241317, "efficiency": 0.835508592619557, "cost": 0.7762071179153598}