{"quality": 0.5570165096707598, "novelty": 0.46103085953622913, "diversity": 0.9379154182102032, "efficiency": 0.7225610831350562, "cost": 0.8290278469029579, "score": 0.4954271292072885}