{"quality": 1, "novelty": 0.92767212304759, "diversity": 0.3149804978937251, "efficiency": 0.10137985847458261, "cost": 0.18393300905928578, "score": 0.5917278082059012}