{"quality": 0.4392604339337268, "novelty": 0.7836477186082549, "diversity": 0.05448307430557621, "efficiency": 0.4985216770970713, "cost": 0.48631660862362314, "score": 0.36473326539549544}