{"quality": 0.37515661499377095, "novelty": 0.09033366558759742, "diversity": 0.309331924748835, "efficiency": 0.49222443032703767, "cost": 0.6949132475989395, "score": 0.20133912563395934}