{"quality": 0.5101276338892605, "novelty": 0.0, "diversity": 0.7076337551926462, "efficiency": 0.8211640396744307, "cost": 0.3674986582405474}