{"quality": 0.8770171332472806, "novelty": 0.6820269347056354, "diversity": 0.49688786205233043, "efficiency": 0.48519706633356263, "cost": 0.9067897191846485}