{"quality": 0.8219398282693013, "novelty": 0.33120699130615316, "diversity": 0, "efficiency": 0.7173321784184571, "cost": 0.510737882229561, "score": 0.38590973484714114}