{"quality": 0.48621590691136435, "novelty": 0.6612298599843888, "diversity": 0.7627047969317957, "efficiency": 0.4075690902747833, "cost": 0.5559950110014995, "score": 0.4692490588969332}