{"quality": 0.5092354036769001, "novelty": 0.338454548833462, "diversity": 0.8107396811417628, "efficiency": 0.5349877595297043, "cost": 0.8237423308307713, "score": 0.3974061253861666}