{"quality": 0.649245398528491, "novelty": 0.5806817402129849, "diversity": 0.8065439349187389, "efficiency": 0.006511811003499082, "cost": 0.4898129891647847, "score": 0.45324831432958773}