{"quality": 0.5388222326232217, "novelty": 0.46456866667813684, "diversity": 0.4670533868422692, "efficiency": 0.2882374417169832, "cost": 0.37772650858629864, "score": 0.37666247922387214}