{"quality": 0, "novelty": 0, "diversity": 1, "efficiency": 0.8014216319389067, "cost": 0.6471289069873076, "score": 0.25550035409210525}