{"quality": 0.7981372786843561, "novelty": 0.7366030398536549, "diversity": 0.6950461557607266, "efficiency": 0.6507304586672492, "cost": 0.36535385648036506, "score": 0.6236753578729168}