{"quality": 0.18102693530726588, "novelty": 1, "diversity": 0.2180218547346114, "efficiency": 0.8940344859823817, "cost": 0.4397665025595629, "score": 0.43804097418050303}