{"quality": 0.5844827579141076, "novelty": 0.5051311638844516, "diversity": 0.45383422333276485, "efficiency": 0.1477296530504086, "cost": 0.461794347965405, "score": 0.36837447617291896}