{"quality": 0.7826293823740528, "novelty": 1, "diversity": 0.0060015324283448634, "efficiency": 0.4301359365715269, "cost": 0, "score": 0.5505095116836138}