{"quality": 0.43891954119566723, "novelty": 0.2137231038489896, "diversity": 0.8403844641883574, "efficiency": 0.33061326403495733, "cost": 0.041209785517713815, "score": 0.39865454221209123}