{"quality": 0.15285876114211794, "novelty": 0.648300458142878, "diversity": 0.2915478391606518, "efficiency": 0.6622923963274547, "cost": 0.7391255420980058, "score": 0.29167361594980284}