{"quality": 0.2615615967248199, "novelty": 0.7980822357877407, "diversity": 0.7996188804332638, "efficiency": 0.18069152916303352, "cost": 0.16995882209256552}