{"quality": 0.7554417490915639, "novelty": 0.6495277543861999, "diversity": 0.8315047493182997, "efficiency": 0.32023431675400177, "cost": 0.49145644007836387, "score": 0.5542049166929429}