{"quality": 0.6687947739464628, "novelty": 0.9203060420422707, "diversity": 0.7170858710390213, "efficiency": 0.32727530513234404, "cost": 0.6687406861554013, "score": 0.5563493440566223}