{"quality": 0.48140659295444493, "novelty": 0.8077512576454158, "diversity": 0.792147315949916, "efficiency": 0.7213620489707295, "cost": 0, "score": 0.6129935628332801}