{"quality": 0.6383612361736279, "novelty": 0.6904960411971215, "diversity": 0.3462767987885429, "efficiency": 0.15560856596485084, "cost": 0.3760702648828598, "score": 0.41912199931551897}