{"quality": 0.6939489778170026, "novelty": 0.5239462496517535, "diversity": 0.9681510822680905, "efficiency": 0.027550267627687808, "cost": 1, "score": 0.43693401235581053}