{"quality": 0.635297984511857, "novelty": 0.9608389775054618, "diversity": 0.4431061582086603, "efficiency": 0.07732866287903611, "cost": 0.07918403309167871, "score": 0.5231012674943423}