{"quality": 0.3185288087933461, "novelty": 0, "diversity": 0.051430570673121706, "efficiency": 0.7165400257174327, "cost": 0.4951879487195524, "score": 0.16380696575828782}