{"quality": 0.3444742693942181, "novelty": 0.73089519515558, "diversity": 0.7206022590980214, "efficiency": 0.6962999303119528, "cost": 0.2074552709118142, "score": 0.5138859938823762}