{"quality": 0.6740712981432566, "novelty": 0.8275901740573404, "diversity": 0.34490838891648967, "efficiency": 0.3500377757168646, "cost": 0.6657338416081671, "score": 0.46403289293732297}