{"quality": 0.8641589343038256, "novelty": 0.16068380368051377, "diversity": 0.31916067290140826, "efficiency": 0.17478189046847453, "cost": 0.4599157635495051, "score": 0.3434764730068785}