{"quality": 0.17252716967732706, "novelty": 0.4532308178241967, "diversity": 0.2520328466401469, "efficiency": 0.5218848103632188, "cost": 0.6877399996202525, "score": 0.2249811462797342}