{"quality": 0, "novelty": 0.7131364970065478, "diversity": 0.5036120794531155, "efficiency": 0.6698423437343308, "cost": 0.5751502568798941, "score": 0.3219678660144203}