{"quality": 0.6872291424103263, "novelty": 0, "diversity": 0.4540105629993696, "efficiency": 0.700142642666781, "cost": 1, "score": 0.30199225172298894}