{"quality": 0.2919740395972039, "novelty": 0.9798555893002105, "diversity": 0.7611257065643983, "efficiency": 0, "cost": 1, "score": 0.38478125051709344}