{"quality": 0.17155585169352397, "novelty": 0.9730975198188381, "diversity": 0.5914403534855577, "efficiency": 0.845918186500075, "cost": 0.37625624369655924, "score": 0.5022913097652336}