{"quality": 1, "novelty": 0.6169870532915291, "diversity": 0.460637757054508, "efficiency": 0.6087157876153838, "cost": 0.13502463921825208, "score": 0.6241792189542662}