{"quality": 0.2719352372550433, "novelty": 0.8756194595711607, "diversity": 0.5705224798668056, "efficiency": 0.8030363455808478, "cost": 0.5389593016658685, "score": 0.48114945371320467}