{"quality": 0.09054348290251288, "novelty": 0.9085738055881739, "diversity": 0.03177660032483093, "efficiency": 0.2452177470973681, "cost": 0.7736789043237302, "score": 0.22007658796499574}