{"quality": 0.33824578388376003, "novelty": 0.008579923140250328, "diversity": 0.6259150790485033, "efficiency": 0.5999151987663849, "cost": 0.7892504323186749, "score": 0.23986396834298152}