{"quality": 0.2147328620024705, "novelty": 0.5200272802883482, "diversity": 0.9405668421340604, "efficiency": 0.7477482412836725, "cost": 0.010289882452160837, "score": 0.49367329504697505}