{"quality": 0.05587864284363131, "novelty": 0.19535218706844504, "diversity": 0.576441832761082, "efficiency": 0.5425443398987344, "cost": 0.7834675424292005, "score": 0.1839249029143072}