{"quality": 0.466652554227263, "novelty": 0.22970816099151775, "diversity": 0.2784730935773067, "efficiency": 0.8177763191923345, "cost": 0, "score": 0.3757838731103698}