{"quality": 0.7477741284723618, "novelty": 0.4683313054047249, "diversity": 0.1314913498229523, "efficiency": 0.7893124677642872, "cost": 0.3648297532329422, "score": 0.44962722969882907}