{"quality": 0.030201742657508135, "novelty": 0.8275496799286302, "diversity": 1, "efficiency": 0.909326020008288, "cost": 0.5763766980555999, "score": 0.4947091759750932}