{"quality": 0.6091365279485306, "novelty": 0.30470352809698825, "diversity": 0.788129577081445, "efficiency": 0.48630695312547056, "cost": 0.29158761789421084, "score": 0.46033003700449476}