{"quality": 0.8268056799999317, "novelty": 0.156852537051498, "diversity": 0.3706765498344266, "efficiency": 0.9484338053010515, "cost": 0.4188039355661273, "score": 0.46177482546828436}