{"quality": 0.5270110630319349, "novelty": 1, "diversity": 0.6213896007302961, "efficiency": 0.7191695868479919, "cost": 0.5215059008614049, "score": 0.588106086996698}