{"quality": 0.06690869826931428, "novelty": 0.4857424512633233, "diversity": 0.9330441884747633, "efficiency": 0.0734097015314305, "cost": 0.7893397272333491, "score": 0.2601945424979575}