{"quality": 0.9913980212420711, "novelty": 0.3209688056185662, "diversity": 0.9568783929706886, "efficiency": 0.6108525958264773, "cost": 0.8481002587787144, "score": 0.5758551498675007}