{"quality": 0.6574832486241384, "novelty": 0.9707937540459134, "diversity": 0.049363745428990524, "efficiency": 0.7283346107931588, "cost": 0.46357093535213856, "score": 0.5127092602682779}