{"quality": 0.5394137460009729, "novelty": 0.509262406309489, "diversity": 0.6476888611787572, "efficiency": 0.2607844627851474, "cost": 0.04814588143765436, "score": 0.4529805788874222}