{"quality": 0.07933042200365548, "novelty": 0.498540015178248, "diversity": 0.3970702277072874, "efficiency": 0.5906676049522277, "cost": 0.2865627359038951, "score": 0.28779204308956075}