{"quality": 0.19664695954007716, "novelty": 0.865315104825344, "diversity": 0.25939313126737873, "efficiency": 0.830017693286316, "cost": 0.7903797525847336, "score": 0.3726661690563089}