{"quality": 0.9295268348470324, "novelty": 0, "diversity": 0.6996760863877258, "efficiency": 0.009996961398246504, "cost": 1, "score": 0.3202928119413919}