{"quality": 0.244054208637609, "novelty": 0.6356559816481545, "diversity": 0.8069013696308912, "efficiency": 0.9790167051035199, "cost": 0.38014532927122724, "score": 0.5023485047679048}