{"quality": 0.4930745826466336, "novelty": 0.4487656124941292, "diversity": 0.5697223332962786, "efficiency": 0.7700857139089519, "cost": 0.19142873693768603, "score": 0.4704282279693523}