{"quality": 0.23989854509561917, "novelty": 0.8126628642833793, "diversity": 0.12311516184124843, "efficiency": 0.713835813504746, "cost": 0, "score": 0.4068336839934921}