{"quality": 0.7479106091310759, "novelty": 0.030610873566938715, "diversity": 0.2784736587971096, "efficiency": 0.7732949831243467, "cost": 0.5150280436100783, "score": 0.3522120759981235}