{"quality": 1, "novelty": 0, "diversity": 0.7405165947344028, "efficiency": 0.8534888841322628, "cost": 1, "score": 0.47612665156671996}