{"quality": 0.5830299471797915, "novelty": 0.14084032412539016, "diversity": 0.689261662066398, "efficiency": 0.4058029079835619, "cost": 0.7582811815492301, "score": 0.3330137156411759}