{"quality": 0.3445646536926933, "novelty": 0.6322300834754093, "diversity": 1, "efficiency": 0.6287894439582472, "cost": 0.2569636431580231, "score": 0.5300489692545951}