{"quality": 0.9752811980142646, "novelty": 0.9631835861679146, "diversity": 0.7239593603945337, "efficiency": 0.15499507874210927, "cost": 0.7656678244486507}