{"quality": 0.07164107442972473, "novelty": 0.11526139709680472, "diversity": 0.6549291803849753, "efficiency": 0.09367511497315073, "cost": 0.33177052117599587, "score": 0.16216772280848668}