{"quality": 0.80518416548532, "novelty": 0.3278757829880133, "diversity": 0.07936612400146892, "efficiency": 0.1840990213040534, "cost": 0.21361769562708688, "score": 0.34565050382579243}