{"quality": 0.7535427640779955, "novelty": 0.21459714452153317, "diversity": 0.910176425763239, "efficiency": 0.8056374710895358, "cost": 0.4526306822187171, "score": 0.5373299529479882}