{"quality": 0.6353095938741891, "novelty": 0.5131793377717516, "diversity": 0.3220821671116109, "efficiency": 0.767781831056737, "cost": 0.8600381088652628, "score": 0.41246760979950103}