{"quality": 0.780732291235487, "novelty": 0.08798378822547392, "diversity": 0.8840850970008924, "efficiency": 0.6733478061006917, "cost": 0.2384197742062084, "score": 0.5101928473216759}