{"quality": 0.9693266410937726, "novelty": 0.7769500063631525, "diversity": 0, "efficiency": 0.40246089664935725, "cost": 1, "score": 0.44540462841632356}