{"quality": 0.7409256444453136, "novelty": 0.5399480175319777, "diversity": 0.23400232380140668, "efficiency": 0.27736298816425503, "cost": 0.8880050273996449, "score": 0.35686910796154364}