{"quality": 0.7712284122437996, "novelty": 0.3184399297764123, "diversity": 0.6650916576732933, "efficiency": 1, "cost": 0.8911419131714455, "score": 0.504882646334757}