{"quality": 1, "novelty": 0.1593722119734955, "diversity": 0.1844082636434572, "efficiency": 0.28047633049122694, "cost": 0.5368749506503874, "score": 0.3651086602307106}