{"quality": 0.20346681093906965, "novelty": 0.16892371345641077, "diversity": 0.3285779325240372, "efficiency": 0.47898665515263883, "cost": 0.5853245745821913, "score": 0.18230209896530772}