{"quality": 0.07514930463672442, "novelty": 0.7597957246962083, "diversity": 0.008631527064242084, "efficiency": 0.34255558691185617, "cost": 0.5500382425362181, "score": 0.21059954176107443}