{"quality": 0.6627214642092077, "novelty": 0.9574252387149553, "diversity": 0.2874653771890795, "efficiency": 0.2648037193030077, "cost": 0.5594987403472468}