{"quality": 0.955430635016836, "novelty": 0.6520734055425677, "diversity": 0.14810928293233022, "efficiency": 0.12103788634412382, "cost": 0.1643634831067486, "score": 0.4809887331181025}