{"quality": 0.37720505227226964, "novelty": 0.7422363769603291, "diversity": 0.06294133138583319, "efficiency": 0.6018812754639148, "cost": 0.34563278801356234, "score": 0.36702778871716074}