{"quality": 0.44560646598894227, "novelty": 0.5265131526147383, "diversity": 0.8577924834055093, "efficiency": 0.9071896395216255, "cost": 0.3390928523276182, "score": 0.5390378853269511}