{"quality": 0.15988644670601415, "novelty": 0.869800225535349, "diversity": 0.8949293309651998, "efficiency": 0.390479018763204, "cost": 1, "score": 0.40297370940316213}