{"quality": 1, "novelty": 0.4591870958236961, "diversity": 0.9430795240553361, "efficiency": 0.7261047804429657, "cost": 0.0960397640999644, "score": 0.7027244194234397}