{"quality": 1, "novelty": 0.7525345857226338, "diversity": 0.8204950275009868, "efficiency": 0.28911406155575936, "cost": 0.2936530443937814, "score": 0.6662344567248416}