{"quality": 0.19214039010177905, "novelty": 0.2442910814359383, "diversity": 0.7891503675374579, "efficiency": 0.6991581726153993, "cost": 1, "score": 0.2814186867893197}