{"quality": 0.7109150765393075, "novelty": 0.3169871293538755, "diversity": 0.17539778926532734, "efficiency": 0.8940726772665357, "cost": 0.10817890926198032}