{"quality": 1, "novelty": 0.23677726360843282, "diversity": 0.6910430375414124, "efficiency": 0.7725817120557406, "cost": 0.8404245143507322, "score": 0.5292477287836785}