{"quality": 0.3832507013383999, "novelty": 0.9565002920804844, "diversity": 0.7555858057990879, "efficiency": 0.6649431627819744, "cost": 0.6989418863119348, "score": 0.5350647303675614}