{"quality": 0.6470660158092865, "novelty": 0.9150951264232455, "diversity": 0.48850307264574744, "efficiency": 0.24717124554978614, "cost": 0.9362270234052481, "score": 0.4640471853696898}