{"quality": 0.12153093812248714, "novelty": 0.4105928295158736, "diversity": 0.9034894148203145, "efficiency": 0.20552392872423145, "cost": 0.09513503669426501, "score": 0.34112045741898567}