{"quality": 0.2825064762165355, "novelty": 0.4476865287255473, "diversity": 0.819395874018646, "efficiency": 0.6437708023836631, "cost": 0.37168917045924477, "score": 0.4199494531617017}