{"quality": 0.8188425750217654, "novelty": 0.8532890503338867, "diversity": 0.009623797517766125, "efficiency": 0.5094504112147396, "cost": 0.3094224179660816, "score": 0.5063751144791572}