{"quality": 0.8856067485556326, "novelty": 0.32744844603781376, "diversity": 0.7546003712398499, "efficiency": 0.787671687952181, "cost": 0.7425044985704754, "score": 0.5423645136598928}