{"quality": 0, "novelty": 1, "diversity": 0.5496460927410999, "efficiency": 0.535221273402652, "cost": 0.2473767390328113, "score": 0.4154747356553366}