{"quality": 0.011237598262404391, "novelty": 0.15226060120652488, "diversity": 0.9183408904284729, "efficiency": 0.9063151388522688, "cost": 0.9494894974222492, "score": 0.26610292895166254}