{"quality": 0.2703309963185071, "novelty": 0.44674133831415613, "diversity": 0.2628791332371815, "efficiency": 0, "cost": 0.29702168673549506, "score": 0.21565829144797793}