{"quality": 0.23167227343671964, "novelty": 0.6339987184417502, "diversity": 0.05708222992926304, "efficiency": 0, "cost": 0.10374204171244256, "score": 0.22904360345606178}