{"quality": 0.5550595037620493, "novelty": 0.07617972428370468, "diversity": 0.3565055779766839, "efficiency": 0, "cost": 0.5939633086387367, "score": 0.19746756693100406}