{"quality": 0.0, "novelty": 1.0, "diversity": 0.8135446463676702, "efficiency": 0.7007048051312526, "cost": 0.45464548653888814}