{"quality": 0.7644531295355731, "novelty": 0.23093315850765717, "diversity": 0.6090943916439354, "efficiency": 0.2855802839682031, "cost": 0.1128623849674179, "score": 0.440438910914862}