{"quality": 0.31386008756981026, "novelty": 0.9113881377026714, "diversity": 0.44628640594983066, "efficiency": 0.10575315636360894, "cost": 0.7816239906291849, "score": 0.3489629162781999}