{"quality": 0.5557290889221032, "novelty": 0.8083770967184666, "diversity": 0.6736984153937193, "efficiency": 0.2892226632953986, "cost": 0, "score": 0.5469360834293012}