{"quality": 0.6467087998560705, "novelty": 0.01557568128841827, "diversity": 1, "efficiency": 0.5017209889463456, "cost": 1, "score": 0.3731647086208776}