{"quality": 0.7177689425965721, "novelty": 0.9788540671705381, "diversity": 0.25659531815231423, "efficiency": 0.2103478946617482, "cost": 0.6194068233523043, "score": 0.4809747650661008}