{"quality": 0.19565961489122802, "novelty": 0.5532015967141556, "diversity": 0.72621561993862, "efficiency": 0.7232186988704281, "cost": 0.2602950734092601, "score": 0.4246947051232695}