{"quality": 0.17439076066521647, "novelty": 0.8676542946397103, "diversity": 0.004442864116570605, "efficiency": 0.2593403731777301, "cost": 0.9333518511732184, "score": 0.2156852455421443}