{"quality": 0.27242642559169117, "novelty": 0.3547311278610592, "diversity": 0.26916806809760796, "efficiency": 0.5702287239164499, "cost": 0.8201915496790573, "score": 0.2277594768818555}