{"quality": 0.06860965541535519, "novelty": 0, "diversity": 0.262894144905659, "efficiency": 0.6406689625597559, "cost": 0, "score": 0.16926206998970172}