{"quality": 0.1770565052293171, "novelty": 0.21097027661935172, "diversity": 0.4731952898683234, "efficiency": 0.0076821595952139, "cost": 0, "score": 0.2016509026365798}