{"quality": 0.26689716124111124, "novelty": 0.38434578263548913, "diversity": 0.5116446105930039, "efficiency": 0.9105082833533846, "cost": 0.6343651736520228, "score": 0.3516242412876118}