{"quality": 0.29794944962907693, "novelty": 0.24815600380281727, "diversity": 0.3630521965503699, "efficiency": 0.3171700056696858, "cost": 0.11969364799002141, "score": 0.2596404112009521}