{"quality": 1, "novelty": 0.4265014650274944, "diversity": 0.6906064974071754, "efficiency": 0.3118839324712447, "cost": 0.395530924593056, "score": 0.5519761631496898}