{"quality": 0.34832434741297064, "novelty": 0.579400609418915, "diversity": 0.818131522391213, "efficiency": 0.6279996718821481, "cost": 0.23319395283755223, "score": 0.4838543165554296}