{"quality": 0.5013394452022266, "novelty": 0.855794095222714, "diversity": 0.3312470277079379, "efficiency": 0.7001872478645452, "cost": 0.33308744858843026, "score": 0.5023191052287728}