{"quality": 0.5413627063336086, "novelty": 0.6795741952753618, "diversity": 0, "efficiency": 0.17191263100818807, "cost": 0.2485419598963136, "score": 0.3332350593805199}