{"quality": 0.2769962852477262, "novelty": 0.434865088260874, "diversity": 0.30231838680820056, "efficiency": 0.43579894844369005, "cost": 0.39499867838806024, "score": 0.27814880942892395}