{"quality": 0, "novelty": 1, "diversity": 0.03600803194942098, "efficiency": 0.3481006216258596, "cost": 0.6670848985552107, "score": 0.2427082097782421}