{"quality": 0.5612336408425773, "novelty": 0.37123775474464243, "diversity": 0.41592098133478556, "efficiency": 0.10287312027092407, "cost": 1, "score": 0.25979469524652954}