{"quality": 0.2092335539210287, "novelty": 0.8675237332990869, "diversity": 0.9403912299465185, "efficiency": 0, "cost": 0.8276156164933641, "score": 0.3849676838410477}