{"quality": 0.5008475656919029, "novelty": 0.751924996570462, "diversity": 0, "efficiency": 0.6978435958361551, "cost": 0.07566975299688287, "score": 0.4353450829259213}