{"quality": 0.7076018271079588, "novelty": 0.4914620593272302, "diversity": 0.5670236297221285, "efficiency": 1, "cost": 0.7578971536768927, "score": 0.5227610735409316}