{"quality": 0.7966244038262225, "novelty": 0.3187844574335002, "diversity": 0.8884635895156237, "efficiency": 0.3737839704764679, "cost": 1, "score": 0.4524437489808367}