{"quality": 0.7945618951409511, "novelty": 1, "diversity": 0.9719649490547159, "efficiency": 0.5486816628978285, "cost": 0.32035989320735475, "score": 0.7330278184671672}