{"quality": 0.026944107379648974, "novelty": 0.7238672834879775, "diversity": 0.4163756630425567, "efficiency": 0.2999142514321209, "cost": 0.7760242803364013, "score": 0.2397098953755784}