{"quality": 0.20012970039391084, "novelty": 0.6047586014795087, "diversity": 0.485656654047814, "efficiency": 0.9658787585410586, "cost": 1, "score": 0.35324170507877206}