{"quality": 0.6774115244669849, "novelty": 0.355647769953616, "diversity": 0.6621612184878565, "efficiency": 0.757169126916448, "cost": 0.4887536315773988, "score": 0.48926764940579814}