{"quality": 0.23182049438859126, "novelty": 0.599408887756833, "diversity": 0.16514383470858274, "efficiency": 0.4098818811470669, "cost": 0.5035587015162291, "score": 0.2635535492179393}