{"quality": 0.18124771305611947, "novelty": 0.709464424844112, "diversity": 1, "efficiency": 0.2611728304501786, "cost": 0.7319308473703061, "score": 0.39772325995836}