{"quality": 0.5250718141665365, "novelty": 0.24059185111629494, "diversity": 0.49596321091758, "efficiency": 0.18501977684827814, "cost": 0, "score": 0.34461511573979237}