{"quality": 0.4943697299400162, "novelty": 0.08419603396897476, "diversity": 0.6131435808393595, "efficiency": 0.6685975855241035, "cost": 0.7088494784082007, "score": 0.3213933336299159}