{"quality": 0.5111083011162698, "novelty": 0.630008555390525, "diversity": 0, "efficiency": 0.7972785874594105, "cost": 0, "score": 0.4304264173014238}