{"quality": 0.5299139218766298, "novelty": 0.6986316099831233, "diversity": 1, "efficiency": 0.15172434505725033, "cost": 0.15549843102481437, "score": 0.540840887714876}