{"quality": 0.7356790534939146, "novelty": 0.7326302657126474, "diversity": 0.6194775716644472, "efficiency": 0.9151749813314107, "cost": 0.7877988149057669, "score": 0.5862531625183607}