{"quality": 0.4921664249447771, "novelty": 0.364479520969593, "diversity": 0.3128106108443601, "efficiency": 0.36970390079200743, "cost": 0.8195516217607557, "score": 0.2748323528374289}