{"quality": 1, "novelty": 0.4587980053989338, "diversity": 0.6301655963838914, "efficiency": 0.48397446221465557, "cost": 0.7824886729479805, "score": 0.535079922663912}