{"quality": 0.7247406334036508, "novelty": 0.4977774614864897, "diversity": 0.21322764062551286, "efficiency": 0.8740422842947191, "cost": 0.6953726088446309, "score": 0.44608116527756503}