{"quality": 0.8360713308092304, "novelty": 0, "diversity": 0.5373327215179899, "efficiency": 0.01569331299156751, "cost": 0.8081082225393934, "score": 0.2798311182411628}