{"quality": 0.1598208100572141, "novelty": 0.29628272905327463, "diversity": 0.8983357590382904, "efficiency": 0.23592986220326662, "cost": 0.6980631336407317, "score": 0.2672672430545578}