{"quality": 0.845864940787274, "novelty": 0.0675737518728821, "diversity": 0.4689619366817228, "efficiency": 0.7305035549485959, "cost": 0.9260552844343592, "score": 0.38141531233960074}