{"quality": 0.653447741495789, "novelty": 0.7279466150238468, "diversity": 0.12875694780193955, "efficiency": 0.4504802821725816, "cost": 0.3387005194622995, "score": 0.43747435614474367}