{"quality": 1, "novelty": 0.7212000585055967, "diversity": 0.47922519588257645, "efficiency": 0.5666862776940625, "cost": 0.7212458812063574, "score": 0.5890234073363881}