{"quality": 0.3641135274257253, "novelty": 0.23991884746954278, "diversity": 0.40945334841943126, "efficiency": 0.36094781206227083, "cost": 0.4288550958841877, "score": 0.26236110199991136}