{"quality": 0.59263077714202, "novelty": 0.4112052072830036, "diversity": 0.07371063610101948, "efficiency": 0.9166927513890196, "cost": 0.03259065381927495}