{"quality": 0.2245010439570842, "novelty": 0.924257092237748, "diversity": 1, "efficiency": 0.7524096657702775, "cost": 0.6367181620859066, "score": 0.5476042199035133}