{"quality": 0.5486306910655955, "novelty": 1, "diversity": 0.2301925785389181, "efficiency": 0.549713606740631, "cost": 0.24728727220100893, "score": 0.518356036818456}