{"quality": 0.0294080415278275, "novelty": 0.788877697957596, "diversity": 0.846329422624305, "efficiency": 0.27923779654296627, "cost": 0.6150949976817253, "score": 0.3556838911858807}