{"quality": 0.8006032159572358, "novelty": 0.8571707859532364, "diversity": 0.5964285561416769, "efficiency": 0.6504321577592882, "cost": 0.8239108398695316, "score": 0.5889331121807553}