{"quality": 0.7267752470423358, "novelty": 0.5262182082783118, "diversity": 0.8324905807343408, "efficiency": 0.5913397521422604, "cost": 0.33461120521123927, "score": 0.571325084629362}