{"quality": 0.11327840215819254, "novelty": 0.6216734743541937, "diversity": 0.46223863677062427, "efficiency": 0.6434627027896582, "cost": 0.15714477654111209, "score": 0.3626545443544686}