{"quality": 0.7618296381796199, "novelty": 0.31930242117697266, "diversity": 0.9861439164999972, "efficiency": 0.17436393481431772, "cost": 0.036988743809222346, "score": 0.528058995889354}