{"quality": 0.29196980944214973, "novelty": 0.01043580786790732, "diversity": 0.8719050923698981, "efficiency": 0.44526456370943657, "cost": 0.599387656279652, "score": 0.2714318322020517}