{"quality": 0.24493541334183572, "novelty": 0.2912536620421964, "diversity": 0.6466447234969048, "efficiency": 0.8052343036044298, "cost": 0.6848225726349392, "score": 0.32792587248965127}