{"quality": 0.3892786278079636, "novelty": 0.3445311760008549, "diversity": 0.38539488887911033, "efficiency": 0.9419850377292969, "cost": 0.3305482022745263, "score": 0.3882382955503667}