{"quality": 0.3044581748884078, "novelty": 1, "diversity": 0.5706038394901848, "efficiency": 0.8918805203726388, "cost": 0.21573685335305456, "score": 0.5676666130851497}