{"quality": 0, "novelty": 0.7380235156797442, "diversity": 0, "efficiency": 0.23259315900196542, "cost": 0.5624270348980428, "score": 0.16315214928042657}