{"quality": 0.8647244511848293, "novelty": 0.8432295115294628, "diversity": 0.32163459226043334, "efficiency": 1, "cost": 0.45408137242079893, "score": 0.6391434944478213}