{"quality": 0.02526556096879451, "novelty": 0.7166791296695147, "diversity": 0.8235001859229204, "efficiency": 0.8399439797815311, "cost": 0.2751486442202386, "score": 0.44992622043780695}