{"quality": 0, "novelty": 0, "diversity": 0, "efficiency": 0.2605592778951595, "cost": 1, "score": -0.06091610831572609}