{"quality": 0, "novelty": 0.9800939649169838, "diversity": 0.35595555042878824, "efficiency": 0.8180670629759128, "cost": 1, "score": 0.3389246607613905}