{"quality": 0.6149238121362928, "novelty": 0.8127534766745751, "diversity": 0.320538904739698, "efficiency": 0.48729316595748623, "cost": 0.938423771281407, "score": 0.4310248915229534}