{"quality": 0.5084225626685297, "novelty": 0.043618187925990315, "diversity": 0.5814804898782657, "efficiency": 0.6747807602749376, "cost": 0.40459841615124936, "score": 0.3404846861838253}