{"quality": 0.6748738761389232, "novelty": 0.2865761957138229, "diversity": 0.8719555433935556, "efficiency": 0, "cost": 0.7445224726882508, "score": 0.37404507318001873}