{"quality": 0, "novelty": 0.6683540346136981, "diversity": 0.5514412849183723, "efficiency": 0.38688036851712304, "cost": 0.6536260633326805, "score": 0.2700462145813994}