{"quality": 0.6479072590437028, "novelty": 0.22772868297842352, "diversity": 0.889826314071654, "efficiency": 0, "cost": 0.3068771033594063, "score": 0.3985819009361069}