{"quality": 0, "novelty": 0.0429999671818177, "diversity": 0.6612196662884708, "efficiency": 0.587324922904771, "cost": 0.5494425434256522, "score": 0.17614840914629903}