{"quality": 0.7254655131188409, "novelty": 0.8194680985139969, "diversity": 0, "efficiency": 0.21708898604102095, "cost": 0.40946985731359165, "score": 0.4141230407389454}