{"quality": 0.7912367014014997, "novelty": 0.25428857667794247, "diversity": 0.23010642292923533, "efficiency": 0.5813407676205875, "cost": 1, "score": 0.33416555431887074}