{"quality": 0.9611500682910434, "novelty": 0.8347424194295032, "diversity": 0.6429197765687731, "efficiency": 0.3875544756764081, "cost": 0.007058298572371807, "score": 0.6830419221526675}