{"quality": 0.894201023199557, "novelty": 0.3021540032180848, "diversity": 0.18090001963108998, "efficiency": 0.4576097261265557, "cost": 0.9246729966469256, "score": 0.35615297094489706}