{"quality": 0.5801111814920948, "novelty": 0.5379165666677215, "diversity": 0.6517792547567587, "efficiency": 0.2714140371055422, "cost": 0.7160678259005351, "score": 0.4079736700416883}