{"quality": 0.026782321945320875, "novelty": 0.982015727824632, "diversity": 0.15988436415642013, "efficiency": 0.48635822458949, "cost": 0.2597166411071109, "score": 0.3324975709487507}