{"quality": 0.14608120118481877, "novelty": 0.061447485811783775, "diversity": 0.09974594026506015, "efficiency": 0.6700807829266013, "cost": 0.20509510873933462, "score": 0.15913802642646033}