{"quality": 0.870951922942856, "novelty": 0.40270179654447147, "diversity": 0.12087181426415644, "efficiency": 0.26120813512003155, "cost": 1, "score": 0.32531660913981064}