{"quality": 0.22538912648111398, "novelty": 0.09568814798929537, "diversity": 0.7192729737839998, "efficiency": 0.6033378727324311, "cost": 0.1676817061942025, "score": 0.3091258799889024}