{"quality": 0.8181433778202594, "novelty": 0.3026574433451668, "diversity": 0.7953582777544772, "efficiency": 0.5091953180585966, "cost": 0.4796272774460977, "score": 0.5085955996974447}