{"quality": 0, "novelty": 0.15407773060166463, "diversity": 0.7199407670050241, "efficiency": 0.9056054007899711, "cost": 0.530039378381681, "score": 0.2653444583317485}