{"quality": 0.8296737176682549, "novelty": 0.1769428151332867, "diversity": 0.34933838926234895, "efficiency": 0.5780040256654831, "cost": 0.7515401553633476, "score": 0.3745520852497556}