{"quality": 0, "novelty": 0.7920323085309877, "diversity": 1, "efficiency": 0.09791121870561542, "cost": 0.6584511596226461, "score": 0.3468496439763246}