{"quality": 0.24445465388335694, "novelty": 0.5739100903195578, "diversity": 1, "efficiency": 0.23557994507110452, "cost": 0.631949691334005, "score": 0.3889559413721617}