{"quality": 0.7678631446429898, "novelty": 0.7255890518935405, "diversity": 0.8652385734517163, "efficiency": 0.9254527329649711, "cost": 0.44414780045989166, "score": 0.6792070509553818}