{"quality": 0.33074940147432713, "novelty": 0.9157029867657667, "diversity": 0.9303495816178421, "efficiency": 0.7481426291089237, "cost": 0.8305790055229992, "score": 0.5433839772713469}