{"quality": 0, "novelty": 0, "diversity": 0.9255017937834337, "efficiency": 0.4948462631576277, "cost": 1, "score": 0.1593272982303309}