{"quality": 0.5753155406398865, "novelty": 0.5100162826094321, "diversity": 0.9339933413166785, "efficiency": 0.09501155732650152, "cost": 0.7051096069599474, "score": 0.4306381740106402}