{"quality": 0.5400377681919881, "novelty": 0.40408747522750743, "diversity": 0.4668602153235862, "efficiency": 0.9180863150071982, "cost": 0.038574990959891475, "score": 0.49026069048428117}