{"quality": 0.7131556417634053, "novelty": 0.3671587037715188, "diversity": 0.6370582086236487, "efficiency": 0.33416871056345443, "cost": 0.6527581974224114, "score": 0.417997497038908}