{"quality": 0.8469008266587988, "novelty": 0.6646459490302454, "diversity": 0.8390626856586614, "efficiency": 0.766570898179616, "cost": 0.8442183424079516, "score": 0.6186080728730805}