{"quality": 0.5261675699312631, "novelty": 0.5263452657316767, "diversity": 0.12625485736806574, "efficiency": 0.6586129320413839, "cost": 0.20629604867991763, "score": 0.3928498938241271}