{"quality": 0.12511451999132592, "novelty": 0.8345044237211179, "diversity": 0.3239366311506108, "efficiency": 0.5045047797580711, "cost": 0.32784815253455074, "score": 0.353838689868055}