{"quality": 0.36974963067471833, "novelty": 0.16525598760947038, "diversity": 0.2389818231647166, "efficiency": 0.7333105039120525, "cost": 0.08177683851438616, "score": 0.30185414247309567}