{"quality": 0.623246521695604, "novelty": 0.2664927562448471, "diversity": 0.15623043992598212, "efficiency": 0.2920157933386456, "cost": 0.5264029375460075, "score": 0.27600530880128543}