{"quality": 0.6778785130487206, "novelty": 0.9065918556359843, "diversity": 0.39312542451886273, "efficiency": 0.6712388284256552, "cost": 0.17870992909134403, "score": 0.5914514340820987}