{"quality": 0.11242206041937054, "novelty": 0.3601588380649663, "diversity": 0.2866146007933346, "efficiency": 0.06248653244048788, "cost": 0.8157085098648168, "score": 0.10889137668031117}