{"quality": 0.5409719638788346, "novelty": 0.6016865219274079, "diversity": 0.611536519920864, "efficiency": 0.3092264129979183, "cost": 0.13761571184190638, "score": 0.46764291439517225}