{"quality": 0, "novelty": 0.6008958729077818, "diversity": 0, "efficiency": 1, "cost": 0.20349902445171195, "score": 0.2798740657817742}