{"quality": 0.8447512242571454, "novelty": 0.39162497574064803, "diversity": 0.3206523539068431, "efficiency": 0.3115454438027003, "cost": 0.502997088257902, "score": 0.41189418973828906}