{"quality": 0.6390160881925616, "novelty": 0.8615086622397241, "diversity": 0.8128940040582792, "efficiency": 0.9525001208537078, "cost": 0.7781963108245817, "score": 0.6347161798749533}