{"quality": 0.38366985364742745, "novelty": 0.36188091825074054, "diversity": 0, "efficiency": 0.03543053300681906, "cost": 0.38716178004373214, "score": 0.172169587603563}