{"quality": 0.6093491097773726, "novelty": 0.4003458220504683, "diversity": 0.26861464666011, "efficiency": 0.41024930581532076, "cost": 0.2934155347120592, "score": 0.368809960178943}