{"quality": 0.5709977507791033, "novelty": 0.716148245479144, "diversity": 0.18730681190818999, "efficiency": 0.2907747444547934, "cost": 0.9158382719463628, "score": 0.3398301334587377}