{"quality": 0.5105337466310012, "novelty": 0.29076362343582696, "diversity": 1, "efficiency": 0.05218159807065606, "cost": 0.6588163168659349, "score": 0.36779663787226197}