{"quality": 0.6066283315524377, "novelty": 0.23881516171419365, "diversity": 0.8322091357773762, "efficiency": 0.7693896623255858, "cost": 0.26273368278130704, "score": 0.49726919812046216}