{"quality": 0, "novelty": 0.47397833111270204, "diversity": 0.5025313158648705, "efficiency": 0.3588594080291331, "cost": 0, "score": 0.2728297571555196}