{"quality": 0.9774132488862688, "novelty": 1, "diversity": 1, "efficiency": 0.8463923295401556, "cost": 0.4383559423702286, "score": 0.8263472298598811}