{"quality": 1, "novelty": 0.1649876957883668, "diversity": 0.8157473194303722, "efficiency": 1, "cost": 0.6964434780678063, "score": 0.5847520400263855}