{"quality": 0.4892146989271662, "novelty": 0.21992553111306323, "diversity": 0.594939601792903, "efficiency": 0.6798701950946631, "cost": 0.5119227024309657, "score": 0.37152197183609914}