{"quality": 0.3849735094108024, "novelty": 0.5671682678826062, "diversity": 0.28013054058733916, "efficiency": 0.8347274314046325, "cost": 0.24475109772060655, "score": 0.4140442328499943}