{"quality": 0.5521725073691643, "novelty": 0.3700578513624732, "diversity": 0.5366281640577211, "efficiency": 0.6712458717311307, "cost": 1, "score": 0.3661787286225814}