{"quality": 0.1294186974585636, "novelty": 0.9067353560098285, "diversity": 0.5754920013008522, "efficiency": 0.6851483649568795, "cost": 0.23406893633019882, "score": 0.45997320961070864}