{"quality": 0.06677607584711273, "novelty": 0.5590310335426038, "diversity": 0.9172362295569629, "efficiency": 0, "cost": 0.12128740725085335, "score": 0.331109086326092}