{"quality": 0.7851184032841786, "novelty": 0.036450473382038134, "diversity": 0.6033958315192982, "efficiency": 0.3398030119898302, "cost": 0.7566416637015416, "score": 0.3406335910629431}