{"quality": 0.009966058733411665, "novelty": 0.7637384736736518, "diversity": 0.26752161695667925, "efficiency": 0.22258858938346987, "cost": 0.7254838525519927, "score": 0.2082686625820935}