{"quality": 0.15533581094279264, "novelty": 0.9751670530390293, "diversity": 0.9376292609420371, "efficiency": 0.89463805721279, "cost": 1, "score": 0.5121140673129211}