{"quality": 0.29231207625683386, "novelty": 0.4777388312046334, "diversity": 0.6196350199734024, "efficiency": 0.34692465969359787, "cost": 0.6697877739248047, "score": 0.3161152562344482}