{"quality": 0.01907947253302486, "novelty": 0.2440948203473019, "diversity": 0, "efficiency": 0.4038602464018889, "cost": 0.5601045526485195, "score": 0.07131612854216432}