{"quality": 0.33706152463396793, "novelty": 0.8514989601438535, "diversity": 1, "efficiency": 0.36922486805144483, "cost": 0.08132714032334959, "score": 0.5612442136015355}