{"quality": 0.08211582099872052, "novelty": 0.7965922021841242, "diversity": 0.03923176937469525, "efficiency": 0.721733579651215, "cost": 0.6336613350637339, "score": 0.2765230541618951}