{"quality": 0.8444934374398564, "novelty": 0.336091324643037, "diversity": 0.7134833167131367, "efficiency": 0.8208406467055254, "cost": 0.4986538005318342, "score": 0.5533282426879889}