{"quality": 0.5411279438027266, "novelty": 0.29771978540452176, "diversity": 0.6473603710204958, "efficiency": 0.37447673019459676, "cost": 0.6897873453431813, "score": 0.353433178690919}