{"quality": 0.8028085367926794, "novelty": 0.28869605750187677, "diversity": 0.5611071636962186, "efficiency": 0.7497213281841586, "cost": 0.2348555416848428, "score": 0.5142106532116563}