{"quality": 0.4436503157219161, "novelty": 0.4828113565030283, "diversity": 0.6210301450669287, "efficiency": 0.9398824113733919, "cost": 0.15342429550235648, "score": 0.5036438950114908}