{"quality": 0.6870349245943854, "novelty": 0, "diversity": 0.26950646344337675, "efficiency": 0.9562738126078384, "cost": 0.9510456324214024, "score": 0.30834827871602644}