{"quality": 0.563519058424529, "novelty": 0.6943018126417017, "diversity": 0.40538741118277155, "efficiency": 0.3383553353828563, "cost": 0.8236797022611952, "score": 0.3920939830056473}