{"quality": 0.5634231663390261, "novelty": 0.4480543257931854, "diversity": 0.691193899922256, "efficiency": 0.4386640480653541, "cost": 0.4826590275381957, "score": 0.4368130157904389}