{"quality": 0.6019215590210489, "novelty": 0.5985213299689607, "diversity": 0.8866761313151569, "efficiency": 0.8968560597560453, "cost": 0.11195461745138924, "score": 0.630874973679854}