{"quality": 0.5240525094290917, "novelty": 0.15576127851377908, "diversity": 0.5775185581348233, "efficiency": 0.800664996929932, "cost": 0.8565531176407654, "score": 0.3461042218595502}