{"quality": 0.21041153394325646, "novelty": 0.18062333058632682, "diversity": 0.15635059498030654, "efficiency": 0.9241574594868092, "cost": 0, "score": 0.2781730307486413}