{"quality": 0.17414130198629613, "novelty": 0.21880139255089168, "diversity": 0.819249830108584, "efficiency": 0.7993283374467135, "cost": 0.8209901593927298, "score": 0.3085929394330626}