{"quality": 0.8471443164301506, "novelty": 0.0, "diversity": 0.9732789305354049, "efficiency": 0.8027218359916095, "cost": 0.6478175556577292}