{"quality": 0.567807220118709, "novelty": 0.27975336757951014, "diversity": 0.9205658929301853, "efficiency": 0.5917093996077829, "cost": 0.13256554973508433, "score": 0.4998935414841863}