{"quality": 0.15798091068850392, "novelty": 0.8100311099659889, "diversity": 0.9959796436080336, "efficiency": 0.04626895235228745, "cost": 0.6215757003555711, "score": 0.39388075223694113}