{"quality": 0.2970633462775214, "novelty": 0.24734829246027995, "diversity": 0.7641542229295669, "efficiency": 0.43362177697092696, "cost": 0.3051263163368315, "score": 0.33831755649619566}