{"quality": 0.253090650756724, "novelty": 0.60610539260689, "diversity": 0.3317803525211852, "efficiency": 0.6321475981755751, "cost": 0.8402021660808354, "score": 0.3046115370012294}