{"quality": 0.9612929687109242, "novelty": 0.4613571116392788, "diversity": 0.29641011612697754, "efficiency": 0.8975118486445336, "cost": 0.13197614769699506, "score": 0.584438354275473}