{"quality": 0.6502325930738275, "novelty": 0.4353169121803666, "diversity": 0.3853101274050025, "efficiency": 0.8104762285852594, "cost": 0.07225863427260878, "score": 0.4953066023087684}