{"quality": 0.052894326137736425, "novelty": 0.5679441486023187, "diversity": 0.553692895909057, "efficiency": 0.38325436442327204, "cost": 0.12785208857155628, "score": 0.31329585998004716}