{"quality": 0.757109695802141, "novelty": 0, "diversity": 0.7551388568553794, "efficiency": 0.9973399724646743, "cost": 0.5565415994844425, "score": 0.47210751603297507}