{"quality": 0.3234584136501761, "novelty": 0.8132463820440258, "diversity": 0.35072055635213994, "efficiency": 0.4716706592713829, "cost": 1, "score": 0.3412438297671947}