{"quality": 0.4021782418745139, "novelty": 0.6227084266424541, "diversity": 0, "efficiency": 0.5311876558490384, "cost": 0.6699305794631141, "score": 0.28901566965401204}