{"quality": 0.4833408385966254, "novelty": 0.168621448529858, "diversity": 0.4751604335237866, "efficiency": 0.5832011037891393, "cost": 0.4350255872369849, "score": 0.32616730726088183}