{"quality": 0.2158973547294472, "novelty": 0.07771431320720329, "diversity": 0.3414284791198226, "efficiency": 0.7368818123062464, "cost": 0.27459489212950383, "score": 0.2355562631775861}