{"quality": 0.331408148279278, "novelty": 0.8172314078019771, "diversity": 0.8545862497833648, "efficiency": 0.6885214820760338, "cost": 0.6667760626413197, "score": 0.5112481624382237}