{"quality": 0.5220391263364604, "novelty": 0.7986536743191982, "diversity": 0.18903086892670862, "efficiency": 0.8784414382385769, "cost": 0.24551749510119458, "score": 0.5012957964917466}