{"quality": 0.27471156385806234, "novelty": 0.15487756462192012, "diversity": 0.35319897235838216, "efficiency": 0.15358229996201184, "cost": 0.06085653705011698, "score": 0.20872434607386525}