{"quality": 0.9849853235937145, "novelty": 0.31537502007667345, "diversity": 0.5892738703436046, "efficiency": 0.8170674620932641, "cost": 0, "score": 0.6147542454799932}