{"quality": 0.3366841885407843, "novelty": 0.30646992209898266, "diversity": 0.3152555522199429, "efficiency": 0.06416240163848727, "cost": 0.5118542148781873, "score": 0.19911278628892387}