{"quality": 0.856195316121267, "novelty": 0.7021475604853886, "diversity": 0.5496056509091425, "efficiency": 0.9200905049818222, "cost": 0.37242861382891884, "score": 0.6430873295039372}