{"quality": 0.05503507068826635, "novelty": 0.15344559251352005, "diversity": 1, "efficiency": 0.27095875117694845, "cost": 0.3771971150015809, "score": 0.2577960205112441}