{"quality": 0.37531751967246557, "novelty": 0.6718653176607793, "diversity": 0.146342130045984, "efficiency": 0.3635672238832831, "cost": 0.4017143089922055, "score": 0.32419366400940325}