{"quality": 0.3458326732013813, "novelty": 0.2752220183230567, "diversity": 1, "efficiency": 0.11082254900395384, "cost": 0.29829963709744833, "score": 0.3593487251820268}