{"quality": 0.7938670399998247, "novelty": 0.562851531819841, "diversity": 0.04919329080486484, "efficiency": 0.27650257544172846, "cost": 0.728533194974536, "score": 0.35733371993468627}