{"quality": 0.7872913339624565, "novelty": 0.9369640872853817, "diversity": 0.3973031504576248, "efficiency": 0.021277979499090494, "cost": 0.12363183405197392, "score": 0.5407175656212735}