{"quality": 1, "novelty": 0.5245754030242038, "diversity": 0.6197597261310493, "efficiency": 0.7209775416656169, "cost": 1, "score": 0.5632424272321034}