{"quality": 0.19827911898281478, "novelty": 0.8917964943464898, "diversity": 0, "efficiency": 0, "cost": 0.2513734885315904, "score": 0.25729551042830784}