{"quality": 0.8320914396946948, "novelty": 0.6140864234992214, "diversity": 0.30273546766662585, "efficiency": 0.6197162219321328, "cost": 0.5485675774969103, "score": 0.5017968068566678}