{"quality": 0.4235194798298268, "novelty": 0.15648521833067908, "diversity": 0.7279353727965275, "efficiency": 0.6065914444604464, "cost": 0.4995290069811143, "score": 0.35280003906187885}