{"quality": 0.22143657484158458, "novelty": 0.07546926320967279, "diversity": 0.14758087661279973, "efficiency": 0.327330970761762, "cost": 0.6970265883123936, "score": 0.09421145036047844}