{"quality": 0.5409247144926522, "novelty": 0.6225719363296742, "diversity": 0.20776415603696596, "efficiency": 0.4426178104437686, "cost": 0.29437916772355016, "score": 0.39642798443181765}