{"quality": 0.8364474033077666, "novelty": 0.34664739769633623, "diversity": 0.9332489403880796, "efficiency": 0.5962363680544145, "cost": 0.14932903208957404}