{"quality": 0.18503694489917452, "novelty": 0.846966273436625, "diversity": 0.9034777102321623, "efficiency": 0.1679449210204095, "cost": 0.17757816691317327, "score": 0.45538211533708517}