{"quality": 0.9409322780103493, "novelty": 0.49595515974499677, "diversity": 0.036501659880680465, "efficiency": 0.7676396272685972, "cost": 0.8505085161673873, "score": 0.4436638977890409}