{"quality": 0.8330970139066337, "novelty": 1.0, "diversity": 0.6737342869346046, "efficiency": 0.49963394807395994, "cost": 0.7638733722051965}