{"quality": 0.7464860330310769, "novelty": 0.4502373377722671, "diversity": 0.47877907095728933, "efficiency": 0.6505588444217754, "cost": 0.6726112165553744, "score": 0.46258366355157654}