{"quality": 0.7335240789398124, "novelty": 0.5617535725956188, "diversity": 0.829238599484557, "efficiency": 0.9902501686330984, "cost": 0.9213701127746527, "score": 0.5827438507452593}