{"quality": 0.5321469907373262, "novelty": 0.40271025174798325, "diversity": 0.5836548670744494, "efficiency": 0, "cost": 0.7824263311585663, "score": 0.29881000045722694}