{"quality": 0.7130979644126875, "novelty": 0.7855665635838447, "diversity": 0.15623953054642814, "efficiency": 0.5121918326098784, "cost": 0.9321021476222686, "score": 0.42518749645830795}