{"quality": 0.7357254910291019, "novelty": 0.6470673146412549, "diversity": 0.458472986597215, "efficiency": 0.508668384568671, "cost": 0.4903185678435532}