{"quality": 0.25476068545932146, "novelty": 0.16565082115798316, "diversity": 0.20156190340863306, "efficiency": 0.9165453801025614, "cost": 0.643900997917418, "score": 0.23124499883266125}