{"quality": 0.6838724421758422, "novelty": 0.40992078905667856, "diversity": 0.4094322575405389, "efficiency": 1, "cost": 0.6256456544182681, "score": 0.4769638159832033}