{"quality": 0.2608406308634159, "novelty": 0.5064350831831985, "diversity": 0.8493004986131236, "efficiency": 0.46812550365212163, "cost": 0.19616553433323408, "score": 0.425323331891944}