{"quality": 0.45942386727746776, "novelty": 0.6385765680246273, "diversity": 0.5732558795986514, "efficiency": 0.7550718050731811, "cost": 0.5947750339907942, "score": 0.46590574547102515}