{"quality": 0.20439967002374437, "novelty": 0.5906034083237954, "diversity": 0.9684977030077133, "efficiency": 1.0, "cost": 0.7409305530719515}