{"quality": 0.34507267103345185, "novelty": 0.2795385709073133, "diversity": 0.30459006844780107, "efficiency": 0, "cost": 0.5615314230187085, "score": 0.17817131542455325}