{"quality": 1, "novelty": 0.2883788465047654, "diversity": 0.2708241468802891, "efficiency": 0.4389793691021129, "cost": 0.3561040145597969, "score": 0.45649604491158635}