{"quality": 0.8682146879596297, "novelty": 0.2813003026299994, "diversity": 0.2257232427780828, "efficiency": 0.608981183116841, "cost": 0.22463184956895998, "score": 0.4448181231116355}