{"quality": 0.48564605579504305, "novelty": 0.7182185125230889, "diversity": 0.09466921824110522, "efficiency": 0.3934219200582459, "cost": 0.2175643141604851, "score": 0.3814391451101946}