{"quality": 0.5462110358396921, "novelty": 0.3879530920399585, "diversity": 0.3361914635218519, "efficiency": 0.950581774112961, "cost": 0.9332675523292108, "score": 0.3773503873502907}