{"quality": 0.8379655893541667, "novelty": 0.10839580710255942, "diversity": 0.47651115653882353, "efficiency": 0.9704306026669767, "cost": 0.11987352342317475, "score": 0.5073680979473836}