{"quality": 0.18362797916651225, "novelty": 0.4211898127769771, "diversity": 0.6856617308472366, "efficiency": 0.3391466728724832, "cost": 0.5525988027619524, "score": 0.29313031376832244}