{"quality": 0.5444120754770532, "novelty": 0.6502125899822402, "diversity": 0.5626130482087304, "efficiency": 0.43773602308715853, "cost": 0.014527719993072064, "score": 0.5026070112441887}