{"quality": 0.4024417301493346, "novelty": 0.2964921134937682, "diversity": 0.544662674723166, "efficiency": 0.6643665189258319, "cost": 1, "score": 0.3034430602017504}