{"quality": 0.16819648278453878, "novelty": 1, "diversity": 0.5249302134472128, "efficiency": 0.019796920428892292, "cost": 0.5827067006976195, "score": 0.3501438555193761}