{"quality": 0.878385670644129, "novelty": 0.8059809777332243, "diversity": 0.8004621218534207, "efficiency": 0.4797834651123356, "cost": 0.25388716998606153, "score": 0.6716821727654732}