{"quality": 1, "novelty": 0.8981534086571237, "diversity": 0.6329486519704659, "efficiency": 0.6920928410053505, "cost": 0.8044401773305638, "score": 0.6744979909761202}