{"quality": 0.11835552480954406, "novelty": 0.24606838704855793, "diversity": 0.6171506568754229, "efficiency": 0.4234575205473237, "cost": 0.0955563605878395, "score": 0.2744168776034019}