{"quality": 0.6338961837786516, "novelty": 0.7100025886652447, "diversity": 0.7433872025535415, "efficiency": 0.6158343523704989, "cost": 0.21713240727852778, "score": 0.5870088549383371}