{"quality": 0.5925065976522553, "novelty": 0.5850516157226964, "diversity": 0, "efficiency": 0.7667855911712287, "cost": 0.26218886360142324, "score": 0.4128138355418927}