{"quality": 0.7739076956583105, "novelty": 0.4123930617435478, "diversity": 0, "efficiency": 0.4481780028987198, "cost": 0.8166937886785236, "score": 0.3208278957003357}