{"quality": 0.2841856622487635, "novelty": 0.9410633476418795, "diversity": 0.43406240564168597, "efficiency": 0.3704233781060274, "cost": 0.6744462032747188, "score": 0.39545290310186837}