{"quality": 0.35503475217208785, "novelty": 0.08152284152895828, "diversity": 0.2585885627288136, "efficiency": 1, "cost": 0.6079342380525118, "score": 0.2678154247743775}