{"quality": 0.825133716457806, "novelty": 0.7365554014968008, "diversity": 0.46028639606804467, "efficiency": 0.7413471085482333, "cost": 0.2589419153623663, "score": 0.6090441192711492}