{"quality": 0.280026279982087, "novelty": 0, "diversity": 0.841627570194772, "efficiency": 0.6028771966026271, "cost": 0.0901968040069932, "score": 0.3337452971232752}