{"quality": 0.1365478139328139, "novelty": 0, "diversity": 0.9388274867648517, "efficiency": 0.2895399794347499, "cost": 0.09644411219424903, "score": 0.2625164272286021}