{"quality": 0.28650993382597306, "novelty": 0.1805876069271442, "diversity": 1, "efficiency": 0.36749660899512315, "cost": 0.5797889398135494, "score": 0.3282454792474915}