{"quality": 0.4029954826028614, "novelty": 0.9061387958097058, "diversity": 1, "efficiency": 0.8403843463552745, "cost": 0.42504250228618357, "score": 0.6309867454579576}