{"quality": 0.2288804340757123, "novelty": 0, "diversity": 0.9145281007513002, "efficiency": 0.07208319524618229, "cost": 0.4811651843465979, "score": 0.2142657112252413}