{"quality": 0.869153247588301, "novelty": 0.5687091783151983, "diversity": 0.663798879677332, "efficiency": 0.17016900902964882, "cost": 0.739065467013335, "score": 0.48730184944387017}