{"quality": 0.4451246134238445, "novelty": 0.4643235081026606, "diversity": 0.2815294723525709, "efficiency": 0.7236452658255205, "cost": 0.4926874541768662, "score": 0.3652021999794742}