{"quality": 0.5354470985612956, "novelty": 0.2483355465981211, "diversity": 0.5958164136451212, "efficiency": 0.7751439407813303, "cost": 0.8078553311573043, "score": 0.3773673569484123}