{"quality": 0.6095058829162834, "novelty": 0.4805013434246069, "diversity": 0.7768284868736623, "efficiency": 0.41765926959192523, "cost": 0, "score": 0.520991688544558}