{"quality": 0.4161850768744968, "novelty": 0.1917258417292176, "diversity": 0.9523625255721389, "efficiency": 0.04993315811333415, "cost": 0.6095313932350053, "score": 0.30979632300258075}