{"quality": 0.05416778775885704, "novelty": 0.021958819545053354, "diversity": 0.6686499749106571, "efficiency": 0.6508787157315502, "cost": 0.4259351022347706, "score": 0.21050833333230734}