{"quality": 0.3738703339986066, "novelty": 0.8396648371016011, "diversity": 0.10869130881328337, "efficiency": 0.2717648494646838, "cost": 0.9927879290631201, "score": 0.28530150575102947}