{"quality": 0.5075240879156491, "novelty": 0.03847426721597608, "diversity": 0.5531336264650213, "efficiency": 0.4251097028346632, "cost": 0.9746808832191391, "score": 0.23880088557497856}