{"quality": 0, "novelty": 0.7303346309769709, "diversity": 0.7925934071083203, "efficiency": 0.25655962514929925, "cost": 0.15345318544795583, "score": 0.3642409643935061}