{"quality": 0.5560427495174889, "novelty": 0.407265813489971, "diversity": 0.05345640855377182, "efficiency": 0.14490754457766936, "cost": 0.3481016330784857, "score": 0.26624652831729556}