{"quality": 0.19637975954303027, "novelty": 0.3159304487837457, "diversity": 0.9552585663965281, "efficiency": 0.6237276703535926, "cost": 0.6382315033021714, "score": 0.3586842535609729}