{"quality": 1, "novelty": 0.23250770980140156, "diversity": 0.1525897020523187, "efficiency": 0.4433607473764303, "cost": 0.6517585851032127, "score": 0.3899731214569574}