{"quality": 0.6002834386121676, "novelty": 0.048044319873354904, "diversity": 0.34395168803420506, "efficiency": 0.23060130460971912, "cost": 0.5730257287206775, "score": 0.23817407197822016}