{"quality": 0.642917588621733, "novelty": 0.38675630715849063, "diversity": 0.13178857555787457, "efficiency": 0.3477051684991047, "cost": 0.46371030775281774, "score": 0.3217068129873014}