{"quality": 0.7070207196225373, "novelty": 0.7703857615561036, "diversity": 0.25314226760766734, "efficiency": 0.34309821312676825, "cost": 0.32515971811768246, "score": 0.4742798699545675}