{"quality": 0, "novelty": 0.10924189691544095, "diversity": 0.6338229130102966, "efficiency": 0.8639572122921642, "cost": 0.4943013877449129, "score": 0.2342384999002529}