{"quality": 0.10926810056538938, "novelty": 0.7118356786692551, "diversity": 0.2860894420183355, "efficiency": 0.6439594806378517, "cost": 0.28157611590239745, "score": 0.33639354874603566}