{"quality": 0.28926727435465927, "novelty": 0.8754941732951301, "diversity": 0.6376718715783012, "efficiency": 0.05642394577259513, "cost": 0.05082593435711727, "score": 0.4365690983760182}