{"quality": 0.9230013898968197, "novelty": 0.7286860801776784, "diversity": 0.764957046148584, "efficiency": 0.44214950728058977, "cost": 0.13088934523539716}