{"quality": 0.16341547847318855, "novelty": 0.5921123361522874, "diversity": 0.3144098738197705, "efficiency": 0.19795472914079937, "cost": 0.15959478911058966, "score": 0.27366843280404346}