{"quality": 0, "novelty": 0.21871247176985226, "diversity": 0.4406386779900391, "efficiency": 0.688099936212243, "cost": 0.6133347134633189, "score": 0.18468737262597545}