{"quality": 0.3748605056368548, "novelty": 0.1904772345441506, "diversity": 0.690244037990177, "efficiency": 0.974330371137991, "cost": 0.6976461088499706, "score": 0.37451121271083104}