{"quality": 0.5870105556961908, "novelty": 0.6552172325255868, "diversity": 0.8866290914579917, "efficiency": 0.6053580666907469, "cost": 0, "score": 0.6080370031354643}