{"quality": 0.6042622893830941, "novelty": 0.7069632398566064, "diversity": 0.7279353312456223, "efficiency": 0.13175708899310073, "cost": 0.8999595590984406, "score": 0.43337417046732535}