{"quality": 0.8846226870005633, "novelty": 0.6756183838075269, "diversity": 0.5192693639602625, "efficiency": 0.7559911068487555, "cost": 0.06469128402512751, "score": 0.6450748124689037}