{"quality": 0, "novelty": 0.07982957534469198, "diversity": 0.35528258698603093, "efficiency": 0.9707785586465155, "cost": 0.3068638663622605, "score": 0.20594430839413044}