{"quality": 0.8271716024957658, "novelty": 0.5298596974276555, "diversity": 0.8219199900154214, "efficiency": 0.5694694343794591, "cost": 0.6738606376078957, "score": 0.5630347545048572}