{"quality": 0.29077679584161237, "novelty": 0.7264966262528783, "diversity": 0.497791151016946, "efficiency": 0.8454012514709466, "cost": 0.12757921420852636, "score": 0.4824676918188818}