{"quality": 0.6040293380144399, "novelty": 0.9297291821621565, "diversity": 0.15248892760449673, "efficiency": 0.24859501344882037, "cost": 0.23420509905739426, "score": 0.458007624577354}