{"quality": 0.7285315341970571, "novelty": 0.8071369873757905, "diversity": 0.38350430554186454, "efficiency": 0.9331392585486842, "cost": 0.7908146423226393}