{"quality": 0.5582905070773776, "novelty": 0.08646731730183074, "diversity": 0.6239014242160087, "efficiency": 0.7460194499454975, "cost": 0.4313642760134554, "score": 0.3826507561823518}