{"quality": 0.5023884290681149, "novelty": 0.012539514409087044, "diversity": 0.45426057425529653, "efficiency": 0.2510778719680317, "cost": 0.005646177383866496, "score": 0.2818005852305836}