{"quality": 0.08508474775954544, "novelty": 0.38412463258041873, "diversity": 0.961018959797916, "efficiency": 0.31922917639971976, "cost": 0.6516498691985455, "score": 0.2964797639726549}