{"quality": 0.17971842657664588, "novelty": 0.41736506125179546, "diversity": 0.8880856156224259, "efficiency": 0.2638049849737787, "cost": 0.6924068771077562, "score": 0.306203976445719}