{"quality": 0.5458093131155143, "novelty": 0.2601450116561696, "diversity": 0.5462958758008939, "efficiency": 0.4714607308416862, "cost": 0.6675757143317794, "score": 0.34199976020195044}