{"quality": 0.23925411422913623, "novelty": 0.9851592669655287, "diversity": 0.7115736149824735, "efficiency": 0.43864039679970446, "cost": 0.1926899884999054}