{"quality": 0.6836910053658127, "novelty": 1, "diversity": 0.6577434219010219, "efficiency": 0.6476205903603252, "cost": 0.32124142475285333, "score": 0.6516749320687116}