{"quality": 0.6484677444563698, "novelty": 0.47460567084587585, "diversity": 0.30276619380247555, "efficiency": 0.9409356901315323, "cost": 0, "score": 0.5148853333286049}