{"quality": 0.7138441828939173, "novelty": 0.8873728683213185, "diversity": 1, "efficiency": 0.5698040585339939, "cost": 0.23503815732526917, "score": 0.6979632649960769}