{"quality": 0.584380501710283, "novelty": 0.2874047328038301, "diversity": 0.7642575867158786, "efficiency": 0.45345702102911967, "cost": 0.5236565351248967, "score": 0.41566975069909645}