{"quality": 0.4905763001964622, "novelty": 0.9070578551695709, "diversity": 0.7504514328425251, "efficiency": 0.5051005990298654, "cost": 0.657049041893583, "score": 0.5340878260849581}