{"quality": 0.8364996917009602, "novelty": 0.5505238918543545, "diversity": 0.6340340127207449, "efficiency": 0.9393298858758659, "cost": 0.7727086408987823, "score": 0.5790163018095272}