{"quality": 0, "novelty": 0.4923973158255284, "diversity": 0.37172358987539245, "efficiency": 0.6560160336818213, "cost": 0.6492969382903901, "score": 0.2309167581546948}