{"quality": 0.09366331859200602, "novelty": 0.6827576416573156, "diversity": 0.3859816464736815, "efficiency": 0.7121061614822455, "cost": 0.27294832254274765, "score": 0.35550582725472907}