{"quality": 0.3553525888889828, "novelty": 0.25945576652706925, "diversity": 0.3564350613431405, "efficiency": 0.9203362978809555, "cost": 0.3523238851357075, "score": 0.34557478673566283}