{"quality": 0, "novelty": 0.016023978881250456, "diversity": 0.12782167880872747, "efficiency": 0.3093417342557865, "cost": 0.34841886556101176, "score": 0.0411297040643249}