{"quality": 0.5465050240500708, "novelty": 0.2640707505298181, "diversity": 0.8371902920744563, "efficiency": 0.563810451622906, "cost": 0.20191643535000034, "score": 0.4617871774708029}