{"quality": 0.9752863565615293, "novelty": 1, "diversity": 0.21291895519340281, "efficiency": 0.44750954769720885, "cost": 0.5473081944760155, "score": 0.5975653107141192}