{"quality": 0.647340776872009, "novelty": 0.49511294172010534, "diversity": 0.7031363288244514, "efficiency": 0.8044760218323808, "cost": 0.0966027533218447, "score": 0.569618862199192}