{"quality": 0.7669300944898779, "novelty": 0.40488115670739405, "diversity": 0.9142672061203139, "efficiency": 0.35593192618473185, "cost": 0.3124766663528429, "score": 0.5362948810403001}