{"quality": 0.7734561308216563, "novelty": 0, "diversity": 0.6645801753198495, "efficiency": 0.992665864802497, "cost": 0.6040556416259505, "score": 0.4534471898682462}