{"quality": 0.6106011249256398, "novelty": 0.348581787311562, "diversity": 0.36112534722175915, "efficiency": 0.028209977273624537, "cost": 0.705249726780671, "score": 0.27625737766291075}