{"quality": 0.38963238140177836, "novelty": 1, "diversity": 0.2915869604632157, "efficiency": 0.9837554502148782, "cost": 0.13134525817525425, "score": 0.559635898227883}