{"quality": 0.04219362986308521, "novelty": 0.38518940790757594, "diversity": 0.7841843053689259, "efficiency": 0.8918392033824998, "cost": 0.7704797593716085, "score": 0.32252020657981884}