{"quality": 1, "novelty": 0.31254567196886657, "diversity": 0.879651993948119, "efficiency": 0.8469227451012169, "cost": 0.895165779701065, "score": 0.5915886505769165}