{"quality": 0.7057948408851009, "novelty": 0.4372161434358578, "diversity": 0.30266261167734965, "efficiency": 0.1037684714022907, "cost": 0.7198165462517887, "score": 0.3251586265451294}