{"quality": 0.8524564187665865, "novelty": 0.061544179344568795, "diversity": 0.3923221378468805, "efficiency": 0.5160001426670483, "cost": 0.28062821782300307, "score": 0.3989245976532512}