{"quality": 0.5129975788029525, "novelty": 0.9151497870295976, "diversity": 0.5102468053669824, "efficiency": 0.38009012373578155, "cost": 0.3251144952670091, "score": 0.5092381505053478}