{"quality": 0.31564022607167364, "novelty": 0.7843534983830645, "diversity": 0.5355397972668672, "efficiency": 0.6417351627868377, "cost": 0.19971239711458325, "score": 0.47417743657720896}