{"quality": 0.5667104688396617, "novelty": 0.04790709011078356, "diversity": 0.4589549231401177, "efficiency": 0.2144379459713321, "cost": 0.7997493219125816, "score": 0.22597165751205955}