{"quality": 0.36759859215848323, "novelty": 1, "diversity": 0.849089008698779, "efficiency": 0.7068916529537418, "cost": 0.05788679158143034, "score": 0.630342448172219}