{"quality": 0.5435088164577515, "novelty": 0.6973260419106979, "diversity": 1, "efficiency": 0.13303801117711123, "cost": 0.13781724969566236, "score": 0.5435581321220003}