{"quality": 0.6089514934731839, "novelty": 0.388871815333097, "diversity": 0.4829068024025368, "efficiency": 0.837537965362162, "cost": 0.5152503645319417, "score": 0.45059042070686695}