{"quality": 0.2533165622093637, "novelty": 0.9772384818248987, "diversity": 0.8427956525131883, "efficiency": 0.5337407412332823, "cost": 0.824047765975868}