{"quality": 0.6360540922787309, "novelty": 0.6967343097457587, "diversity": 0.550136048162017, "efficiency": 0.07898969880386542, "cost": 0.4087447069113929, "score": 0.44600099888190287}