{"quality": 1, "novelty": 0.8500903100144285, "diversity": 0.5151753389424285, "efficiency": 1, "cost": 0.485272028150588, "score": 0.717030442477034}