{"quality": 0.6091643644241272, "novelty": 0.08668012632577865, "diversity": 0.3307412495535593, "efficiency": 0.8119815371975412, "cost": 0.008040841086725911, "score": 0.3915607372903533}