{"quality": 0.354615408705181, "novelty": 0.16783927289255962, "diversity": 0.1293001784293398, "efficiency": 0.6972147858564838, "cost": 0.5416295669843147, "score": 0.22462373770060323}