{"quality": 0.4223418768728232, "novelty": 0.10511593829643862, "diversity": 0.8488794433178684, "efficiency": 0.11404324398606988, "cost": 0.6966316230946324, "score": 0.27020076058797754}