{"quality": 0.09951552052243112, "novelty": 0.36116178171847463, "diversity": 0, "efficiency": 0.6546594473706551, "cost": 0.387056618528948, "score": 0.17963835683905144}