{"quality": 0.2124222015876765, "novelty": 0.485074160841199, "diversity": 0.7197170513200497, "efficiency": 0.6194249109540629, "cost": 0.0650902148906305, "score": 0.41534332610465896}