{"quality": 0.5789426236413202, "novelty": 0.13163489196992478, "diversity": 0.5810935928721107, "efficiency": 0.12573760165208275, "cost": 1, "score": 0.24167086890711184}