{"quality": 0.30315878822168696, "novelty": 0.7647687810787086, "diversity": 0.08418131211928373, "efficiency": 0.20750601480649167, "cost": 0.22396924835300255, "score": 0.3077050715457135}