{"quality": 0.14269189874948637, "novelty": 0.09744509772661297, "diversity": 0.8306150035698645, "efficiency": 0.40159496962282326, "cost": 0.4853409405465805, "score": 0.2449969961592375}