{"quality": 0.49255563542110986, "novelty": 0.5140342199358148, "diversity": 0.5431473480803225, "efficiency": 0.20974933136136326, "cost": 0.35192254898567793, "score": 0.38117486003198786}