{"quality": 0.5596682270661948, "novelty": 0.8896512565070754, "diversity": 0.1751103885530658, "efficiency": 0.156325662214359, "cost": 0.21973942846244363, "score": 0.42681026644314995}