{"quality": 0.5926789820461322, "novelty": 0, "diversity": 0, "efficiency": 0.18203068607458117, "cost": 0.6910813626059675, "score": 0.13600016126443007}