{"quality": 0.7451455368166744, "novelty": 0.2908874669751052, "diversity": 0.09930272206438148, "efficiency": 0.4011653063603028, "cost": 0.7372213615667691, "score": 0.3025787319990234}