{"quality": 0.23890358013302904, "novelty": 0.8160547963324668, "diversity": 0.9059579152704389, "efficiency": 0.8146041862383223, "cost": 0, "score": 0.5790669841128615}