{"quality": 0, "novelty": 0.5191923459173082, "diversity": 0.7491323624459172, "efficiency": 0.060743722448890675, "cost": 0.5070271221350156, "score": 0.23803340512234253}