{"quality": 0.3398982466436794, "novelty": 0.3225694718999628, "diversity": 0.19331663241875444, "efficiency": 0.8988441942703456, "cost": 0.6199483362311284, "score": 0.2941069639692844}