{"quality": 0.1062026177120948, "novelty": 0, "diversity": 0.8648520757168758, "efficiency": 0, "cost": 0.9934505132045115, "score": 0.10548614913655247}