{"quality": 0.25122466459052617, "novelty": 1.0, "diversity": 0.7617307905992813, "efficiency": 0.47064875563883474, "cost": 0.25015724067014866}