{"quality": 0.26719425782710965, "novelty": 0.3679304082990719, "diversity": 1, "efficiency": 0.10806363804754346, "cost": 0.20090077821383592, "score": 0.36826034730864876}