{"quality": 0, "novelty": 0.6384294269005877, "diversity": 0.37369493336876736, "efficiency": 0.5806160159074657, "cost": 0.2199355152985328, "score": 0.29944519425516697}