{"quality": 0.27374329302929545, "novelty": 0.7948103760876444, "diversity": 0.6705292554377684, "efficiency": 0.25116725565114534, "cost": 0.033005317214214874, "score": 0.44930598964450374}