{"quality": 0.5423291363013358, "novelty": 0.6396176210830591, "diversity": 0.4136398611673764, "efficiency": 0.34743497316552047, "cost": 0.6572569058917519, "score": 0.3917206737802936}