{"quality": 0.7095385665849525, "novelty": 0.6855014398554642, "diversity": 0.6296633030790691, "efficiency": 0.8151653839717088, "cost": 0.20770872926958017, "score": 0.611673525223964}