{"quality": 0.49379604765986307, "novelty": 0.5320792246658269, "diversity": 0.4232040516967182, "efficiency": 0.34175819026069243, "cost": 0, "score": 0.4170631593428632}