{"quality": 0.9598887469826676, "novelty": 0.5402481613914556, "diversity": 0.3896377158004178, "efficiency": 0.7566986567041674, "cost": 0.9270134526042106, "score": 0.5217596608479518}