{"quality": 0.4913885069579593, "novelty": 0.5958695249712445, "diversity": 0.10647460289521288, "efficiency": 0.7398911423382405, "cost": 0.25225678606796154, "score": 0.4034368466531814}