{"quality": 0.8510678583223097, "novelty": 0.47271560701835263, "diversity": 0.18802152674573602, "efficiency": 0.9706771603576898, "cost": 0.40720386089342353, "score": 0.5159847525647394}