{"quality": 0.5285585970030335, "novelty": 0.9008414676576401, "diversity": 0.4750226980919993, "efficiency": 0.9077566978815379, "cost": 1, "score": 0.5149459903159507}