{"quality": 0.8511075682570067, "novelty": 0, "diversity": 0.6801629164261385, "efficiency": 0.8175862671931754, "cost": 0.7179844609790207, "score": 0.4422043477434039}