{"quality": 0.8443910417676543, "novelty": 1, "diversity": 0.85169731944123, "efficiency": 1, "cost": 0.9939273847598743, "score": 0.724264037942555}