{"quality": 0.8545555860003359, "novelty": 0.7152317618978224, "diversity": 1, "efficiency": 0.7034205688974657, "cost": 0.8655864040567482, "score": 0.6541290612035014}