{"quality": 0.27093464760019204, "novelty": 0.5682757255015076, "diversity": 0.5291374951306278, "efficiency": 0.7827389021206568, "cost": 0.7872326967922301, "score": 0.36786439032043555}