{"quality": 0.0596840931691594, "novelty": 0.3013733376474738, "diversity": 0.426887044723723, "efficiency": 0.28530954613636145, "cost": 0.26869672204697886, "score": 0.1945527310231172}