{"quality": 1, "novelty": 0.7718972557944777, "diversity": 0.4661144779644891, "efficiency": 0, "cost": 0.8023075999725843, "score": 0.5059664495442588}