{"quality": 0.48950971068766325, "novelty": 0.8273934434904386, "diversity": 0.6194371575235178, "efficiency": 0, "cost": 0.39833551373932274, "score": 0.43775515420967986}