{"quality": 0.8487552681921708, "novelty": 0.327218291319214, "diversity": 1, "efficiency": 0.3656270105756507, "cost": 0, "score": 0.5912752048738025}