{"quality": 0.27276741581668923, "novelty": 0.9421728336672461, "diversity": 1, "efficiency": 0.6266874577896042, "cost": 0, "score": 0.611376551830259}