{"quality": 0, "novelty": 0.11383979165532981, "diversity": 0.16719708042396839, "efficiency": 0.29645551038739265, "cost": 0.31626275103256274, "score": 0.07474141545347876}