{"quality": 0.6056272575756093, "novelty": 0.8354491187732666, "diversity": 1.0, "efficiency": 0.7975898611801747, "cost": 0.04952443176662101}