{"quality": 0.4317775435728114, "novelty": 0.4119654875035842, "diversity": 0.29324403857904646, "efficiency": 0.686500916890973, "cost": 1, "score": 0.2941485801971947}