{"quality": 0.05213380071679663, "novelty": 1, "diversity": 0.7634875452723466, "efficiency": 0.6365496197485572, "cost": 0.8048312625094609, "score": 0.4333369659808458}