{"quality": 0.9824725977090237, "novelty": 0.6558593630851193, "diversity": 0.22691840204224395, "efficiency": 0.22314679445636504, "cost": 0.5266596765936836, "score": 0.48489635200152215}