{"quality": 0.5249484367492057, "novelty": 0.47144133994443466, "diversity": 0.9775772829518128, "efficiency": 0.40191515359700936, "cost": 0.2614924628724307, "score": 0.5049983493535414}