{"quality": 0.46316773491609176, "novelty": 0.8752548691391754, "diversity": 0.5007743682420731, "efficiency": 0.3083388343038902, "cost": 0.674636103364988, "score": 0.4367061262171207}