{"quality": 0.32149609899572734, "novelty": 0.8585032861929396, "diversity": 0.8852012848759887, "efficiency": 0.914769140343414, "cost": 0.339216214474066, "score": 0.5914086578262563}