{"quality": 0.10471798733151613, "novelty": 0.639029411214553, "diversity": 0.8552996344780595, "efficiency": 0.6093489166363526, "cost": 0.08080040032008075}