{"quality": 0.6020153766761351, "novelty": 0.5452892950752999, "diversity": 0.5203469297288585, "efficiency": 0.4874032681837231, "cost": 0.24782891084085806, "score": 0.4693239218609098}