{"quality": 0.6342012219244242, "novelty": 0.26238744855494783, "diversity": 0, "efficiency": 0.16893212955259687, "cost": 0.466336928232761, "score": 0.23456335532567762}