{"quality": 0.8475235697482163, "novelty": 0.6757393605134482, "diversity": 0.7427805029183412, "efficiency": 0.9834515988577521, "cost": 0.4017517667088652, "score": 0.6790905747942715}