{"quality": 0.5519957263484554, "novelty": 0.30446197331415115, "diversity": 0.36878747357824965, "efficiency": 0.2991648734683589, "cost": 0.585592976037223, "score": 0.30178713936525586}