{"quality": 0.30103176340183513, "novelty": 0.7857583923145235, "diversity": 0.4786017206029287, "efficiency": 0.4007875158283394, "cost": 0.8267990373103304, "score": 0.359907694862985}