{"quality": 0.8671329977274108, "novelty": 0.6759235241972685, "diversity": 0.5711321251722563, "efficiency": 0.2707401890594696, "cost": 0.9899937485983668}