{"quality": 0.5820000036459209, "novelty": 0.2107294491318814, "diversity": 0.4905338788424023, "efficiency": 0.7776051968152796, "cost": 0.9920130192023271, "score": 0.34282861674728626}