{"quality": 0.667208593285258, "novelty": 0.4437415996723746, "diversity": 0.7223603124365862, "efficiency": 0.582343176143836, "cost": 0.611690203912804, "score": 0.4817524964212832}