{"quality": 0.7840760084516869, "novelty": 0.7495142292484105, "diversity": 0.18338259765255668, "efficiency": 0.31790285864736706, "cost": 0.8382967532412348, "score": 0.42313363285110156}