{"quality": 0.7893584727610934, "novelty": 1, "diversity": 0.04654544406269259, "efficiency": 0.4752947608268849, "cost": 0.29900351285710836, "score": 0.5375104934791883}