{"quality": 0.9106201305352088, "novelty": 0.5075344393493111, "diversity": 0.2835235615148321, "efficiency": 0.2662362296710205, "cost": 0.7563447303081046, "score": 0.4210753227206995}