{"quality": 1, "novelty": 0.4157388966116245, "diversity": 0.6453127182219682, "efficiency": 0.05742968355016986, "cost": 0.026565219373295146, "score": 0.5389551983924956}