{"quality": 0.4958294814786337, "novelty": 0.689468780555288, "diversity": 0.8714151149972116, "efficiency": 0.3094414689502367, "cost": 0.6585018896856452, "score": 0.4759650939558253}