{"quality": 0, "novelty": 0.4405124915360998, "diversity": 0.2196701758076946, "efficiency": 0.26282559734878363, "cost": 0.2577375247123592, "score": 0.16771224517664549}