{"quality": 0.2749081337350982, "novelty": 0.9942364335562694, "diversity": 0.08857361571173933, "efficiency": 1, "cost": 0.12292864859167796, "score": 0.4864534067927768}