{"quality": 0.8606926203481098, "novelty": 0.579153488553158, "diversity": 0.3473702407515682, "efficiency": 0.9239997109245388, "cost": 0.9469266345996874, "score": 0.5163774995717482}