{"quality": 0, "novelty": 0.17348141549455215, "diversity": 0.7482424382561388, "efficiency": 0.5825830286814484, "cost": 0.09094589914389731, "score": 0.2713117059126934}