{"quality": 0.16841161495999918, "novelty": 0.9355454257450433, "diversity": 0.7796360152913491, "efficiency": 0.8332850578586091, "cost": 0.44660709882437605, "score": 0.5206690927788841}