{"quality": 0.7638791879195478, "novelty": 0.9205524352835447, "diversity": 0.5581702367396126, "efficiency": 0.14181515789523638, "cost": 0.9251893035278951}