{"quality": 0.5503630777914308, "novelty": 0.882418588249225, "diversity": 0.023366574201717033, "efficiency": 0, "cost": 0.38821296477765543, "score": 0.35156558876231336}