{"quality": 0.5571230206958048, "novelty": 0.6898477381819406, "diversity": 0.7716420785783192, "efficiency": 0.9179258463640966, "cost": 0.8097468832030824, "score": 0.5506414451041965}