{"quality": 0.5534967446205501, "novelty": 0.30312370925394966, "diversity": 0.8715953482747523, "efficiency": 0.6099761365933425, "cost": 0.38286947574448726, "score": 0.4693584932691556}