{"quality": 0.7613140673725027, "novelty": 1, "diversity": 1, "efficiency": 0.6861688857104247, "cost": 0.229077610905502, "score": 0.7584117919777643}