{"quality": 0.6638636221683369, "novelty": 0.7461698673752868, "diversity": 0.09951567300629674, "efficiency": 0.9387977834537431, "cost": 0.8288037282070464, "score": 0.463543982792939}