{"quality": 0, "novelty": 0.5991339461452918, "diversity": 0.8611681420974211, "efficiency": 0.5451574865149463, "cost": 0.12645974513940134, "score": 0.39114476341910903}