{"quality": 0.5516411255801619, "novelty": 0.43024574838227003, "diversity": 0.7692402839610237, "efficiency": 0.09378869062128564, "cost": 1, "score": 0.3409701351550136}