{"quality": 0.9526506820831786, "novelty": 0.560836528218963, "diversity": 0, "efficiency": 0.841996264219461, "cost": 0.6846211403428903, "score": 0.48384166227832437}