{"quality": 0.022677358359140004, "novelty": 0.2631013894504787, "diversity": 0.033998966631913236, "efficiency": 1, "cost": 0.7466752790373523, "score": 0.15471082029300906}