{"quality": 0.7883629554008933, "novelty": 0.10440782247488717, "diversity": 0.08803025103076362, "efficiency": 0.5470931195384552, "cost": 0, "score": 0.3622808603759108}