{"quality": 0, "novelty": 0, "diversity": 0.6804343640335051, "efficiency": 0.6328492805614037, "cost": 0.48289416983819616, "score": 0.18272484790709198}