{"quality": 0.7182323021821744, "novelty": 0.4394030136685104, "diversity": 0.730496147617066, "efficiency": 1, "cost": 0.8579815802612243, "score": 0.5356215155690707}