{"quality": 0.6216469405369487, "novelty": 1, "diversity": 0.34151051100065677, "efficiency": 0.36773221864842903, "cost": 0.5320655726802499, "score": 0.5067494598904553}