{"quality": 0.8001313749541663, "novelty": 0.26316492982096606, "diversity": 0.09390417749315999, "efficiency": 0.5260664329359412, "cost": 0.9075239775938008, "score": 0.3127690476211345}