{"quality": 0.07500790971272486, "novelty": 0, "diversity": 0.7934564611774483, "efficiency": 0.9236061632825548, "cost": 0.9837603626126454, "score": 0.22135855338042576}