{"quality": 0.731278566784778, "novelty": 0.33073932867371103, "diversity": 0.35163870407098813, "efficiency": 0.26673997297519847, "cost": 0.6200211763148962, "score": 0.3504050213328489}