{"quality": 0.4986838759612887, "novelty": 0.24356756976337207, "diversity": 0.4224221665378603, "efficiency": 0.49907425563526037, "cost": 0.7590737021422777, "score": 0.29393525666786297}