{"quality": 0.2885624140253104, "novelty": 0.914503389915238, "diversity": 0.4817875712764299, "efficiency": 0.4194431236947612, "cost": 0.3928808538784683}