{"quality": 0.4755101593440683, "novelty": 0.762416315293448, "diversity": 0.9111865951273005, "efficiency": 0.4509705557542285, "cost": 0.4970517493537788, "score": 0.5334348540797991}