{"quality": 0.4044282552014773, "novelty": 0.35502639412398546, "diversity": 0.08626981301714076, "efficiency": 0.7225033160170975, "cost": 0.9881139024978258, "score": 0.23690314484764974}