{"quality": 0.5113249195316893, "novelty": 0.18198277174477792, "diversity": 0.22308007415306916, "efficiency": 0.6632818506439542, "cost": 0.402888674115988, "score": 0.30271259381130944}