{"quality": 0.21951658003604058, "novelty": 0.26591170528024866, "diversity": 0.3395055879972958, "efficiency": 0.47807215906182027, "cost": 0.874599865985702, "score": 0.18448485519103633}