{"quality": 0.2992497014798975, "novelty": 0.2630765564571441, "diversity": 0.7519470655952054, "efficiency": 0.8800632049783915, "cost": 0.2604217451246045, "score": 0.41190076891159466}