{"quality": 0, "novelty": 0.9796315246575715, "diversity": 0.09036525005487167, "efficiency": 0.6347798039203303, "cost": 0.2770853298396466, "score": 0.33048936877945206}