{"quality": 0.7007258290179735, "novelty": 0.9962405928770433, "diversity": 0.755101360540135, "efficiency": 1, "cost": 0.39298720631962425, "score": 0.7209994484007175}