{"quality": 0.577234283428296, "novelty": 0.543494578629568, "diversity": 0.1007027322015497, "efficiency": 0, "cost": 0.1339458408062772, "score": 0.315789892045563}