{"quality": 0.0011088477026151566, "novelty": 0.4497255304242068, "diversity": 0.33287223745652517, "efficiency": 0.9803985301728226, "cost": 0.9479768622566487, "score": 0.2316005777083998}