{"quality": 0.2044137623597984, "novelty": 0, "diversity": 0.7207578969807912, "efficiency": 0.18919605242688875, "cost": 0.5997926237792435, "score": 0.17387585359020674}