{"quality": 0.3691321383452512, "novelty": 0.27615180204476997, "diversity": 0.39186077801723196, "efficiency": 0.6210065962267141, "cost": 1, "score": 0.25130073705222133}