{"quality": 0.7143803455911102, "novelty": 0.5670576393714983, "diversity": 0.8083060709569222, "efficiency": 0.7476327896800288, "cost": 0.9267300755046561, "score": 0.5372116386131308}