{"quality": 0.6340818523939925, "novelty": 0.36262106252777704, "diversity": 0.905367995728606, "efficiency": 0.6010925955580003, "cost": 0.43818065456523975, "score": 0.5082992443730392}