{"quality": 0.5155529521188703, "novelty": 0.26938938775270627, "diversity": 0.42529385538786046, "efficiency": 0.42784825358680423, "cost": 0.6080700059355844, "score": 0.31044224109587193}