{"quality": 0.16760129507301386, "novelty": 0, "diversity": 0.7736477008262207, "efficiency": 0.607592337547342, "cost": 0.5443903943074834, "score": 0.24170973988850125}