{"quality": 0.3137463264511744, "novelty": 0.7586773832080982, "diversity": 0, "efficiency": 0.6761665388788392, "cost": 0.45021412449197457, "score": 0.3401968121200053}