{"quality": 0.8193287011185586, "novelty": 0.1851493966684607, "diversity": 0.29763425190402026, "efficiency": 1, "cost": 0.13537319532371844, "score": 0.4880754903511149}