{"quality": 0.6805579692788226, "novelty": 0.7429837805815371, "diversity": 1, "efficiency": 0.20176630628633996, "cost": 0.5639044038144319, "score": 0.5637878414905391}