{"quality": 0.020554752385559705, "novelty": 0.6722335865886819, "diversity": 0.9989226374064037, "efficiency": 0.7903957135485766, "cost": 0.5690332906374218, "score": 0.43566537781266346}