{"quality": 0.7720512673993822, "novelty": 0.7854256346766679, "diversity": 0.08817919799137475, "efficiency": 0.1579120041184524, "cost": 0.35092422347485336, "score": 0.4342020067575391}