{"quality": 0.7996485408607568, "novelty": 0.4557549559508018, "diversity": 0.642498797887363, "efficiency": 0.7032568880609337, "cost": 0.7491635966335183, "score": 0.5129052343691883}