{"quality": 0.7869666301308613, "novelty": 0.9683136033788825, "diversity": 0, "efficiency": 0.1455519336105032, "cost": 0.18562680380452934, "score": 0.48143849954510154}