{"quality": 0.3094641567321265, "novelty": 0.39140672720595243, "diversity": 0, "efficiency": 1, "cost": 0.5569440954155029, "score": 0.28499651927957576}