{"quality": 0.5794483270353334, "novelty": 0.3137142954949981, "diversity": 0.3049028496224715, "efficiency": 0.07142762563239077, "cost": 0.45404763809516846, "score": 0.27855302194418563}