{"quality": 0.2862896625580841, "novelty": 0.7668351274782654, "diversity": 0.33523675172182976, "efficiency": 0.6936447690856513, "cost": 0.1939772794582118, "score": 0.42929201839838405}