{"quality": 0.8786585372766899, "novelty": 0.5476794405736292, "diversity": 1.0, "efficiency": 0.39197076043756335, "cost": 0.569508448505788}