{"quality": 0.48271789544227406, "novelty": 0.7075129260432385, "diversity": 0.15821587936375855, "efficiency": 0.6544790828802353, "cost": 0.7049310280070431, "score": 0.3810155356475745}