{"quality": 0, "novelty": 0.24430690929224108, "diversity": 0.41088332963222696, "efficiency": 0.7741296122996076, "cost": 0.1461629535605502, "score": 0.2447565397383918}