{"quality": 0.5949487826973332, "novelty": 0.6820574083157502, "diversity": 0.15530046852471147, "efficiency": 0, "cost": 0.6155767204676252, "score": 0.31850140854631726}