{"quality": 0.1335909610757639, "novelty": 0.6297175658734661, "diversity": 0, "efficiency": 0.5868169767078939, "cost": 0.9957856679513739, "score": 0.1859506595021424}