{"quality": 0.2781048287784536, "novelty": 0.7821316433644995, "diversity": 0.5547465613631581, "efficiency": 0.9910115313257722, "cost": 0.15135030681780515, "score": 0.5234303707643779}