{"quality": 0.7461127491925614, "novelty": 0.873211003768021, "diversity": 0.05337751004852603, "efficiency": 0.1720830609267392, "cost": 0.2448867632253049, "score": 0.4541358605259592}