{"quality": 0.4497051644142657, "novelty": 0.44163938362502064, "diversity": 0.9877424602324143, "efficiency": 0, "cost": 0.13278767469884717, "score": 0.429591119807133}