{"quality": 1, "novelty": 0.42759170844666394, "diversity": 0.8192839319759307, "efficiency": 0.24530357458537005, "cost": 0.9529877532785205, "score": 0.5122514743668056}