{"quality": 1, "novelty": 0.44649869075791687, "diversity": 0.47169318940832067, "efficiency": 1, "cost": 0.938691010893111, "score": 0.5620942094818323}