{"quality": 0.3530951647820293, "novelty": 0.6450971807339043, "diversity": 0.42226043739805963, "efficiency": 0.3577505826852366, "cost": 1, "score": 0.30531751950048225}