{"quality": 0.6535612897008078, "novelty": 0.9960079860734397, "diversity": 0.4560890842255744, "efficiency": 0.47893965846653364, "cost": 0.4530237545006759, "score": 0.5628267735936296}