{"quality": 0.3704849076732185, "novelty": 0, "diversity": 0.8616776417036345, "efficiency": 0.3367753763900773, "cost": 0.3588073687466311, "score": 0.2981165702265409}