{"quality": 0.7998052841360812, "novelty": 0.6505693367777173, "diversity": 0.7239557754997841, "efficiency": 0.01618904066291818, "cost": 0, "score": 0.5498034306346482}