{"quality": 0.0843362985321689, "novelty": 0.824441340820902, "diversity": 0.12980794904625503, "efficiency": 1, "cost": 0, "score": 0.4073728145741272}