{"quality": 1, "novelty": 0.5573954888696049, "diversity": 0.483244899853635, "efficiency": 0.3091803375474468, "cost": 0.4455194662306973, "score": 0.5378229561971756}