{"quality": 0.28325079544700993, "novelty": 0.7430924677615598, "diversity": 0.3620323464267817, "efficiency": 0.2188251325029143, "cost": 0.039439827433973146, "score": 0.3720346119918891}