{"quality": 1, "novelty": 0.9481239499532081, "diversity": 0.7769176661781546, "efficiency": 0.2587185948390491, "cost": 0.2776903179402129, "score": 0.703453278155769}