{"quality": 0.24384979418351538, "novelty": 0.23130745492304727, "diversity": 0.2683124838572949, "efficiency": 0.709993750420884, "cost": 0.8787334850705291, "score": 0.2032700128133551}