{"quality": 0.06787475605978957, "novelty": 0.3858255698343795, "diversity": 0.7799032621993214, "efficiency": 0.9966628838073726, "cost": 0.6084841647993098, "score": 0.3614504878075709}