{"quality": 0.6823860547630577, "novelty": 0.12349654475117716, "diversity": 0, "efficiency": 0.8171471201897174, "cost": 0.8790101455047958, "score": 0.2702610060946896}