{"quality": 0.008553998035609633, "novelty": 0.9288489645963874, "diversity": 0.830676354338008, "efficiency": 0.19266531265494777, "cost": 0.9161909813814408, "score": 0.3381944101874794}