{"quality": 0.5882899382822022, "novelty": 0.36581884348590743, "diversity": 0.19764552203335323, "efficiency": 0.03141250236454873, "cost": 0, "score": 0.3121826721174905}