{"quality": 0.38250201220810837, "novelty": 0.4255928475259261, "diversity": 0.25163333592171366, "efficiency": 0.36444479800388924, "cost": 0.5205686226484406, "score": 0.2740853401639961}