{"quality": 0.04602077706589369, "novelty": 0.31444186301493465, "diversity": 0.6618890401223996, "efficiency": 0.5517239611832845, "cost": 0.1637221020299644, "score": 0.2911808908724779}