{"quality": 0.02816893751241889, "novelty": 0.8425301456928607, "diversity": 0.24280758280725262, "efficiency": 0.09430984386620267, "cost": 0.12686820039363683, "score": 0.2691043907789581}