{"quality": 0.5870426878299002, "novelty": 0.8259883920795583, "diversity": 0.4239551962739181, "efficiency": 0.7725868732241994, "cost": 0.6676733537692257, "score": 0.5165216392303505}