{"quality": 0, "novelty": 0.4245736640733643, "diversity": 0.588860158113508, "efficiency": 0.33477981152600633, "cost": 0.5616013739719355, "score": 0.2179722819727501}