{"quality": 1, "novelty": 0.2191876283439263, "diversity": 0.7551687253579951, "efficiency": 0.3471741911791729, "cost": 0.6177400386036849, "score": 0.4961327769740881}