{"quality": 0.4871714338320573, "novelty": 0.471979528666141, "diversity": 0.7079547955184677, "efficiency": 0.6491424535652998, "cost": 0.33551052988341523}