{"quality": 0.8271300862382529, "novelty": 0.340656868807433, "diversity": 0.20678671070749677, "efficiency": 0.059162404855628375, "cost": 1, "score": 0.28353494594317774}