{"quality": 0.253767503216031, "novelty": 0.5095899906267469, "diversity": 0.9887948496454975, "efficiency": 0.6172803598803209, "cost": 0, "score": 0.4938787725326436}