{"quality": 0, "novelty": 0.5926652372232737, "diversity": 0.7123564312533821, "efficiency": 0.9191713899811005, "cost": 0.9831210471725971, "score": 0.3302011993364002}