{"quality": 0.6879317959951126, "novelty": 0.5703599200287197, "diversity": 0.2557936147979092, "efficiency": 0.41682521463446465, "cost": 0.31240402438336556, "score": 0.4314116215221287}