{"quality": 0.5295139163904001, "novelty": 0.8097483285878133, "diversity": 0.5531771725131097, "efficiency": 0.2633609769762516, "cost": 0, "score": 0.5114308381131331}