{"quality": 0.697133814014356, "novelty": 0.6360996570259216, "diversity": 0.2098607530882769, "efficiency": 0.40036750004268196, "cost": 0.22612876953004307, "score": 0.44757945713184055}