{"quality": 0.9124639639378731, "novelty": 0.5471636883081779, "diversity": 0.5866306367267616, "efficiency": 0.2898221743217777, "cost": 0.36003291760073425, "score": 0.5353262729919519}