{"quality": 0.9064622942249942, "novelty": 0.010669163604573345, "diversity": 0.11186377405404019, "efficiency": 0.4358727362997775, "cost": 0.2679262466779197, "score": 0.3355670197566243}