{"quality": 0.4223631586865026, "novelty": 0.3448536039093762, "diversity": 0.29859672179940816, "efficiency": 0.33676439850750073, "cost": 0.686405363110718, "score": 0.2545158164082298}