{"quality": 0.3443815370740405, "novelty": 0.2278824518362325, "diversity": 0.5416963879123888, "efficiency": 0.19408288188114825, "cost": 0.5895151896770479, "score": 0.23878526497821556}