{"quality": 0.6964551405642785, "novelty": 0.2731379499438008, "diversity": 0.920690204407488, "efficiency": 0.7742618793293434, "cost": 0.4178263643367012, "score": 0.5357157160024628}