{"quality": 0.15752317271266777, "novelty": 0.4938472644271912, "diversity": 0.9391867364885841, "efficiency": 0.009962296638021562, "cost": 0.8967732931475522, "score": 0.27037313039926303}