{"quality": 0.06927412196645158, "novelty": 0.6332645182451047, "diversity": 0.4860864605233126, "efficiency": 0.507027134557, "cost": 0.21899571808899515, "score": 0.33047015663052465}