{"quality": 0.8606174721488447, "novelty": 0.2982959234255986, "diversity": 0.09426001657758354, "efficiency": 0.6447582510583029, "cost": 0.5178934386505298, "score": 0.3965356196102622}