{"quality": 0.9242848183511575, "novelty": 0.03983167001652166, "diversity": 0.7166886583420209, "efficiency": 0.44739931725601595, "cost": 0.9689362273579591, "score": 0.4007973695304883}