{"quality": 0.22892532923678383, "novelty": 0.462148411647191, "diversity": 0.5834056409874601, "efficiency": 0.5913273496494551, "cost": 0.20719550077426285, "score": 0.3688753822503169}