{"quality": 0.3046340313354258, "novelty": 0.6320022693955007, "diversity": 0.40791791815393547, "efficiency": 0.8285588793936262, "cost": 0.684449326286966, "score": 0.38681325966063734}