{"quality": 0.44354787943254315, "novelty": 0.719073029156489, "diversity": 0.14510189732198264, "efficiency": 0.3925364700766968, "cost": 0.8083038998658232, "score": 0.3199030811082039}