{"quality": 0.6847898082691659, "novelty": 0.4567187207230229, "diversity": 0.031986328676189, "efficiency": 0.29205115625529166, "cost": 0.07228684176104785, "score": 0.3625928776589322}