{"quality": 0.019103203099107596, "novelty": 0.3892978167046332, "diversity": 0.8717516819562217, "efficiency": 0.07337740698132225, "cost": 0.39415484488948666, "score": 0.24899687805538462}