{"quality": 0.6732986385225792, "novelty": 0.43084424583008896, "diversity": 0.996239100887046, "efficiency": 0.5306559429911892, "cost": 0.4920494928533252}