{"quality": 0.0951786793589271, "novelty": 0.3475125039461039, "diversity": 0.2407419556048525, "efficiency": 0.35111571287575044, "cost": 0.97742253725872, "score": 0.11850522412066516}