{"quality": 0.641067113074341, "novelty": 0.13634840560111178, "diversity": 0.2641441336816744, "efficiency": 0.11704739584584892, "cost": 0.7963604865142104, "score": 0.21715712278437144}