{"quality": 0.8371850541045421, "novelty": 0.8567917159188543, "diversity": 0.29457801594435945, "efficiency": 0.451917095727526, "cost": 0, "score": 0.592056612759077}