{"quality": 0.1177810180465955, "novelty": 0.5692338356479284, "diversity": 0.41890972603904064, "efficiency": 0.5514533562027168, "cost": 0.8205231538945403}