{"quality": 1, "novelty": 0.7282136137016026, "diversity": 0.473324653578415, "efficiency": 0.4554280959833873, "cost": 0.24854829778360524, "score": 0.6201777187602312}