{"quality": 0.7452604586427036, "novelty": 0.7421689488769312, "diversity": 0.39960107973029435, "efficiency": 1, "cost": 1, "score": 0.5390405907581027}