{"quality": 0.6183740657282962, "novelty": 0.8540105845075359, "diversity": 0.8582370084056326, "efficiency": 0, "cost": 0.17799945270001902, "score": 0.5528623222564975}