{"quality": 0.3357636349314851, "novelty": 0.34969824908790925, "diversity": 0.24703347335279296, "efficiency": 0.1937543037142816, "cost": 0.27632206447579205, "score": 0.23899128653154442}