{"quality": 0.8918359577889486, "novelty": 0.2875646454130387, "diversity": 0.7309491559977117, "efficiency": 0.3929064070810839, "cost": 0.2975499118796315, "score": 0.5148127497636861}