{"quality": 1, "novelty": 0.5062808764764795, "diversity": 0.5061672475821437, "efficiency": 0.23894996321705447, "cost": 0.7595079872553006, "score": 0.4876953643925767}