{"quality": 0.6377404056907772, "novelty": 0.5537047623084052, "diversity": 0, "efficiency": 0.9526864142339935, "cost": 0.4685217669669397, "score": 0.4257990977227395}