{"quality": 1, "novelty": 1, "diversity": 0.5292938767183795, "efficiency": 0.5419107200094129, "cost": 0.28984171278368476, "score": 0.7081612120667194}