{"quality": 0.9449027659522384, "novelty": 0.102120227782488, "diversity": 0.10781750279402474, "efficiency": 0, "cost": 0.8616129710007168, "score": 0.24440309019002676}