{"quality": 0.5031659719787476, "novelty": 0.3868522435938943, "diversity": 0.6564627605165942, "efficiency": 0.9472991928552059, "cost": 0.527683234652607, "score": 0.4682819600584369}