{"quality": 0.012193854436647472, "novelty": 0.7031031027241873, "diversity": 0.20756305781835965, "efficiency": 0.27628017988072223, "cost": 0.297462557344926, "score": 0.23264231482332867}