{"quality": 0.2164611230788555, "novelty": 0.7558789243029894, "diversity": 0.3719762455884228, "efficiency": 0.8099340954716259, "cost": 0.8482408902571512, "score": 0.3649693424121173}