{"quality": 0, "novelty": 0.828691637205051, "diversity": 0.93562134514042, "efficiency": 0.1599837747536465, "cost": 0.3310776610539026, "score": 0.38518697843700345}