{"quality": 0.8953437804453811, "novelty": 0.38405242571507553, "diversity": 0.9051616854725814, "efficiency": 0.2949398163854191, "cost": 0.2796188845890519}