{"quality": 0.30832589328010407, "novelty": 0.7464815738512534, "diversity": 0.33347904296872327, "efficiency": 0.8217832904273372, "cost": 0.11295978527955619, "score": 0.4577854850767342}