{"quality": 0.35327941140072316, "novelty": 0.06602594503922712, "diversity": 0.6960016774800872, "efficiency": 0.6122741178676705, "cost": 0.6234434220101162, "score": 0.2911874206551801}