{"quality": 0.5177135185136834, "novelty": 0.6852033399280408, "diversity": 0.939643653207842, "efficiency": 0.023617724887443958, "cost": 0.7392656378980946, "score": 0.4441597161209908}