{"quality": 1.0, "novelty": 0.10768051409146258, "diversity": 0.6025785227861147, "efficiency": 0.7684524563553787, "cost": 0.6891303929092385}