{"quality": 0.4183754657026725, "novelty": 0.9667292203049931, "diversity": 0.6918247700220459, "efficiency": 0.7252474305886814, "cost": 0.37938196662436235, "score": 0.576408816717325}