{"quality": 0.5541912065431407, "novelty": 1, "diversity": 1, "efficiency": 0.5854979573021146, "cost": 0, "score": 0.7040820555582593}