{"quality": 0.6748018348863318, "novelty": 0.7148440000679492, "diversity": 0.7663893822889019, "efficiency": 0.21523620192015716, "cost": 0.21232667385881587, "score": 0.5454821898428092}