{"quality": 0.6937456544505136, "novelty": 0.8889679950609666, "diversity": 0.2956707786424297, "efficiency": 0.8686957482436874, "cost": 0.6348518980507873}