{"quality": 0.6512801878987684, "novelty": 0.8615384887748725, "diversity": 0.9644799593453579, "efficiency": 0.5342300586178026, "cost": 0.9534042979705496, "score": 0.5884587494280357}