{"quality": 0.39521413721303134, "novelty": 0.2812644275980211, "diversity": 0.5335330928259616, "efficiency": 0.47873142186060424, "cost": 0.7988913065992838, "score": 0.2875075492477693}