{"quality": 0.3071078304924717, "novelty": 0.4264356554879511, "diversity": 0.38298354161267323, "efficiency": 0.7462112818345192, "cost": 0.48976527617856586, "score": 0.33829313599958516}