{"quality": 0.6493710363652105, "novelty": 0.5447283865116084, "diversity": 0.3435881231854097, "efficiency": 0.7405175801962599, "cost": 0.11745752534327411, "score": 0.4990429166696587}