{"quality": 0.5319400521203052, "novelty": 0.524448784515027, "diversity": 0.3040083371289355, "efficiency": 0.6108770351669415, "cost": 0.14502232060276937, "score": 0.42862520240539964}