{"quality": 0.1399379205649468, "novelty": 0.33224367073923133, "diversity": 0.6008340125216065, "efficiency": 0.4450461280431801, "cost": 0.3552897105439713, "score": 0.2764370445106931}