{"quality": 0.7972624350979606, "novelty": 0.5275992271306543, "diversity": 0.9990289752582504, "efficiency": 0.29016298476511065, "cost": 0, "score": 0.6144087800784684}