{"quality": 0.660402319233409, "novelty": 0.771558667903811, "diversity": 0.18251525996866103, "efficiency": 0.984452624188773, "cost": 0.061514897025088625, "score": 0.5690298186655147}