{"quality": 0.6413200631593391, "novelty": 0.6960568562715193, "diversity": 0.42821349678064735, "efficiency": 0.5895327551865327, "cost": 0.16610269469755104, "score": 0.5238725761800358}