{"quality": 0.17169060129993455, "novelty": 0.5960481930746984, "diversity": 0.3635434079594495, "efficiency": 1, "cost": 0.36967926555711267, "score": 0.3862599836948336}