{"quality": 0.5466619573298547, "novelty": 0.5519515734874644, "diversity": 0.024666511216162645, "efficiency": 0.4416202134406225, "cost": 0.9118674850429083, "score": 0.2819760663258576}