{"quality": 1, "novelty": 0.3537594625775443, "diversity": 0, "efficiency": 0.6876716773544599, "cost": 0.5128793607095038, "score": 0.44030268117660465}