{"quality": 0.3946881393257175, "novelty": 0, "diversity": 0, "efficiency": 0.7230493679934147, "cost": 0.9828478426695262, "score": 0.12857906272977482}