{"quality": 1, "novelty": 0.6528066575858378, "diversity": 0.39230339659923374, "efficiency": 0.8735407266400679, "cost": 0, "score": 0.6726934527123163}