{"quality": 1, "novelty": 0.5249823882444553, "diversity": 0.6960214729423734, "efficiency": 0.3533576666977693, "cost": 0.8179781152088255, "score": 0.5416557301333713}