{"quality": 0.7230101258387762, "novelty": 0.566096039510388, "diversity": 0.7167625202815258, "efficiency": 0.5898807529321078, "cost": 0.2673254421833145, "score": 0.5635291204070196}