{"quality": 0.6203391971506754, "novelty": 0.06858152688663022, "diversity": 0.9158427119652859, "efficiency": 0.4686783804678345, "cost": 0.432338859658862, "score": 0.41348355436420636}