{"quality": 0.4559215260009073, "novelty": 0.6964763121511118, "diversity": 0.7127433623670101, "efficiency": 0.822985845365868, "cost": 0.4675597529965842, "score": 0.5301361098166739}