{"quality": 0.7342158990905672, "novelty": 0.3791631901342276, "diversity": 1.0, "efficiency": 0.41396065357287704, "cost": 0.27601907512644885}