{"quality": 0.20098807712042183, "novelty": 0.4200220526413414, "diversity": 0.3435228119567832, "efficiency": 0.1657322897736813, "cost": 0.615743076103806, "score": 0.19729203454349012}