{"quality": 0.8463396829055443, "novelty": 0.22506445472093295, "diversity": 0.014202228269124623, "efficiency": 0.22017370231818012, "cost": 0.7364010415665544, "score": 0.27239441539679293}