{"quality": 0.4357749683055405, "novelty": 0.8304005239636196, "diversity": 0.5428764487413129, "efficiency": 0.26526748615614665, "cost": 0.9085880968436646, "score": 0.3958392244698852}