{"quality": 0.2422218041930997, "novelty": 0.7095997649230908, "diversity": 0.28317837067558, "efficiency": 0.5179044509715233, "cost": 0.4237401654015805, "score": 0.34201380772938905}