{"quality": 0.656679012822285, "novelty": 0.8030525137915766, "diversity": 0.22548576796305536, "efficiency": 0.6920724290488788, "cost": 0.7444081670882585, "score": 0.4722340335356967}