{"quality": 0.3779732586689382, "novelty": 0.9671294286115361, "diversity": 0.6481414893644954, "efficiency": 0.10550492255540789, "cost": 0.7767477786415357, "score": 0.4229535931456222}