{"quality": 0.36321651096958646, "novelty": 0.2753045225850767, "diversity": 0.2857432104855515, "efficiency": 0, "cost": 0.7625552552898522, "score": 0.15868420050527016}