{"quality": 0.10006735679461229, "novelty": 0.47973010465258137, "diversity": 0.8598065964716344, "efficiency": 0.4918541591475378, "cost": 0.9984471584993966, "score": 0.29584746051804695}