{"quality": 0.3470118396624376, "novelty": 0.14117724126254613, "diversity": 1, "efficiency": 1, "cost": 0.19414013381781153, "score": 0.4699838488325867}