{"quality": 0.2148530467858822, "novelty": 0.2866304278039819, "diversity": 0.9051651148020328, "efficiency": 0.0443988757392621, "cost": 0.5337382132289861, "score": 0.2704325539851574}