{"quality": 0.5909394982654914, "novelty": 0.8072702751798191, "diversity": 0.980672883014029, "efficiency": 0.9497864751201155, "cost": 0.6500234462753582, "score": 0.6526996215178895}