{"quality": 0.6138197574311951, "novelty": 1, "diversity": 0.7315975349981907, "efficiency": 0.10348112645713947, "cost": 0.23936069643895302, "score": 0.5720515335536723}