{"quality": 0.632689740439536, "novelty": 0.6870877462597269, "diversity": 0.953983593857856, "efficiency": 0.2560266199735124, "cost": 0.8133691152649927, "score": 0.5094426589378913}