{"quality": 0.37186825597000933, "novelty": 0.6954971612132889, "diversity": 0.5935687228722195, "efficiency": 0.6476521882843772, "cost": 0.8014749178339646, "score": 0.42114884812802905}