{"quality": 0.9615127787881055, "novelty": 1, "diversity": 0.6955982189485087, "efficiency": 0.1145243757746825, "cost": 0.8260450034119953, "score": 0.6121476334511362}