{"quality": 0, "novelty": 0.5574664600110286, "diversity": 0.1663751149224857, "efficiency": 0.4926126739284006, "cost": 0.4264506236535563, "score": 0.20388847671115873}