{"quality": 0.6808467289138979, "novelty": 0.451752227387616, "diversity": 0.6397934235734264, "efficiency": 0.49442656433402754, "cost": 0.7245243422918837, "score": 0.44686231065667437}