{"quality": 0.8307804868841411, "novelty": 0.4655032545403162, "diversity": 1, "efficiency": 1, "cost": 0, "score": 0.7156099597003214}