{"quality": 0.8223624147789992, "novelty": 0.1270023225009157, "diversity": 0.10241549130675992, "efficiency": 0.5027451160770878, "cost": 0.9961741715985823, "score": 0.2747367535719856}