{"quality": 0.3197489022112443, "novelty": 0.6365670756621848, "diversity": 0.6015706635297813, "efficiency": 0.6842188185529869, "cost": 0.7569590841976984, "score": 0.40231748664805395}