{"quality": 0.7184846723191405, "novelty": 0.9167438562257606, "diversity": 0.4357214120177485, "efficiency": 0.013596447944010992, "cost": 0, "score": 0.5339151153473337}