{"quality": 0, "novelty": 0.5042089842641229, "diversity": 0.6224007968392851, "efficiency": 0.18309801075625656, "cost": 0.8270582523431365, "score": 0.19529128181301258}