{"quality": 0.11803269109322265, "novelty": 0.25150054643961656, "diversity": 0.5555670957725686, "efficiency": 0.5644852478907768, "cost": 0.4104170052006744, "score": 0.2530294497559337}