{"quality": 0.23856246453480418, "novelty": 0.44416813877469774, "diversity": 0.7797144570250524, "efficiency": 0.2462814925790475, "cost": 0.43338291311573085, "score": 0.33215759803441025}