{"quality": 0.02752553953836824, "novelty": 0.2500492695342065, "diversity": 0, "efficiency": 0.5480757441328016, "cost": 0.16059393337397865, "score": 0.13692194752758446}