{"quality": 0.3364688482931011, "novelty": 0.6480625962531659, "diversity": 1, "efficiency": 0.8506557569081559, "cost": 0.3280043107557893, "score": 0.5577542360118662}