{"quality": 0.8576498835800248, "novelty": 0.5994784574287764, "diversity": 0.8353708071603363, "efficiency": 0.5358788570073167, "cost": 0.799480178773947, "score": 0.5746725515369716}