{"quality": 0.695565335751469, "novelty": 0.7136957484803527, "diversity": 0.46520019819964803, "efficiency": 0.055073711553783655, "cost": 0.46707897028645273, "score": 0.4416867371898807}