{"quality": 0.17800749234841362, "novelty": 0.23761889590289687, "diversity": 0.38424805362983094, "efficiency": 0.18422484944771006, "cost": 1, "score": 0.11729030982337099}