{"quality": 0.6570145946225441, "novelty": 0.7641672731981521, "diversity": 0.30971918936765297, "efficiency": 0.7066658368379628, "cost": 0.18534704160698778, "score": 0.5375552059248274}