{"quality": 0.3259417530450839, "novelty": 0.7169342010056221, "diversity": 0.6059415298105998, "efficiency": 0.18302971403713675, "cost": 0.832790456092242, "score": 0.34237979362339693}