{"quality": 0.16035413503132256, "novelty": 0.8427805841515572, "diversity": 0, "efficiency": 0.5000115630171462, "cost": 0.8774583263680447, "score": 0.24605728836305352}