{"quality": 0.6611500917036073, "novelty": 0.6243302632199563, "diversity": 0.5104715076690637, "efficiency": 0.880173680139744, "cost": 0.5508972436844015}