{"quality": 0.201801181972026, "novelty": 0.11228739533074605, "diversity": 0.8764407001450164, "efficiency": 0.03743970002988961, "cost": 0.7056052765722738, "score": 0.19895577080055366}