{"quality": 0.3394205099222376, "novelty": 0.32618137612693066, "diversity": 0.8095295490841004, "efficiency": 0.9843028135741327, "cost": 0.6265882750456694, "score": 0.430264001356777}