{"quality": 0.24277719802528497, "novelty": 0.6051462203061224, "diversity": 0.8094162367127808, "efficiency": 0.054125324416049, "cost": 0.541451258466298, "score": 0.33997663464244976}