{"quality": 0.8233769967604322, "novelty": 0.4291591074987357, "diversity": 0.9846304093182152, "efficiency": 0.6614475220533649, "cost": 0.4366534461557729, "score": 0.6067807414588842}