{"quality": 0.6382122591756946, "novelty": 0.4502629859182403, "diversity": 0.6559513738446161, "efficiency": 0.23833123989432028, "cost": 0.007365670058012412}