{"quality": 0.7040408410880261, "novelty": 0.48957969371643745, "diversity": 1, "efficiency": 1, "cost": 0.627031654194084, "score": 0.6209040103361088}