{"quality": 0.0036861872999306156, "novelty": 1, "diversity": 0.7627202629853564, "efficiency": 0.35356799016748997, "cost": 0.9091137771268665, "score": 0.3657737295994873}