{"quality": 0.16685283717128385, "novelty": 0.5227083887475052, "diversity": 0.4339460999446421, "efficiency": 0.6764397021738537, "cost": 1, "score": 0.26898812365326796}