{"quality": 0.740764334601677, "novelty": 0.27023333718909354, "diversity": 0.8615161556940147, "efficiency": 0.8500684069437912, "cost": 0.2837648789632042, "score": 0.5612246389618277}