{"quality": 0.524447198370778, "novelty": 0.7734925444238514, "diversity": 0.5602635870539364, "efficiency": 0.4324298657482985, "cost": 0, "score": 0.5276244928902283}