{"quality": 0.6726157812843591, "novelty": 0.8271774150301096, "diversity": 0.40558446288291006, "efficiency": 0.1928227386011555, "cost": 0.619215116816437, "score": 0.45669787982794674}