{"quality": 0.5796956470664318, "novelty": 0.38412620899066724, "diversity": 0.7412535922470213, "efficiency": 0.4170787282070146, "cost": 0.7464995195101718, "score": 0.4061028220970356}