{"quality": 1, "novelty": 0.12856254763510663, "diversity": 0.5448200204824591, "efficiency": 0.6497818457581046, "cost": 0.6991046837027373, "score": 0.46866144949871047}