{"quality": 0.3888557987512034, "novelty": 0.9103957232197906, "diversity": 0.47494403917023814, "efficiency": 1, "cost": 0.1896715395259604, "score": 0.5702773243117603}