{"quality": 0.3474582661479947, "novelty": 0.26754633045160253, "diversity": 0.7613443485947315, "efficiency": 0.43155068113962886, "cost": 0.7063880246579475, "score": 0.317486731881395}