{"quality": 0.12041530355912444, "novelty": 1, "diversity": 0.2565947997828127, "efficiency": 0, "cost": 0.3340259092104567, "score": 0.3040409601032542}