{"quality": 0.7713471702761783, "novelty": 0.08541060898991705, "diversity": 0.6655270082834976, "efficiency": 0.24858522540613376, "cost": 0.6346505062411667, "score": 0.3596849381738357}