{"quality": 0.9628939620757406, "novelty": 0.52750376349054, "diversity": 0.7740567997228143, "efficiency": 0.8347379331864737, "cost": 0.5354133263758958, "score": 0.6472248467803015}