{"quality": 0.8142023800166307, "novelty": 0.4196519494484904, "diversity": 0.5079194639619458, "efficiency": 0, "cost": 0.40822896499671996, "score": 0.40993469765982893}