{"quality": 0.6607302659094585, "novelty": 1, "diversity": 0, "efficiency": 0.5916932536073584, "cost": 0.11983303786915958, "score": 0.5249897640270254}