{"quality": 0.3396691574121702, "novelty": 0.07438014046512878, "diversity": 0.5158616273778673, "efficiency": 0.3152170772757898, "cost": 0, "score": 0.2709506694068752}