{"quality": 0.07093182409501472, "novelty": 0.8836687211850021, "diversity": 0.49494122469550805, "efficiency": 0.793065712925529, "cost": 0.4060222086039329, "score": 0.4195426085422926}