{"quality": 0.8144317859701142, "novelty": 0.7816884624755513, "diversity": 0.3534384483332953, "efficiency": 1, "cost": 0.2983982739949443, "score": 0.6305995136770868}