{"quality": 0.8710585889022332, "novelty": 0.2268321415407878, "diversity": 1, "efficiency": 0.653409612998089, "cost": 0.688965635192394, "score": 0.5471404904863408}