{"quality": 0.34850775574151854, "novelty": 0.07181096735342321, "diversity": 1, "efficiency": 0.5397683494895639, "cost": 0.5314816808674783, "score": 0.35032215289749813}