{"quality": 0.6250178618578237, "novelty": 0.3502177466063685, "diversity": 0.9929761738648815, "efficiency": 1, "cost": 0.00999702296084412, "score": 0.6226553276858311}