{"quality": 0.5097398827405571, "novelty": 0.2068495561719791, "diversity": 0.9037587046601023, "efficiency": 0.8278258676697166, "cost": 0.8541084706032582, "score": 0.424149127887314}