{"quality": 0, "novelty": 0.3862316218835614, "diversity": 0.9599087722483717, "efficiency": 0.5297462820732656, "cost": 0.7263847658588666, "score": 0.2953631256456679}