{"quality": 0.7908455291360696, "novelty": 0.5867937599485518, "diversity": 0.17114164303518486, "efficiency": 0.48138383163109194, "cost": 0.08492301502029564, "score": 0.48189570057763}