{"quality": 0.485425216541874, "novelty": 0.7787210884529185, "diversity": 0.2522350492467429, "efficiency": 0.4570518312818849, "cost": 0.739881177967877, "score": 0.38532450382063543}