{"quality": 0.42826797489035895, "novelty": 0.032753999031820885, "diversity": 0.1437630879371405, "efficiency": 0.18080776034533902, "cost": 0, "score": 0.19254267386429183}