{"quality": 0.3648320023509525, "novelty": 0.18760101721161324, "diversity": 0.29780285877128604, "efficiency": 0, "cost": 0.8055084828675928, "score": 0.13535957847568697}