{"quality": 0.9204276475030572, "novelty": 0.7342739436281212, "diversity": 0.7824437871234114, "efficiency": 0.8442956911361741, "cost": 0.24439794179734514}