{"quality": 0.7226709646501914, "novelty": 0.5856942166101186, "diversity": 0.2202827709829725, "efficiency": 0.9578198064972303, "cost": 0.8776417218128498, "score": 0.46319019653748117}