{"quality": 0.3075543289545786, "novelty": 0.19855763034866764, "diversity": 0.5300465923755451, "efficiency": 0.14858157245603826, "cost": 0.7204035693941184, "score": 0.19816190367764341}