{"quality": 0.5723044372295761, "novelty": 0.09460751223310598, "diversity": 0.8750812783083839, "efficiency": 0.551389182394379, "cost": 0.08815704478457564, "score": 0.4442521377695253}