{"quality": 0.9192715051011315, "novelty": 0.37555629698911536, "diversity": 0.9800781773644736, "efficiency": 0.6164469667715735, "cost": 0.5043251423022768, "score": 0.6077206920360213}