{"quality": 0.08998004849043545, "novelty": 0.7448062561310053, "diversity": 1.0, "efficiency": 0.6151139421985823, "cost": 0.91102607111758}