{"quality": 0.8181324690071987, "novelty": 0.8094157634417533, "diversity": 0.636517199946906, "efficiency": 0.48525398587296004, "cost": 0.8211043713329208, "score": 0.5657747822996311}