{"quality": 0.0023551665413018563, "novelty": 0.9954069384350495, "diversity": 0, "efficiency": 0.21063336001366648, "cost": 0.7441005108178489, "score": 0.20674323749141799}