{"quality": 0.9850384578430149, "novelty": 0, "diversity": 0.28383985314459037, "efficiency": 0.9146676282866057, "cost": 0.3092239140789092, "score": 0.45855726081692244}