{"quality": 0.6563338041439153, "novelty": 0.6768730822643954, "diversity": 0.3066122062427318, "efficiency": 0.2504599710023813, "cost": 0.5552785214288631, "score": 0.40948199656529066}