{"quality": 0.3476746408693855, "novelty": 0.20215119481225757, "diversity": 0.6226167695302307, "efficiency": 0.5133248358681076, "cost": 0.5319954987440217, "score": 0.3031627203757401}