{"quality": 0, "novelty": 0.35764995397312815, "diversity": 0.24260827984925454, "efficiency": 0.4911101235045298, "cost": 0.2477210351759485, "score": 0.18682855947121757}