{"quality": 0.6520645027614866, "novelty": 0.5431481942890468, "diversity": 0.39445470314878406, "efficiency": 0.2506003855598077, "cost": 0.8065223095766947, "score": 0.36723516690676616}