{"quality": 0.07057702932727336, "novelty": 0.9661448422297133, "diversity": 0.11658651885904994, "efficiency": 0.48616300674898694, "cost": 0.21123133278095557, "score": 0.3378279408616728}