{"quality": 0.3088871480331468, "novelty": 0.8015055211062155, "diversity": 0.24915069847477056, "efficiency": 0.06944332879348293, "cost": 0.4749297739714288, "score": 0.3057961863033316}