{"quality": 0.7524336142026709, "novelty": 0.23840788250942851, "diversity": 0.6612925321850702, "efficiency": 0.734837046178124, "cost": 0.30467425140421145, "score": 0.49734869311146984}