{"quality": 0.6209486423016572, "novelty": 0.9565993413925148, "diversity": 0.675937661256796, "efficiency": 0.8199055657051838, "cost": 0.5028280542790808, "score": 0.6333249897178546}