{"quality": 0.8868689457621993, "novelty": 0.763489153660994, "diversity": 0.24319684494102076, "efficiency": 0.221514301405698, "cost": 0.08889091515191325, "score": 0.5299103948277758}