{"quality": 0.8239363911688777, "novelty": 0.9007898226100525, "diversity": 0.34227407997851955, "efficiency": 0.3835661544756854, "cost": 0.1185885888910913, "score": 0.586509253281124}