{"quality": 0.7410598275298135, "novelty": 0.417868865920854, "diversity": 0.2752509486959705, "efficiency": 1, "cost": 0.5597130426503037, "score": 0.47586405021332123}