{"quality": 0.9753040766643266, "novelty": 0.0780325612306387, "diversity": 0.14658174273666327, "efficiency": 0.48039506026778284, "cost": 1, "score": 0.31347497089445775}