{"quality": 0.3617420218780105, "novelty": 0.5717802939776047, "diversity": 0.6856830833276453, "efficiency": 0.047972750667465036, "cost": 0.9465664443818815, "score": 0.30114356488526495}