{"quality": 0, "novelty": 0.20824297078995502, "diversity": 0.629358370311322, "efficiency": 0.19404986250486023, "cost": 0.5830085281477647, "score": 0.1487390433207057}