{"quality": 0.599457189752462, "novelty": 0.25307927130433183, "diversity": 0.9925187021773016, "efficiency": 0.20934191405103503, "cost": 0.596068773658665, "score": 0.41340512492907067}