{"quality": 1, "novelty": 0.2022465697000118, "diversity": 0.5958474203057679, "efficiency": 0.19724162056997677, "cost": 0.7451746750334778, "score": 0.4247999020683052}