{"quality": 0.9042009337963877, "novelty": 0.6433259462275958, "diversity": 0.4594579101406213, "efficiency": 0.8403936598571742, "cost": 0.2495953706359228, "score": 0.6250828606389233}