{"quality": 0, "novelty": 0.5524282727373989, "diversity": 0.6149403107719947, "efficiency": 0.8299327941446856, "cost": 0.5275340283972072, "score": 0.3328316466207307}