{"quality": 0.14042081195509565, "novelty": 0.5400804532867288, "diversity": 0.34135136874103744, "efficiency": 0.29124521424426547, "cost": 0.7040010275205724, "score": 0.21870331004100094}