{"quality": 0.14778331759929686, "novelty": 0.3022877704885792, "diversity": 0.8008394510715339, "efficiency": 0.5079077237140934, "cost": 0.9826211329352748, "score": 0.2579988733798272}