{"quality": 0.4808275748911415, "novelty": 0.5134402270031492, "diversity": 0.1409346664334502, "efficiency": 0, "cost": 0.20885910079137274, "score": 0.2799093524256825}