{"quality": 0.12743691798356532, "novelty": 0.18944414423958256, "diversity": 0.38090458713943426, "efficiency": 0.7120543584580842, "cost": 0.6509372458261515, "score": 0.20348745806894958}