{"quality": 0.468619636112233, "novelty": 0.8021596194790914, "diversity": 0.22694824433805433, "efficiency": 0.5314491673806989, "cost": 0.9461756832681468, "score": 0.37161525135134377}