{"quality": 0.6604827091720655, "novelty": 0.09992609356996948, "diversity": 0.794330657156828, "efficiency": 0.900299127958001, "cost": 0.29280083734108375, "score": 0.48775725303506945}