{"quality": 0.2720474954123103, "novelty": 0.8963218294550572, "diversity": 0.4418186987336431, "efficiency": 0.03803752775443703, "cost": 0.8120835119719825, "score": 0.3185557237001533}