{"quality": 0.2832314634703688, "novelty": 0.08524318486037624, "diversity": 0.19578548864903994, "efficiency": 0.23209738152696846, "cost": 0.12242432147609321, "score": 0.16800950806744866}