{"quality": 0.33453645896966877, "novelty": 0, "diversity": 0.73226441618228, "efficiency": 0.09204565414746026, "cost": 0.7839015587089033, "score": 0.18223051317858535}