{"quality": 0.7837280132700268, "novelty": 0.5399503862857729, "diversity": 0.541881478681236, "efficiency": 0.15360298184406196, "cost": 0.2147418121591786, "score": 0.4800485623493898}