{"quality": 0.0038582064339493516, "novelty": 0.7007227966372652, "diversity": 0.699754063794571, "efficiency": 0.7288900655970576, "cost": 0, "score": 0.42562248368797395}