{"quality": 0.20312976826205215, "novelty": 0.9403834432311098, "diversity": 0.06253553552870833, "efficiency": 0.6113737740747562, "cost": 0.44924131682158386, "score": 0.35532383282118984}