{"quality": 0.2311027014218404, "novelty": 0, "diversity": 0.5421710429028745, "efficiency": 0, "cost": 0.5581991736840988, "score": 0.12194510163871716}