{"quality": 0.2757080360595367, "novelty": 0.6122636032841451, "diversity": 0.18377393857581767, "efficiency": 0.6800955274843754, "cost": 0.28419467254900277, "score": 0.3461279612218168}