{"quality": 0.07679704524610988, "novelty": 0.15019471605920412, "diversity": 0.6862751623836091, "efficiency": 0.14304220050855865, "cost": 0.40169805922537744, "score": 0.1791293492191019}