{"quality": 0.5383622889427953, "novelty": 0.19626316500630425, "diversity": 0.15710366306031004, "efficiency": 0.09149237628129803, "cost": 0.6381419110623026, "score": 0.1919048758824411}