{"quality": 0.7144266613611611, "novelty": 0.8562733008843126, "diversity": 0.8916219601017469, "efficiency": 0, "cost": 0.25221956547293556, "score": 0.5814987591024823}