{"quality": 0.7119172835743142, "novelty": 0.9867069451173597, "diversity": 0, "efficiency": 0.245853988314352, "cost": 0.9443640598302915, "score": 0.40269361361575784}