{"quality": 0.2953597416961586, "novelty": 0.1634376914846421, "diversity": 0.8809493485086055, "efficiency": 0.9579306717765157, "cost": 0.576218338452972, "score": 0.3917249820029094}