{"quality": 0.36489303480943003, "novelty": 0, "diversity": 0.8409104633404352, "efficiency": 0.6082498506281, "cost": 0.6296989370823248, "score": 0.3059175869968985}