{"quality": 0.5388974956475653, "novelty": 0, "diversity": 0.8253071624574709, "efficiency": 0.6914134882608454, "cost": 1, "score": 0.33044270442489054}