{"quality": 0.3695793869921533, "novelty": 0.7118114979540251, "diversity": 0.6455012710073363, "efficiency": 0.9310750403637899, "cost": 0.43712004639070445, "score": 0.5138761962031176}