{"quality": 0.2692989093854895, "novelty": 0, "diversity": 0.14207714019830667, "efficiency": 0.6667367816829493, "cost": 0.6883333242017591, "score": 0.14038228568757466}