{"quality": 0.5011138023729914, "novelty": 0.8837216599181539, "diversity": 0.62956207284279, "efficiency": 0.2707811499987704, "cost": 0.4282237924073899, "score": 0.4949717635190704}