{"quality": 0.7776760788508181, "novelty": 0.6849745169045142, "diversity": 0.3193216104078797, "efficiency": 0.9983577834130015, "cost": 1, "score": 0.5181644424749001}