{"quality": 0.506449517127715, "novelty": 0.20079713290508952, "diversity": 0.5456828569375342, "efficiency": 0.706477666992168, "cost": 0.8536227848744111, "score": 0.3318800813134778}