{"quality": 0.6159508381652764, "novelty": 0.2995714997713973, "diversity": 0.24840998047828364, "efficiency": 0.9371356327589812, "cost": 0.7209709368670607, "score": 0.37783337371523007}