{"quality": 0.38343252235444053, "novelty": 0.2172373549460218, "diversity": 0.037070759055673086, "efficiency": 0.9030791382553254, "cost": 0.7638681225395751, "score": 0.23582830573831345}