{"quality": 0.8487806503551295, "novelty": 0.1054625444705456, "diversity": 0.5446252368616495, "efficiency": 0.7688679108907707, "cost": 0.960666748656777, "score": 0.40918839036444304}