{"quality": 0.1450592136514054, "novelty": 0.06808157141936133, "diversity": 0.44968054543571956, "efficiency": 1, "cost": 0, "score": 0.3004742660374059}