{"quality": 0.45632675146978263, "novelty": 0.9658248743404247, "diversity": 0.5779774981567563, "efficiency": 0.46615359037294357, "cost": 0.9503463751672311, "score": 0.46883814469661067}