{"quality": 0, "novelty": 0.5653161975245768, "diversity": 0.21245412744871162, "efficiency": 0.6163304990993543, "cost": 0.10569794422288536, "score": 0.2656996553135011}