{"quality": 0.08215002341443023, "novelty": 0.49854838031942167, "diversity": 0.3598937746479026, "efficiency": 0.19460665897384044, "cost": 0.7698461138331021, "score": 0.1734672444965309}