{"quality": 0.9783741163944197, "novelty": 0.19084755194923322, "diversity": 0.6778134479812106, "efficiency": 0.9944070765372075, "cost": 0.1037385288718656, "score": 0.6155740210952709}