{"quality": 0.25546379721626883, "novelty": 0.6157968880853585, "diversity": 0.5928495998687515, "efficiency": 0.7356696342300784, "cost": 0.5539514195650291, "score": 0.40411358433797945}