{"quality": 0.19194634012640432, "novelty": 1, "diversity": 0.49491836635037484, "efficiency": 0.3183096036799202, "cost": 0.27238546095217514, "score": 0.42707546976476674}