{"quality": 0.728208467642775, "novelty": 0.9654870274675278, "diversity": 0.9233059463094071, "efficiency": 0.2966284259857701, "cost": 0.3512315070227905, "score": 0.6538665996171824}