{"quality": 0.7780407776771123, "novelty": 0.7830018031038404, "diversity": 0.23636899203110673, "efficiency": 0.6773349606240201, "cost": 0.37456301909409523, "score": 0.5405804246695086}