{"quality": 0.014885883049170046, "novelty": 0.6645631249089379, "diversity": 0.7010355082111759, "efficiency": 1, "cost": 0.8790343803965286, "score": 0.3729102097445678}