{"quality": 0.6739751620335503, "novelty": 0.12490097913803475, "diversity": 0.4708651222365277, "efficiency": 0.6967851523244446, "cost": 1, "score": 0.3321085906905461}