{"quality": 1, "novelty": 0.21762316783455388, "diversity": 0.11758315051839419, "efficiency": 1, "cost": 0.5986152205461015, "score": 0.46806090000770717}