{"quality": 0.8952241756869845, "novelty": 0.44063967002557336, "diversity": 0.5850450016050974, "efficiency": 0.6057638646846212, "cost": 0.15404697111654225}