{"quality": 0.42286650886387706, "novelty": 0.35987171101239607, "diversity": 0.2888104728814442, "efficiency": 0.18653319333451412, "cost": 0.3004075998441001, "score": 0.2725291940043181}