{"quality": 0.28306012250688956, "novelty": 0.1994830187041136, "diversity": 0.12168379543316951, "efficiency": 0.8065003719298373, "cost": 0.06076031144474575, "score": 0.27402457515973017}