{"quality": 0.7386482526701101, "novelty": 0.34875136074180313, "diversity": 0.21404942463638726, "efficiency": 0.29579643465415556, "cost": 1, "score": 0.29596166611188457}