{"quality": 0.12646158792554424, "novelty": 0.9996583617656573, "diversity": 1, "efficiency": 0.8340445785057633, "cost": 0.7536835674893219, "score": 0.5375913968460099}