{"quality": 0.6544089681293567, "novelty": 0.13335385072365116, "diversity": 0.3932011908036028, "efficiency": 0.537647490454938, "cost": 0.8522985045645237, "score": 0.3037186643922286}