{"quality": 0.44535727876162723, "novelty": 0.5424767141689695, "diversity": 0.25104318124406083, "efficiency": 0.3181557411413407, "cost": 0.6012355865999623, "score": 0.3070348009307476}