{"quality": 0.7433292591404871, "novelty": 0.6052815790024223, "diversity": 0.2828688268004339, "efficiency": 0.8796789405670634, "cost": 0.1975136441776587, "score": 0.543093414520132}