{"quality": 1, "novelty": 0, "diversity": 0.9842126939812946, "efficiency": 0.7113426266938211, "cost": 0.7358366799819656, "score": 0.5299602648021355}