{"quality": 0.35384588230272307, "novelty": 0.17416411053381878, "diversity": 0.5236142745847293, "efficiency": 0.9807543979144301, "cost": 0.9542377180927889, "score": 0.30610703511910303}