{"quality": 0.026277369544095902, "novelty": 0, "diversity": 0.664101636940952, "efficiency": 0.25961976079393895, "cost": 0.5601795599260033, "score": 0.12362854637790968}