{"quality": 0.491184888253221, "novelty": 0.30169719440690784, "diversity": 0.4897451773386361, "efficiency": 0.0706273689935436, "cost": 1, "score": 0.231322905894452}