{"quality": 1, "novelty": 0.7597656091417637, "diversity": 0.28505631107343654, "efficiency": 0.8003598326436325, "cost": 0.8333622059587283, "score": 0.5836704188008003}