{"quality": 0.8929998385970246, "novelty": 0.5472902628305855, "diversity": 0.2961697355441016, "efficiency": 0.27531000152832485, "cost": 0.1117044269660811, "score": 0.4940825219282146}