{"quality": 0.47618419014535157, "novelty": 0.5447958051110187, "diversity": 1, "efficiency": 1, "cost": 0.2717913525407381, "score": 0.6018750730672864}