{"quality": 0.5391516208098859, "novelty": 0.9440400041011008, "diversity": 0.2027450986499601, "efficiency": 0.9576015927578825, "cost": 0.6621413134649973, "score": 0.5157306145654157}