{"quality": 0.1392689847185135, "novelty": 0.12695172589596193, "diversity": 0.8031645875548823, "efficiency": 0.42682059532394334, "cost": 0.9946438808968527, "score": 0.19871024560942724}