{"quality": 0.2495427920893355, "novelty": 0.8297553843645601, "diversity": 0, "efficiency": 0.7358525599625119, "cost": 1, "score": 0.2926795677123174}