{"quality": 0.8642618758108725, "novelty": 0.07993311451143126, "diversity": 1, "efficiency": 0.7051328983748258, "cost": 0.04020102942594361, "score": 0.5810116731847491}