{"quality": 0.7250087227817361, "novelty": 0.5637811723482369, "diversity": 0.7167637350659011, "efficiency": 0.2796608101036866, "cost": 0.05509074642849855, "score": 0.5382407038074634}