{"quality": 0.8328172731498011, "novelty": 0.3061698390549174, "diversity": 1, "efficiency": 0.8403296411161825, "cost": 0.6088199566810644, "score": 0.5915550922079905}