{"quality": 0.35470149541155677, "novelty": 0.3269950316663742, "diversity": 0.6172987497693196, "efficiency": 0.38099909869368664, "cost": 0.29234157809154543, "score": 0.33953466348882294}