{"quality": 0.6068019487208567, "novelty": 0.5679092422557224, "diversity": 0.3742426336339035, "efficiency": 1, "cost": 0.4424353024664014, "score": 0.5046228916603281}