{"quality": 0.28567650396583866, "novelty": 0.10331455205700815, "diversity": 0.6003941981030201, "efficiency": 0.3345446312630966, "cost": 1, "score": 0.18179212351407212}