{"quality": 0.769204637912893, "novelty": 0.8494247318278094, "diversity": 0.19986410369223628, "efficiency": 0.37587222156136424, "cost": 0.4935973909702953, "score": 0.49011148920644265}