{"quality": 0.04542298628142499, "novelty": 0.8767788972088315, "diversity": 0.06880370431085495, "efficiency": 0.8010876968979057, "cost": 0.05306093718774649, "score": 0.36143942186471756}