{"quality": 0.6585665241186489, "novelty": 0.8500975729008646, "diversity": 0.4483042160541594, "efficiency": 0.9748520435009487, "cost": 0.47160751299809556, "score": 0.5988222488969754}