{"quality": 0.21242211003728978, "novelty": 0.10924348890144892, "diversity": 0.13098622721214875, "efficiency": 0.3791126820553975, "cost": 0.4389302995834848, "score": 0.13020862302894004}