{"quality": 0.7918708292220866, "novelty": 0.29671931173260724, "diversity": 0.7422484469768957, "efficiency": 0.13956345499528328, "cost": 0.9735046120972015, "score": 0.3837748231347293}