{"quality": 0, "novelty": 0.20742697278581068, "diversity": 1, "efficiency": 0.45793923585654306, "cost": 0.5678227975993676, "score": 0.26376534881499736}