{"quality": 0.4662942862024131, "novelty": 0.47423192849085843, "diversity": 0, "efficiency": 0.5336880710958731, "cost": 0.7452240348580382, "score": 0.26397707516201563}