{"quality": 0.2376310090568781, "novelty": 0.7167914875911159, "diversity": 0.6391395553510328, "efficiency": 0.35585934459708296, "cost": 0.9325494141649054, "score": 0.33843904595812085}