{"quality": 0.30423916657845446, "novelty": 0.5255587625185697, "diversity": 0, "efficiency": 1, "cost": 0.3608294640519494, "score": 0.3365784941979838}