{"quality": 0.1255224813874964, "novelty": 0.12783003245920216, "diversity": 0.8215176605496888, "efficiency": 0.1250750609631937, "cost": 0.2127964163702435, "score": 0.23139940214844196}