{"quality": 0.24541346300746458, "novelty": 0.38165666990060404, "diversity": 0.006451544626222577, "efficiency": 0, "cost": 0, "score": 0.17032851530263488}