{"quality": 0.7822362403776786, "novelty": 0.6488571495749672, "diversity": 0.3368903526599859, "efficiency": 0.19522950699915667, "cost": 0.4592182115659786, "score": 0.4476258349323182}