{"quality": 1, "novelty": 0.47848856621909525, "diversity": 0.8635942299948622, "efficiency": 0, "cost": 0.7726837204618971, "score": 0.5150726155075565}