{"quality": 0.07301963033702996, "novelty": 0.9188711374546197, "diversity": 0.4886419256966703, "efficiency": 0.2925242889004809, "cost": 1, "score": 0.2932307019391701}