{"quality": 0.07932399274570484, "novelty": 0.270418121258221, "diversity": 0.6944503205182735, "efficiency": 0.6411457164951272, "cost": 0.16225851336180347, "score": 0.3102377983800102}