{"quality": 0.34954455209796625, "novelty": 0.8487451198859572, "diversity": 0.4639587887886949, "efficiency": 0.27642454220654566, "cost": 0.5245555524103769, "score": 0.39884952944856233}