{"quality": 0.4487965859558215, "novelty": 0.228390870114787, "diversity": 0.04121761282885765, "efficiency": 0.8191911034764571, "cost": 0.7803124366744181, "score": 0.24482763773524147}