{"quality": 0.7843670714165185, "novelty": 0.951863149210205, "diversity": 0.6639769492228725, "efficiency": 0.6455110653011533, "cost": 0.7687275988939184, "score": 0.6260251984778624}