{"quality": 0.1681015886555658, "novelty": 0.08767751452948505, "diversity": 0.9525719833488708, "efficiency": 0.37814577901582735, "cost": 0.32015687229440787, "score": 0.28757043152174844}