{"quality": 0.2693105985886922, "novelty": 0.11862034687505002, "diversity": 0, "efficiency": 0.8518875518929285, "cost": 0, "score": 0.23823139907930943}