{"quality": 0.5646488967104663, "novelty": 0.2115895040615807, "diversity": 0.23037080560933265, "efficiency": 0.82933202122412, "cost": 0.23424687289600526, "score": 0.36934132204441905}