{"quality": 0.5713319266064897, "novelty": 0.5099527632548261, "diversity": 0, "efficiency": 0.15665757725439816, "cost": 0.8079534722982541, "score": 0.24159105815398774}