{"quality": 0.2835521576226007, "novelty": 0.36091111880148974, "diversity": 0.8396326534649288, "efficiency": 0.39481388096349146, "cost": 0.21267362987384492, "score": 0.3811746768372777}