{"quality": 0.15191291281462121, "novelty": 0.12971666528777143, "diversity": 0.7587633184038033, "efficiency": 0.319974039192529, "cost": 0.10983261375509731, "score": 0.2667685483504595}