{"quality": 0.3851397634184463, "novelty": 0, "diversity": 0.12553530188121406, "efficiency": 0.20802471220069807, "cost": 1, "score": 0.0718526962318814}