{"quality": 0.49746227813423394, "novelty": 0.6475173946916166, "diversity": 0.8909065062827781, "efficiency": 0.5873214816356148, "cost": 0.4903258991133985, "score": 0.5283649657037324}