{"quality": 0.35553154080440363, "novelty": 0.32931889107089846, "diversity": 0.48414910405184586, "efficiency": 0.8241875046490997, "cost": 0.46695762555850506, "score": 0.3627513689609293}