{"quality": 0.4124629923059784, "novelty": 0.7077617112568805, "diversity": 0.7697479058529386, "efficiency": 0.5564914916579129, "cost": 0.49573507807837913, "score": 0.48852912261745035}