{"quality": 0.21769480235988017, "novelty": 0.8612023552865735, "diversity": 0.24949966804912, "efficiency": 0.4061878816445291, "cost": 0.11886117176045635, "score": 0.3795510282100652}