{"quality": 0.08416459037873378, "novelty": 0.3697803069212481, "diversity": 0.43970679508344285, "efficiency": 0.7001380917519336, "cost": 0.6339692078878154, "score": 0.2472596058346292}