{"quality": 0.48322651816064194, "novelty": 0.0381208141380136, "diversity": 0.923457218007631, "efficiency": 0.8478820445251875, "cost": 0.3458684926132518, "score": 0.43178506000167516}