{"quality": 0.5945708230440845, "novelty": 0.7830405419451154, "diversity": 0.2809079377388904, "efficiency": 0.1987613571983566, "cost": 0.9847187830481723, "score": 0.3616552952222185}