{"quality": 0.3938241664026285, "novelty": 0.4386383969784051, "diversity": 0.5089642084874355, "efficiency": 0, "cost": 0.26683030391125084, "score": 0.30291666047175186}