{"quality": 0.5034936538662675, "novelty": 0.15924938592660984, "diversity": 0, "efficiency": 0.23035885525000055, "cost": 0.09810767378904517, "score": 0.2156035035501283}