{"quality": 0.737793177453506, "novelty": 0.40459383634773477, "diversity": 0.2670218749954031, "efficiency": 0.9654831753574895, "cost": 0.6120732058172176, "score": 0.45950594304396775}