{"quality": 0.7730798890308284, "novelty": 0, "diversity": 0.6057111192101325, "efficiency": 1, "cost": 0, "score": 0.503066190551275}