{"quality": 0.16892550348016694, "novelty": 0.0793335110101337, "diversity": 0.4332954609247025, "efficiency": 0.7076466910364417, "cost": 0, "score": 0.26331712463699025}