{"quality": 0.9224794511404247, "novelty": 0.8543946356120441, "diversity": 0.8800076925207237, "efficiency": 0.21622451681273464, "cost": 0.0305500623184023}