{"quality": 0.22667441832679175, "novelty": 1, "diversity": 0.6808689923833688, "efficiency": 0.07902248274834528, "cost": 0.4113990369077427, "score": 0.42488959269618887}