{"quality": 0.5861069851008035, "novelty": 0.09523020155865491, "diversity": 0.2702542008682429, "efficiency": 0.11820847731595274, "cost": 0.39949621324423945, "score": 0.23147213636652234}