{"quality": 0.7417036958120411, "novelty": 0.07592422599876733, "diversity": 0.10791148148880422, "efficiency": 0.7379981429393574, "cost": 0.45971130925173537, "score": 0.3278030520567951}