{"quality": 0.5929091029886662, "novelty": 0.4218655325612147, "diversity": 0.8343261369148132, "efficiency": 0.7110733181290265, "cost": 0.42399285443337476, "score": 0.5144660536958827}