{"quality": 0.2237327886443516, "novelty": 0.14077996031126744, "diversity": 0.6939193515008892, "efficiency": 0.20064536135693323, "cost": 0.9671804052484279, "score": 0.17447746064999742}