{"quality": 0.32645228478773186, "novelty": 0.8646710625008658, "diversity": 0.11379412932037494, "efficiency": 0.39180211914935636, "cost": 0.687203595954437, "score": 0.32691223520257073}