{"quality": 0.14738219435862082, "novelty": 0.43176931656601436, "diversity": 0.16721636121028, "efficiency": 1, "cost": 0.4316854973420123, "score": 0.29243170995694456}