{"quality": 1.0, "novelty": 0.4003389009587814, "diversity": 0.0, "efficiency": 0.7736081782837225, "cost": 0.2045840859382319}