{"quality": 0.27936927251391386, "novelty": 0.5908616169533792, "diversity": 0.38113722251479154, "efficiency": 0.2924510784422086, "cost": 0.4244517606305109, "score": 0.30917611619875746}