{"quality": 0.8802013937666197, "novelty": 0.30969936257002345, "diversity": 0.979417738211833, "efficiency": 0.29372090807196566, "cost": 0.6219304215263732, "score": 0.5192339004730158}