{"quality": 1.0, "novelty": 0.6165797220087894, "diversity": 0.46184292387520054, "efficiency": 0.4570995902327105, "cost": 0.0619379043935005}