{"quality": 0.544680470360308, "novelty": 0.2830012825039866, "diversity": 1, "efficiency": 0.200684221331977, "cost": 0.0014143538570462189, "score": 0.464115659548181}