{"quality": 0.16265196576228047, "novelty": 0.4557165805982483, "diversity": 0.1818443187504665, "efficiency": 0.5158013710122887, "cost": 0.40094981170249655, "score": 0.2363688231099332}