{"quality": 0.7300164357587211, "novelty": 0.6182554988840396, "diversity": 0.6473183452440384, "efficiency": 0.6167260514068577, "cost": 0.15255153463814952}