{"quality": 0.9668690285770019, "novelty": 0.6045801580676307, "diversity": 0.5840162855490723, "efficiency": 0.18282889536688196, "cost": 0.9002611870987196, "score": 0.495407220794983}