{"quality": 0.5670527395962821, "novelty": 0.12635933171109257, "diversity": 0.9187621310780283, "efficiency": 0.4321810095266264, "cost": 0.44059681178387383, "score": 0.40622555127287}