{"quality": 0.6125380294883411, "novelty": 0.45760393793807036, "diversity": 0.48174840227533894, "efficiency": 0.9837095701610703, "cost": 0.5515682379040859, "score": 0.4869116855198396}