{"quality": 0.6269584475544072, "novelty": 0.29693950690567333, "diversity": 0.7538980375292482, "efficiency": 0.5260355552333256, "cost": 0.4463913381062117, "score": 0.44736821797296783}