{"quality": 0.8364310945438903, "novelty": 0.6803218069054386, "diversity": 0.3559010168273248, "efficiency": 0.521538098072467, "cost": 0.39884621734273196}