{"quality": 0.3545032397620834, "novelty": 0.5925755450418096, "diversity": 0.7579807229016329, "efficiency": 0.6353364833951524, "cost": 0.3029796868713276, "score": 0.47109350659154414}