{"quality": 0.3409064826909084, "novelty": 0.6625400346058488, "diversity": 0.5510471003215238, "efficiency": 0.9390639878713878, "cost": 0.39172033830929714, "score": 0.47980393787281794}