{"quality": 0.5125199419880027, "novelty": 0.02275822009038124, "diversity": 0.5438856011350814, "efficiency": 0.10129369071717188, "cost": 0.5487256820869268, "score": 0.22854414324489553}