{"quality": 0.35547490007728155, "novelty": 0, "diversity": 0.816568404991422, "efficiency": 0.7933931758414671, "cost": 0.1467356343256989, "score": 0.37429156396511903}