{"quality": 0.9869675911476541, "novelty": 0.13721940369311275, "diversity": 0.1568176217911537, "efficiency": 0.2163860045723186, "cost": 0.1052416785552289, "score": 0.38369238545613005}