{"quality": 0.06393224658669114, "novelty": 0.02786117284959999, "diversity": 0.4457235476913746, "efficiency": 0.2527155401009642, "cost": 0.6978111029590859, "score": 0.0834158974459183}