{"quality": 0.33629450997228294, "novelty": 0.6806335943364352, "diversity": 0.6770005147399296, "efficiency": 0, "cost": 0.3843400097625653, "score": 0.36801285354752306}