{"quality": 1, "novelty": 0.08968765671193558, "diversity": 0, "efficiency": 0.7352424726582281, "cost": 0.8837611362929252, "score": 0.34433217144742556}