{"quality": 0.35971345275736133, "novelty": 0.6015119391071546, "diversity": 0, "efficiency": 0, "cost": 0.5173591002814856, "score": 0.20655611057584847}