{"quality": 0.282231338629318, "novelty": 0.043620413591749535, "diversity": 0.7850961621568999, "efficiency": 0.548227289530786, "cost": 0.6265063168696823, "score": 0.27217719916076244}