{"quality": 0.21898263490687825, "novelty": 0.3079273024487893, "diversity": 0.9662607752303504, "efficiency": 0.5963823434783909, "cost": 0.45045293319589363, "score": 0.38034082933250013}