{"quality": 0.5831789281052591, "novelty": 0.681036926072463, "diversity": 0.39175321931673984, "efficiency": 0.616070807351073, "cost": 0.8161411469429873, "score": 0.43436006022140367}