{"quality": 0.8115690220909386, "novelty": 0.3556769299662923, "diversity": 0.9186344689472803, "efficiency": 0.0759700232631767, "cost": 0.5207595968819225, "score": 0.47543637670959493}