{"quality": 0.7199676536828172, "novelty": 0.2987454507018682, "diversity": 0.8165972338903118, "efficiency": 0.5270286520074001, "cost": 0.4419176438681277, "score": 0.48885863897267184}