{"quality": 0.7226463316718021, "novelty": 0.7311825913327323, "diversity": 0.9541725375260164, "efficiency": 0.6694708868727535, "cost": 0.9807668551847768, "score": 0.5927680023523623}