{"quality": 0.7294482472724308, "novelty": 0.48276773705572595, "diversity": 0.9690774959669275, "efficiency": 0.7625862103966812, "cost": 0.222198219556955, "score": 0.6255100172428529}