{"quality": 0.8539180782570361, "novelty": 0.2000531417304548, "diversity": 0.15996487210988147, "efficiency": 0.9596598698236736, "cost": 0.8186856216881798, "score": 0.40026210163643383}