{"quality": 0.6719945096240953, "novelty": 0.4043548160002932, "diversity": 0.4968386533864506, "efficiency": 0.2489640796753324, "cost": 0.9163990763276368, "score": 0.34775949188312816}