{"quality": 0.09667944897892944, "novelty": 0.5301975198786358, "diversity": 0.2719088819157239, "efficiency": 0, "cost": 0.9100918173798135, "score": 0.12492580930850121}