{"quality": 0.24717641283342445, "novelty": 0.40097057255020596, "diversity": 0.2935188597220054, "efficiency": 0.23573038661340512, "cost": 0, "score": 0.2684588969239907}