{"quality": 1, "novelty": 0.4640112240895081, "diversity": 0.49716551489287875, "efficiency": 0.5964625358634346, "cost": 0.8888534983092482, "score": 0.5160199395495433}