{"quality": 0, "novelty": 0.11467374521316248, "diversity": 0.08487616969911571, "efficiency": 0.11069380760892344, "cost": 0.39764179503182046, "score": 0.02248356188127023}