{"quality": 0.6127303003685007, "novelty": 1, "diversity": 0.38624793806435953, "efficiency": 0.11044812413242966, "cost": 0.5758494838199353, "score": 0.47005094796129304}