{"quality": 0.5883060736185961, "novelty": 0.10834334108716509, "diversity": 0.30989305532149825, "efficiency": 0.30993922429039955, "cost": 0.5466757865241192, "score": 0.2573795734128177}