{"quality": 0.1876164788200033, "novelty": 0.6971008249045418, "diversity": 0.0639953735338282, "efficiency": 0.19073251213870934, "cost": 0.5552511716485449, "score": 0.216443984234854}