{"quality": 0, "novelty": 0.5879626001738245, "diversity": 0.2707830370507508, "efficiency": 0.7691032701679728, "cost": 0.5764845946755952, "score": 0.25886428851124266}