{"quality": 0.7208076380193336, "novelty": 0.9854966095670954, "diversity": 0.6721004034824535, "efficiency": 0.6934108828521762, "cost": 0.09302824559432776, "score": 0.6917453323624583}