{"quality": 0.2475129494777611, "novelty": 0.9184444589528011, "diversity": 0.9915138063230975, "efficiency": 0.593392468959205, "cost": 0.47641502076991105, "score": 0.5435351291130377}