{"quality": 1, "novelty": 0.046331291656522194, "diversity": 0.8827832704669414, "efficiency": 0.3328297864413497, "cost": 0.8088108986085113, "score": 0.4571828551128701}