{"quality": 0, "novelty": 0.5333253489104495, "diversity": 0.24438481048574195, "efficiency": 0.770667887983997, "cost": 0.18121405041716426, "score": 0.27968707748064386}