{"quality": 0.16677000603929498, "novelty": 0.7510035613743458, "diversity": 0.8146985941778286, "efficiency": 0.924048512632898, "cost": 0.31502759473505254}