{"quality": 0.499551577237697, "novelty": 0.6666531517636561, "diversity": 1, "efficiency": 0.8156365643046537, "cost": 0.730137000085749, "score": 0.5658605457493463}