{"quality": 0.9084060058848876, "novelty": 0.33055455656167965, "diversity": 0, "efficiency": 0.6701966952731297, "cost": 0.8871790596268194, "score": 0.36697203923417365}