{"quality": 0.2800511381420274, "novelty": 0.6704290249728967, "diversity": 0.6829263316392752, "efficiency": 0.7999527135175866, "cost": 0.2310371365716583, "score": 0.4850970573841596}