{"quality": 0.20814717754176676, "novelty": 0.797619601256025, "diversity": 0.6763272253651127, "efficiency": 1, "cost": 0.11681204367316167, "score": 0.5354332942822427}