{"quality": 0.3361248412019027, "novelty": 0.46271959418518893, "diversity": 0.6508947144622312, "efficiency": 0.8352473675997025, "cost": 0.8416131580636925, "score": 0.3878220831329004}