{"quality": 0.0023998726716220053, "novelty": 0.5096544027617278, "diversity": 0.5730836402812645, "efficiency": 0.4067918828228881, "cost": 0, "score": 0.30376907297160466}