{"quality": 0, "novelty": 0.7952062369189388, "diversity": 0.6051047294013401, "efficiency": 0.1935530232200153, "cost": 0.8569296717007415, "score": 0.2631624914229308}