{"quality": 0, "novelty": 0.7378682714300125, "diversity": 0.17018710637209353, "efficiency": 1, "cost": 1, "score": 0.2685044891319218}