{"quality": 0.06710723722896664, "novelty": 0.5401358589644544, "diversity": 0.9406969484936694, "efficiency": 0.3378384254752366, "cost": 0.12475519695315652, "score": 0.3815057697345073}