{"quality": 0.5750509554100853, "novelty": 0.454160467602148, "diversity": 0.14764892295435766, "efficiency": 1, "cost": 0.06671316947224676, "score": 0.4589138711672095}