{"quality": 0.38110611732445654, "novelty": 0.5233342090058373, "diversity": 0.2064044370638661, "efficiency": 0.9397301431462907, "cost": 0.5341437760529585, "score": 0.3739914187282172}