{"quality": 0.8572663405998852, "novelty": 0.23074174369551698, "diversity": 0.8928726429926195, "efficiency": 0.263139660358002, "cost": 0.7944098383521441, "score": 0.4534698319208546}