{"quality": 0.971621452694502, "novelty": 0.17036329586914156, "diversity": 0.12811314716379596, "efficiency": 0.6631546570651625, "cost": 0.7310659722176232, "score": 0.3860664905464072}