{"quality": 0.23911449050176148, "novelty": 0.26767290623322093, "diversity": 0.3684312432306327, "efficiency": 0.6440935931730027, "cost": 0.3324158641708029, "score": 0.2757112749138303}