{"quality": 0.6080730485444114, "novelty": 0.4840580453895205, "diversity": 0.5836371755188117, "efficiency": 0.02539460295309573, "cost": 0.7258459020269326, "score": 0.35138846125473694}