{"quality": 0.8841480788102238, "novelty": 0.4903416150631923, "diversity": 0.6827745166048649, "efficiency": 0.42977316117493225, "cost": 0.15805040282838625}