{"quality": 0.4417474355326262, "novelty": 0.12586473686803756, "diversity": 0, "efficiency": 0.8183611775950232, "cost": 0.721080752677467, "score": 0.214636516248304}