{"quality": 0.5545461470552867, "novelty": 0.511981591347731, "diversity": 0.6680392892342357, "efficiency": 0.34661723455642923, "cost": 0.6781281929667475, "score": 0.41214686568715553}