{"quality": 0.7849838650152159, "novelty": 0.21684235768578247, "diversity": 0.6901559724731345, "efficiency": 0.17966014206069525, "cost": 0.4740930984760657, "score": 0.407276654882135}