{"quality": 0.31709453223612544, "novelty": 0.11555725620589898, "diversity": 0.3707669745219246, "efficiency": 1, "cost": 0.40389976786927684, "score": 0.30778109183976965}