{"quality": 0.8424403172860735, "novelty": 0.769959421510154, "diversity": 0.017249009530206943, "efficiency": 0.6470823982909669, "cost": 0.4667660154230595, "score": 0.49905751067074094}