{"quality": 0.16510578803045275, "novelty": 0.7802649127079226, "diversity": 0.41653335773191946, "efficiency": 0.3103149118910623, "cost": 0.8257137614019803, "score": 0.2918804967759617}