{"quality": 0.1941145958075307, "novelty": 0.7844040201140968, "diversity": 0.3313787341228438, "efficiency": 0.025713651014889483, "cost": 0.4243031547895565, "score": 0.28203786276862997}