{"quality": 0.915428374969788, "novelty": 0.48252268135159343, "diversity": 0.9472572154593704, "efficiency": 0.4476697477965961, "cost": 0.42768247466368847}