{"quality": 1, "novelty": 0.425680208416339, "diversity": 0.5577875915688002, "efficiency": 0.5222261320094544, "cost": 0.7379280634442865, "score": 0.5225186838748342}