{"quality": 0.7783725272356808, "novelty": 0.9142401844957603, "diversity": 0.9208867315848508, "efficiency": 1, "cost": 0.0471455866354209, "score": 0.7915345919480724}