{"quality": 1, "novelty": 0, "diversity": 0.6682681275334246, "efficiency": 0.3132966335692443, "cost": 0.10734098570457917, "score": 0.46991402197161364}