{"quality": 0.2708945919570532, "novelty": 0.05649138329565742, "diversity": 0.7786683848218265, "efficiency": 0.327642399549449, "cost": 0.3642606319136462, "score": 0.2638451971164484}