{"quality": 0.5991839081683106, "novelty": 0.6412708735916997, "diversity": 0, "efficiency": 0, "cost": 0.7600053080346478, "score": 0.26407236004495327}