{"quality": 0.017799676978045464, "novelty": 0.4819848619763197, "diversity": 0, "efficiency": 0.4114109520941045, "cost": 0.168294026892717, "score": 0.17071835871233754}