{"quality": 0.6797349300442064, "novelty": 0.2703293073773495, "diversity": 0.7463310169293882, "efficiency": 1, "cost": 0.5340271611194085, "score": 0.5173662931315361}