{"quality": 0.4474963315191935, "novelty": 0.1292205264511323, "diversity": 0.5172578492376527, "efficiency": 0.8749294453973817, "cost": 0.5882737829136399, "score": 0.3424176394343149}