{"quality": 0.3800265089122767, "novelty": 1, "diversity": 0.96515144801569, "efficiency": 0.8377244720436327, "cost": 0.30643126764681833, "score": 0.652053786318684}