{"quality": 1, "novelty": 0.6449593973398872, "diversity": 0.2239307522187187, "efficiency": 0.2785436403052237, "cost": 0.39835114856902276, "score": 0.5079724309675968}