{"quality": 0.5328820220576718, "novelty": 1, "diversity": 0.5393287861380138, "efficiency": 0.37705194229368644, "cost": 0.4226822930582842, "score": 0.5320199258831287}