{"quality": 0.47879371444184343, "novelty": 1, "diversity": 0.6261013079562414, "efficiency": 0.5371580478631952, "cost": 1, "score": 0.4994320831032807}