{"quality": 0.5590886137218486, "novelty": 0.8590517776697797, "diversity": 0.43332287678551873, "efficiency": 0.5740493233617469, "cost": 0.8731696614660722, "score": 0.4679445362487581}