{"quality": 0.25849508369126084, "novelty": 0.7699313723068544, "diversity": 0.5336002223410017, "efficiency": 0.42811125224548047, "cost": 0.4618934145451493, "score": 0.3947787590345993}