{"quality": 0.3453537840804206, "novelty": 0.5500947062314707, "diversity": 0.8091786567141008, "efficiency": 0.006867250500377425, "cost": 0.14730164631454562, "score": 0.3892654660684161}