{"quality": 0.3730338246368246, "novelty": 0.15936665635275915, "diversity": 1, "efficiency": 0.013645568316416945, "cost": 0.4765841126287706, "score": 0.30614023546382263}