{"quality": 0.5968213186797536, "novelty": 0.9562712017204338, "diversity": 0.48252262672737345, "efficiency": 1, "cost": 0.9725388168206142, "score": 0.5673648396974479}