{"quality": 0.1349205083620575, "novelty": 0, "diversity": 1, "efficiency": 0.18393857174835504, "cost": 0.35987497082025177, "score": 0.23207944118884535}