{"quality": 0, "novelty": 0.16778939548793448, "diversity": 0.5231853501921977, "efficiency": 0.9425461074520538, "cost": 0.1009793733648113, "score": 0.2778683976917501}