{"quality": 0.9006871459255593, "novelty": 0.2531209700578662, "diversity": 0.4532267351245567, "efficiency": 0.5955178872048857, "cost": 0.929601073713618, "score": 0.4204993090264168}