{"quality": 0.004065076342638474, "novelty": 0.3164439814740659, "diversity": 0.587622680872345, "efficiency": 0.11902314896936965, "cost": 0.7843326388586402, "score": 0.1372752629053184}