{"quality": 0.39496401918603957, "novelty": 0.09858808392685828, "diversity": 0.5767736209309424, "efficiency": 0.6647054635432543, "cost": 0.29687513983535363, "score": 0.32850925647166773}