{"quality": 0.7769643232136281, "novelty": 0.26700232351405834, "diversity": 0.6691097490722784, "efficiency": 0, "cost": 0.5195802215954657, "score": 0.38170380549751215}