{"quality": 0, "novelty": 0.008139036683789791, "diversity": 0.8945881012959604, "efficiency": 0.9525948249924826, "cost": 0.8235946637934177, "score": 0.24148213679967018}