{"quality": 0.026016512177470225, "novelty": 0.6719986787722407, "diversity": 0.3154842308789427, "efficiency": 0.07390531603439822, "cost": 0.33074163224063047, "score": 0.21691310370318645}