{"quality": 0.7119097113899234, "novelty": 0.11239934042014393, "diversity": 0.8432826492669723, "efficiency": 0.765982348438439, "cost": 0, "score": 0.5252266306411733}