{"quality": 0.46193738908851745, "novelty": 0.9397543440052842, "diversity": 0.5718404003987745, "efficiency": 9.65053227003354e-05, "cost": 0.5109145450661917}