{"quality": 0.19741905227806386, "novelty": 0.47871115487626054, "diversity": 0.9746683577279067, "efficiency": 0.6389396044961348, "cost": 0.41980159795289196, "score": 0.4276979568271967}