{"quality": 0.8901011625799911, "novelty": 0.14537885996221, "diversity": 0.7256054618663073, "efficiency": 0, "cost": 0.8206529828036729, "score": 0.36643085785744395}