{"quality": 0.9498903086059033, "novelty": 0, "diversity": 0.817111304594627, "efficiency": 0.7868076377918578, "cost": 0.24001982779527709, "score": 0.5424085163899474}