{"quality": 0, "novelty": 0.21685248920145983, "diversity": 0.9148401956406224, "efficiency": 0.5380583835030328, "cost": 0.536905404033946, "score": 0.26419937855054976}