{"quality": 0.2249169633201602, "novelty": 0.1974655746800409, "diversity": 0.6562061989765926, "efficiency": 1, "cost": 0.9207970392928866, "score": 0.3060030185320881}