{"quality": 0.6313179296356726, "novelty": 0.00752224425368242, "diversity": 0.20093710738855722, "efficiency": 0.00942569488984843, "cost": 0.5885322806406909, "score": 0.174023987601242}