{"quality": 0.8660774154915845, "novelty": 0.6477815190348489, "diversity": 1, "efficiency": 0.18784157180323086, "cost": 0, "score": 0.6499448401766723}