{"quality": 0.8195298822794215, "novelty": 0.8770352381609947, "diversity": 0.5804133740718553, "efficiency": 0.8452807633762898, "cost": 1, "score": 0.6079925635448896}