{"quality": 1, "novelty": 0.49160475512316254, "diversity": 0.9140026427963921, "efficiency": 0, "cost": 0.8670141019891984, "score": 0.5190003071411492}