{"quality": 0.2352130971585164, "novelty": 0.608302728765208, "diversity": 0.8086221637149142, "efficiency": 0.7361541396210228, "cost": 0.5194696354797552, "score": 0.4428402014770177}