{"quality": 0.7624275914625454, "novelty": 0.17681537531494174, "diversity": 0.24082310103566418, "efficiency": 0.3396391933467019, "cost": 0.0925225681207763, "score": 0.3627903636645595}