{"quality": 0.9691254406353087, "novelty": 0.38405785925765046, "diversity": 0.19684367754634682, "efficiency": 0.4891417620913765, "cost": 1, "score": 0.39949209682798104}