{"quality": 0.9262835542625412, "novelty": 0.14273728042263156, "diversity": 0.6696933927332773, "efficiency": 0.8969420810716562, "cost": 0.9795372363055237}