{"quality": 0.8354523621941703, "novelty": 0.89722905434663, "diversity": 0.7840745783140313, "efficiency": 0.3097323521840774, "cost": 0.840990180227047, "score": 0.5941187227126217}