{"quality": 0.7425572419199582, "novelty": 0.9005681491592263, "diversity": 0, "efficiency": 0.10667030442064113, "cost": 0.6888793935985162, "score": 0.39502181616903864}