{"quality": 0.6624861192147597, "novelty": 0.525246373445033, "diversity": 0.7368666148044718, "efficiency": 0.07476600227580396, "cost": 0.448317792559239, "score": 0.44381387317202714}