{"quality": 0.45068922814159995, "novelty": 0.1885651163594782, "diversity": 0.10551988558471945, "efficiency": 0.9228901966699558, "cost": 0.6933965458308281, "score": 0.27254589956670394}