{"quality": 0.8493599792048729, "novelty": 0.554935726296347, "diversity": 0.7810341343897284, "efficiency": 0.4785501137192784, "cost": 0.3202732513106801, "score": 0.589503944140318}