{"quality": 0.7347235543386074, "novelty": 0.5428453833972017, "diversity": 0.9558738628268889, "efficiency": 0.5702338948640387, "cost": 0.024638964652781398, "score": 0.630374372480588}