{"quality": 0.8450344003476116, "novelty": 0.35307895427808256, "diversity": 0.2259504447441471, "efficiency": 0.4647970007940259, "cost": 0.7146315621312038, "score": 0.385226541528617}