{"quality": 0.87805235882266, "novelty": 0.41915715020833066, "diversity": 0.1298496434824103, "efficiency": 1, "cost": 0.6780000489631717, "score": 0.47637491899904555}