{"quality": 0.7566404503567412, "novelty": 0.003833740436080313, "diversity": 0.9513087447869367, "efficiency": 0.898033160063342, "cost": 0.10499683121833264, "score": 0.5424176100610978}