{"quality": 0.34261092642996654, "novelty": 0.26958540542975085, "diversity": 0.16048540361861974, "efficiency": 0, "cost": 0.7279205799550266, "score": 0.12948465201464893}