{"quality": 0.41966187585715725, "novelty": 0.13201441193265168, "diversity": 0, "efficiency": 0.043424545812587395, "cost": 0.4208765940447433, "score": 0.12332818820772384}