{"quality": 0.3569752991597548, "novelty": 0.31238476028332623, "diversity": 0.9123051469017677, "efficiency": 0.8731539573235684, "cost": 0.15917267795815823, "score": 0.48270563500183095}