{"quality": 0.3454385380971027, "novelty": 0.043111369770862246, "diversity": 0.77542873580051, "efficiency": 0.030052941319136384, "cost": 0.7280302228585802, "score": 0.2012000699439608}