{"quality": 0.4938042890110331, "novelty": 0.737418220554823, "diversity": 0.4568720042443553, "efficiency": 0.3470859802794103, "cost": 0.5988550488256248, "score": 0.4160476348502357}