{"quality": 0.5316660594211082, "novelty": 0.08788900713097217, "diversity": 0.9796705996223607, "efficiency": 0.827137264709295, "cost": 0.4903300942282386, "score": 0.4524437698171181}