{"quality": 0.8679692671519814, "novelty": 0, "diversity": 0.14177594702903074, "efficiency": 0.23309998291612055, "cost": 0.755893901851992, "score": 0.24812157680361946}