{"quality": 0.5081852753832812, "novelty": 0.5145443326052346, "diversity": 0.6758460553103615, "efficiency": 0.2899836204023004, "cost": 0.9755344539384783, "score": 0.36220497449486255}