{"quality": 0.5337821678625476, "novelty": 0.894123186131432, "diversity": 0.3009050946301701, "efficiency": 0.9241818154056167, "cost": 0, "score": 0.5824737381284988}