{"quality": 0.9180580923398793, "novelty": 0.31920081280218215, "diversity": 0, "efficiency": 0.18811638481961623, "cost": 0.22233658510846177, "score": 0.3612014301146056}