{"quality": 0.943684970386698, "novelty": 0.7893345084835139, "diversity": 0.7465088235933386, "efficiency": 0.5501375054716897, "cost": 0.3205446603369063, "score": 0.6802070427426183}