{"quality": 0.11848442271461948, "novelty": 0.034994900593287526, "diversity": 0.05862602009719137, "efficiency": 0.11861863290295088, "cost": 0.3876949927029278, "score": 0.035042551647295854}