{"quality": 0.20558376608253143, "novelty": 0, "diversity": 0.6697669619390446, "efficiency": 0.913944337351883, "cost": 0.4178780089929218, "score": 0.29093237191605864}