{"quality": 0.11758120675280809, "novelty": 0.6598023744488106, "diversity": 0.11167796127837104, "efficiency": 0.32092761835405526, "cost": 0.34254515094764365, "score": 0.2364451755520632}