{"quality": 0.06627706078074136, "novelty": 0.8848231269268673, "diversity": 0.667446633340594, "efficiency": 0.09357503835214753, "cost": 0.18781751336262598, "score": 0.3698327310506176}