{"quality": 0.2534338027974233, "novelty": 0.33058632391978876, "diversity": 0.958115620193126, "efficiency": 0.13856175686049138, "cost": 0.7658490323125747, "score": 0.2944992061556156}