{"quality": 0.7942350609373028, "novelty": 0.4366583094419427, "diversity": 0.7102416784588205, "efficiency": 0.6516026969332828, "cost": 0.04993141898774678, "score": 0.5822306939746584}