{"quality": 0.5599083355067764, "novelty": 0.6412839544190797, "diversity": 0.5715426835112082, "efficiency": 0.022127079893227486, "cost": 0.18301326307696975, "score": 0.42761976163533166}