{"quality": 0.9600229556181081, "novelty": 0.6893380292850579, "diversity": 0.17723979421542713, "efficiency": 0.9353111264411844, "cost": 0.38760201736047145, "score": 0.597325820079913}