{"quality": 0.8707048544510423, "novelty": 0.48712751019034756, "diversity": 0.6584637115269741, "efficiency": 0.09782736682422198, "cost": 0.0377189816611406}