{"quality": 0.8223059997658073, "novelty": 0.9072305734740598, "diversity": 0.6491200427275455, "efficiency": 0.6383558678729915, "cost": 0.578569873674408, "score": 0.6412198446572741}