{"quality": 0.6604608005898471, "novelty": 0.1953685690762897, "diversity": 0.8588520129163637, "efficiency": 1, "cost": 0.23654701976989292, "score": 0.54509608305231}