{"quality": 0.31732961926658676, "novelty": 0.6327258712188162, "diversity": 0.18267875853424081, "efficiency": 0.13394035493494919, "cost": 0.9926517218213249, "score": 0.2107419863496381}