{"quality": 0.45160287438418006, "novelty": 0.40730034762775963, "diversity": 0.8631673986270654, "efficiency": 0.058307042813397075, "cost": 0.15661995292818223, "score": 0.4030234900767984}