{"quality": 0.7520216819818488, "novelty": 0.9560682371888913, "diversity": 0.4450461802031298, "efficiency": 0.39176085114125236, "cost": 0.16903196090182027, "score": 0.5954937315134093}