{"quality": 0.8239862757608606, "novelty": 0.3912511479719383, "diversity": 0.7782277775365132, "efficiency": 0.976473396330538, "cost": 0.29907586845281103, "score": 0.6172176478328449}