{"quality": 0.29318916545949997, "novelty": 0.3043534370211366, "diversity": 0.7595457156664838, "efficiency": 0.09410919771246418, "cost": 0.6154909619774338, "score": 0.26852153548555713}