{"quality": 0.4667134478482009, "novelty": 0.2160441446344591, "diversity": 0.5466287605753544, "efficiency": 0.3767426106202775, "cost": 0.34097615092051087, "score": 0.32576459912913647}