{"quality": 0.6855003293234808, "novelty": 0.7865603139986604, "diversity": 0.31542081647076126, "efficiency": 0.2952740820661157, "cost": 0.3108748080024366, "score": 0.47857797210053526}