{"quality": 0.7713463775702513, "novelty": 0.29360929519597484, "diversity": 0.20242789207390877, "efficiency": 0.8205533505914833, "cost": 0, "score": 0.4683748180735734}