{"quality": 0.4308085642314391, "novelty": 1, "diversity": 0.391707337398933, "efficiency": 0.055325611857921037, "cost": 0.7045909809252775, "score": 0.39542378043537874}