{"quality": 0.4109834268334656, "novelty": 0.23622204790163204, "diversity": 0.4260253829773327, "efficiency": 0.18175108634739706, "cost": 0.1898683241875997, "score": 0.27583144715426383}