{"quality": 0.475228470123559, "novelty": 0.8155686919119094, "diversity": 0.4684554812620177, "efficiency": 0.6746385959617662, "cost": 0, "score": 0.5413475996617136}