{"quality": 0.36321167084812395, "novelty": 0.5550653506088437, "diversity": 0.013625090425096908, "efficiency": 0.8219737025960759, "cost": 0.9319799707869172, "score": 0.28055291530238713}