{"quality": 0, "novelty": 0, "diversity": 0.3222200282525174, "efficiency": 0.7076124635046648, "cost": 0.7742107205451565, "score": 0.09316480312168757}