{"quality": 0.6802077506853508, "novelty": 0.47164087976646, "diversity": 0.17823566294942012, "efficiency": 0.3757119658450212, "cost": 0.8177598923957619, "score": 0.3322004833742812}