{"quality": 0.28794795673934126, "novelty": 0.5499087543471146, "diversity": 0, "efficiency": 0.4851874143110475, "cost": 0.12672722939470096, "score": 0.28396696481576805}