{"quality": 0.445616099829376, "novelty": 0.3398414134177314, "diversity": 0.7184069008025524, "efficiency": 0.7434861011115939, "cost": 0.6760150098274578, "score": 0.40624797764774945}