{"quality": 0.986333977858814, "novelty": 0.8335544926583145, "diversity": 0.4606664301991328, "efficiency": 0.7159470058055537, "cost": 0.9291392220805659, "score": 0.6109002312248257}