{"quality": 0.6134404933169197, "novelty": 0.6169703884657797, "diversity": 0.2944130156487731, "efficiency": 0.7742489095042085, "cost": 0.13548945984558178, "score": 0.49974573868234856}