{"quality": 0.3093101626029993, "novelty": 0.4537988629665546, "diversity": 0.22301770517450548, "efficiency": 0.059260580388626666, "cost": 0.8953531564344568, "score": 0.17020007697228784}