{"quality": 0.32431417923437333, "novelty": 0.15886628198159608, "diversity": 0.7476826119305954, "efficiency": 0.2912616916721005, "cost": 0.2313208726475084, "score": 0.30710451313789433}