{"quality": 0.4696609395073059, "novelty": 0.8493788074325154, "diversity": 0.903166313384492, "efficiency": 0.7022395106280002, "cost": 0.8963616526616368, "score": 0.5495760077152553}