{"quality": 0.2277176872652829, "novelty": 0.8189994419577638, "diversity": 0.9240544836473318, "efficiency": 0.21711343944597178, "cost": 0.1658736137140095, "score": 0.473855717943987}