{"quality": 0.7605647050755504, "novelty": 0.659136364005639, "diversity": 0.2470618380856733, "efficiency": 0.6143661081383756, "cost": 0.3251349965141529, "score": 0.5020072867105506}