{"quality": 0.5831501532404315, "novelty": 0.5751209811889941, "diversity": 0.6296762932303355, "efficiency": 0.21385810223864504, "cost": 0, "score": 0.4767392652512419}