{"quality": 0.28639854711311163, "novelty": 0.00599895919858312, "diversity": 0.9691514699286137, "efficiency": 0.15590047849175878, "cost": 0.7870119961346443, "score": 0.2259334700796014}