{"quality": 0.9176181188306713, "novelty": 0.9936247354475544, "diversity": 0.9885871955671544, "efficiency": 0.9512699653669514, "cost": 0.14252589746190875, "score": 0.8498469636833726}