{"quality": 0.8634715073170807, "novelty": 0.49019499717072357, "diversity": 0.23073606076318168, "efficiency": 0.8648131136735262, "cost": 0.925764993508269, "score": 0.4648828813406435}