{"quality": 0.3979041819300414, "novelty": 0.8661870657088234, "diversity": 0.14771942452927503, "efficiency": 0.8608544356634553, "cost": 0, "score": 0.4945900712615916}