{"quality": 0.9982776230151866, "novelty": 0.4998971255379243, "diversity": 0.27042718186238746, "efficiency": 0.3334371933814272, "cost": 0.5451589241819854, "score": 0.4740426912505301}