{"quality": 0.9694251818875512, "novelty": 0.5282876512820212, "diversity": 0.31790988603117665, "efficiency": 0.29586464091447257, "cost": 0.23320079415001682, "score": 0.5075410613151752}