{"quality": 0.8482949705874427, "novelty": 0.16100117373622755, "diversity": 0.31684046746485545, "efficiency": 0.2588994159223238, "cost": 0.2188253109988285, "score": 0.3750592593917265}