{"quality": 0.22906805705434258, "novelty": 0.13479016585365988, "diversity": 0.13616605529998166, "efficiency": 0.04604642195784153, "cost": 0.8029576627928614, "score": 0.05626236665410417}