{"quality": 0.11724996546078836, "novelty": 0.7682052378509141, "diversity": 0.9914759040299042, "efficiency": 0.8873508696270613, "cost": 0.9287064610778522, "score": 0.4657534642432199}