{"quality": 1, "novelty": 0.3489006190373184, "diversity": 0.1785588070990527, "efficiency": 0.8015911454356334, "cost": 0.4955924284052574, "score": 0.4936163451539594}