{"quality": 0.6180333770255484, "novelty": 0, "diversity": 0.939323139293633, "efficiency": 0.7394806358111697, "cost": 0, "score": 0.48419673633806654}