{"quality": 0.6783005786619836, "novelty": 0.4612594706728781, "diversity": 0.4503930863339377, "efficiency": 0.15410813557068953, "cost": 0.1716245770462384, "score": 0.4148374211645818}