{"quality": 0.8520214295239885, "novelty": 0.6641941514612322, "diversity": 0.19136562429512233, "efficiency": 0.5917213899001024, "cost": 0, "score": 0.5486863000665444}