{"quality": 0.2572968340207987, "novelty": 0.8735519540246568, "diversity": 0.5961991660065593, "efficiency": 0.28438792908121885, "cost": 0.7226168367621996, "score": 0.38521337759967855}