{"quality": 0.7126375461231249, "novelty": 0.5685709888563317, "diversity": 0.7666591810029767, "efficiency": 0.554292695379334, "cost": 0.3219609436684216}