{"quality": 0, "novelty": 0.3781517800722271, "diversity": 0.9144498466670188, "efficiency": 0.07088364750576895, "cost": 0.8575681894965511, "score": 0.20230364252767077}