{"quality": 0.9030382751506482, "novelty": 0.3128907166416473, "diversity": 0.10344412244650371, "efficiency": 0.13324192179034067, "cost": 0.6963517570616249, "score": 0.3201740987572956}