{"quality": 0.3051629935755835, "novelty": 0.3123232259044038, "diversity": 0.0685470808135551, "efficiency": 0.8335920167934147, "cost": 0.6181292995270549, "score": 0.24656499327779374}