{"quality": 0.5769282971765599, "novelty": 0.27348871822417925, "diversity": 0.20886019914594814, "efficiency": 0.05142650580451674, "cost": 0.2923384637074184, "score": 0.2617028380381381}