{"quality": 0.4859149726766334, "novelty": 0.37733260518847017, "diversity": 0.03530413759797306, "efficiency": 0.45716282521441504, "cost": 0.4659845704001132, "score": 0.2691444373618531}