{"quality": 0.20079837900929726, "novelty": 0.32830531066689445, "diversity": 0.36330904256695207, "efficiency": 0.7157434862475831, "cost": 0.7407559661927898, "score": 0.24826357620076167}