{"quality": 0.1566758836036008, "novelty": 0.41697373689356976, "diversity": 0.104748232597204, "efficiency": 0.3505021316307737, "cost": 0.7329908053474452, "score": 0.151472085033785}