{"quality": 0.8637404253069969, "novelty": 0.9685457418776968, "diversity": 0.39284801738985664, "efficiency": 0.037403163682771745, "cost": 0.044004058794267775, "score": 0.5810382352124837}