{"quality": 0.9177053113057438, "novelty": 0.18805966056447343, "diversity": 0.9416230789020732, "efficiency": 0.5792866863999998, "cost": 0.45294126452450734, "score": 0.5522500008208053}