{"quality": 0.6109500705087938, "novelty": 0.39798324702797516, "diversity": 0.5052712841617794, "efficiency": 0.38275495761293615, "cost": 0.7279362865015345, "score": 0.36845470473377473}