{"quality": 0.7233563503771596, "novelty": 0.6846725936982689, "diversity": 0.993333041622711, "efficiency": 0.35850312384315736, "cost": 0.13550795169846017, "score": 0.6270663352688849}