{"quality": 0.9380114802540025, "novelty": 0.5796937686984105, "diversity": 0.00875446416665765, "efficiency": 0.8077178672345693, "cost": 0.11020912242070341, "score": 0.5382145469272499}