{"quality": 0.4705751008624517, "novelty": 0.5428658697087945, "diversity": 0.016905903271803746, "efficiency": 0.3678410156244206, "cost": 0.7575316385864559, "score": 0.25969316682531235}