{"quality": 0.7344367987604724, "novelty": 0.05684979821300448, "diversity": 0.29512010513797315, "efficiency": 0.452081745856563, "cost": 0.16194791909659492, "score": 0.3451849801778124}