{"quality": 0, "novelty": 0.1021184758595379, "diversity": 0, "efficiency": 0.4541721678368597, "cost": 0.696368682586913, "score": 0.02401857588172214}