{"quality": 0.2606781350012198, "novelty": 0.6051063857421264, "diversity": 0.2782517645626437, "efficiency": 0.8769518199261648, "cost": 0.9690223595001091, "score": 0.3197709268873401}