{"quality": 0, "novelty": 0.8173500395883797, "diversity": 0.7550686733002179, "efficiency": 0.7639880731758713, "cost": 0.858239391738689, "score": 0.3841255163596503}