{"quality": 0.18300029436104803, "novelty": 0.37202426181123033, "diversity": 0.8772946567763957, "efficiency": 0.754435103637912, "cost": 0.33952849177684663, "score": 0.4025775014844033}