{"quality": 0.7539908583260004, "novelty": 0.1990712688525874, "diversity": 0.7123876472207021, "efficiency": 0.7787683388379083, "cost": 0.5726342079676893, "score": 0.4779944341840048}