{"quality": 0.30023723648114087, "novelty": 0.1637787675920534, "diversity": 0.7042599185651015, "efficiency": 0.4275834078928221, "cost": 0, "score": 0.3360053577392992}