{"quality": 0.9707311117395394, "novelty": 1, "diversity": 0.36846628263252346, "efficiency": 0.7670110856856405, "cost": 0.3650317504965027, "score": 0.6934610778515623}