{"quality": 0.3076118293982166, "novelty": 0.2590258574343822, "diversity": 0.25395284079888747, "efficiency": 0.3004773418842804, "cost": 0.15144320493572777, "score": 0.2377578621269073}