{"quality": 0.23828658671511377, "novelty": 0.6939139890954209, "diversity": 0.678925140336315, "efficiency": 0.41561273333035686, "cost": 0.425618286422844, "score": 0.40052958271292144}