{"quality": 0.1667240522351709, "novelty": 0.8768038352423537, "diversity": 0.5132933820201998, "efficiency": 0.18997637294046543, "cost": 0.2301589656456281, "score": 0.3773574102616867}