{"quality": 0.1163323127516464, "novelty": 0.42282596696192093, "diversity": 0.7546243742013174, "efficiency": 0.20968958607365898, "cost": 0.23366520472952385, "score": 0.2996179778443341}