{"quality": 0.5158727243133528, "novelty": 0.4625416616442358, "diversity": 0.8438819074552655, "efficiency": 0.19592596753890304, "cost": 0.4520246270998127, "score": 0.4233600466169721}