{"quality": 0.6234798068774661, "novelty": 0, "diversity": 1, "efficiency": 0.44875307508466533, "cost": 0.14927404716320578, "score": 0.43942949860961905}