{"quality": 0.47184507556049815, "novelty": 0.7804871195966034, "diversity": 0.2736217853442467, "efficiency": 1, "cost": 0.508792590479429, "score": 0.4905204005882068}