{"quality": 0.7214824564226172, "novelty": 0.4670457126336012, "diversity": 0.8799845213937323, "efficiency": 0, "cost": 0, "score": 0.5092030693639319}