{"quality": 0.9656321126465179, "novelty": 0.5048888206141771, "diversity": 0.5465934123389384, "efficiency": 1, "cost": 0.7398528732095301, "score": 0.6012452340943343}