{"quality": 0.7444057613034107, "novelty": 0.15058498770360423, "diversity": 0.5091681451322198, "efficiency": 0.715508290648611, "cost": 0.6189160464976166, "score": 0.4082362432908982}