{"quality": 0.9623105610116457, "novelty": 0.6642939154706915, "diversity": 0.9162226156787379, "efficiency": 0, "cost": 0.18363934266551662, "score": 0.6196472360403624}