{"quality": 0.8718761909128971, "novelty": 0.2864681618115856, "diversity": 0.9190069886923246, "efficiency": 0.3834164632264133, "cost": 0.814771479652816, "score": 0.49301661698391075}