{"quality": 0.908392836690968, "novelty": 0.17525859397249205, "diversity": 0.7637652413782354, "efficiency": 0.3360211088153992, "cost": 0.0}