{"quality": 0.7946090722925102, "novelty": 0.7537562847210918, "diversity": 0.4476661455500369, "efficiency": 0.3091678473944042, "cost": 0.1357930248095419, "score": 0.5491508966062398}