{"quality": 0.7008041694320684, "novelty": 0.23363798517794485, "diversity": 0.4057627147820147, "efficiency": 0.8279068347952281, "cost": 0.5177356356269621, "score": 0.4222157517370976}