{"quality": 0.5829436260764527, "novelty": 0.6831055509264763, "diversity": 1, "efficiency": 0.690176385754014, "cost": 0.2750355352226676, "score": 0.6216823798953903}