{"quality": 0.9029106703867502, "novelty": 1, "diversity": 0.3220326803058277, "efficiency": 0.22694221990820368, "cost": 0, "score": 0.6193210701634212}