{"quality": 0.9560237217030038, "novelty": 0.7665430836730528, "diversity": 0.28323670872362283, "efficiency": 1, "cost": 0.8462866599589074, "score": 0.6004615631779981}