{"quality": 0.37970337816919947, "novelty": 0.7881223370646577, "diversity": 0.6431665024543075, "efficiency": 0, "cost": 0.661890864329664, "score": 0.37338581177481933}