{"quality": 0.4986488596300172, "novelty": 0.8207270842433787, "diversity": 0.5907637463745008, "efficiency": 0.45676520097587103, "cost": 0.8589233190908424, "score": 0.45555162646204644}