{"quality": 0.22855034372076877, "novelty": 0.31667034278650125, "diversity": 0.7096347974732982, "efficiency": 0.05665307809181741, "cost": 0.411923826396169, "score": 0.25696522738167127}