{"quality": 0.7320933635295301, "novelty": 0.5507902973923062, "diversity": 0.5557949358997152, "efficiency": 0.4432111245624991, "cost": 0.5153186519244568, "score": 0.48343437407880785}