{"quality": 0.5829659679403699, "novelty": 0.7706670120434109, "diversity": 0.938033852407024, "efficiency": 0.7614517380770218, "cost": 0.14950541420778593}