{"quality": 0.8079516110243661, "novelty": 0.05818736535490268, "diversity": 0.25978884491626214, "efficiency": 0.6293843214560583, "cost": 0.7117918989928995, "score": 0.3321185519484067}