{"quality": 0.2534108503562024, "novelty": 0.9076700356375992, "diversity": 0.9964493647979026, "efficiency": 1, "cost": 0.25955060880237707, "score": 0.6262755760956034}