{"quality": 0.6252912297374168, "novelty": 0.9779546571686417, "diversity": 0.5281168488919986, "efficiency": 0.3160197882788047, "cost": 0.5893754761068535}