{"quality": 0.1996165850948376, "novelty": 0.9878495137469746, "diversity": 0.9127596746713164, "efficiency": 0.916220621468868, "cost": 0.47011882090283696, "score": 0.5798205000295046}