{"quality": 0.5943511592476709, "novelty": 0.7425356929435704, "diversity": 0.3936802124549172, "efficiency": 1, "cost": 0.7867771029103003, "score": 0.5139976032101472}