{"quality": 0.8133610570181785, "novelty": 0.11363788780934053, "diversity": 0.11767968728653211, "efficiency": 0.21541602145717986, "cost": 0.030756280052488233, "score": 0.3251905017284233}