{"quality": 0.9411738755917112, "novelty": 0.5757822503029697, "diversity": 0.859019346132088, "efficiency": 0.16082149555901382, "cost": 0.6833193750515929, "score": 0.5538928813083661}