{"quality": 0.25293755372126364, "novelty": 0.5145674953129743, "diversity": 0.30714428070677147, "efficiency": 0, "cost": 0.43617827765111916, "score": 0.22233416832086506}