{"quality": 0.6766419506715997, "novelty": 1, "diversity": 0.695110842618745, "efficiency": 0.1481241334428957, "cost": 0.3027409698496224, "score": 0.5839592767567011}