{"quality": 0.9439018065255541, "novelty": 0.00972087214806986, "diversity": 0.8120507885211956, "efficiency": 0.8758808366637887, "cost": 0.8888429971001311}