{"quality": 1, "novelty": 0.4241979301962877, "diversity": 0.5013744910689575, "efficiency": 0.3779820262993362, "cost": 0.27759080608307407, "score": 0.5352626040994565}