{"quality": 0.8094630907832809, "novelty": 0.16820532293958815, "diversity": 0.14313958487380052, "efficiency": 0.767702934891878, "cost": 0, "score": 0.4286736151784231}