{"quality": 0.5748854810961646, "novelty": 0.9472069878727962, "diversity": 0.267909811077771, "efficiency": 0.052253798500890236, "cost": 0.43037343443679543, "score": 0.4276500798440566}