{"quality": 0, "novelty": 0.37391390138227876, "diversity": 0.6259479422013985, "efficiency": 0.2443944500952869, "cost": 0.8224022915330245, "score": 0.17308700214683995}