{"quality": 0.4267616387721433, "novelty": 0.36276957979041347, "diversity": 0.6276557226695787, "efficiency": 0, "cost": 0.8366670613062251, "score": 0.2605853249825396}