{"quality": 0.4733452419613755, "novelty": 0.20514732249480958, "diversity": 0.8409374267089327, "efficiency": 0.29281325254935076, "cost": 0.17753482240583654, "score": 0.38764639419572056}