{"quality": 0.9072885158196227, "novelty": 0.6547725595102802, "diversity": 0.812827750233246, "efficiency": 0.3550867937873153, "cost": 0.37814812715292034}