{"quality": 0.364326772174447, "novelty": 0.7979866628501766, "diversity": 0.699365327768643, "efficiency": 0, "cost": 0.9493605706636024, "score": 0.35373170585224667}