{"quality": 0.3781671387891321, "novelty": 0.44144242507436976, "diversity": 0.7015912521165815, "efficiency": 0.023423194536421277, "cost": 0.2503359152653464, "score": 0.34260888598257694}