{"quality": 0.36780599547247556, "novelty": 0.06652967217475925, "diversity": 0.7588465718659705, "efficiency": 0.07114014474184721, "cost": 1, "score": 0.18941455276990368}