{"quality": 0.3888152187799261, "novelty": 0.8937246362679233, "diversity": 0.5400926862652304, "efficiency": 0.4839371564655951, "cost": 0.5988330549469515, "score": 0.46080152992914886}