{"quality": 0.7561913757742124, "novelty": 0.5327407705565508, "diversity": 0.2643899047110354, "efficiency": 0.9881090008741923, "cost": 0.7267770237394564, "score": 0.4884592340707917}