{"quality": 0.8618022974868724, "novelty": 0.3559494392482066, "diversity": 0.264874020648953, "efficiency": 0.6666792101723933, "cost": 0.7224905112500789, "score": 0.4282556835887551}