{"quality": 1, "novelty": 0.03293881660663142, "diversity": 0.24272667188766223, "efficiency": 0.42395367385757116, "cost": 1, "score": 0.32037308960782596}