{"quality": 0.6693312040381056, "novelty": 0.6943771227819636, "diversity": 0.26799633321726235, "efficiency": 0.20157166826285552, "cost": 0.07313485480908455, "score": 0.45091517330889497}