{"quality": 0.46791106846087477, "novelty": 0.8060256122072115, "diversity": 0.8315160579967029, "efficiency": 0.48384319694327893, "cost": 0.27887370351246016, "score": 0.5528720443796517}