{"quality": 0, "novelty": 0.3086635671210955, "diversity": 0.5766060416848322, "efficiency": 0.7743197356164406, "cost": 0.24754948712498934, "score": 0.28388011174720745}