{"quality": 0.1190601503501271, "novelty": 0.03264727404753143, "diversity": 0.29601868078667065, "efficiency": 0.2938898819959312, "cost": 0.11938135256225826, "score": 0.13522894681741895}