{"quality": 1, "novelty": 0.5385385874149385, "diversity": 0.6025540141790319, "efficiency": 0, "cost": 0.06402832780565443, "score": 0.5487426169089756}