{"quality": 0.7849098810199311, "novelty": 0.25674197756540074, "diversity": 0.7716946454205005, "efficiency": 0.5419673253308435, "cost": 0.05604921444671304, "score": 0.5296875651363848}