{"quality": 0.29403665443288357, "novelty": 0.9680066931590043, "diversity": 0.4876863285073184, "efficiency": 1, "cost": 0.4683599940341403, "score": 0.5309139359176659}