{"quality": 0.1994415387310738, "novelty": 0.5109929535835412, "diversity": 1, "efficiency": 0.6310803324096066, "cost": 0.623436709293506, "score": 0.41989907894729783}