{"quality": 0.5157275817648239, "novelty": 0.13945684592224103, "diversity": 0.14342386220162143, "efficiency": 0.7926069064261281, "cost": 0.11116914090035676, "score": 0.32604138032421526}