{"quality": 1, "novelty": 1, "diversity": 0.554144014377687, "efficiency": 0.10330097754436302, "cost": 0.8596645287580531, "score": 0.5903574966313866}