{"quality": 0.8146666021650548, "novelty": 0.5641363857370416, "diversity": 0.368748839591684, "efficiency": 0.7243956172356703, "cost": 0.5562821836174869, "score": 0.5122149692257155}