{"quality": 0.6279683943232812, "novelty": 1, "diversity": 0.0016928820897346708, "efficiency": 0.7453110460181678, "cost": 0.7907002432742779, "score": 0.47145572729022867}