{"quality": 0.8329829872837242, "novelty": 0.8136459305923899, "diversity": 0.8391699252068398, "efficiency": 0.8354688403897791, "cost": 0.526062119051081, "score": 0.6938544780279415}