{"quality": 0.8891212415784107, "novelty": 0.6323664687953947, "diversity": 0.5829223041306227, "efficiency": 0.7607457648778855, "cost": 0.48801534708628935, "score": 0.6067227805215503}