{"quality": 0.26264774131170254, "novelty": 0.2574665690178073, "diversity": 0.4942104860096961, "efficiency": 0.6103831369902968, "cost": 1, "score": 0.2335605323984463}