{"quality": 0.6673204728971378, "novelty": 0.3831198317598412, "diversity": 0.8031544573832594, "efficiency": 0.648730985982968, "cost": 0.8780652546444613, "score": 0.46611011371875266}