{"quality": 0.18199170236963588, "novelty": 0.8825587076440252, "diversity": 0, "efficiency": 1, "cost": 0.4816111643963536, "score": 0.3770760711822617}