{"quality": 0.11903626795989292, "novelty": 1, "diversity": 0.1834912197954449, "efficiency": 0.4790862194133556, "cost": 0.5329100544153631, "score": 0.3409810518175239}