{"quality": 0.7287122644675803, "novelty": 0.1264157277957185, "diversity": 0.3388847752219979, "efficiency": 0.21415608532179037, "cost": 0.6128320428922525, "score": 0.2888347748426466}