{"quality": 0.5666267688342146, "novelty": 0.05676176723291301, "diversity": 0.4035194363619323, "efficiency": 0.7424445436161113, "cost": 0.6657502270979665, "score": 0.3096740185634992}