{"quality": 0.45932589704662585, "novelty": 0.039322143326487174, "diversity": 0, "efficiency": 0.22586049386059176, "cost": 0.6206052399700552, "score": 0.1194468550276928}