{"quality": 0, "novelty": 0.8752450387404054, "diversity": 0.8597945868384971, "efficiency": 0.8603147106845763, "cost": 0.18023144176314204, "score": 0.501794239479173}