{"quality": 0.6000848825376114, "novelty": 0.30304671535738475, "diversity": 0.8718455590093767, "efficiency": 0.0075946115308374584, "cost": 1, "score": 0.33129544713213055}