{"quality": 0.7097307051530213, "novelty": 0.5804603877215655, "diversity": 0.14563580224181166, "efficiency": 0.6535043536319818, "cost": 0.2761339692159166, "score": 0.4575737250478657}