{"quality": 0.32375961427819816, "novelty": 0.5785546820668491, "diversity": 0.13091725189792908, "efficiency": 0, "cost": 0.5547119360849051, "score": 0.21247881157126702}