{"quality": 0.10960619911848529, "novelty": 0.49122100901300664, "diversity": 0.07989947693565683, "efficiency": 0.606119266405456, "cost": 0.36540196449263623, "score": 0.22604470088748344}