{"quality": 0.42841685654587486, "novelty": 0.923288233126663, "diversity": 0, "efficiency": 0.13996895159659803, "cost": 0, "score": 0.3803424579849179}