{"quality": 0.28698629574808376, "novelty": 0.8423011460420304, "diversity": 0.7122523571934077, "efficiency": 0.8581575463854094, "cost": 0.534381441783319, "score": 0.5144071344530938}