{"quality": 0.6165937173905195, "novelty": 0.5513024911362672, "diversity": 0.42101031693563407, "efficiency": 0.9324612123473075, "cost": 0.3714700224753779, "score": 0.5097279809929078}