{"quality": 0.9054852077435749, "novelty": 0.8809675208189195, "diversity": 0.7475726904160676, "efficiency": 0.10852593695631171, "cost": 0.8518504429378674}