{"quality": 0.13496288677403306, "novelty": 0.362770399000258, "diversity": 0.712692414262913, "efficiency": 0.8369611453182667, "cost": 0.5733367299009825, "score": 0.3419304474424988}