{"quality": 0.057561608289372124, "novelty": 0.8947499790271813, "diversity": 0.8156142478784438, "efficiency": 0.5747648114733354, "cost": 0, "score": 0.49029354854029605}