{"quality": 0.41309545632704237, "novelty": 0.202927495394653, "diversity": 0.811205576636171, "efficiency": 0.8669239267594724, "cost": 0, "score": 0.46694021508793104}