{"quality": 0.1396701505816172, "novelty": 0.1721620817964857, "diversity": 1, "efficiency": 1, "cost": 0.34335134022224645, "score": 0.400606431601382}