{"quality": 0.5224707358456783, "novelty": 0.7571132143956845, "diversity": 0.7189717153931191, "efficiency": 0.5934132564572894, "cost": 0.5382082210195316, "score": 0.5250050337978887}