{"quality": 0.40007400003597504, "novelty": 0.5298437847182976, "diversity": 0.6524081671447554, "efficiency": 0.42331123457780206, "cost": 0.3524671783695769, "score": 0.4112147469690306}