{"quality": 0.16056792336168832, "novelty": 0, "diversity": 0.15405853578137196, "efficiency": 0.7001329147066587, "cost": 0.5636085497207379, "score": 0.1276411663987059}