{"quality": 0.4506114735006168, "novelty": 0.7085576335288122, "diversity": 0.316299021745702, "efficiency": 0.47561531817918856, "cost": 0.728273870119346, "score": 0.37409756549647216}