{"quality": 0.8421168644986181, "novelty": 0.699638963999842, "diversity": 0.10841187327047974, "efficiency": 0.9612317121893483, "cost": 0.9830285095186422, "score": 0.4951090808801799}