{"quality": 0.9606280987979959, "novelty": 0.4207412874149987, "diversity": 0.20730702100053794, "efficiency": 0.5425959176670747, "cost": 0.46329595849904204, "score": 0.46989494749341304}