{"quality": 0.08096127968451555, "novelty": 0.706400964880968, "diversity": 0.699802898982414, "efficiency": 0.3273358991048528, "cost": 0.7682048245492001, "score": 0.3131291073328874}