{"quality": 0, "novelty": 0.32981181424076744, "diversity": 0.9108604223791581, "efficiency": 0.7729100152045402, "cost": 0.1802308670174414, "score": 0.3625384536149604}