{"quality": 0.9326347561641817, "novelty": 0.30282639733953315, "diversity": 0.37600769377894094, "efficiency": 0.22806304425268786, "cost": 0.8069963403450261}