{"quality": 1, "novelty": 0.23842816754739532, "diversity": 0.7884410077580206, "efficiency": 0.18135003336613564, "cost": 1, "score": 0.4444977484433734}