{"quality": 0.7993266705150124, "novelty": 0.9480646613138797, "diversity": 0.7069837456985317, "efficiency": 0.439651635146762, "cost": 0.8896527311747802, "score": 0.5951933877772162}