{"quality": 0, "novelty": 0.7638512657265146, "diversity": 0.6003839663445305, "efficiency": 0, "cost": 0.4925646166124872, "score": 0.26178314803928604}