{"quality": 0.6409748332384656, "novelty": 0.5760841353500658, "diversity": 0.5122370821480221, "efficiency": 0.3836126243177349, "cost": 0.3140445955907776, "score": 0.464898334327243}