{"quality": 0.0338720401194408, "novelty": 0.4207764233149826, "diversity": 0.33495468488237823, "efficiency": 0.9998491754114498, "cost": 0, "score": 0.332324031152771}