{"quality": 0.3313076773567749, "novelty": 0.3322649970646516, "diversity": 0.5511876085932375, "efficiency": 0.2945792678328144, "cost": 0.2078236855902866, "score": 0.31610059580773636}