{"quality": 0.22303783651579817, "novelty": 0.3504129138450159, "diversity": 0.3885808098478756, "efficiency": 0.64623585433068, "cost": 0.5513108439948591, "score": 0.2740350351356846}