{"quality": 0.21881803116090265, "novelty": 0.25102120870085287, "diversity": 0.41409629866650793, "efficiency": 0, "cost": 0.8521088133074258, "score": 0.126009089926043}