{"quality": 1, "novelty": 0.9948126004867699, "diversity": 0.7733786785050938, "efficiency": 0.9199474474118907, "cost": 0.35142587339047315, "score": 0.8062284155954476}