{"quality": 0.6038846150370962, "novelty": 0.8155341401173569, "diversity": 0.915695190505901, "efficiency": 0.2404083783277717, "cost": 0.9789947084406072, "score": 0.5063497435467533}