{"quality": 0.41256803404548775, "novelty": 0.39078122857691033, "diversity": 0.3829632399247576, "efficiency": 0.9284646167429134, "cost": 0.5374105930324578, "score": 0.38358699855101663}