{"quality": 0.08695456167536883, "novelty": 0.4980738420316123, "diversity": 0.10911464866899959, "efficiency": 0.2715603595497052, "cost": 0, "score": 0.21316181267676942}