{"quality": 0.07583353990601308, "novelty": 0.905532886789526, "diversity": 0.9633500622969324, "efficiency": 0.9461240126303349, "cost": 0.426208563420978, "score": 0.5411010416810244}