{"quality": 0.17973558923816008, "novelty": 0.8760343907388829, "diversity": 0.7807757611833527, "efficiency": 0, "cost": 0.1985528497248012, "score": 0.4092291417203592}