{"quality": 0.6379328929519117, "novelty": 0.7765907199590814, "diversity": 0.25759131110125594, "efficiency": 0.07695381186594782, "cost": 0.28791213039997715, "score": 0.41979766883548947}