{"quality": 0.4529234769198683, "novelty": 0.06035841880256693, "diversity": 0.35899948301615986, "efficiency": 0.8201357922072487, "cost": 0.7259160707305103, "score": 0.27319530613787046}