{"quality": 0.4817161094061091, "novelty": 0.12586209252487235, "diversity": 0.9960711387855011, "efficiency": 0.4145888765729096, "cost": 0.29807589709727006, "score": 0.40757532548636044}