{"quality": 0.9717348016587193, "novelty": 0.7621102244855456, "diversity": 0.11157639398868871, "efficiency": 0.09628901924703853, "cost": 1, "score": 0.41880662830379567}