{"quality": 0.7642490805987845, "novelty": 0.4258513049928046, "diversity": 0.5618793929432764, "efficiency": 0.9149388868720811, "cost": 0.3104820713169796, "score": 0.5543060549156059}