{"quality": 0.9244449813219495, "novelty": 0.1965682261717822, "diversity": 0.8893407396431547, "efficiency": 0.21799155940070822, "cost": 1, "score": 0.4370424327782676}