{"quality": 0.456223242102204, "novelty": 0, "diversity": 0.570428486936435, "efficiency": 0.5219350159902153, "cost": 0.761642623421587, "score": 0.2530786600743218}