{"quality": 0.32482356751077507, "novelty": 0.007173053802846913, "diversity": 0.6382056903011813, "efficiency": 0.007832692264430674, "cost": 0.6258381173270319, "score": 0.16547256387114193}