{"quality": 0, "novelty": 0.7208256307169125, "diversity": 0.24268987320753366, "efficiency": 0.19371002794622327, "cost": 0.4933664313055668, "score": 0.20846424338211167}