{"quality": 0.5097031931583063, "novelty": 0.022126578800122032, "diversity": 0.16265972520677954, "efficiency": 0.7885054736252953, "cost": 0.0567809906871459, "score": 0.303572269663958}