{"quality": 0.8116226633872311, "novelty": 0.31049521527536633, "diversity": 0.9590680488626968, "efficiency": 0.04139909723028498, "cost": 0.5538695714885276, "score": 0.46374712004324026}