{"quality": 0.15055056592837102, "novelty": 0.6179771399182725, "diversity": 0.9315401619589148, "efficiency": 0.5131058421439972, "cost": 1, "score": 0.362933363471462}