{"quality": 0.8299704466151911, "novelty": 0.1329778834479176, "diversity": 0.7243524241172837, "efficiency": 0, "cost": 0.7482512346168682, "score": 0.35228096620830673}