{"quality": 0.5543251381318928, "novelty": 0.147114074719993, "diversity": 0, "efficiency": 0.5333608962921585, "cost": 0.8240998080527401, "score": 0.20067021375811583}