{"quality": 0.05374979756285386, "novelty": 0, "diversity": 0.7353237940333395, "efficiency": 0.8519347425629564, "cost": 0.13030228105008868, "score": 0.2779496813549587}