{"quality": 0.6837657939395669, "novelty": 0.6566727307658835, "diversity": 0.32406167674362857, "efficiency": 0.7148662009897454, "cost": 0.22112922095602572, "score": 0.5192272642749259}