{"quality": 0.06872674901571091, "novelty": 0.7204837263933634, "diversity": 0.18770162297757248, "efficiency": 0.9008112770042269, "cost": 0.5318672733521512, "score": 0.32021424511398755}