{"quality": 0.23373859436924888, "novelty": 0.09129958833187046, "diversity": 0.9583551851506705, "efficiency": 0.43880977173896063, "cost": 0.4299545959408053, "score": 0.30744351859063995}