{"quality": 1, "novelty": 0.7149171429166101, "diversity": 1, "efficiency": 0.4722651504473902, "cost": 0.6057415760356051, "score": 0.6889949006927004}