{"quality": 1, "novelty": 0.5851755115480907, "diversity": 0.7140676619225387, "efficiency": 0.04123969448276607, "cost": 0.2867548036657558, "score": 0.5666178840773699}