{"quality": 0.04757424030837354, "novelty": 0.4921938436368224, "diversity": 0.840398235380791, "efficiency": 0.49554239993644333, "cost": 0.08067330060874833}