{"quality": 0, "novelty": 0.4799740262981557, "diversity": 0.4380798305896919, "efficiency": 0.6785873479941412, "cost": 0.21801694058097354, "score": 0.2875958808335011}