{"quality": 0.9750134777438708, "novelty": 0.8102431438558417, "diversity": 0.7702553415397262, "efficiency": 0.6027166827503826, "cost": 0.7086527415195586, "score": 0.6686581258556683}