{"quality": 0.8721414248995651, "novelty": 0.32888059955449306, "diversity": 0.06514906015177185, "efficiency": 0.8361116499911925, "cost": 0.3887882545636816, "score": 0.44343031143115785}