{"quality": 0.30870328527205615, "novelty": 0.8555095518343044, "diversity": 0.2879579220121705, "efficiency": 0.9556701902528223, "cost": 0.7032502917131451, "score": 0.43710545730923595}