{"quality": 0.2762941207733842, "novelty": 0.4541321928067175, "diversity": 0.11249840108453435, "efficiency": 0.6207372584703583, "cost": 0.8785456226367676, "score": 0.22417699115747847}