{"quality": 0.8616804601753656, "novelty": 0.47864251285513093, "diversity": 0.23179365931625426, "efficiency": 0, "cost": 0.2237751028591285, "score": 0.4021459878437304}