{"quality": 0.4729454288227571, "novelty": 0.22558937842081536, "diversity": 0.14680167649300965, "efficiency": 0.6395056981609335, "cost": 0.141348130671532, "score": 0.3094323502076197}