{"quality": 0.8219973937531575, "novelty": 0.3805428944499577, "diversity": 0.18222116597961163, "efficiency": 0, "cost": 0.9344973921225042, "score": 0.28472943572210857}