{"quality": 1, "novelty": 0.7020169290670597, "diversity": 0.5268275820391488, "efficiency": 0.6021482873490911, "cost": 0.10082251426510119, "score": 0.6611097403504482}