{"quality": 0.49871031764484447, "novelty": 0.6295327437300355, "diversity": 0.9216713612057609, "efficiency": 0.23630810528059493, "cost": 1, "score": 0.4267767692592037}