{"quality": 1, "novelty": 0.14563669102093588, "diversity": 0.3128637932557627, "efficiency": 0.37358512420678136, "cost": 0, "score": 0.4550197000374037}