{"quality": 0.6339917391719033, "novelty": 0.7224763314440487, "diversity": 0.7752737358358768, "efficiency": 0.7876314992287453, "cost": 0.24299879528428223}