{"quality": 0.242023441930476, "novelty": 0.21199404962716295, "diversity": 0.5019041255680032, "efficiency": 0.47551144637129894, "cost": 0.7525954359048884, "score": 0.2220535434647402}