{"quality": 0.8633667984258796, "novelty": 0.7301676978690188, "diversity": 0.2059701260146885, "efficiency": 0, "cost": 0.9105267438634719, "score": 0.3916933148116091}