{"quality": 0.5400325166143747, "novelty": 0.3768544969807716, "diversity": 0.3447691935532691, "efficiency": 0.8938925122660205, "cost": 0.13745061349291962, "score": 0.4455160334307702}