{"quality": 0.6697593044181007, "novelty": 0.4097480637129446, "diversity": 0.32705593982678344, "efficiency": 0.19606889515870912, "cost": 0.9039407948636764, "score": 0.30779225000646177}