{"quality": 0.48630336703991367, "novelty": 0.06770100442868426, "diversity": 0.8061860058066213, "efficiency": 0.4134639396013654, "cost": 1, "score": 0.28607305332067423}