{"quality": 0.14100689910851177, "novelty": 0.056868411064205815, "diversity": 0.3657760580290591, "efficiency": 0.09252046094272137, "cost": 0.7998017197817329, "score": 0.06357228126765173}