{"quality": 0.731415331528047, "novelty": 0.5407253418904048, "diversity": 0.7949553501967225, "efficiency": 0.85256448932337, "cost": 0.5991871008970754}