{"quality": 0.4831010651948062, "novelty": 1.0, "diversity": 0.5611318707808164, "efficiency": 0.20031921627569602, "cost": 1.0}