{"quality": 0.8289977531324811, "novelty": 0.6921050896594179, "diversity": 0.25073823325656835, "efficiency": 0.9650570578200137, "cost": 1, "score": 0.5166318036789145}