{"quality": 0.20395908753685354, "novelty": 0.3073607803728682, "diversity": 0.7983252838004467, "efficiency": 1, "cost": 0.7264288353870608, "score": 0.3750500945756564}