{"quality": 0.15258519048138242, "novelty": 0.251341598008843, "diversity": 0.8974121389253247, "efficiency": 0.4545889005149568, "cost": 0.22620353659755366, "score": 0.3336613658491786}