{"quality": 0.4742933264281643, "novelty": 0.6039905254876907, "diversity": 0.8111334591457415, "efficiency": 0.8269593307638952, "cost": 0.7762239338375512, "score": 0.5019338273603494}