{"quality": 0.6261241808843153, "novelty": 0.27222004769017527, "diversity": 0.7659713016064802, "efficiency": 0.5972720321997016, "cost": 0.9686193940877572, "score": 0.40181539193031396}