{"quality": 0.35486255028653513, "novelty": 0.10726040669360479, "diversity": 0.21663237795150486, "efficiency": 0.7444759988124001, "cost": 0.7274209994549672, "score": 0.215529642226026}