{"quality": 0.5244851354473855, "novelty": 0.8573433169366327, "diversity": 0.7333550000164966, "efficiency": 0.6155091420209116, "cost": 0.5913996255314868, "score": 0.5515387786216612}