{"quality": 0.5523363388742306, "novelty": 0.656062378432676, "diversity": 0.6170544122657116, "efficiency": 0.24686471293282858, "cost": 0.8377059265191491, "score": 0.4063864930115899}