{"quality": 0.7695014682798896, "novelty": 0.6474034926458563, "diversity": 0.2812116341628455, "efficiency": 0.6797375130202068, "cost": 0.03592421797477563, "score": 0.5473118456335535}