{"quality": 0.08635396125694386, "novelty": 0.35421408508799157, "diversity": 0.1130493572889941, "efficiency": 0, "cost": 0.7804783108166637, "score": 0.05902175002521348}