{"quality": 0.782050421428146, "novelty": 0.27830746434051956, "diversity": 0.5950258133095033, "efficiency": 0.8343491440352477, "cost": 0.81558286648104}