{"quality": 0.6755864043004932, "novelty": 0.46770058358213107, "diversity": 0.5926298211358562, "efficiency": 0.8535748704322605, "cost": 0.32753659298134047, "score": 0.533409602679557}