{"quality": 0.9187692047576724, "novelty": 0.1910500488275661, "diversity": 0.1533202990686836, "efficiency": 0.46070626246579977, "cost": 0.3485129178986018, "score": 0.38831198102793973}