{"quality": 0.6778705332505865, "novelty": 1, "diversity": 0.20655507427141306, "efficiency": 0.6631389577081285, "cost": 0.13431457105147288, "score": 0.5807115613805306}