{"quality": 0.44604005239301914, "novelty": 0.18888481366602144, "diversity": 0.3860064291012432, "efficiency": 0.9866326210728207, "cost": 0.6404017516584221, "score": 0.3421892229497407}