{"quality": 0.38311713650110696, "novelty": 0.18523668270948124, "diversity": 0.3904381386375314, "efficiency": 0.8137399238564368, "cost": 0.3110303349646695, "score": 0.33028989443720724}