{"quality": 0, "novelty": 0.6715641774727028, "diversity": 0.7170599071521644, "efficiency": 0.24850202941864385, "cost": 0.3785409942978652, "score": 0.31072423078161865}