{"quality": 0.3793020874668617, "novelty": 0.44770964587245793, "diversity": 0.46229277745958264, "efficiency": 0.8574734103846523, "cost": 0.529645837360935, "score": 0.3938330210216938}