{"quality": 0.6047568382434128, "novelty": 0.4679926917177074, "diversity": 0.32095336566177834, "efficiency": 0.1724341595491653, "cost": 0.22943677029261964, "score": 0.36553734443791913}