{"quality": 0.8742194952541033, "novelty": 0.29540038114927464, "diversity": 0.033532030908758975, "efficiency": 0.4647013084160372, "cost": 0.04318858639776277, "score": 0.4082086876679307}