{"quality": 0.0207534604372851, "novelty": 0.4552625949790065, "diversity": 0.702366372160849, "efficiency": 0.2137020535204917, "cost": 0.11631613002440666, "score": 0.2809386563337401}