{"quality": 0.01446929214189388, "novelty": 0.8213363186406094, "diversity": 0.11069305666830145, "efficiency": 0.6126293631092328, "cost": 0.21565916641545205, "score": 0.3021419664612205}