{"quality": 0, "novelty": 0.13740906272809533, "diversity": 1, "efficiency": 0.6506269131772671, "cost": 0.9872378671676406, "score": 0.23322251594184984}