{"quality": 0.7937928368270484, "novelty": 0.04569597286375983, "diversity": 0.04050562648028205, "efficiency": 0.2874410607018312, "cost": 0.6088847370575452, "score": 0.23989065495963102}