{"quality": 0.9451965301549203, "novelty": 0.12595347579940686, "diversity": 0.4778392871373428, "efficiency": 0.317259095492067, "cost": 0.12565407525202027, "score": 0.4456386422224044}