{"quality": 0.32782511901394185, "novelty": 0.8573564302998815, "diversity": 0.11153539871685207, "efficiency": 0.5164207499736678, "cost": 0.42187815053416455, "score": 0.37026902046515703}