{"quality": 0.6776695020317467, "novelty": 0.21447578404834633, "diversity": 0.8713357591416313, "efficiency": 0.4143466503575701, "cost": 0.6135540064094192, "score": 0.4319835453626305}