{"quality": 0.8065749292734576, "novelty": 0, "diversity": 0.042097594331393456, "efficiency": 0.4671001637698273, "cost": 0.30577120967478716, "score": 0.28987990124631136}