{"quality": 0.9385204570358707, "novelty": 0.22352563427267363, "diversity": 0.9435324435940818, "efficiency": 1, "cost": 0.6330496219368709, "score": 0.612839072204059}