{"quality": 0.6852649530043419, "novelty": 0.8704888866030878, "diversity": 0.281021247652751, "efficiency": 0.07398935409730698, "cost": 0.5002487527824176}