{"quality": 0.6832575917554192, "novelty": 0.5608034090107854, "diversity": 0.35596568251122046, "efficiency": 0.4302513105175144, "cost": 0.9620768131484754, "score": 0.3847012815443458}