{"quality": 0.4541858457132377, "novelty": 0.3942472449672246, "diversity": 0.3103917683065477, "efficiency": 0.84621733146972, "cost": 0.4646233771455605, "score": 0.37736618062298893}