{"quality": 0.264826522139239, "novelty": 0.6292311895623202, "diversity": 0.443432995650732, "efficiency": 0.5682809431716609, "cost": 0.6282924747481696, "score": 0.3478552471634303}