{"quality": 0.5102892571030736, "novelty": 0.439945992712851, "diversity": 0.7299018499571518, "efficiency": 0.5903250387454222, "cost": 0.753617844424224, "score": 0.4222406166699561}