{"quality": 0.9674844716889506, "novelty": 0.4976816541252106, "diversity": 0.31526978823378105, "efficiency": 0.12062436639386537, "cost": 0.7685769080113515, "score": 0.41895567684268875}