{"quality": 0.7736376744208282, "novelty": 0.07074125740630863, "diversity": 0.369272696328201, "efficiency": 0.40477629928504344, "cost": 0.31500995060100534, "score": 0.3528466057761218}