{"quality": 0.6220016426905296, "novelty": 0.09415558939708302, "diversity": 0.4792922967105903, "efficiency": 0.9988156575176232, "cost": 1, "score": 0.35582019812619115}