{"quality": 0.5116228004931173, "novelty": 0.9011888835489817, "diversity": 0.6831894360870363, "efficiency": 0.3577547222991331, "cost": 0.6122682202318732, "score": 0.5078583345742705}