{"quality": 0.9768209438913791, "novelty": 0.25941890997730616, "diversity": 0.7369110259241443, "efficiency": 0.10530301305447143, "cost": 1, "score": 0.4210786678047398}