{"quality": 0.5533936199134935, "novelty": 0.048659944645019604, "diversity": 0.5442450207872431, "efficiency": 0.5561406802581506, "cost": 0.2536191630684369, "score": 0.3450912620246305}