{"quality": 0, "novelty": 0.6983601987134376, "diversity": 0.2514589509084837, "efficiency": 0.0780619422662919, "cost": 0.523231854036074, "score": 0.18426794579639252}