{"quality": 0.9622766472815258, "novelty": 0.6998067709339388, "diversity": 0.30440910065405935, "efficiency": 0.981344682274969, "cost": 0.7353748289037442, "score": 0.5981807264996252}