{"quality": 0.6017403086493301, "novelty": 0.3082492939554185, "diversity": 0.27580464753589534, "efficiency": 0.8367051855179304, "cost": 0.44046514516991053, "score": 0.3942046089015313}