{"quality": 0.7812803286744775, "novelty": 0.9416306104497203, "diversity": 0.7896512910555756, "efficiency": 0.07607086409513575, "cost": 0.7728274609920278}