{"quality": 0.7187317328993805, "novelty": 0.528065768758212, "diversity": 0.6877616840413703, "efficiency": 0.7645941914673768, "cost": 0.18031388046004, "score": 0.5818460395417437}