{"quality": 1, "novelty": 0.7332826073332137, "diversity": 0.7590934778485301, "efficiency": 0.3830797147745527, "cost": 0.9943198424518388, "score": 0.5931693203740085}