{"quality": 0.2335879919116041, "novelty": 0.03750898523711638, "diversity": 0.7610237473362254, "efficiency": 0.2127675824021406, "cost": 0.5378716341046947, "score": 0.209786367299857}