{"quality": 0.08613376744325982, "novelty": 0.4010025532640469, "diversity": 0.31961525411647934, "efficiency": 0.10589512309973281, "cost": 1, "score": 0.10589808783724541}