{"quality": 0.44940210120493035, "novelty": 0.8094438099122248, "diversity": 0.442082021638382, "efficiency": 1, "cost": 0.9655912439985228, "score": 0.4790388627673594}