{"quality": 0.7690141811001144, "novelty": 0.40679089713208516, "diversity": 0.5189687920018602, "efficiency": 0.5479202818082414, "cost": 0.4036066633493698, "score": 0.4780231129497269}