{"quality": 0.23861471381963076, "novelty": 0.7484530393839037, "diversity": 0.06765253593454354, "efficiency": 0.5400873581638614, "cost": 0.8904487446567151, "score": 0.2641964104376816}