{"quality": 0.7980672637484705, "novelty": 0.8469529262803409, "diversity": 0.4503086956716154, "efficiency": 0.6497783359664195, "cost": 0.4412466093959395, "score": 0.5945622392843184}