{"quality": 0.3671557550596242, "novelty": 0.9144966425980751, "diversity": 1, "efficiency": 0, "cost": 0.5213707050273966, "score": 0.4866338166646663}