{"quality": 0.4274574315628712, "novelty": 0.520923438538206, "diversity": 0.761982247343382, "efficiency": 0.4866145440345435, "cost": 0.3206741341778603, "score": 0.45178930675948475}