{"quality": 0.8452249887960488, "novelty": 0.5384014962755772, "diversity": 0.6853390986467714, "efficiency": 0.3671311734544075, "cost": 0.5248891338609067, "score": 0.5278164530691337}