{"quality": 0.25000364031596084, "novelty": 0.09129050288048912, "diversity": 0.6271055795229996, "efficiency": 0.06448420192885307, "cost": 0.5530430192603849, "score": 0.17761316208279992}