{"quality": 0.0938072600067048, "novelty": 0.11877611274280944, "diversity": 0.8214100891563068, "efficiency": 0.5798689409500962, "cost": 0.24870510710274313, "score": 0.2842280544512153}