{"quality": 0.6154298186510753, "novelty": 0.5620644989469477, "diversity": 0.4655101118936572, "efficiency": 0.35332034185649336, "cost": 0.028990223117461952, "score": 0.46834612167751877}