{"quality": 0.27776232240777887, "novelty": 0.9506210488297817, "diversity": 0.22473529790088875, "efficiency": 0.7531472074536103, "cost": 0.05048856264690213, "score": 0.47385424336330817}