{"quality": 0.463877213284555, "novelty": 0.12903298815656505, "diversity": 1, "efficiency": 0.5789659124883985, "cost": 0.698076662191111, "score": 0.3884586316786564}