{"quality": 0.7092219380266817, "novelty": 0.7742195868504667, "diversity": 0.12307925676060016, "efficiency": 0.3649693230466841, "cost": 0.1865733882666174, "score": 0.467025389103082}