{"quality": 0, "novelty": 0.9944981923293739, "diversity": 0.20566347668990728, "efficiency": 0.46605287946524016, "cost": 1, "score": 0.2596651753401109}