{"quality": 0.6303951242514869, "novelty": 0.5447832012779078, "diversity": 0.5046925548498478, "efficiency": 0.24643758784833852, "cost": 0.6580541412677672, "score": 0.3974130726153666}