{"quality": 0.5354073584144965, "novelty": 0.20783981785563949, "diversity": 0.7126810737916971, "efficiency": 0.22566378732095255, "cost": 0.3089524163093762, "score": 0.35807270321380347}