{"quality": 0.42671496904555867, "novelty": 0.5956166805094234, "diversity": 0.35019451500339566, "efficiency": 0.33530552558535454, "cost": 0.13890952090248904, "score": 0.38336244058925695}