{"quality": 0.8232861601478494, "novelty": 0.6594047459383925, "diversity": 0.9755880828552749, "efficiency": 0.2998351563952836, "cost": 0.15638762182351712, "score": 0.6362911623769487}