{"quality": 1, "novelty": 0.3247431031763295, "diversity": 0.19810031492555505, "efficiency": 0.8468707021071635, "cost": 0, "score": 0.5478364440952679}