{"quality": 0.47908518352374485, "novelty": 0.3081855204378591, "diversity": 0.5089322748404175, "efficiency": 0.8144632615241091, "cost": 0, "score": 0.44472787936328806}