{"quality": 0.6215306776230258, "novelty": 0.3284789457330029, "diversity": 0.7829522549308741, "efficiency": 0.15194769273774344, "cost": 0.3981501130149895, "score": 0.4081465333154959}