{"quality": 0.44379731202363015, "novelty": 0.8425926891640196, "diversity": 0.374474083871482, "efficiency": 0, "cost": 1, "score": 0.31868218267239035}