{"quality": 0.37799409513199794, "novelty": 0.6497150544452839, "diversity": 0.6767897123142812, "efficiency": 0.499144150535086, "cost": 0.32495704440093287}