{"quality": 0.4221804272932573, "novelty": 0.7971992948450541, "diversity": 0.581173010992002, "efficiency": 0.5230500923729119, "cost": 0.6794738748980816, "score": 0.45269868046376976}