{"quality": 0.5157354166076447, "novelty": 0.4442118363222593, "diversity": 1, "efficiency": 0.09210275632882847, "cost": 0.5340026303163133, "score": 0.42618873448055117}