{"quality": 0.7866948709123129, "novelty": 0.6804418075908663, "diversity": 0.7665154141539527, "efficiency": 0.6483336839029693, "cost": 0.693484625438424, "score": 0.587323586043804}