{"quality": 0.9221067257218571, "novelty": 1, "diversity": 0.2883859337550238, "efficiency": 0.4280650219497819, "cost": 0.4724401523572646, "score": 0.6012749425243027}