{"quality": 0.6516896160592361, "novelty": 0.17082922888816696, "diversity": 0.3649822312861784, "efficiency": 0.29945034612914995, "cost": 0.3891841361332698, "score": 0.31720977660309374}