{"quality": 0.19033836950512448, "novelty": 0.1791685833841865, "diversity": 0.7217407122511428, "efficiency": 0.5974346133191533, "cost": 0.9762659137845069, "score": 0.2382303997672348}