{"quality": 0.8331143282043627, "novelty": 0.45097915301997643, "diversity": 0.6527567788825376, "efficiency": 0.23071041540034504, "cost": 0.5631681195069329, "score": 0.47152019285216895}