{"quality": 0, "novelty": 1, "diversity": 0.7720903740141205, "efficiency": 0.7620123671977407, "cost": 0.7597637849227585, "score": 0.4427435513902093}