{"quality": 0.15256203352506797, "novelty": 0.6931982548484119, "diversity": 0.44693454266388805, "efficiency": 0.7327540173209559, "cost": 0.8970620620693703, "score": 0.32866197869360736}