{"quality": 1.0, "novelty": 0.9603021360753077, "diversity": 0.07285639671725894, "efficiency": 0.9746635504535279, "cost": 1.0}