{"quality": 0.7582524410262865, "novelty": 0.5294774306445686, "diversity": 0.19470978310301104, "efficiency": 0.8245098003897637, "cost": 0.9555270187294918, "score": 0.4269108147751457}