{"quality": 0.8075468718267554, "novelty": 0.033132906207845716, "diversity": 0, "efficiency": 0.1449992394701547, "cost": 0.8680909174363124, "score": 0.18548808227688}