{"quality": 0.6868458808453418, "novelty": 1, "diversity": 0.04480221948583686, "efficiency": 0.6938119117242202, "cost": 0.967704320589334, "score": 0.4723155628504695}