{"quality": 0.11523496292584862, "novelty": 0.290361971681404, "diversity": 0.9929236358886421, "efficiency": 0.33937644417892954, "cost": 0.10680006322036856, "score": 0.34597216928063657}