{"quality": 0.32244312652468304, "novelty": 0.43319484870206504, "diversity": 0.6524020219721611, "efficiency": 0.8702961176342546, "cost": 0.12907068431810903, "score": 0.45314940374068075}