{"quality": 0.29015523774616203, "novelty": 0.24484944374965412, "diversity": 0.7781764306669061, "efficiency": 0.25439540190482846, "cost": 0.12017027941923988, "score": 0.33003650073844365}