{"quality": 0.6168362933948283, "novelty": 0.6640390072164947, "diversity": 0.8778551422800847, "efficiency": 0.523784888078325, "cost": 0.3336830724095121, "score": 0.5718310942493866}