{"quality": 0.5710903408878015, "novelty": 0.17699055527166258, "diversity": 0.5202584212670178, "efficiency": 1, "cost": 0.10791676272408746, "score": 0.4588347490652509}