{"quality": 0.9503236681100978, "novelty": 0.2983856111455345, "diversity": 1.0, "efficiency": 0.6218739516114326, "cost": 0.6582431883141281}