{"quality": 0.9688767190519895, "novelty": 0.8511483761499891, "diversity": 0.678116611117196, "efficiency": 0.17782929967340355, "cost": 0.3450222710104673, "score": 0.6312455998264971}