{"quality": 0.647047969066408, "novelty": 0, "diversity": 0.8975579819939727, "efficiency": 0.16936870989327452, "cost": 1, "score": 0.2990312936027082}