{"quality": 0.47232080199263143, "novelty": 0.8780405898018264, "diversity": 0.1516505450070316, "efficiency": 0.9233686202791318, "cost": 0.26714073528330146, "score": 0.503327716563192}