{"quality": 0.5103541027432867, "novelty": 0.6961921361825214, "diversity": 0.770152270192106, "efficiency": 0.957285750470968, "cost": 0.3992363308660134, "score": 0.5848539483910815}