{"quality": 0.2809530134470012, "novelty": 1, "diversity": 0.9682935093394941, "efficiency": 0.19484575397236095, "cost": 0.4108406412382165, "score": 0.5160874048740316}