{"quality": 0.5159629941996607, "novelty": 0.8605116982864226, "diversity": 0.7315496874680723, "efficiency": 0.6643470113529704, "cost": 0.45298856979360924, "score": 0.570579955048703}