{"quality": 0.39960143913888535, "novelty": 0.2639469993881628, "diversity": 0.8197815610292377, "efficiency": 0.59677435686078, "cost": 0.035825953828599155, "score": 0.4357570519408109}