{"quality": 0, "novelty": 0.05665891076804423, "diversity": 0.6503199690716079, "efficiency": 0.65306752037897, "cost": 0.7673985082564836, "score": 0.16544899873752977}