{"quality": 0.3335967140408265, "novelty": 0.5365476957821131, "diversity": 0.8209701995330536, "efficiency": 0.5196292207212463, "cost": 0.5379095526817617, "score": 0.4225634059043977}