{"quality": 0.2582476081082203, "novelty": 0.8296944155129934, "diversity": 0.8810079396249534, "efficiency": 0.7867233799166127, "cost": 0.46548466253241516, "score": 0.5325595149699556}