{"quality": 0.8237941848606476, "novelty": 0.7156437866449554, "diversity": 0.3573989863685213, "efficiency": 0.09071166830558802, "cost": 0.7370466771552336, "score": 0.4374310819234522}