{"quality": 0.177159785932205, "novelty": 0.45876638496401007, "diversity": 0.9925718795225857, "efficiency": 0.2222287377791689, "cost": 0.6447296524212514, "score": 0.33521525334993135}