{"quality": 0.16498897642836188, "novelty": 0.3446534595691518, "diversity": 0.8221922203591927, "efficiency": 0.6184294408981703, "cost": 0.04061556372768471, "score": 0.38880136165459217}