{"quality": 1, "novelty": 0.3716568713572984, "diversity": 0, "efficiency": 0.6457285791531178, "cost": 0.2001705467427915, "score": 0.46975645003801303}