{"quality": 0.12749317970982366, "novelty": 0.37789890793086967, "diversity": 0, "efficiency": 0.2338222033260522, "cost": 0.32732923997229246, "score": 0.1350630873973431}