{"quality": 0.5337878914313285, "novelty": 0.632038755134649, "diversity": 0.9547631732350312, "efficiency": 0.6314569137905165, "cost": 0.7518773465893589, "score": 0.5286294932697087}