{"quality": 0.6234408217307394, "novelty": 0.579007410912231, "diversity": 0.3303119339965338, "efficiency": 0.6556375524381058, "cost": 0.11363504086626594, "score": 0.4848286148256756}