{"quality": 0.9924585398637554, "novelty": 0.20660391822608604, "diversity": 0.0747914787029825, "efficiency": 0.9501879592927032, "cost": 0.19545456123567295, "score": 0.4873295750265828}