{"quality": 0.06946098477608686, "novelty": 0.6376299142760865, "diversity": 1, "efficiency": 0.024302472507125472, "cost": 0.29765847741470197, "score": 0.3541252971364463}