{"quality": 0.07362215959267174, "novelty": 0.3009493296262526, "diversity": 0.9006172771427677, "efficiency": 0.10807419113217434, "cost": 0.270326175511507, "score": 0.2666259468315937}