{"quality": 0.44062562231766805, "novelty": 1, "diversity": 0.62878095391412, "efficiency": 0.3194586472913935, "cost": 0.6983935063501489, "score": 0.4860233239368186}