{"quality": 0.07486522260255471, "novelty": 0.6813508363228675, "diversity": 0.3979877766669206, "efficiency": 0.7911395477198048, "cost": 0.854955321177127, "score": 0.3055702312351254}