{"quality": 0.562094684907142, "novelty": 0.0834548960739967, "diversity": 0.4930181712633571, "efficiency": 0.512065559811654, "cost": 0.5726060890506831, "score": 0.307644988809993}