{"quality": 0.8075400154027674, "novelty": 0.5521199216656789, "diversity": 0.723915957077642, "efficiency": 0.04361256131581712, "cost": 0.5895393451048608, "score": 0.4726631261396648}