{"quality": 0.19126074025982093, "novelty": 0.375340178540936, "diversity": 0.2313158805292727, "efficiency": 0.3790250537246695, "cost": 0.6238865768869463, "score": 0.1919415431890406}