{"quality": 0.7968111784466176, "novelty": 0.6693471370717237, "diversity": 0.5082717150440852, "efficiency": 0.13798391129938484, "cost": 0.30470407667496624, "score": 0.4982616598381443}