{"quality": 0.4132752083285164, "novelty": 0.15017228086649614, "diversity": 0.7523053930708259, "efficiency": 0.18664180290352644, "cost": 0.286806274763994, "score": 0.31130235428847375}