{"quality": 0.3316690568421038, "novelty": 0.6287042822980196, "diversity": 0.10453177861504986, "efficiency": 0.8352296866989969, "cost": 0.19572513483215, "score": 0.38329508287178055}