{"quality": 0.6837897375708881, "novelty": 0.7965548265486524, "diversity": 0.8021527401523447, "efficiency": 0.3242755335143352, "cost": 0.5126732618440082, "score": 0.562080179781648}