{"quality": 0.23763483631247573, "novelty": 0.4079049151357071, "diversity": 0.674429403863261, "efficiency": 0.8595948847223085, "cost": 0.8619385443488126, "score": 0.3508979387237867}