{"quality": 0.2672245088759408, "novelty": 0.19095186795159244, "diversity": 0.26146025347326723, "efficiency": 0.11009402583060493, "cost": 0.30588767322587557, "score": 0.16612270689733696}