{"quality": 0.0719000311243495, "novelty": 0.02649577745122922, "diversity": 0.6493860557780173, "efficiency": 0.008174163620847302, "cost": 0.7715837742259429, "score": 0.08213891197624842}