{"quality": 0.2149901913821598, "novelty": 0.7475348365272486, "diversity": 1, "efficiency": 0.5878175206472291, "cost": 0.5955919771861522, "score": 0.47999419692492923}