{"quality": 0.9568319767628709, "novelty": 0.4186147106890621, "diversity": 0.7315354077841942, "efficiency": 0.5808589317350147, "cost": 0.3393042263442848}