{"quality": 0.7682826024094607, "novelty": 0.2182820734036279, "diversity": 1, "efficiency": 0.6152316201193481, "cost": 0.24417658893613584, "score": 0.5529223831980338}