{"quality": 0.8620768594936256, "novelty": 0.24067275674062, "diversity": 1, "efficiency": 0.48908142870709453, "cost": 0.7842617548526583, "score": 0.5137272858540409}