{"quality": 1, "novelty": 0.08125909421734698, "diversity": 0.34653384787663943, "efficiency": 0.5388489797467934, "cost": 0.1955070585047674, "score": 0.45089818424120687}