{"quality": 0.5669108212255003, "novelty": 0.819126076697931, "diversity": 0.9741810084939555, "efficiency": 0.5712282182262756, "cost": 0.9831163797550867, "score": 0.5570635619993566}