{"quality": 0.05440317284391821, "novelty": 0.3569922019056656, "diversity": 0.28734890135287616, "efficiency": 0.7495701048270871, "cost": 0.10192411979937263, "score": 0.2652818863442929}