{"quality": 0.9017572929938868, "novelty": 0.7490897829252221, "diversity": 0.8926460249565564, "efficiency": 0.7692985607002734, "cost": 0.6253049825844934, "score": 0.6891931244673745}