{"quality": 0.8271949561135503, "novelty": 0.7290863247553752, "diversity": 0.5488541270306881, "efficiency": 1, "cost": 0.2505333835859051, "score": 0.6651475550704561}