{"quality": 0.7097178623211458, "novelty": 0.9752148335102129, "diversity": 0.9795935674804942, "efficiency": 0, "cost": 0, "score": 0.6526377805699959}