{"quality": 0.8792980954568583, "novelty": 0.07532324582640434, "diversity": 1.0, "efficiency": 0.8147013067696263, "cost": 0.6708375951031109}