{"quality": 0.9282049677265194, "novelty": 0.6267888282446183, "diversity": 0.48208218030012084, "efficiency": 0, "cost": 0.6045686333214509, "score": 0.4711182701069894}