{"quality": 0, "novelty": 0.09142673292052958, "diversity": 0.2674220042036147, "efficiency": 0.5744015774055229, "cost": 0.7761989597032575, "score": 0.08488142471135801}