{"quality": 0.36520433510520217, "novelty": 0.6022976371179404, "diversity": 0.42917155257142847, "efficiency": 0.524810694274925, "cost": 0.6151310319807972, "score": 0.36317852126849043}