{"quality": 0.7332719619593704, "novelty": 0.9757071765717107, "diversity": 0.18672646164306916, "efficiency": 0.21111173782578752, "cost": 0.35393026781212483, "score": 0.4975274089520082}