{"quality": 0.7850545555874732, "novelty": 0.2705212028050057, "diversity": 0.5200969480873847, "efficiency": 1, "cost": 0.9656119385970829, "score": 0.46060486313526205}