{"quality": 0.18426572038344277, "novelty": 0.742844804761263, "diversity": 0.09400567264507995, "efficiency": 0.45957833244895546, "cost": 0.0001771821813470742, "score": 0.32871108348357314}