{"quality": 0.6601001324239241, "novelty": 0.32983264053779693, "diversity": 0.898551645474553, "efficiency": 0.8313277224878174, "cost": 0.6027832000860568, "score": 0.5246193673211039}