{"quality": 0.37841771675500213, "novelty": 0.8292148384111573, "diversity": 0.8274766079095638, "efficiency": 0.21218882632282043, "cost": 0.1269194344105251, "score": 0.5054607267185733}