{"quality": 0, "novelty": 0.5238835388954985, "diversity": 0.8540299946412901, "efficiency": 0.3206195812479051, "cost": 0.9704272345709053, "score": 0.2528270973822279}