{"quality": 0.4377337441534723, "novelty": 0.12743429069362683, "diversity": 0.5376575359928961, "efficiency": 1, "cost": 0.5169697131658082, "score": 0.36901323180144685}