{"quality": 0.2924490226488706, "novelty": 0.5048192533599205, "diversity": 0.724575672527817, "efficiency": 0.01669307718412416, "cost": 0.9290930671505728, "score": 0.268449309502766}