{"quality": 0.3883107231176461, "novelty": 0.7676328528965131, "diversity": 0.3980147190015081, "efficiency": 0.09550870189390018, "cost": 0.9630312942083895, "score": 0.3060275498229698}