{"quality": 0.24730728903575405, "novelty": 0.6971361159806715, "diversity": 0.38239396926523705, "efficiency": 0.3057275597347229, "cost": 0.19802287770652288, "score": 0.3510118557484976}