{"quality": 0.6841379961182439, "novelty": 0.5201531932050939, "diversity": 0.03629172532452654, "efficiency": 0.05443763439330876, "cost": 0.8427055131445266, "score": 0.2664331360461956}