{"quality": 0.7992258366096463, "novelty": 0.1767435606256199, "diversity": 0.4083922685159471, "efficiency": 0.2804706618225581, "cost": 1, "score": 0.30770269411587203}