{"quality": 0.7906648366489508, "novelty": 0.7078641938098169, "diversity": 0.2270952045788074, "efficiency": 0.6293321534821612, "cost": 0.1357355057697978, "score": 0.5404108128082453}