{"quality": 1.0, "novelty": 0.22883997696733752, "diversity": 0.3416362000067821, "efficiency": 0.8426235554592391, "cost": 0.4980794190883232}