{"quality": 0.07805559853248095, "novelty": 0, "diversity": 0.3508410699824467, "efficiency": 0, "cost": 0.08043315882744806, "score": 0.08554157767348883}