{"quality": 0.4792130842859486, "novelty": 0.9715006861272573, "diversity": 0.11890968286003795, "efficiency": 0, "cost": 0.7656598902975645, "score": 0.33385504435985003}