{"quality": 0.8466284320742065, "novelty": 0.3565980176383781, "diversity": 0.5716052060177773, "efficiency": 0.8737036036576736, "cost": 0.762815838718627}