{"quality": 0.44513745563604923, "novelty": 0.021138587844471368, "diversity": 0.4641307175618589, "efficiency": 0.5810843487514462, "cost": 0.5304117741185482, "score": 0.2657735020651665}