{"quality": 0.2114883020497294, "novelty": 0.3578996608143044, "diversity": 0.8270907638122199, "efficiency": 0.39865031738477996, "cost": 0.6987950591333179, "score": 0.30825760027532406}