{"quality": 0.8298639808353823, "novelty": 0.2295919158354059, "diversity": 0.07223174039352936, "efficiency": 0.5613445178771108, "cost": 0.5681373246112051, "score": 0.3481914665086181}