{"quality": 1, "novelty": 0.21164678273120735, "diversity": 0.9836493143454643, "efficiency": 0.8408486452415556, "cost": 0.8173403992772802, "score": 0.5940348154104002}