{"quality": 0.6185064016033712, "novelty": 0.5062578145075542, "diversity": 0.48817815250245833, "efficiency": 0.5861537418719985, "cost": 0.3667644016717375, "score": 0.46099862572201766}