{"quality": 0.22296593294696454, "novelty": 0.22664200359166956, "diversity": 0.3936533842818684, "efficiency": 0.15728554713443693, "cost": 0.5193811575104852, "score": 0.17393567395749748}