{"quality": 0.3337214894399637, "novelty": 0.4660109587797414, "diversity": 0.02435952569638769, "efficiency": 0.3534252769484184, "cost": 0.18212854008115434, "score": 0.2562920292003493}