{"quality": 0.7244342959690658, "novelty": 0.36485714969811633, "diversity": 0.6064053377204536, "efficiency": 0.35109555871621956, "cost": 0.18346806227370765, "score": 0.4641431713394017}