{"quality": 1, "novelty": 0.5040778813280034, "diversity": 0.42315107100217664, "efficiency": 0.8215705100035249, "cost": 0.5363684538681803, "score": 0.5802484156461469}