{"quality": 0.73992522772595, "novelty": 0.44184654435099685, "diversity": 0.6772467900402296, "efficiency": 0.21579621481358569, "cost": 0.843110869158518, "score": 0.4159469077197661}