{"quality": 0.2962790965861747, "novelty": 0.834731481986269, "diversity": 0.1338395307023583, "efficiency": 0.460852209611358, "cost": 0.5023341880714414, "score": 0.34322891824745083}