{"quality": 0.7825921405384864, "novelty": 0.6689600173005785, "diversity": 0.7249933253955902, "efficiency": 0.6604644631807719, "cost": 0.21427764440242764, "score": 0.6246582166026816}