{"quality": 0.6834339362818964, "novelty": 0.40767770010435644, "diversity": 0.504658447865536, "efficiency": 1, "cost": 0.6114265902572327, "score": 0.49673863645804195}