{"quality": 0.8583289034390907, "novelty": 0.3424687787358863, "diversity": 0.0649915618133835, "efficiency": 0.8529057330408931, "cost": 0.4887927833767989, "score": 0.4351707596968295}