{"quality": 0.48334833593617854, "novelty": 0.5236628846712084, "diversity": 0.30806032615116774, "efficiency": 0.22540108256064, "cost": 0, "score": 0.3713424495629852}