{"quality": 0.6309576595314784, "novelty": 0.9055794251553447, "diversity": 0.4947291937007863, "efficiency": 0.9021848623243339, "cost": 0.8011601833543615, "score": 0.569839703901651}