{"quality": 0.7094969441403185, "novelty": 0.6017134293675217, "diversity": 0.46952594829594907, "efficiency": 0.1572298640632717, "cost": 0.7799240638338149, "score": 0.40277470346927496}