{"quality": 0.28828093326047616, "novelty": 1, "diversity": 0, "efficiency": 0.7784686722978805, "cost": 0.31287574632844756, "score": 0.4219670061899801}