{"quality": 0.23442507317336486, "novelty": 0.7965101061645923, "diversity": 0.9463720628789039, "efficiency": 0.8976673155907543, "cost": 0.0}