{"quality": 0.5554574039778402, "novelty": 0.4023037442653288, "diversity": 0.7079953320559151, "efficiency": 0.5195701003214299, "cost": 0.2083793350304195, "score": 0.46590980521603975}