{"quality": 0.9654158160011126, "novelty": 0.5563275846987537, "diversity": 0.6841834790260414, "efficiency": 0.8517873870671561, "cost": 1, "score": 0.593311444840304}