{"quality": 0.18119381985198427, "novelty": 0.3078025030435369, "diversity": 0.8767235021222015, "efficiency": 0.9215681759024529, "cost": 0.910731288532594, "score": 0.35381556967302835}