{"quality": 0.3495664354285354, "novelty": 0.641479455281378, "diversity": 0.5274731487585016, "efficiency": 0.7778968453213722, "cost": 0.52617741712702, "score": 0.43480120928610927}