{"quality": 0.8647981248821011, "novelty": 0.508294271540733, "diversity": 0.020025097676965503, "efficiency": 0.08338782943689753, "cost": 0.6150737810665994, "score": 0.3415188211940814}