{"quality": 0.036955513178673155, "novelty": 0.8382820125323527, "diversity": 0.1593852770266017, "efficiency": 0.2918068908257503, "cost": 0.4486740881680654, "score": 0.25143783729906644}