{"quality": 0, "novelty": 0.7301329256521152, "diversity": 0.4915280221165639, "efficiency": 0.8154380718333238, "cost": 0.5268008402115838, "score": 0.3504744625901818}