{"quality": 0.5743876678232798, "novelty": 0.5340539380798731, "diversity": 0.5815054763775298, "efficiency": 0.39203482809041706, "cost": 0.20868684604277316, "score": 0.4600674197517434}