{"quality": 0.9062096819869048, "novelty": 0.9932556035257433, "diversity": 0.5737651983480516, "efficiency": 0.9743557721701449, "cost": 0, "score": 0.7810832109726393}