{"quality": 0.032457391945109965, "novelty": 0.8107009041076203, "diversity": 0.7422500791155838, "efficiency": 0.4349093495033996, "cost": 1, "score": 0.3260988618590648}