{"quality": 0.40860326152260507, "novelty": 0.09413700885229812, "diversity": 1, "efficiency": 0.22328757451003095, "cost": 0.5848419286917437, "score": 0.3211241739771863}