{"quality": 0.5020575027961693, "novelty": 0.062452194543603484, "diversity": 0.31467411900469394, "efficiency": 0.23569546035053468, "cost": 0.6871026842265119, "score": 0.19580917390561947}