{"quality": 0.5123234224980997, "novelty": 0.3042345265282529, "diversity": 0.5315473317500228, "efficiency": 0.029139714510689363, "cost": 0.25902161211330554, "score": 0.31453392069677055}