{"quality": 0.5652545270068892, "novelty": 0.2882835388514323, "diversity": 0.13695497128982795, "efficiency": 0.7840472068233861, "cost": 0.7064234989798523, "score": 0.3160029681984131}