{"quality": 0, "novelty": 0.9824676807267796, "diversity": 0.45174672186119136, "efficiency": 0.327002238947445, "cost": 0.2234910309650533, "score": 0.3626674972995446}