{"quality": 0.7448302695480742, "novelty": 0, "diversity": 0.9336339978199379, "efficiency": 0.4168850049701514, "cost": 0.6854292804419574, "score": 0.4041657031297368}