{"quality": 0.7965272792319411, "novelty": 0.27256385792103044, "diversity": 0.45876725682245123, "efficiency": 0.7444012826782475, "cost": 0, "score": 0.5105127920160674}