{"quality": 0.3844090679157499, "novelty": 0.09048223866499362, "diversity": 0.7432474310119987, "efficiency": 0.4653682440839696, "cost": 0.29516327095603173, "score": 0.3268816757603654}