{"quality": 0.4862932992460343, "novelty": 0, "diversity": 0.7859638394881803, "efficiency": 0.32105390533237843, "cost": 0.26947852323968907, "score": 0.32429099114733423}