{"quality": 0.28852181945720684, "novelty": 0.9046695006778214, "diversity": 0.7904086469397946, "efficiency": 0.9452219483531132, "cost": 0.4457372177616433, "score": 0.5680152208713789}