{"quality": 0.15196290705944704, "novelty": 0.6832215850292627, "diversity": 0.38877029192905155, "efficiency": 0.22724854803380756, "cost": 0.7767866892866993, "score": 0.2505569400373613}