{"quality": 0.8089948638018676, "novelty": 0.8091879243484776, "diversity": 0.13386151347285657, "efficiency": 0.4305578453560178, "cost": 0.6702183885576576, "score": 0.46932958086988796}