{"quality": 0.5715494730546553, "novelty": 0.21782179580597258, "diversity": 0.7329345727602754, "efficiency": 0.2927360321598664, "cost": 0.432916854322426, "score": 0.37312592481168216}