{"quality": 0.7566979036406135, "novelty": 0.19428754265335638, "diversity": 0.8619484873815234, "efficiency": 0.12246748620289591, "cost": 0.3510300022000623, "score": 0.431238076942256}