{"quality": 0.19847458905523457, "novelty": 0.22866914760385088, "diversity": 0.6824957971666596, "efficiency": 0.4166684670824903, "cost": 0.2081315763668824, "score": 0.2948959354765503}