{"quality": 0.869623891379844, "novelty": 0.5594886763058009, "diversity": 0.3751884471423561, "efficiency": 0, "cost": 0.3363913340066034, "score": 0.4421578925182143}