{"quality": 0.4790243399656943, "novelty": 0.050585360615500716, "diversity": 0.784724004895893, "efficiency": 0.6139062640639719, "cost": 0.4280542490115004, "score": 0.36257895783120786}