{"quality": 0.6404004787302394, "novelty": 0.32100078845119184, "diversity": 0.7989259316940606, "efficiency": 0.7483781989495478, "cost": 0, "score": 0.544412256913114}