{"quality": 0.3668618317400886, "novelty": 0.3709410997141444, "diversity": 0.6213804130579887, "efficiency": 0.5752768428135051, "cost": 0.6136426897592877, "score": 0.3519971645082574}