{"quality": 0.2900183484598995, "novelty": 0.24067111536020686, "diversity": 0.05623650051381168, "efficiency": 0.16557077606822918, "cost": 0.7094733054109731, "score": 0.11230886934992096}