{"quality": 0.5011603776027238, "novelty": 0, "diversity": 0.42265743495243696, "efficiency": 0.6507878693477938, "cost": 0.6061739456265662, "score": 0.27188038611081694}