{"quality": 0.549993587471185, "novelty": 0.6868728322469527, "diversity": 0.22703379226628218, "efficiency": 0.09600144694322826, "cost": 0.5643682805241399, "score": 0.3400864317454203}