{"quality": 0.3314182133562439, "novelty": 0.014395357997636637, "diversity": 1, "efficiency": 0, "cost": 0.1816762692323911, "score": 0.28485667658304326}