{"quality": 0.5109348318468532, "novelty": 0.36656573990237684, "diversity": 0.40144751034119386, "efficiency": 0.5783998109048384, "cost": 0.14433181131283476, "score": 0.3975381771023312}