{"quality": 0.33407609765988666, "novelty": 0.8635059876849305, "diversity": 0.513629308901454, "efficiency": 0.022688907334574765, "cost": 0.7650620624786852, "score": 0.3457223178518071}