{"quality": 0.0480545161571278, "novelty": 0, "diversity": 0.9516555481509927, "efficiency": 0.8604179281021559, "cost": 0.6526880460969788, "score": 0.26854134908296245}