{"quality": 0.9307973788829607, "novelty": 0.4166322765558983, "diversity": 0.35346477884980043, "efficiency": 0.23780563579846875, "cost": 0.11138210093111076, "score": 0.47862287385048213}