{"quality": 0.4675087130773281, "novelty": 1.0, "diversity": 0.7176893250491858, "efficiency": 0.2518764440116502, "cost": 0.7049231600566559}