{"quality": 0.15295244301994565, "novelty": 0.055466521288031034, "diversity": 0.5191417737983781, "efficiency": 0.16532227295501084, "cost": 0.5960867112073351, "score": 0.12877038781018518}