{"quality": 0.38746012393059326, "novelty": 0.30906111419337884, "diversity": 0.3977135838344288, "efficiency": 0.8529917925557057, "cost": 0.2805486053285673, "score": 0.3729399408449075}