{"quality": 1, "novelty": 0.07198822865301781, "diversity": 0.49272206756339587, "efficiency": 0.5276042067740979, "cost": 0.4376393781177886, "score": 0.45191816388026945}