{"quality": 0.6757629597310921, "novelty": 0.46231258499143074, "diversity": 0.22318612873153715, "efficiency": 0, "cost": 0.13169912664915073, "score": 0.3497743472485777}