{"quality": 0.2717452468798085, "novelty": 0.999439054275933, "diversity": 0.5881976807708009, "efficiency": 0.7736802874616029, "cost": 0.5915908572673709, "score": 0.5059158311795893}