{"quality": 0.7996833882685168, "novelty": 0.5242791060573079, "diversity": 0.2712752506253967, "efficiency": 0.9215460323501012, "cost": 0.6449917290666661, "score": 0.49896257506581}