{"quality": 0.28560153728261894, "novelty": 0.8921093111486287, "diversity": 0.24554913550247554, "efficiency": 0.5194582024168055, "cost": 0.5975987220035391, "score": 0.3759764742346049}