{"quality": 0.41450762213936243, "novelty": 0.22989461069027828, "diversity": 0.9559834390545543, "efficiency": 0.9779193921875668, "cost": 0.5345970821271924, "score": 0.466250827740705}