{"quality": 0.7980307735725267, "novelty": 1, "diversity": 0.8226713252214416, "efficiency": 0.19333492826065454, "cost": 0.02764068902787059, "score": 0.6801796674523576}