{"quality": 0.5722253426893449, "novelty": 0.40984667607873704, "diversity": 0.39229523402764566, "efficiency": 0, "cost": 0.3838748424936526, "score": 0.31420083438265156}