{"quality": 0, "novelty": 0.19212209790554846, "diversity": 0.5720482348899262, "efficiency": 0.7265794943118578, "cost": 0.6480030434416557, "score": 0.2066267912569854}