{"quality": 0.058969377513329785, "novelty": 0.8810098401713258, "diversity": 0.7172924678115139, "efficiency": 0.549187450344589, "cost": 0.9437890467415107, "score": 0.36940097973667047}