{"quality": 0.5748315946291425, "novelty": 0.5501113528074537, "diversity": 0.38407044253009576, "efficiency": 0.8150047215165444, "cost": 0.4432506166063023, "score": 0.46471705166347677}