{"quality": 1, "novelty": 0, "diversity": 0.9349613232985761, "efficiency": 0.21174722879289481, "cost": 0.7907940150192446, "score": 0.439674947476725}