{"quality": 0.779340526754763, "novelty": 0.7196691037098956, "diversity": 1, "efficiency": 1, "cost": 0.2108248225668523, "score": 0.7426369516972176}