{"quality": 0.4897788290043296, "novelty": 0.31756336754540454, "diversity": 0, "efficiency": 0.8382546895831384, "cost": 0.8004283550416328, "score": 0.2720198585209575}