{"quality": 0.677130485215534, "novelty": 0.2728476821149679, "diversity": 0.032332041258688826, "efficiency": 0.9974571392577052, "cost": 0, "score": 0.42743604523379575}