{"quality": 0.8564319756608092, "novelty": 0.18281689572745802, "diversity": 1, "efficiency": 0.42482171795873813, "cost": 0.785400307859901, "score": 0.4878170435379278}