{"quality": 0.4988283669867205, "novelty": 0.9149439787461442, "diversity": 0.5360872352630437, "efficiency": 0.4925636448548289, "cost": 0.41990445622720207, "score": 0.517496052940665}