{"quality": 0.3819800870490603, "novelty": 0.47514677911568426, "diversity": 0.3194844141636448, "efficiency": 0.2805971625273854, "cost": 0.47479589757242074, "score": 0.29188758834823386}