{"quality": 0.5153950827407557, "novelty": 0, "diversity": 0.4546417535925009, "efficiency": 0.24060174617374247, "cost": 0.19164702427508046, "score": 0.2624724350392802}