{"quality": 0.33530894942661177, "novelty": 0.45390125241219403, "diversity": 0.36074883204996727, "efficiency": 0.7867187658780621, "cost": 0.8224111933159827, "score": 0.32198445989113655}