{"quality": 0.5480821336167949, "novelty": 0.7477344680804187, "diversity": 1, "efficiency": 0.7469685000039761, "cost": 0.6965267753697115, "score": 0.5937508545687685}