{"quality": 0.9067244983786611, "novelty": 0.19076276382464075, "diversity": 0.5521512828842277, "efficiency": 0.6892285254990491, "cost": 0.6480744332110302, "score": 0.46871513255035835}