{"quality": 0.3463209163979632, "novelty": 0.6494975502934239, "diversity": 0.6910842835850706, "efficiency": 1, "cost": 0.7974125068924602, "score": 0.474746268520513}