{"quality": 0.7877083603892274, "novelty": 0.753567232066507, "diversity": 0.8910593279721952, "efficiency": 0, "cost": 0.7496588296059901, "score": 0.527950298767235}