{"quality": 0.3345159754897011, "novelty": 0.313750027232354, "diversity": 0.6283647580623861, "efficiency": 0.9930114107752548, "cost": 0.325429096986057, "score": 0.4208740529851585}