{"quality": 0, "novelty": 0.05825553445768911, "diversity": 0.7173621178174854, "efficiency": 0.3089343319426436, "cost": 0.04210201271119693, "score": 0.20016625569819618}