{"quality": 0.4007586161334969, "novelty": 0, "diversity": 0.15053593173086535, "efficiency": 0.5861021639514523, "cost": 0.2768019050536586, "score": 0.2105699052735741}