{"quality": 0.3610188136849559, "novelty": 0.6825841227199438, "diversity": 1, "efficiency": 0.1591792399002784, "cost": 0.38372976215900484, "score": 0.46445558455461405}