{"quality": 0.9019070288001152, "novelty": 0.36586230191226776, "diversity": 0.2871436931768408, "efficiency": 0.7588496769438376, "cost": 0.04545144701936821, "score": 0.5287487295931085}