{"quality": 0.7329230689959721, "novelty": 0.7842467640756203, "diversity": 0, "efficiency": 0.7668486885187856, "cost": 0.8359979995002753, "score": 0.44736611504548707}