{"quality": 0.8011396008197667, "novelty": 1, "diversity": 0.6716340716570555, "efficiency": 0.883351687420786, "cost": 0.23034962451635524, "score": 0.7341364852388235}