{"quality": 0.46708229408456375, "novelty": 0.42565421341107257, "diversity": 0.6158640003600301, "efficiency": 0.9885184859723486, "cost": 0.888172646595252, "score": 0.4291715498864703}