{"quality": 0, "novelty": 0.37057683825754395, "diversity": 1, "efficiency": 0.066025246499261, "cost": 0.3525633578363692, "score": 0.2672916607556382}