{"quality": 0.3014862651468234, "novelty": 0.18665963381949335, "diversity": 1, "efficiency": 0.9569680699445448, "cost": 0.4448379897261647, "score": 0.4361721995179856}