{"quality": 0.8923487759493731, "novelty": 0.8205324558654825, "diversity": 0.039643280485945565, "efficiency": 0.47965289970672764, "cost": 0.6336219997453849, "score": 0.4893521378298423}