{"quality": 0.29086368265687407, "novelty": 0.8803048081119915, "diversity": 0.6558899492739133, "efficiency": 0.11684882242696415, "cost": 0.8825779633863451, "score": 0.36778282370525284}