{"quality": 0.76324557101323, "novelty": 0.926519344499624, "diversity": 0.7966982388810132, "efficiency": 0.9132453621359161, "cost": 1, "score": 0.6569299595254651}