{"quality": 0.9127735890549968, "novelty": 1, "diversity": 0.2582919133154251, "efficiency": 0.5447194025019322, "cost": 0.043244235831295635, "score": 0.6528739461717442}