{"quality": 0.6835620144222747, "novelty": 0.1844753718868746, "diversity": 0.6251728266561369, "efficiency": 0.7958777679958571, "cost": 0.43426538727407804}