{"quality": 0.6161472377632599, "novelty": 0.8353776500745068, "diversity": 0.8466432242076392, "efficiency": 0.39761638119668985, "cost": 0.46615245153626056, "score": 0.5760444407150099}