{"quality": 0, "novelty": 0.026873481637228885, "diversity": 0.448582783661044, "efficiency": 0.18411527914711434, "cost": 0.15887692259091415, "score": 0.10816452675449176}