{"quality": 0.138854803908469, "novelty": 0.19359600599901108, "diversity": 0.8042376468745509, "efficiency": 0.1675968593260399, "cost": 0.32654838466761005, "score": 0.24338766247934865}