{"quality": 0, "novelty": 0.3569765982134702, "diversity": 0.3365514604375882, "efficiency": 1, "cost": 0.21359458836058084, "score": 0.2851949828048271}