{"quality": 0, "novelty": 0.4669320980216146, "diversity": 0.5822600349952047, "efficiency": 0.9816456663982615, "cost": 0.28010988112607693, "score": 0.3524208933515761}