{"quality": 0.47561500466336115, "novelty": 0.541823467098935, "diversity": 0.5162176871182879, "efficiency": 0.11103077743722506, "cost": 0, "score": 0.3980385222129834}