{"quality": 0.48947700917295617, "novelty": 0.1820035124088218, "diversity": 0.11684323146871764, "efficiency": 0.7737966939941691, "cost": 1, "score": 0.23178213124696115}