{"quality": 0.7220455762813818, "novelty": 0.74949699595712, "diversity": 0, "efficiency": 0.8168160535280931, "cost": 0.9334189090552616, "score": 0.43316843899738233}