{"quality": 0.36028493999878675, "novelty": 0.6026029823534564, "diversity": 0.14260514336523175, "efficiency": 0.4252021625002673, "cost": 0.8655156832536579, "score": 0.2644860123107208}