{"quality": 0.27512425482340513, "novelty": 0.8508583071804379, "diversity": 0.28068339990499813, "efficiency": 0, "cost": 0.6470397638140281, "score": 0.28668455684172783}