{"quality": 0.664782166205846, "novelty": 0.7394046595206201, "diversity": 0.3999131266129212, "efficiency": 0.9053109706842883, "cost": 0.33297859507229766, "score": 0.5667672261599066}