{"quality": 0.48011910317718626, "novelty": 0.6913874416388397, "diversity": 0.049575615740964626, "efficiency": 0.1540582798386047, "cost": 0.18511011390567286, "score": 0.33139544509628216}