{"quality": 0.3467955802346923, "novelty": 0, "diversity": 0.1137859016375623, "efficiency": 0.15461744694790067, "cost": 0.762831478286446, "score": 0.07370532361146064}