{"quality": 0.4602808987809303, "novelty": 0.20250309165981414, "diversity": 0.8966150938403523, "efficiency": 0.06097301789237708, "cost": 0.5719523603953836, "score": 0.31998377796162125}