{"quality": 0.0855517327619083, "novelty": 0.37689856767688545, "diversity": 0.6448234483147253, "efficiency": 0.47064633108971976, "cost": 0.04917637755353349, "score": 0.3145341633188435}