{"quality": 0.737185655096368, "novelty": 0.3757148904026773, "diversity": 0.3982142063369214, "efficiency": 0.7531606652959619, "cost": 0.44295606554830336, "score": 0.46340575363652803}