{"quality": 0.7387537371743319, "novelty": 0.33926176140431735, "diversity": 0.5275185593555314, "efficiency": 0.5831607961922242, "cost": 0.44875443579418023, "score": 0.4545439492239008}