{"quality": 0.5928815182729508, "novelty": 0.26537137937908406, "diversity": 0.27591335097434877, "efficiency": 0.9416298172238189, "cost": 0.2992767186673546, "score": 0.41070677123836336}