{"quality": 0.83328479437398, "novelty": 0.23664564979528036, "diversity": 0.20810851434990615, "efficiency": 0.45930253724696823, "cost": 0.4413258278366399, "score": 0.37553135143437655}