{"quality": 0.5839056979118815, "novelty": 0.19055180228422153, "diversity": 1, "efficiency": 0.5351597863997181, "cost": 0.4362022265185602, "score": 0.45946340525272145}