{"quality": 0.1025653799515116, "novelty": 0.624777813003967, "diversity": 0.8825003431571135, "efficiency": 0.7331738280040428, "cost": 0.8102238521838019, "score": 0.3924178248500942}