{"quality": 0.02541095078045283, "novelty": 0.7755630735553916, "diversity": 0.5848061865595415, "efficiency": 0.6659370302069633, "cost": 0.16233539818182133, "score": 0.40213230564775443}