{"quality": 0.5361981094549854, "novelty": 1, "diversity": 0.6375461413848498, "efficiency": 0.47856534774409626, "cost": 0.8324589033487344, "score": 0.5269075729402066}