{"quality": 0.04974864470707893, "novelty": 0.23379179624884622, "diversity": 0.34083792939525537, "efficiency": 0.21130538601491042, "cost": 0.7360935245880493, "score": 0.09962658379681792}