{"quality": 0.6851731111293932, "novelty": 0.5030485951449326, "diversity": 0.7001135336334878, "efficiency": 0.15659541876778404, "cost": 0.7186464911483277, "score": 0.4229614525520835}