{"quality": 0.7137291697765371, "novelty": 0.2938714954988402, "diversity": 0.5135372345880029, "efficiency": 0.5629253278102293, "cost": 0.5881531484889857, "score": 0.4159175560479076}