{"quality": 0.6027234570724376, "novelty": 0.289230666970262, "diversity": 0.5876818999829558, "efficiency": 0, "cost": 0.35549636496763315, "score": 0.3351114473641246}