{"quality": 0.31194574524617213, "novelty": 0.5067185991503332, "diversity": 0.3963171915285179, "efficiency": 1, "cost": 0.8907905141222707, "score": 0.36044776025491154}