{"quality": 0.3863420801386088, "novelty": 0.17879683351476322, "diversity": 0.2672802839580353, "efficiency": 0.4999144292108632, "cost": 0.09194117989884884, "score": 0.27985093560362506}