{"quality": 0.7083736641484766, "novelty": 0.6859702444669646, "diversity": 0.24251618686535362, "efficiency": 0.15587001380548288, "cost": 0.16873347912976377, "score": 0.43901505189220086}