{"quality": 0.22388892517044964, "novelty": 0.48215506238192807, "diversity": 1, "efficiency": 0.38252060857163883, "cost": 0.42010938316806795, "score": 0.40307259611555596}