{"quality": 0.2776710814145428, "novelty": 0.7182828883946131, "diversity": 0.33942030631898873, "efficiency": 0.12776603325978989, "cost": 0.843831483413946, "score": 0.26553786443438776}