{"quality": 0.3297458054525979, "novelty": 0.3256710741260591, "diversity": 0.23266102805688832, "efficiency": 0.38151415599445926, "cost": 0.7397760404390246, "score": 0.2101232351339382}