{"quality": 0.6562002185962454, "novelty": 0.706535362900022, "diversity": 0.1846744892375614, "efficiency": 0, "cost": 0.19006895708120303, "score": 0.3914219084432711}