{"quality": 0.9182681165461501, "novelty": 0.5136625116495119, "diversity": 0.18059002007763034, "efficiency": 0.23071891930665467, "cost": 0.24826758741973629, "score": 0.44979514604577364}