{"quality": 0.8770643851090847, "novelty": 0.3715519918294022, "diversity": 0.501597361842646, "efficiency": 0.2376065283896431, "cost": 0.893446566188853, "score": 0.4026231084981663}