{"quality": 0.8348638036894225, "novelty": 0.281455848879543, "diversity": 0, "efficiency": 0.08020960411294342, "cost": 0.3094673070792264, "score": 0.30190781323573135}