{"quality": 0.4229674391506759, "novelty": 0.24874802777988625, "diversity": 0.30842103020277517, "efficiency": 0.1727246222394101, "cost": 0.4408014712569018, "score": 0.23258999094095067}