{"quality": 0.5269478926525601, "novelty": 0.5006819906131419, "diversity": 0.6303895368488892, "efficiency": 0.7606578287547218, "cost": 0.46424849249666944, "score": 0.47700659788237276}