{"quality": 0.8206506853425186, "novelty": 0.877572608875837, "diversity": 0.40891192669004334, "efficiency": 0.35437497762938797, "cost": 0.588722348420122, "score": 0.5416547549621195}