{"quality": 0.47557537512384856, "novelty": 0.8591387230504858, "diversity": 0.9606862384964983, "efficiency": 0.3846924134340211, "cost": 0, "score": 0.6072984030141788}