{"quality": 0.7883109446370942, "novelty": 0.42594996036851906, "diversity": 0.6929661957706321, "efficiency": 0.36925162254400357, "cost": 0.36380593916929516}