{"quality": 0.5878130749774196, "novelty": 0.6990143270389994, "diversity": 0.11899559383553066, "efficiency": 0.34542850302778266, "cost": 0.9097353006454665, "score": 0.33573736840970253}