{"quality": 0.48719547919981887, "novelty": 0.05951374894723463, "diversity": 0.8232875740931854, "efficiency": 0.8093297669705821, "cost": 0.3593302836605532, "score": 0.41116103249492336}