{"quality": 0.2632063692950379, "novelty": 0.5346711492012735, "diversity": 0.3853793626300964, "efficiency": 0.7761985925213684, "cost": 0.7700535459878413, "score": 0.32913000489427013}