{"quality": 1, "novelty": 0.8633937751327989, "diversity": 0.5199754066872818, "efficiency": 0.5122709067880511, "cost": 1, "score": 0.5966841611388638}