{"quality": 0.9594332043811289, "novelty": 0.7769662979399456, "diversity": 0.4399797389669217, "efficiency": 0.6898657882319462, "cost": 0.5723737703998005, "score": 0.6163099747875214}