{"quality": 0.509290033058377, "novelty": 0.6452598091790739, "diversity": 0.2612045338126834, "efficiency": 0, "cost": 0.589035286746078, "score": 0.3074393403002104}