{"quality": 0.8934888590748973, "novelty": 0.8109518483950521, "diversity": 0.17409609877977944, "efficiency": 0.12269289664112124, "cost": 0, "score": 0.5240077740733563}