{"quality": 0.9535312081794126, "novelty": 0.14994374484781364, "diversity": 0.4037802382615374, "efficiency": 0.6493803627532775, "cost": 0.8675488826706652, "score": 0.41495351246400974}