{"quality": 0.4107096149141144, "novelty": 0.27076327962925895, "diversity": 0.17289860575476515, "efficiency": 0.5738823593973912, "cost": 0.35631120846870673, "score": 0.27593465859524013}