{"quality": 0.4664897564500375, "novelty": 0.5333318723415945, "diversity": 0.7495583260504217, "efficiency": 0.8931594748652055, "cost": 0.6015778830339077, "score": 0.4970076931568842}