{"quality": 0.7002172427863251, "novelty": 1, "diversity": 0.1257832397628637, "efficiency": 0.8193881266014094, "cost": 0.5758512723778131, "score": 0.5505449125409003}