{"quality": 0.16615309212570428, "novelty": 0.7713694532399085, "diversity": 0.3813041051572494, "efficiency": 0.8131246432787639, "cost": 0.05041202127681503, "score": 0.43587660634327136}