{"quality": 1.0, "novelty": 0.5310691688699829, "diversity": 0.4313915577660292, "efficiency": 0.5023836881738659, "cost": 0.15313029962946048}