{"quality": 0.006356750470853156, "novelty": 0.2094002338824925, "diversity": 0.24797864867380204, "efficiency": 0.4353750595386543, "cost": 0.8078933432097225, "score": 0.08836973795646537}