{"quality": 0.18103277350552122, "novelty": 0.10579572981171209, "diversity": 0.2562679858415514, "efficiency": 0.7013851087288971, "cost": 0.5518989973160163, "score": 0.18203022825062762}