{"quality": 0.9521293339875851, "novelty": 0.6168632499836337, "diversity": 1, "efficiency": 0.6028951884725176, "cost": 0.4772580018365823, "score": 0.6825630907794034}