{"quality": 0.18430158899665755, "novelty": 0.21009709463640552, "diversity": 0.5175970995738948, "efficiency": 0.12529483814000114, "cost": 0.7043738587062651, "score": 0.15969101012325126}