{"quality": 0.3938360644988623, "novelty": 1, "diversity": 0.45418913531462696, "efficiency": 0.7073008982312324, "cost": 0.07583494730952656, "score": 0.5575002864163163}