{"quality": 0.8027821380644596, "novelty": 0.875288929719118, "diversity": 0, "efficiency": 0.7566211690396583, "cost": 0.6597204011969473, "score": 0.5071780090853714}