{"quality": 0.37140496932002565, "novelty": 0.3712622827794313, "diversity": 0.6937610380108933, "efficiency": 0.6676823993307498, "cost": 0.5463290948856868, "score": 0.38850871950408794}