{"quality": 0, "novelty": 1, "diversity": 0.32072899451104697, "efficiency": 0.4144378529915828, "cost": 0.6668491797576065, "score": 0.30962655887518614}