{"quality": 0.898284525351088, "novelty": 0.9993434295292315, "diversity": 0.4129300094749044, "efficiency": 0.925342503639052, "cost": 0.9026147658877447}