{"quality": 0.37518570465850937, "novelty": 0.4444180139511447, "diversity": 0.8975375883995081, "efficiency": 0.9240423706758716, "cost": 0.1828548480209481, "score": 0.5234886033645265}