{"quality": 1, "novelty": 0, "diversity": 0.556944961501835, "efficiency": 0, "cost": 0.5744596907067135, "score": 0.3539430232296957}