{"quality": 0.882491990970443, "novelty": 0.6679491627004077, "diversity": 0.7182434998623625, "efficiency": 0.4467071547202189, "cost": 0.3097879731057836, "score": 0.6114108638361618}