{"quality": 0.22810472253243258, "novelty": 0.2660261757466641, "diversity": 0.20412535846299196, "efficiency": 1, "cost": 0.5160509408884462, "score": 0.27415793830014956}