{"quality": 0.7857541717542493, "novelty": 0.7826024585202748, "diversity": 0.9503288579064992, "efficiency": 0.7180354108578546, "cost": 0.37838991276419703, "score": 0.6913089580899019}