{"quality": 0.7419268357000318, "novelty": 0.7846121654576884, "diversity": 0.5492042586648448, "efficiency": 0.9196082850178247, "cost": 0.6868389626141229}