{"quality": 0.8200006905579968, "novelty": 0.7603817328909109, "diversity": 0.6240267313911816, "efficiency": 0.23910834804554223, "cost": 0.0}