{"quality": 0.05764026271612083, "novelty": 0.8908103029747376, "diversity": 0.7881781612435734, "efficiency": 0.7549170416613037, "cost": 0.6465232895461773, "score": 0.4462155141018131}