{"quality": 0.7858310628844211, "novelty": 0.8112928587815694, "diversity": 0.22197812188915722, "efficiency": 0.7878419256417053, "cost": 0.9680490685833963, "score": 0.5043395399264663}