{"quality": 1, "novelty": 0.2926484688351324, "diversity": 0.12320159844019235, "efficiency": 0.6779381046666985, "cost": 0.7080586396772783, "score": 0.42868728862909855}