{"quality": 0.535442489336277, "novelty": 0.47867568683051476, "diversity": 0.4624546431840599, "efficiency": 0.8349168239194227, "cost": 1, "score": 0.3980301207332372}