{"quality": 0.9909730549662862, "novelty": 0.626181338925304, "diversity": 0.3093561539330984, "efficiency": 0.8788222996351611, "cost": 0.04897008903531645}