{"quality": 0.9942924275086309, "novelty": 0, "diversity": 0.9510730477020837, "efficiency": 0.1588415501109065, "cost": 0, "score": 0.512328570309642}