{"quality": 0.27284508600988266, "novelty": 0.7205970326767586, "diversity": 0.8344261760966802, "efficiency": 0.21133246895035024, "cost": 0.5198700039793586, "score": 0.4086008891361072}