{"quality": 0.7387201605245313, "novelty": 0.24986450822724837, "diversity": 0.8000672404476832, "efficiency": 0.07569966240367249, "cost": 0.4179605485237805, "score": 0.4136545178118809}