{"quality": 0.5096265004394934, "novelty": 0.0, "diversity": 1.0, "efficiency": 0.6560842003615867, "cost": 0.05996937500451892}