{"quality": 0.38543737047023496, "novelty": 0.11410423135786857, "diversity": 0.7991960061283808, "efficiency": 0.006037441881567601, "cost": 0.8091830830247861, "score": 0.2239837781859703}