{"quality": 0.43541402285854836, "novelty": 0.7131654728916212, "diversity": 0.47396578715166315, "efficiency": 0.2719470007364285, "cost": 0.2830896161096522, "score": 0.4161918210103015}