{"quality": 0.31787218825885183, "novelty": 0.21622098682568797, "diversity": 0.4410711459061871, "efficiency": 0.6689816098779244, "cost": 0.1629416979522319, "score": 0.32168420405178044}