{"quality": 0.20333163081432323, "novelty": 0.5892501615008121, "diversity": 0.05198017312807196, "efficiency": 0.8880332663256074, "cost": 0.44285141770381, "score": 0.30762791242357446}