{"quality": 0.20819242515856354, "novelty": 0.4749747574284018, "diversity": 0.711644672252729, "efficiency": 0.3800820445437818, "cost": 0.9962248585892614, "score": 0.2809201721778565}