{"quality": 0.5990342906455197, "novelty": 0.6656595816591699, "diversity": 0.8401367947879539, "efficiency": 0, "cost": 0.18203049667568566, "score": 0.4959494918984706}