{"quality": 0.7003703986696408, "novelty": 0, "diversity": 0.07839507558463335, "efficiency": 0.6604339428571749, "cost": 0.3559281316103067, "score": 0.2892624129853645}