{"quality": 0.8233225149182609, "novelty": 0.5420911146765115, "diversity": 0.6959402996024392, "efficiency": 0.22812166179814825, "cost": 0.5093684491258188, "score": 0.5049889974222344}