{"quality": 1.0, "novelty": 0.6138777777973087, "diversity": 0.6896780297766538, "efficiency": 0.41414994414406303, "cost": 0.16572325820951583}