{"quality": 0, "novelty": 0.7045592204900932, "diversity": 0.8370539753011144, "efficiency": 0.6560257170587566, "cost": 0.4910518328804403, "score": 0.39284927445351564}