{"quality": 0.30633831362144814, "novelty": 0.7970129172275062, "diversity": 0.26924687182490825, "efficiency": 0.47741363069983106, "cost": 0.07245282645425316, "score": 0.40937085971784204}