{"quality": 0.7699274071726006, "novelty": 0.39493423166736075, "diversity": 0.577609306903871, "efficiency": 0.1796066502269092, "cost": 0.31643669573443556, "score": 0.44053096940998737}