{"quality": 0.31055910843102397, "novelty": 0.2202355411129267, "diversity": 0.9617027917046277, "efficiency": 0.2349119606542342, "cost": 0.9477607686720686, "score": 0.2810278933793927}