{"quality": 0.3992930123568247, "novelty": 1, "diversity": 0.974985190628529, "efficiency": 0.4248383529624944, "cost": 0, "score": 0.6285106947771273}