{"quality": 1.0, "novelty": 0.5853142393975099, "diversity": 0.6227790490508296, "efficiency": 0.2503172153907767, "cost": 0.21847850255425474}