{"quality": 0.33789883137894805, "novelty": 0.8360536990624036, "diversity": 1, "efficiency": 0.585783022314597, "cost": 0.15068754594169445, "score": 0.5831817729323054}