{"quality": 0.1905608459856527, "novelty": 0, "diversity": 0.7769526074648695, "efficiency": 0.6069638380704176, "cost": 0.19454991121371445, "score": 0.2841483598778609}