{"quality": 0.9669616850791654, "novelty": 0.6397524281841522, "diversity": 0.1665861589742995, "efficiency": 0.2276990782447919, "cost": 0.4953228897643372, "score": 0.4679664171249327}