{"quality": 0.44087993408966336, "novelty": 0, "diversity": 1, "efficiency": 0.881642285684706, "cost": 0.0957341916767793, "score": 0.454936903911927}