{"quality": 0.6789030732998202, "novelty": 0.38199662499377063, "diversity": 0.8495357901529984, "efficiency": 0.7715628553793445, "cost": 0.13927730912005334, "score": 0.5708839336638847}