{"quality": 0.492407618097047, "novelty": 0.6874082373867122, "diversity": 0.9594015978395498, "efficiency": 0.3442508489113997, "cost": 0.8852517701610383, "score": 0.47456711466430823}