{"quality": 0.6543474105023926, "novelty": 0.21508550063628462, "diversity": 0.4051895821157257, "efficiency": 0.128415428111798, "cost": 0.8815551091218381, "score": 0.26222031803752005}