{"quality": 0.8607171919982463, "novelty": 0.11387817707575404, "diversity": 0.7782874756526662, "efficiency": 0.703060017160281, "cost": 0.512810205246979, "score": 0.4965201790482899}