{"quality": 0.2190020500561662, "novelty": 0.0717783586105254, "diversity": 0.20829169492211508, "efficiency": 0.1879364707870043, "cost": 0.5839265380915761, "score": 0.09510136046279724}