{"quality": 0.08622955377959729, "novelty": 0.4779362170116213, "diversity": 0.147961844806775, "efficiency": 0.25179656140382345, "cost": 0.20471265518087084, "score": 0.19224350804062595}