{"quality": 0.7410987366742902, "novelty": 0.20243301049106088, "diversity": 0.2597154573009044, "efficiency": 0.8101614025276654, "cost": 0.7044299412165854, "score": 0.3759621813427244}