{"quality": 0.45456110601190264, "novelty": 0.6616077398023772, "diversity": 0.3106226667502192, "efficiency": 0.8159500873639012, "cost": 0.5336990580677039}