{"quality": 0, "novelty": 0.21645157072095794, "diversity": 0.9611907495832865, "efficiency": 0.27405894650315143, "cost": 1, "score": 0.18745988457236953}