{"quality": 0.5183612291722126, "novelty": 1, "diversity": 0.4359742122463872, "efficiency": 0.0991616333644817, "cost": 0.5228732989885652, "score": 0.4552901263067569}