{"quality": 0.16414166395011512, "novelty": 0.24583065884238547, "diversity": 0.5617418712141762, "efficiency": 0, "cost": 0.24139630423509634, "score": 0.1989089077149565}