{"quality": 0.60421726542548, "novelty": 0.14612076516688077, "diversity": 0.23320366928441927, "efficiency": 0.2537579111682786, "cost": 0.6913165305286187, "score": 0.23336813839862797}