{"quality": 0.5384899287117727, "novelty": 0.9053174850946966, "diversity": 0.7531127248564592, "efficiency": 0.9639787767001456, "cost": 0.41098704549769194}