{"quality": 0.8256078769766029, "novelty": 0.026848359054142734, "diversity": 0.6604905444675195, "efficiency": 0.3314919481359767, "cost": 0.2807719542119007, "score": 0.4081391585492269}