{"quality": 0.8535420006339746, "novelty": 0.2953957353179764, "diversity": 1, "efficiency": 0.2229416575194656, "cost": 0.8252817450484256, "score": 0.4808246081427638}