{"quality": 0.3779844445218508, "novelty": 0.9227255585861609, "diversity": 0.7973776031271714, "efficiency": 0.27779238756143776, "cost": 0.7921375031088085, "score": 0.46600735145186456}