{"quality": 0.48060479621435825, "novelty": 0.9256373915848191, "diversity": 0.6972645012404368, "efficiency": 0.4780913938821569, "cost": 0.7403095590861253, "score": 0.5127264401823107}