{"quality": 0.5017424176789769, "novelty": 0.2542660239157235, "diversity": 0.579306965338074, "efficiency": 0.13385212179961486, "cost": 0, "score": 0.35002844262018096}