{"quality": 0.36094907683625443, "novelty": 1, "diversity": 0.8900600017054787, "efficiency": 0.2325649800001468, "cost": 0.29417760259692083, "score": 0.541763710132302}