{"quality": 0.5086935475523572, "novelty": 0.646948236045334, "diversity": 0.1400680498792974, "efficiency": 0.5908838746996774, "cost": 0.8739300465408925, "score": 0.3435983098037625}