{"quality": 0.34294875577580197, "novelty": 1, "diversity": 1, "efficiency": 0.24295033780195235, "cost": 0.9140423772322868, "score": 0.4979229396798047}