{"quality": 0.8407566052327872, "novelty": 0.6876531739570253, "diversity": 0.4371730778588385, "efficiency": 0.8078742143992925, "cost": 0.8510901658461552, "score": 0.5476470062061385}