{"quality": 0.3446079515232689, "novelty": 0.8227368963021067, "diversity": 0.7454187707668491, "efficiency": 0.6638868870599886, "cost": 0.702108406229343, "score": 0.4875225561219411}