{"quality": 0.6829927655812009, "novelty": 0.4185469646986687, "diversity": 0.31699827510937395, "efficiency": 0.46909046743144245, "cost": 0.4458522431253378, "score": 0.3987125716730848}