{"quality": 0.9607030625049519, "novelty": 0.026551745330351872, "diversity": 0.12816526574162918, "efficiency": 0.6333682351117015, "cost": 0.5499853192710624, "score": 0.36048861157204826}