{"quality": 0.9297541842784489, "novelty": 0.2512477978320934, "diversity": 0.4783651020620958, "efficiency": 0.873015835251233, "cost": 0.6958144334854439, "score": 0.49878215709311774}