{"quality": 0, "novelty": 0.47903965678297117, "diversity": 0.3812169761947508, "efficiency": 0.669016015373898, "cost": 0.40276624836343106, "score": 0.2560790869044346}