{"quality": 0.815835571273969, "novelty": 0.5722967612041776, "diversity": 1, "efficiency": 1, "cost": 0.28301277172768413, "score": 0.7095235845104667}