{"quality": 0.775533772030168, "novelty": 1, "diversity": 0.45858329334556136, "efficiency": 0.7682292519751895, "cost": 0.8579770521638732, "score": 0.6038134728580539}