{"quality": 0.9934125078944167, "novelty": 0.3705067568879906, "diversity": 0.7618516353894395, "efficiency": 0.3995009278028643, "cost": 0.562286305422961, "score": 0.5467172772963441}