{"quality": 0.21531247742129767, "novelty": 0.5910794066606045, "diversity": 0.42863423419690105, "efficiency": 0.5185936017784666, "cost": 0.7370210575380289, "score": 0.30217737624388774}