{"quality": 0.689944161304759, "novelty": 0.068731057068007, "diversity": 0.470888224381139, "efficiency": 0.7124258125771716, "cost": 0, "score": 0.425207529421233}