{"quality": 0.5192448913191503, "novelty": 0.18520474596860664, "diversity": 0.9451463149277453, "efficiency": 0.6066282312261302, "cost": 0.27387714621935105, "score": 0.45471043693543023}