{"quality": 1, "novelty": 0.4302567321786995, "diversity": 0.2952856240792877, "efficiency": 0.7682747528740754, "cost": 0.8528393222444389, "score": 0.4965785885671998}