{"quality": 0.5298501006865082, "novelty": 0.669138482082599, "diversity": 0.7347785509390052, "efficiency": 0.685101042500261, "cost": 0.7445357486021964, "score": 0.5015069424292228}