{"quality": 0, "novelty": 0.9414123628006905, "diversity": 0.038613916235969575, "efficiency": 0.5630713048500925, "cost": 0.8214841367052615, "score": 0.24538815600435426}