{"quality": 0.682790426125157, "novelty": 0.32180477216691594, "diversity": 0.2883421303311869, "efficiency": 0.24745379321845867, "cost": 0.367043294953707, "score": 0.3433704864329115}