{"quality": 0.3693521549462494, "novelty": 0.692121959613365, "diversity": 0.651538899966785, "efficiency": 0.7447622524446152, "cost": 0.9669659009372021, "score": 0.4291616641535452}