{"quality": 0.1696313606169555, "novelty": 0, "diversity": 0.8572983594567755, "efficiency": 0.4760819478083296, "cost": 0.3103942926715553, "score": 0.26272194298053564}