{"quality": 0.9338414847733163, "novelty": 0.6644441255855593, "diversity": 1, "efficiency": 0.1453631938540853, "cost": 1, "score": 0.5680679559064975}