{"quality": 1, "novelty": 0.3324054211988473, "diversity": 0.5020903025622736, "efficiency": 0.3300997053112294, "cost": 0.7638700445706461, "score": 0.45664736715178633}