{"quality": 0.3443072892674279, "novelty": 0.2915418904914477, "diversity": 0.46545487406105, "efficiency": 0.011176273535506376, "cost": 0.9045102023326062, "score": 0.1804940550123656}