{"quality": 0.04496095362395433, "novelty": 0.04337521593653065, "diversity": 0.4819058866310422, "efficiency": 0.6899021177794057, "cost": 0.6775765644663289, "score": 0.1564409286178054}