{"quality": 0.8407801504996659, "novelty": 0.17646203390154425, "diversity": 0, "efficiency": 0, "cost": 0.9648689162707381, "score": 0.199862661998212}