{"quality": 0.4783853639242709, "novelty": 0.7608678653277252, "diversity": 0.09481792069962307, "efficiency": 0.7637496906794656, "cost": 0.606277545179483, "score": 0.40663085873310867}