{"quality": 0, "novelty": 0.7396123175136949, "diversity": 0.5257940436613054, "efficiency": 0.5607530353997985, "cost": 0.28128838311800336, "score": 0.34604600510885425}