{"quality": 0.6397465475504773, "novelty": 0.4353283622893859, "diversity": 0.15384104425392803, "efficiency": 0.7424468244177695, "cost": 0.023060668652205962, "score": 0.44058522048572013}