{"quality": 0.6360631880700454, "novelty": 0.25777919984144, "diversity": 0.5967585867561458, "efficiency": 0.025487731850044867, "cost": 0.7060011720902173, "score": 0.30783851630108783}