{"quality": 0.052832454678883395, "novelty": 0.018629402914745075, "diversity": 0.38244382530216564, "efficiency": 0.64693541028906, "cost": 0.7246663923996292, "score": 0.12156952449618048}