{"quality": 0.28172877056020923, "novelty": 0.05837758514227087, "diversity": 0.32293219172406146, "efficiency": 0.5802855984501116, "cost": 0.1567209034466438, "score": 0.23507021522129518}