{"quality": 0.4593233891007169, "novelty": 0.5525592140371092, "diversity": 0.5120966335056274, "efficiency": 0.8054046912150996, "cost": 0.8212747635774307, "score": 0.4170393742651397}