{"quality": 0.42801547840596466, "novelty": 0.5466996084929409, "diversity": 0.7535182139322755, "efficiency": 0.8544538454453495, "cost": 0.6207245993337599, "score": 0.48187880531490607}