{"quality": 0.2720224211088539, "novelty": 0.27510566680677856, "diversity": 0.9740016094686137, "efficiency": 0, "cost": 0.25082325401033223, "score": 0.32010113952704033}