{"quality": 0.7728588484172523, "novelty": 0.22795770605214524, "diversity": 0.656787939968702, "efficiency": 0.9557177713736548, "cost": 0.8182699862012845}