{"quality": 0.20391904178367543, "novelty": 0.1716665281051848, "diversity": 0.27817034204324365, "efficiency": 0.45764859442758477, "cost": 0.642522209721428, "score": 0.16412148116204248}