{"quality": 0.6523463668015433, "novelty": 0.10397189614385771, "diversity": 0.6012224485600277, "efficiency": 0.3901438147040337, "cost": 1, "score": 0.300462945994038}