{"quality": 0, "novelty": 0.4610691669632486, "diversity": 0.8427478985163117, "efficiency": 1, "cost": 0.11196113661934762, "score": 0.4226207577821398}