{"quality": 0.8756605898272574, "novelty": 1, "diversity": 0.0014293884453578654, "efficiency": 0.4222353419206166, "cost": 0.3989967820368135, "score": 0.53641967772166}