{"quality": 0.9746215558634597, "novelty": 0.6819226419712743, "diversity": 0.8856783192384292, "efficiency": 0.8795464633835623, "cost": 0.24140655418799456, "score": 0.7477941051882772}