{"quality": 0, "novelty": 0.038745857569563585, "diversity": 1, "efficiency": 0.5727396444924614, "cost": 0.034256038992533266, "score": 0.2921718071670068}