{"quality": 0.8103167713897639, "novelty": 0.8171371727767025, "diversity": 0.027013535305973918, "efficiency": 0.5129038186480376, "cost": 0.5563477081544351, "score": 0.47408283365406156}