{"quality": 0, "novelty": 0.2911776952452565, "diversity": 0.37063102647272195, "efficiency": 0.3162989225409368, "cost": 0.13238518644569786, "score": 0.18112694884242925}