{"quality": 0.71736823267399, "novelty": 0.176037324258194, "diversity": 0.6832838339984795, "efficiency": 0.17818077921209496, "cost": 0.4123911336302698, "score": 0.38136457118522865}