{"quality": 0.9845579503589594, "novelty": 0.32553860674196866, "diversity": 0.38505455709543873, "efficiency": 0.44124575100961283, "cost": 0.8007280923379333, "score": 0.4398770016299164}