{"quality": 0.408123059989192, "novelty": 0.8621082338676676, "diversity": 0.29053466535909017, "efficiency": 0, "cost": 0.05120911822652005, "score": 0.3909499977128405}