{"quality": 0.6036041880445723, "novelty": 0.7595396069034401, "diversity": 0.3396159438549165, "efficiency": 0.8724133925431676, "cost": 0.6852117715788058, "score": 0.5012301786338097}