{"quality": 0.6373292715696552, "novelty": 0.6386368992858462, "diversity": 0.8115902469530113, "efficiency": 0.4108868256008299, "cost": 0.818162244754651, "score": 0.4929928550476197}