{"quality": 0.8687967784288385, "novelty": 0.18037504542146127, "diversity": 0.10634693582826577, "efficiency": 0.19299919915076455, "cost": 0.8882373920620004, "score": 0.26712832271608455}