{"quality": 0.5985158063805416, "novelty": 0.1156562684980193, "diversity": 0.06415182668040981, "efficiency": 0.3144349403747961, "cost": 0, "score": 0.2684644154309686}