{"quality": 0.17734231591386995, "novelty": 1, "diversity": 0.10434947160935124, "efficiency": 0.9586630112165847, "cost": 0.48467738547979333, "score": 0.4194043022305396}