{"quality": 0.9002643353539835, "novelty": 0.8855039084648804, "diversity": 0.05826913112931048, "efficiency": 0.8414936913901739, "cost": 0.08312419075412184, "score": 0.6210207385813912}