{"quality": 0.1422847220654826, "novelty": 0.3217196152522237, "diversity": 0.2735923165640098, "efficiency": 0.22585380479601186, "cost": 0.6447602200722911, "score": 0.14723583245767535}