{"quality": 0.17577361642817607, "novelty": 0.5316293129930816, "diversity": 0.8120066988293876, "efficiency": 0.4826645268835674, "cost": 0.6076578550238481, "score": 0.359674646472751}