{"quality": 0.10176318048437125, "novelty": 0.08156634961664813, "diversity": 0.391289896100229, "efficiency": 0, "cost": 0.9231606778493289, "score": 0.03686245298458632}