{"quality": 0.37312308154656293, "novelty": 0.6940313251683187, "diversity": 0.6926643855761438, "efficiency": 0.3772759142672654, "cost": 0.8479912622107648, "score": 0.39576989379029065}