{"quality": 0.455903175549776, "novelty": 0.23769842734672425, "diversity": 0, "efficiency": 0.5735918830742406, "cost": 0.17362246076100019, "score": 0.26487209588664995}