{"quality": 0, "novelty": 0.4881456191623774, "diversity": 0.8852610944666256, "efficiency": 0, "cost": 0.19627018351751094, "score": 0.27946160533216835}