{"quality": 0.20627248453700256, "novelty": 0, "diversity": 0.7398821820410255, "efficiency": 0.5516364462829406, "cost": 0.46978856440442024, "score": 0.2456247922713049}