{"quality": 0.007688066842937782, "novelty": 0.28951884185183846, "diversity": 0.5540916377799547, "efficiency": 0.7561702436047131, "cost": 0.8154897497563615, "score": 0.21738101963690273}