{"quality": 0.20130886835143452, "novelty": 0.045214098795091584, "diversity": 0.8110619083326434, "efficiency": 0, "cost": 0.5106767175231877, "score": 0.18284089511841314}