{"quality": 0.2140614729293847, "novelty": 0.8377017479717479, "diversity": 0.9022323624012345, "efficiency": 0.402345981670722, "cost": 0.33841105885988376, "score": 0.4806011427166193}