{"quality": 0.7313451898561907, "novelty": 0.14065203431241413, "diversity": 1, "efficiency": 0.7190543232909838, "cost": 0.7191988110529087, "score": 0.49050483292331737}