{"quality": 0.7816618311965433, "novelty": 0.07273793698424968, "diversity": 0.06372192142898536, "efficiency": 0.19957735685024372, "cost": 0.03642851976254957, "score": 0.2917211694421041}