{"quality": 0.3508939421165257, "novelty": 0.7729864852100702, "diversity": 0.38586589565619106, "efficiency": 0.34303457456888076, "cost": 0, "score": 0.4271431692540456}