{"quality": 0.1489028888271866, "novelty": 0.027307882908668285, "diversity": 0, "efficiency": 0.8294964110841664, "cost": 0.1756999851122994, "score": 0.15835230052671806}