{"quality": 0.554643885995358, "novelty": 0.8194683452171665, "diversity": 0.8508774576110496, "efficiency": 0.9067336648311377, "cost": 0.6131811078086009}