{"quality": 0.22125778960876794, "novelty": 0.03648611438806662, "diversity": 0.05293718919096882, "efficiency": 0.8624346006516177, "cost": 0.7602544925234789, "score": 0.13942604416323556}