{"quality": 0.19423783023412577, "novelty": 0.12129023730711441, "diversity": 1, "efficiency": 0, "cost": 0.8457696626796181, "score": 0.20401694212905458}