{"quality": 0.19537117621247435, "novelty": 0.3458298832749679, "diversity": 0.49658417471360217, "efficiency": 0.7245976154557459, "cost": 0.17471575510342924, "score": 0.3356037254332237}