{"quality": 0, "novelty": 1, "diversity": 0.11704174422283337, "efficiency": 0.6630884159725388, "cost": 0.8627254465689793, "score": 0.28659906658354956}