{"quality": 0.3634422255546237, "novelty": 0.6157961536624156, "diversity": 0.5887474446507599, "efficiency": 0.5305229434370298, "cost": 0.15802516249498888, "score": 0.4445071202781985}