{"quality": 0.5761586324106028, "novelty": 1.0, "diversity": 0.3796501372644946, "efficiency": 0.5242235330680386, "cost": 0.48595460188319106}