{"quality": 1, "novelty": 0.43591891268004535, "diversity": 0.20123674958733484, "efficiency": 0.8118828284747152, "cost": 0.3161823182843133, "score": 0.5393912705302542}