{"quality": 0.5750915920596813, "novelty": 0.05075092307778736, "diversity": 0.9103061239576331, "efficiency": 0.12180561479200902, "cost": 0.5767333030411084, "score": 0.3278739450935684}