{"quality": 0.7275699346424085, "novelty": 0.5115879585510621, "diversity": 0.6298283280506366, "efficiency": 0.05407589133989163, "cost": 0.8807221590769474, "score": 0.39217280343390437}