{"quality": 0.20114433713907023, "novelty": 0.6102181672745408, "diversity": 0.2154477458411586, "efficiency": 0.5339681444748157, "cost": 0.8884318471314692, "score": 0.24723942908666344}