{"quality": 0.39956244304726185, "novelty": 0.7015667129470945, "diversity": 0.35227012076643266, "efficiency": 0.84431712758555, "cost": 0.4722138128504623, "score": 0.44514062315702496}