{"quality": 0.1523295646832304, "novelty": 0.21817455151963247, "diversity": 0.1942783267240888, "efficiency": 0.9615083859716196, "cost": 0.3866996217377734, "score": 0.2446544683516606}