{"quality": 0.3387419014274393, "novelty": 0.6799206890960626, "diversity": 0, "efficiency": 0.6897329777557126, "cost": 0.9989647454192233, "score": 0.275166214823682}