{"quality": 0.8079925537504865, "novelty": 0.07035726158256952, "diversity": 0.7862727669736163, "efficiency": 0, "cost": 0.8509696902526149, "score": 0.3321446658902501}