{"quality": 0.30769122105889174, "novelty": 1, "diversity": 0.7595124170691979, "efficiency": 0.37393160839058814, "cost": 0.9710422778698007, "score": 0.4531953632031152}