{"quality": 0.08774487867130185, "novelty": 0.15798852995049673, "diversity": 0.7991620863807533, "efficiency": 1, "cost": 0.6531168563090987, "score": 0.31034132773425555}