{"quality": 0.5323504028444094, "novelty": 0.49514991214434934, "diversity": 0.5795851456133547, "efficiency": 0.42310023811091985, "cost": 0.2886957218132124, "score": 0.4340050915473978}