{"quality": 0.26624367944367294, "novelty": 0.050041482470361304, "diversity": 0.12677316883881098, "efficiency": 0.5389466573636812, "cost": 0.7677334059313918, "score": 0.1218067662298674}