{"quality": 0.9682845367482235, "novelty": 0.2386286597971013, "diversity": 0.580629102001539, "efficiency": 0.7722398544138178, "cost": 0.6538316633464621}