{"quality": 0.25754602252679515, "novelty": 0.056218854128357074, "diversity": 0.18040394779861474, "efficiency": 0.7446181617421289, "cost": 0.9191312811541115, "score": 0.14717890599575895}