{"quality": 0, "novelty": 0.9363270193699069, "diversity": 0.13527515008923785, "efficiency": 0.6321465308719236, "cost": 0.34212325016220246, "score": 0.3217464394748926}