{"quality": 0.01125137560646261, "novelty": 0.8380312440888668, "diversity": 0.5983483575025974, "efficiency": 0.7754266556210841, "cost": 0.1487674960297724, "score": 0.43399014394486035}