{"quality": 0.9485947690277609, "novelty": 0, "diversity": 0.5087676302225849, "efficiency": 0.8480818865810607, "cost": 0.8641432938643704, "score": 0.42712991035356723}