{"quality": 0.31002671043629915, "novelty": 0.31457030544727876, "diversity": 0.6072759213468977, "efficiency": 1, "cost": 0.8295561842666925, "score": 0.3601501553354198}