{"quality": 0.32309163962652426, "novelty": 1, "diversity": 0.39581360545096467, "efficiency": 0.51466000480839, "cost": 0.0710602115657743, "score": 0.4961831925428313}