{"quality": 0.6345172559796308, "novelty": 1, "diversity": 0.2513924596908277, "efficiency": 0.9318732654442278, "cost": 0.36130262237350647, "score": 0.5942843963113383}