{"quality": 0.9786383784024077, "novelty": 0.8051499569960893, "diversity": 0.8199380793063817, "efficiency": 0.9247374610118888, "cost": 0.2664423664175067}