{"quality": 0.3218011096907758, "novelty": 0.3902567393618559, "diversity": 0.9078456591725088, "efficiency": 0.7510293292050446, "cost": 0.978570033580397, "score": 0.3904710456049155}