{"quality": 0.33870836520831216, "novelty": 0.22779356167144835, "diversity": 0.6840942720766336, "efficiency": 0.12052008815950281, "cost": 0.2346245472295933, "score": 0.28999531289664854}