{"quality": 0.5324826589722946, "novelty": 0.6201715869544324, "diversity": 0.2396646045343845, "efficiency": 1, "cost": 0.3707171310303735, "score": 0.47564890223413603}