{"quality": 0.1549428070217322, "novelty": 0.7034082974733202, "diversity": 0.9217487688408962, "efficiency": 0.9394851921249889, "cost": 0.4375119132938681, "score": 0.5038562577323904}