{"quality": 0.7082713423828955, "novelty": 1, "diversity": 0.6620168509239824, "efficiency": 0, "cost": 0.9847696654566795, "score": 0.49640780635399717}