{"quality": 0.5316823564249583, "novelty": 0.6687233635860448, "diversity": 0.8985308628213056, "efficiency": 1.0, "cost": 0.034337449281439614}