{"quality": 0.11806360663549287, "novelty": 0.7188570759621661, "diversity": 0.20830414493820426, "efficiency": 0.30572595679687514, "cost": 0.07669018371930564, "score": 0.29498405511643094}