{"quality": 0, "novelty": 0.2637979464024642, "diversity": 0.45176473159219893, "efficiency": 0, "cost": 0.2640240427213779, "score": 0.12990002864691802}