{"quality": 0.2815992911253232, "novelty": 0.21870588873512642, "diversity": 0, "efficiency": 0.21555636680397863, "cost": 0.12645722437656187, "score": 0.15884399210431915}