{"quality": 0.12426101021446216, "novelty": 0.6097378020672888, "diversity": 1, "efficiency": 0.3971049786029465, "cost": 0, "score": 0.44927850037160283}