{"quality": 0.3968467373812754, "novelty": 1, "diversity": 0.7609915356935995, "efficiency": 0.5053140156418909, "cost": 1, "score": 0.49704943069938623}