{"quality": 0.40415994293010504, "novelty": 0.9798728424860347, "diversity": 0.8369702420070029, "efficiency": 0.21386988551966182, "cost": 0.9093602038297259}