{"quality": 0.7204835676854596, "novelty": 0.1113593451806986, "diversity": 0.8712115797780996, "efficiency": 0, "cost": 0.5524748396102016, "score": 0.3629797385954122}