{"quality": 0.973828547518234, "novelty": 0.28742687716030124, "diversity": 0.6056432553989429, "efficiency": 0.6629735829742767, "cost": 0.7460138355478698, "score": 0.5099785885166886}