{"quality": 0.7931698353478125, "novelty": 0.9977103395707018, "diversity": 0.7146292452554968, "efficiency": 0.3692202277049063, "cost": 0.5705407260830222, "score": 0.6286333460955523}