{"quality": 0.771285466534527, "novelty": 0.5615429669280949, "diversity": 0.6510622563689742, "efficiency": 0.21087657403166088, "cost": 0.1545921893244031, "score": 0.5181561001384855}