{"quality": 0.29274194391081554, "novelty": 0.6413001195936835, "diversity": 0.9902705355066785, "efficiency": 0.5030558114703833, "cost": 0, "score": 0.5216600918935588}