{"quality": 0.5687600282066861, "novelty": 0.5254625523621983, "diversity": 1, "efficiency": 0.49207083792082884, "cost": 0.22330692275274505, "score": 0.5534735799654052}