{"quality": 0.7890620324266628, "novelty": 0.22176193025719382, "diversity": 0.23526553987146018, "efficiency": 0.4732296775542032, "cost": 0.3091698120122179, "score": 0.37927967069849805}