{"quality": 0.6600359171982462, "novelty": 0.697733874612862, "diversity": 0.5416182364408276, "efficiency": 0.2531621669350732, "cost": 0.5813439400095339, "score": 0.46060782214016244}