{"quality": 0.25546349477589453, "novelty": 0.009442603349744255, "diversity": 0.18901491624091027, "efficiency": 0, "cost": 0.5280026957263023, "score": 0.06400241294575625}