{"quality": 0.9907909190203035, "novelty": 0.1561168427937139, "diversity": 0.1667502781194079, "efficiency": 1, "cost": 0.7862186085659205, "score": 0.44099468117180907}