{"quality": 0.42690855163784963, "novelty": 0.4722348519328805, "diversity": 0.2845082581627668, "efficiency": 0.6684930941284413, "cost": 0.12296186121770808, "score": 0.3910107081046238}