{"quality": 0.2323283498534178, "novelty": 0.3161890062961984, "diversity": 0.41431457282403483, "efficiency": 0.40919953731922826, "cost": 0.12958635980430505, "score": 0.2800299657123356}