{"quality": 0.12286731852263877, "novelty": 0.4102799862553427, "diversity": 0.8753677892494723, "efficiency": 0.5741144969312482, "cost": 0.41649090965693136, "score": 0.35897183354451584}