{"quality": 0.4631065353972922, "novelty": 0.3983613976584311, "diversity": 0.802173579312598, "efficiency": 0.3676379501109861, "cost": 0.5119106946309425, "score": 0.4029116489498687}