{"quality": 0.26874239030072855, "novelty": 0.9028269309772206, "diversity": 0.4643579237240228, "efficiency": 0.21050880449602788, "cost": 0.11457568745171301, "score": 0.41931978650856117}