{"quality": 0.15424814646170096, "novelty": 0.5933814468765757, "diversity": 0.8028400286854263, "efficiency": 0, "cost": 0.7061193249220606, "score": 0.28457587890253344}