{"quality": 0.8963378572373646, "novelty": 0.15774066880048115, "diversity": 0.11398276617290143, "efficiency": 0.09982366054380898, "cost": 0.35452903800669183, "score": 0.31065372288681214}