{"quality": 0.8272930291604534, "novelty": 0.6179905910359489, "diversity": 0.8813095429003309, "efficiency": 0.45931866307753905, "cost": 0.32870737660251814}