{"quality": 0.35719961815976176, "novelty": 0.4887941128084839, "diversity": 0.6757878937676939, "efficiency": 0.8901910324759816, "cost": 0.4647457592186256, "score": 0.451570071353123}