{"quality": 0.22819926273446184, "novelty": 0.1470117596563021, "diversity": 0, "efficiency": 0.6357586550483633, "cost": 0.503528070902961, "score": 0.15022370990137246}