{"quality": 1, "novelty": 0.894838317981951, "diversity": 0.6048192350037966, "efficiency": 0.8146354959945306, "cost": 0.12836896888098273, "score": 0.7540318540073284}