{"quality": 0.379580458260115, "novelty": 0.5447651347302073, "diversity": 0.3805387381783758, "efficiency": 0.9164541784383673, "cost": 0.45045289419014967, "score": 0.4185960061430016}