{"quality": 0.9687695140334673, "novelty": 0.44263610797098074, "diversity": 0.7663527464015857, "efficiency": 0.7793412925023465, "cost": 0.4284224707426376, "score": 0.6286193772841908}