{"quality": 0.32486269559492625, "novelty": 0.7445922760996012, "diversity": 0.6364062053352219, "efficiency": 0.5763608021631883, "cost": 1, "score": 0.39734223909490074}