{"quality": 0.4777970609371528, "novelty": 0.7686616821816872, "diversity": 0, "efficiency": 0.6977121425944313, "cost": 0.7641291788753721, "score": 0.36374844232819503}