{"quality": 0.7127080888711468, "novelty": 1, "diversity": 0.2854659405038877, "efficiency": 0.5732043339807151, "cost": 0.11993864554688582, "score": 0.5948924003045404}