{"quality": 0.03205465286932396, "novelty": 0.7157526835870481, "diversity": 0.4889836983395485, "efficiency": 0.25793098880568277, "cost": 0.8898014487303756, "score": 0.23606080987328376}