{"quality": 0.21977065281545743, "novelty": 0, "diversity": 0.7877914839585738, "efficiency": 0.37108852950850707, "cost": 0.6971570984467264, "score": 0.20943706221795544}