{"quality": 0.7298983480874908, "novelty": 0.40107534852258464, "diversity": 0.4401410116277194, "efficiency": 0.30339449598682056, "cost": 0.7230727677795801, "score": 0.3804684415025023}