{"quality": 0.8291651400827303, "novelty": 0.5810125090290388, "diversity": 0.5803776197784887, "efficiency": 0.9475396237833407, "cost": 0.24438716885154915, "score": 0.6277704199201227}