{"quality": 0.704901438355755, "novelty": 0.39644142482199973, "diversity": 0.19286688926256088, "efficiency": 0.35922162241523997, "cost": 0, "score": 0.4030374089270246}