{"quality": 0.6528344366513068, "novelty": 0.6701258367821044, "diversity": 0.564072712228032, "efficiency": 1, "cost": 0.6916390547405031, "score": 0.5570324271624743}