{"quality": 0, "novelty": 0.7301179612082713, "diversity": 0.23770455603843038, "efficiency": 0.8337624214266224, "cost": 0.44423793453464216, "score": 0.3107109712702831}