{"quality": 0.43211416058537766, "novelty": 0.2734558001848043, "diversity": 0.7402626277466101, "efficiency": 0.6551176688022792, "cost": 0.7379293271202144, "score": 0.37052544137945675}