{"quality": 0.7560564974933405, "novelty": 0.9761599798820504, "diversity": 0.41696686188023757, "efficiency": 0.5586038818864403, "cost": 0.4402333605798439, "score": 0.594017562819544}