{"quality": 0.0022190123945884377, "novelty": 0.83816603579651, "diversity": 0.6515048474498679, "efficiency": 0.5962823938198231, "cost": 0.49912742366648577, "score": 0.3800377988638025}