{"quality": 0.15779906601921462, "novelty": 0.6068379405651313, "diversity": 0.019660548321268845, "efficiency": 0.4444831120847928, "cost": 0.8740281663628078, "score": 0.1822509647877391}