{"quality": 0.8095075025506884, "novelty": 0.4569315654481843, "diversity": 0.14293638092116687, "efficiency": 0.05468610553386899, "cost": 0.8913325392852204, "score": 0.3047420802130442}