{"quality": 0.636377288368742, "novelty": 0.16932582855891287, "diversity": 0.9119215768049913, "efficiency": 0.6689470787311264, "cost": 0.5096250091512906, "score": 0.46500851990588904}