{"quality": 0.09687843644869398, "novelty": 0.7352748676337041, "diversity": 0.8435727312769475, "efficiency": 0.5989951585096326, "cost": 0.09343976887014671, "score": 0.462102090987854}