{"quality": 0.19782430679368723, "novelty": 0.9517940450027176, "diversity": 0.8790553741081606, "efficiency": 0.5697376067929658, "cost": 0.35538036718163846, "score": 0.5230294824111988}