{"quality": 1.0, "novelty": 0.7043056224552617, "diversity": 0.783255891043776, "efficiency": 0.9338042162598239, "cost": 0.30750668545787374}