{"quality": 0.47167942071122726, "novelty": 0.9353366157716487, "diversity": 0.5157725116318372, "efficiency": 0.770593347182916, "cost": 0.6588807030364432, "score": 0.528193414256441}