{"quality": 0.971881222391314, "novelty": 0.05533245574535031, "diversity": 0.4307512401416164, "efficiency": 0, "cost": 0.09102857737630982, "score": 0.3824448709444241}