{"quality": 0.5528833020681276, "novelty": 0.27424314594394394, "diversity": 0.6056821368614205, "efficiency": 0.5636275166371503, "cost": 0.2728150173139946, "score": 0.4128248302428814}