{"quality": 0.7830868559604631, "novelty": 0.7557902489800833, "diversity": 0.8751690199920259, "efficiency": 1, "cost": 0.01403828667877205, "score": 0.7475035943636877}