{"quality": 0.341072657173243, "novelty": 1, "diversity": 1, "efficiency": 0.8098288705120383, "cost": 0.04794827746362476, "score": 0.6690012999824162}