{"quality": 0.2368016247572729, "novelty": 0.2261814797040277, "diversity": 0.7877390644663904, "efficiency": 0.01856765704255925, "cost": 0.9183750794376698, "score": 0.19608131085908376}