{"quality": 0.6401439525697488, "novelty": 0.23102509439244315, "diversity": 0.1396575145658435, "efficiency": 0.5208393064490378, "cost": 0.7708921559390528, "score": 0.27876764265565446}