{"quality": 0.3563595467182999, "novelty": 0.6713702020518963, "diversity": 0.6884501627482119, "efficiency": 0.4673441805209937, "cost": 0.679016473547412, "score": 0.4146404268015143}