{"quality": 0.2883195394653755, "novelty": 0.44334098022692897, "diversity": 0.18068936686831466, "efficiency": 0.8267848851631745, "cost": 0.23248644517623013, "score": 0.334238068526861}