{"quality": 0.9376233560571086, "novelty": 1, "diversity": 0, "efficiency": 0.6684488462717535, "cost": 1, "score": 0.5315543337578955}