{"quality": 1, "novelty": 0.34999117599038393, "diversity": 0.15481112682007486, "efficiency": 0.3715163476039356, "cost": 0.6671409850974364, "score": 0.40747337299245767}