{"quality": 1, "novelty": 0.7691706506115473, "diversity": 0.825931376876921, "efficiency": 0.293415600768173, "cost": 1, "score": 0.601491278143497}