{"quality": 0.7476888523787841, "novelty": 0.20704657639065535, "diversity": 0, "efficiency": 0.9131256797283954, "cost": 0.2674903004359062, "score": 0.3862881217269677}