{"quality": 0.5062283226143692, "novelty": 0.5400787671401963, "diversity": 0.6413675334955494, "efficiency": 0.30232612655247215, "cost": 0.1574169419163699, "score": 0.4447689200597035}