{"quality": 0.6383303593002063, "novelty": 0.5787610350078249, "diversity": 1, "efficiency": 0.28632763188315014, "cost": 0.6130414897781862, "score": 0.5178343623466719}