{"quality": 0.4877380948593666, "novelty": 0.6127828326239344, "diversity": 0.4611386996442144, "efficiency": 0.4503081815757175, "cost": 0.5080778362929484, "score": 0.4084833201496992}