{"quality": 0.38891645313997736, "novelty": 0, "diversity": 0.23850314665599098, "efficiency": 0.6622393084090203, "cost": 0.533197244148162, "score": 0.21039173711972825}