{"quality": 0.06044113710001278, "novelty": 0.4440840321253401, "diversity": 0.4188392772193378, "efficiency": 0.6757038975922365, "cost": 0.14453712914569067, "score": 0.2998230763294728}