{"quality": 0.8134570505475411, "novelty": 0.7071365616202127, "diversity": 0.4913094510495916, "efficiency": 0.42803058012083395, "cost": 0.13837789527244584}