{"quality": 0.6544589190995529, "novelty": 0.38173046985741055, "diversity": 0.6790051965004339, "efficiency": 0.6991439634711119, "cost": 0.1252476496365276, "score": 0.5199181620513192}