{"quality": 0.816686084362932, "novelty": 0.9583522100930131, "diversity": 0.36840990049663097, "efficiency": 0.2668360659825517, "cost": 0.9280967138627955, "score": 0.5054915964425624}