{"quality": 0.5082679706892692, "novelty": 0.5223369966017154, "diversity": 0.13230791383612212, "efficiency": 0.5913564200862167, "cost": 0.5095199970431534, "score": 0.3472776864330512}