{"quality": 0.18012020741629248, "novelty": 0.21013711476546387, "diversity": 0.24077590348045733, "efficiency": 0.3258352896445672, "cost": 0.6491824126026438, "score": 0.1386825737987659}