{"quality": 1, "novelty": 0.12239264495861002, "diversity": 0.47195095597999687, "efficiency": 0.2368928783719398, "cost": 0.2633552167242461, "score": 0.4341867625190182}