{"quality": 0.06747654668823516, "novelty": 0.7000952920743434, "diversity": 0.2159509152406589, "efficiency": 0.503783898167786, "cost": 0.7150014235051843, "score": 0.24252441244783762}