{"quality": 0.8181839938121191, "novelty": 0.2942536732100276, "diversity": 0.627732228100977, "efficiency": 0.3500262256157062, "cost": 0.0}