{"quality": 0.8780351376564389, "novelty": 0.17625329512478105, "diversity": 0.4081459685980545, "efficiency": 0.31579250020927674, "cost": 0.693396406804562, "score": 0.36713229314867313}