{"quality": 0.550107476286942, "novelty": 0.4203423574526035, "diversity": 0.455788692330307, "efficiency": 0.6893131915127577, "cost": 0.656246679856221, "score": 0.39904788145658643}