{"quality": 0.7400689299362746, "novelty": 0.4668022116123444, "diversity": 0.6441721634170737, "efficiency": 0.6756381289352305, "cost": 0.8997496503673329, "score": 0.47892641887093446}