{"quality": 0.7207619403052731, "novelty": 0.8974435721393469, "diversity": 0.43955386683229997, "efficiency": 0.46997572328298354, "cost": 0.9104055392646497, "score": 0.5079560530588612}