{"quality": 0.42173577540812496, "novelty": 0.6163141422313472, "diversity": 0.4814102733463122, "efficiency": 0.33691069476303037, "cost": 0.24224210157812748, "score": 0.4031937169061785}