{"quality": 0.5779852308250144, "novelty": 0.7108778509272551, "diversity": 0.7079967295994463, "efficiency": 0.6115994425528717, "cost": 1, "score": 0.48445429428213815}