{"quality": 0.7105628110395459, "novelty": 0.44380348767762695, "diversity": 0.06441006640693592, "efficiency": 0.8173686305915713, "cost": 0.1513975848609161, "score": 0.4444672646153017}