{"quality": 0.38620426243647216, "novelty": 0.7127270721977473, "diversity": 0.7979246689316103, "efficiency": 0.32525084884201255, "cost": 0.7455705929479588, "score": 0.42785854859820655}