{"quality": 0.056902632953534954, "novelty": 0.5172761913160369, "diversity": 0.5332195861019702, "efficiency": 0.7277869011650149, "cost": 0.14164029655919963, "score": 0.348037760454296}