{"quality": 0.8944896740916239, "novelty": 0.5053420714048156, "diversity": 0.8941411371601291, "efficiency": 0.8617507348986821, "cost": 0.3782793581126401, "score": 0.6649453219342553}