{"quality": 0.6510708469211992, "novelty": 0.700202450176548, "diversity": 0.4601501405936044, "efficiency": 0.7174962025556539, "cost": 0.43748888659804835, "score": 0.5262774364627609}