{"quality": 0.3371835175401705, "novelty": 0.46876462304890887, "diversity": 0.7355582534646519, "efficiency": 0.21512643552939806, "cost": 0.5725808554047408, "score": 0.34046874150614437}