{"quality": 0.5970868900181769, "novelty": 0.22982122768637397, "diversity": 0.25143634431496686, "efficiency": 0.8503360930498798, "cost": 0.9469964299415587, "score": 0.31971941375336604}