{"quality": 0.9030281701501096, "novelty": 0.6208280366962621, "diversity": 0.5848787626335354, "efficiency": 0.581426610810536, "cost": 0.19503048610678914}