{"quality": 0.5044142760240699, "novelty": 0.5563336452433709, "diversity": 0.8682235310479025, "efficiency": 1, "cost": 0.3359024517509448, "score": 0.5804621551525497}