{"quality": 0.41953678993888105, "novelty": 0.6477406401760537, "diversity": 0.3444027817248387, "efficiency": 0.19228916075838792, "cost": 0.11335339939573102, "score": 0.3741847875448306}