{"quality": 0.12122733157094623, "novelty": 0.0848723516539226, "diversity": 0.47411505219214134, "efficiency": 0.7450161871036343, "cost": 0.04928831446642373, "score": 0.2592328944420956}