{"quality": 1, "novelty": 0.25690767743105225, "diversity": 0.7159243910332023, "efficiency": 0.5503077981696679, "cost": 0.9625539898783873, "score": 0.493702568302015}