{"quality": 0.6180268129581203, "novelty": 0.5034028884637685, "diversity": 0.19179347931990331, "efficiency": 0.01347898141423276, "cost": 0.39389354783651104, "score": 0.3122499542958427}