{"quality": 0.8959245972282516, "novelty": 0.7962803438037658, "diversity": 0.42256521897789084, "efficiency": 0.7668234708764479, "cost": 1, "score": 0.5673840295464622}