{"quality": 0.7248902922101383, "novelty": 0.837110957165634, "diversity": 0.8815580425812273, "efficiency": 0.736234589743735, "cost": 0, "score": 0.7134916239322557}