{"quality": 0.36965186737247036, "novelty": 0.04096353035537553, "diversity": 0.44708460602397904, "efficiency": 0.14918759772617884, "cost": 0.7527026862083361, "score": 0.157661235043474}