{"quality": 0.29284598853405897, "novelty": 1, "diversity": 0.9242145926944025, "efficiency": 0.03645972779021214, "cost": 0.4501912769742896, "score": 0.48314654657020106}