{"quality": 0.5185151714230565, "novelty": 0.609015381496496, "diversity": 0.25585642824913807, "efficiency": 0.10499565323463025, "cost": 0.2611687315220124, "score": 0.34861215728386186}