{"quality": 0.18961453548322219, "novelty": 0.6353392868506854, "diversity": 0.21165267075201663, "efficiency": 0, "cost": 0.9750073587364058, "score": 0.16054898063440073}