{"quality": 0.0316954031090553, "novelty": 0.22269200856559412, "diversity": 1, "efficiency": 1, "cost": 0.28371557474288667, "score": 0.38681006559982645}