{"quality": 0.5294068040753072, "novelty": 0.7315036783601201, "diversity": 0.7565477925696518, "efficiency": 0.42097936162889266, "cost": 0.7495350112389476, "score": 0.48120092244699164}