{"quality": 0.3067527823052507, "novelty": 0.6421277920937958, "diversity": 0.04419580089982056, "efficiency": 0.21628035069494472, "cost": 0.34837038765960937, "score": 0.25900195673326903}