{"quality": 0.531728412561355, "novelty": 0.602890382660603, "diversity": 0.0752032440142738, "efficiency": 0.16233093967117532, "cost": 0.3177996546817431, "score": 0.31785144371891405}