{"quality": 0.22459688669485534, "novelty": 0.17078049538653556, "diversity": 0.7575101744392326, "efficiency": 0.10694995314965569, "cost": 0.5075637416765584, "score": 0.22686234354772955}