{"quality": 0.30820772539513464, "novelty": 0.8559171939659893, "diversity": 0.3319003164613651, "efficiency": 0.8530117239008895, "cost": 0.3760042480033793, "score": 0.4631730131871063}