{"quality": 0.2098411848350628, "novelty": 0.1275709565346746, "diversity": 0.27289918492236387, "efficiency": 0.23631434996524353, "cost": 0.6550556737680286, "score": 0.11936651668664393}