{"quality": 0.6775283459644292, "novelty": 0.5539667804105087, "diversity": 0.5127472753203584, "efficiency": 0.16529983422845596, "cost": 0.7385280338908082, "score": 0.3952418257012152}