{"quality": 0.33635197090639646, "novelty": 0.6941330142350215, "diversity": 1, "efficiency": 0.6424914207832194, "cost": 0.5433699197437025, "score": 0.516475565973787}