{"quality": 0, "novelty": 0.6747287417988014, "diversity": 0.96363939097346, "efficiency": 0.07003548173354485, "cost": 0.48797373491859186, "score": 0.3231180124125648}