{"quality": 1, "novelty": 0.28689949484972965, "diversity": 0.32751048392611604, "efficiency": 0.4566937922411915, "cost": 0.8967910899169832, "score": 0.416051930342136}