{"quality": 0.6301693177312497, "novelty": 0.6185706065957755, "diversity": 0.4546359201448538, "efficiency": 0.4805688282470731, "cost": 0.11642903596633478, "score": 0.49506305163771697}