{"quality": 0.4549010948479503, "novelty": 0.5434886153474884, "diversity": 0.9775747194435828, "efficiency": 0, "cost": 0.6160535470016868, "score": 0.406252071479805}