{"quality": 0, "novelty": 0.17672468567189753, "diversity": 0.6768571284723744, "efficiency": 0.37156780135114625, "cost": 0.7004984794911602, "score": 0.16523791936600518}