{"quality": 0.8686053614496986, "novelty": 0.8350622419657812, "diversity": 0.27641308306959494, "efficiency": 0.14465732618328042, "cost": 0.8963970024255452, "score": 0.45668868422521136}