{"quality": 0.8337591570463954, "novelty": 0.7085559185476697, "diversity": 0.7892104210188702, "efficiency": 0.037432711153535525, "cost": 0.7217117991329125, "score": 0.5185525377143492}