{"quality": 0, "novelty": 0.07927532397434803, "diversity": 0.30358100301194746, "efficiency": 0.020228021235489252, "cost": 1, "score": -0.016430765218700127}