{"quality": 0.7858560479256281, "novelty": 0.8048836419103811, "diversity": 0.6653763568485467, "efficiency": 0.9988073803630985, "cost": 0.09522754988629481, "score": 0.7103513482908282}