{"quality": 1.0, "novelty": 0.939146891568958, "diversity": 0.28004746291183824, "efficiency": 0.35949218258817095, "cost": 0.6114469520534248}