{"quality": 0.45891355369833176, "novelty": 0.618680657406254, "diversity": 0.5822767492318135, "efficiency": 1, "cost": 0.49246306817928154, "score": 0.5095532734894975}