{"quality": 0.8155121586925799, "novelty": 0.5117279195807003, "diversity": 0.38656567094093064, "efficiency": 0.8798334625866288, "cost": 0.9608461135283592, "score": 0.48578916972629355}