{"quality": 0.2890162652090028, "novelty": 0, "diversity": 0.2782462871448785, "efficiency": 0.38751627698953606, "cost": 0.5617923135258649, "score": 0.14430234718752047}