{"quality": 0.6499005026701998, "novelty": 0.8507050710867968, "diversity": 0.3336096808830812, "efficiency": 0.9204433883279313, "cost": 0.825276689287163, "score": 0.5299071940698488}