{"quality": 0.6214156560411196, "novelty": 0.4386317859289961, "diversity": 0.6734608380697984, "efficiency": 0.5284593642166435, "cost": 0.5630900131079262, "score": 0.45373471423024847}