{"quality": 0.9732440799917521, "novelty": 0.6120118120703701, "diversity": 0.32964760001274335, "efficiency": 0.7325782134701206, "cost": 0.7218971974305335}