{"quality": 0.025610991605250044, "novelty": 0.20041852679160108, "diversity": 0.14725564395986546, "efficiency": 1, "cost": 0.38592077221164034, "score": 0.19864698075028434}