{"quality": 0.6884201133173207, "novelty": 0.4955412859615519, "diversity": 0.21344075304115734, "efficiency": 0.10560731352757646, "cost": 0.8158566276469044, "score": 0.3073549403582618}