{"quality": 0.5181282988898201, "novelty": 0.6308522045907772, "diversity": 0.20023876489545678, "efficiency": 0.7587246116437326, "cost": 0.6446143270569071, "score": 0.4025465528346009}