{"quality": 0.46998853409487884, "novelty": 0.47663150488911904, "diversity": 0.8182942076876869, "efficiency": 0.20672016735976473, "cost": 0.2664169476920464, "score": 0.4281796083230409}