{"quality": 0.8854414348380177, "novelty": 0.9439511240455414, "diversity": 0.448428671575311, "efficiency": 0.2584348925087099, "cost": 0.049906285387446764, "score": 0.6250805511154147}