{"quality": 0.6716075198958746, "novelty": 0.7956138838090852, "diversity": 0.8192188192107688, "efficiency": 0.10965166560290132, "cost": 0.5989156619388791, "score": 0.5207856744097348}