{"quality": 0.44258098438493837, "novelty": 0, "diversity": 0.814809972939281, "efficiency": 0.13527882259707502, "cost": 0.2051302410531848, "score": 0.2955150891875805}