{"quality": 0.13188236553795551, "novelty": 0.9267042053464891, "diversity": 0.21769396331965815, "efficiency": 0.2584681976699384, "cost": 0.36187864438167616, "score": 0.3173619188742637}