{"quality": 0.19356441839402455, "novelty": 0.8381979349255365, "diversity": 0.6402539811860127, "efficiency": 0.13489746575201728, "cost": 0.6264420695598739, "score": 0.35326001839360927}