{"quality": 0.6593921984265778, "novelty": 0.10120646023773658, "diversity": 0.8390480160313494, "efficiency": 0.08140850269020233, "cost": 0.07909526815204623, "score": 0.39523062638200307}