{"quality": 0.6609140201327806, "novelty": 0, "diversity": 0.7140973210840642, "efficiency": 0.12376227202220769, "cost": 0.00858617273819473, "score": 0.3587993937861587}