{"quality": 0.7944921876209916, "novelty": 0.513123333366462, "diversity": 0.5939237054304406, "efficiency": 0.27955719221854464, "cost": 0.7903611651962883, "score": 0.4483106930271539}