{"quality": 0.3371877698989276, "novelty": 0.8713314219667805, "diversity": 0.17817530142874302, "efficiency": 0.6362735473201787, "cost": 0.05104782753234394, "score": 0.4449604960919144}