{"quality": 0.4170514850951501, "novelty": 0.08300817933319574, "diversity": 0.8303819629250748, "efficiency": 0.6965032195743954, "cost": 0, "score": 0.41641936588301826}