{"quality": 0.9675243745087749, "novelty": 0, "diversity": 0.830703193706775, "efficiency": 0, "cost": 0.14453408194418482, "score": 0.441944542899569}