{"quality": 0.34674491535732743, "novelty": 0.25760385041048384, "diversity": 0.9696681431772722, "efficiency": 0.7264774751326825, "cost": 0.8069689578189317, "score": 0.39063279133328277}