{"quality": 0.6918936128676362, "novelty": 0.645345468708403, "diversity": 0.9041862952261731, "efficiency": 0.11948280615681883, "cost": 0.23999333966466657}