{"quality": 0.27504078057471154, "novelty": 0.5154546749317788, "diversity": 0.5396174926633514, "efficiency": 0.02209534001860597, "cost": 0.14942466053990144, "score": 0.3076712363868292}