{"quality": 0.6876739732266154, "novelty": 0.8933069025025466, "diversity": 0.47433539874470837, "efficiency": 0.14388002892067553, "cost": 0.8777031720182353}