{"quality": 0.7826320053096986, "novelty": 0.07501837673796477, "diversity": 0.30248902310785586, "efficiency": 0.8535053678416495, "cost": 1, "score": 0.34206780557521943}