{"quality": 0.8883813615077537, "novelty": 0.8354528679705558, "diversity": 0.43618829168866324, "efficiency": 0.8770521789393793, "cost": 0.37471993796529335, "score": 0.6567011168270753}