{"quality": 0.41464913533961884, "novelty": 0.19240639780171204, "diversity": 0.7684029298850419, "efficiency": 0.9077389740009741, "cost": 0.0023599730708517286, "score": 0.46210177482238296}