{"quality": 0.4628681934319404, "novelty": 0.2541243274318328, "diversity": 0.7007605178860531, "efficiency": 0.09387887132834316, "cost": 0.29973457944135584, "score": 0.3266520162198668}