{"quality": 0.2848712909042885, "novelty": 0.1474100998856932, "diversity": 0.09134482960203218, "efficiency": 0.5018872923598686, "cost": 0.175839423072142, "score": 0.19828202970988237}