{"quality": 0.6892992300224781, "novelty": 0.539151403816831, "diversity": 0.9103457229361489, "efficiency": 0.7127436136589759, "cost": 0.20738532387242692, "score": 0.6098197742097846}