{"quality": 0.9259361789742095, "novelty": 0.13534916126286392, "diversity": 0.15349720032069736, "efficiency": 0, "cost": 1, "score": 0.2423175840721183}