{"quality": 0.2431247377354019, "novelty": 0.5784803394661966, "diversity": 0.9457420488734383, "efficiency": 0.959131348329144, "cost": 0.09199155138167538}