{"quality": 0.28492470972191786, "novelty": 0.26195213932067535, "diversity": 0.8737050491951492, "efficiency": 0.5702098047779667, "cost": 0.42209510382092447, "score": 0.36902841792037655}