{"quality": 1, "novelty": 0.41379371661700043, "diversity": 0.3338655939853658, "efficiency": 0.8698308724666957, "cost": 0.20715638571834435, "score": 0.5799805402494932}