{"quality": 0.8126933444115656, "novelty": 0.5536643381588771, "diversity": 0.5653603947349303, "efficiency": 0.6747829750969505, "cost": 0.23720746801769854}