{"quality": 0.5918685657542686, "novelty": 1, "diversity": 1, "efficiency": 0.030370593823035308, "cost": 0.44502525471698956, "score": 0.5876136333280368}