{"quality": 0.682145350304928, "novelty": 0.3279499213434671, "diversity": 0.39035393777245747, "efficiency": 1, "cost": 0.48728522222058374, "score": 0.4659733507597783}