{"quality": 0.6285305846068248, "novelty": 0.9196092798982802, "diversity": 0.5674975621939317, "efficiency": 0.13988746013158293, "cost": 0.6459901327496733, "score": 0.48834511354017396}