{"quality": 0.5698144913320079, "novelty": 1.0, "diversity": 0.5974273665027259, "efficiency": 1.0, "cost": 0.3469772540162561}