{"quality": 0.5592674044502682, "novelty": 0.17353003418445193, "diversity": 1, "efficiency": 0.4301044382904064, "cost": 0.7046762321905479, "score": 0.40521077240569964}