{"quality": 0.6026649808565243, "novelty": 0.7009382313059536, "diversity": 0.8998638022614318, "efficiency": 0.9245102238403445, "cost": 0.37758242745747167, "score": 0.6369251033660366}