{"quality": 0.04011325267795085, "novelty": 0.8908741394291273, "diversity": 0.3167541384739345, "efficiency": 1, "cost": 0.30881146703635737, "score": 0.4172221916518183}