{"quality": 0.4087370509043791, "novelty": 0.36144642045268405, "diversity": 0.4216992219113345, "efficiency": 0.5165632058937646, "cost": 0.1623723361865621, "score": 0.35856981203216015}