{"quality": 0.8366812357455421, "novelty": 0.3391937206612539, "diversity": 0.23309804367633152, "efficiency": 0.6202236541679625, "cost": 0.30769317247797534, "score": 0.44468664050163925}