{"quality": 0.5551874901195973, "novelty": 0.7236626913171614, "diversity": 1, "efficiency": 0.2266337902370342, "cost": 0.5697982506642175, "score": 0.524487163334303}