{"quality": 0.6195957800361418, "novelty": 0.784496603288126, "diversity": 0.8506036564999091, "efficiency": 1, "cost": 0.9243198168472501, "score": 0.6096916344481309}