{"quality": 1, "novelty": 0.622685541685936, "diversity": 0.7907269667224723, "efficiency": 0.06595279607525695, "cost": 0.3294323086445096, "score": 0.5907664673128161}