{"quality": 1, "novelty": 0.4633343156007256, "diversity": 0.6105424018861656, "efficiency": 1, "cost": 0.732905931909583, "score": 0.6146514660864562}