{"quality": 0.4604390957788447, "novelty": 0.4546277040865492, "diversity": 0.8310800139195176, "efficiency": 0.1378003337785617, "cost": 0.5729010539279695, "score": 0.3813846022131815}