{"quality": 0.5695295692414042, "novelty": 0.3081171849613754, "diversity": 0.9530992066417502, "efficiency": 0.9840210888608198, "cost": 0.8089356448380458, "score": 0.5052176071864335}