{"quality": 0.4323659831976025, "novelty": 0.42238959763505635, "diversity": 0.6982810560037345, "efficiency": 0.054013125976844545, "cost": 0.22479414272137954, "score": 0.36058596019318045}