{"quality": 0.7676172870708455, "novelty": 0.7797709089441197, "diversity": 0.10372554915544067, "efficiency": 0.09885308406994475, "cost": 0.39293778400732354, "score": 0.4215072073981311}