{"quality": 0.30863837710952036, "novelty": 0.12527837982115975, "diversity": 1, "efficiency": 0.41488810341260884, "cost": 0.6298153819869352, "score": 0.32316278540134385}