{"quality": 1, "novelty": 0.2619430659409787, "diversity": 0.9727483546156721, "efficiency": 0.6346222514946237, "cost": 0.10580821183813213, "score": 0.6446479539487595}