{"quality": 0.4244198566566268, "novelty": 0.7017702482131336, "diversity": 0.6152388361926225, "efficiency": 0.3745940454217649, "cost": 0.6990192878522038, "score": 0.4121034643168403}