{"quality": 0.18194060528103007, "novelty": 0.3028521959620072, "diversity": 0.8081394994050726, "efficiency": 0.010435924883494124, "cost": 0.8772226574146126, "score": 0.2057662534468882}