{"quality": 0.9363847431083552, "novelty": 0.6767292623049841, "diversity": 0.08259920594336678, "efficiency": 0.5242692546131973, "cost": 0.7596322306880144, "score": 0.46929474482060407}