{"quality": 0, "novelty": 0.7184781875224373, "diversity": 0.5676031586132098, "efficiency": 0, "cost": 0.7622348622172024, "score": 0.216916692381531}