{"quality": 0.08821468095611326, "novelty": 0.6021247080695261, "diversity": 0.9490187531280729, "efficiency": 0.2034185090091838, "cost": 0.19943366858065964, "score": 0.3773687414231417}