{"quality": 0.39647589914822207, "novelty": 0.735676407342326, "diversity": 0.344731979151792, "efficiency": 0.4494165064844532, "cost": 0.8636382838840291, "score": 0.3528569149946716}