{"quality": 0.7725508245182718, "novelty": 0.4265668957106989, "diversity": 0.8468522997160668, "efficiency": 0.12506223105267503, "cost": 0.3789517410291957, "score": 0.4886415917813513}