{"quality": 0.542030444666427, "novelty": 0.40184842178560953, "diversity": 0.4327402562183816, "efficiency": 0.4082568293970943, "cost": 0.8708636978096276, "score": 0.3237714447186082}