{"quality": 0.029693673480477828, "novelty": 0.7987390544152899, "diversity": 0.23376047834188834, "efficiency": 0.4195854553088384, "cost": 0.751954351898567, "score": 0.24308734442281255}