{"quality": 0.3638470599919797, "novelty": 0.9569054649555917, "diversity": 0.5724276794510361, "efficiency": 0.23850651159286446, "cost": 0.8341066415195276, "score": 0.41523133271367596}