{"quality": 0.15514432433015762, "novelty": 0.534968312226203, "diversity": 0.7716982788531304, "efficiency": 0.74700072312382, "cost": 0.28583779816138216, "score": 0.41809135977865886}