{"quality": 0.007688656180607906, "novelty": 0.7516935040882831, "diversity": 0.8088557033289321, "efficiency": 0.5842402439539034, "cost": 0.05555531549733321, "score": 0.43408161858539174}