{"quality": 0.8028752449132723, "novelty": 0.6510347617381143, "diversity": 0.5180339246009591, "efficiency": 0.5494186836856435, "cost": 0.44632877804968857, "score": 0.5450079735765798}