{"quality": 0.0157776170420435, "novelty": 0.010441252096614534, "diversity": 0.6642605923113698, "efficiency": 0, "cost": 1, "score": 0.04019571659904064}