{"quality": 0.1595885544976861, "novelty": 0.9147386949661669, "diversity": 0.6526921098933856, "efficiency": 0.5939777893373284, "cost": 0.541794688245826, "score": 0.4420168616455413}