{"quality": 0.7761340292211281, "novelty": 0.47787223794513456, "diversity": 0.9957476958157248, "efficiency": 0.06425516735666958, "cost": 0.0633614068811902, "score": 0.5547599418311484}