{"quality": 0.4036283487780238, "novelty": 0.3691852438474607, "diversity": 0.3432830306455595, "efficiency": 0.21709609011920006, "cost": 0.5021976405457317, "score": 0.26438607118769103}