{"quality": 0.7521741413779451, "novelty": 0.3101545891667111, "diversity": 0.9970300245309762, "efficiency": 0.6646947428986143, "cost": 0.8498638176446681, "score": 0.5173147242815819}