{"quality": 0.5012124781187013, "novelty": 0.7119632425724832, "diversity": 0.010213026520709323, "efficiency": 0.05333035624685446, "cost": 0.014026594431115952, "score": 0.3369940533767896}