{"quality": 0.9532239286866034, "novelty": 0, "diversity": 0, "efficiency": 0.25524490953187884, "cost": 0, "score": 0.32425391503576284}