{"quality": 0.3652091538309735, "novelty": 0.692189435368195, "diversity": 0.8437199209824386, "efficiency": 0.15851240131153455, "cost": 0, "score": 0.47513094938455874}