{"quality": 0.4974454772569065, "novelty": 0.24776343285490326, "diversity": 0.1897274060712647, "efficiency": 0.6093182468729048, "cost": 0.16509687552700134, "score": 0.32400803208328627}