{"quality": 0.47461055319005263, "novelty": 0.8697926146513868, "diversity": 0.9094698426973696, "efficiency": 0.0574144589225547, "cost": 0, "score": 0.5503374569977196}