{"quality": 0.7926772737887557, "novelty": 0.5660588556092234, "diversity": 0.14435580051237024, "efficiency": 0.8903747432186955, "cost": 0.6173455297989737, "score": 0.48001071464431355}