{"quality": 0.2853679882933683, "novelty": 0.17827195729254375, "diversity": 0.688286196139684, "efficiency": 0.4287057601135059, "cost": 1, "score": 0.23214148905610907}