{"quality": 0.14022961646576987, "novelty": 0, "diversity": 0.7754306784300473, "efficiency": 1, "cost": 0.6797069854938669, "score": 0.27918432207635374}