{"quality": 0.26637066371593704, "novelty": 0, "diversity": 0.1842711772310352, "efficiency": 0.7758916427235956, "cost": 0.36195382506100743, "score": 0.19695379846342673}