{"quality": 0.33732067620728734, "novelty": 0.39432886771189735, "diversity": 0.7943804547700858, "efficiency": 0.11881925067655252, "cost": 0.35983421753010075, "score": 0.3404939765926505}