{"quality": 0.43817932171416873, "novelty": 0.5961857077604285, "diversity": 0.9673940062527862, "efficiency": 0.31539894992741946, "cost": 1, "score": 0.421288867194028}