{"quality": 0.7642240037499708, "novelty": 0.47961486976548745, "diversity": 0.5208657605243956, "efficiency": 0.5263168824474144, "cost": 0.0664589934208516, "score": 0.5256457036962692}