{"quality": 0.6405060536730841, "novelty": 0.7573166022462591, "diversity": 0, "efficiency": 0.725801426949182, "cost": 0.7310912280424144, "score": 0.41724205790162583}