{"quality": 0.996256661706574, "novelty": 0.4446777323577257, "diversity": 0.8479468766635214, "efficiency": 0.0045233197950369786, "cost": 0.7766208694568018, "score": 0.5026522179576832}