{"quality": 0.4285143020531266, "novelty": 0.22528692676491527, "diversity": 0.5180242406972559, "efficiency": 0.6993822189067456, "cost": 0.18187545896134344, "score": 0.37520065738649544}