{"quality": 0.5686278225604146, "novelty": 0.5862850273886131, "diversity": 0.3278861824967261, "efficiency": 0.7108519086472898, "cost": 0.3889080118737395, "score": 0.4504738252243423}