{"quality": 0.33988052903757776, "novelty": 0.5426201114406335, "diversity": 0, "efficiency": 0.7992262401895478, "cost": 0.311104675005591, "score": 0.32639265509930476}