{"quality": 0.4280170978926849, "novelty": 0.8355058648477655, "diversity": 0.0024115586156367996, "efficiency": 0.446890331374952, "cost": 0.09584033669791003, "score": 0.39521342333932596}