{"quality": 0.5657200987752415, "novelty": 0.9351531803426345, "diversity": 0.8167500103143266, "efficiency": 0.4327898196913866, "cost": 0.2557988492132988, "score": 0.6061929148134745}