{"quality": 1, "novelty": 0, "diversity": 0.06323055944056022, "efficiency": 0.8477408419803432, "cost": 0.549690356705745, "score": 0.38483820251458906}