{"quality": 0.1960496167905006, "novelty": 0.8595110666808289, "diversity": 0.4481521324449891, "efficiency": 0.5702333263290309, "cost": 0.860540343279452, "score": 0.3628040428177647}