{"quality": 0.25216684364542313, "novelty": 0.7831618765054995, "diversity": 0.8917104210939492, "efficiency": 0.6433897413098131, "cost": 0.61764433995892}