{"quality": 0.2491240850487974, "novelty": 0.8786147890742437, "diversity": 0.17881953734702, "efficiency": 0.16597104803590462, "cost": 0, "score": 0.35505048745798984}