{"quality": 0.9412628800086943, "novelty": 0.26142471221783986, "diversity": 0.40781062910284943, "efficiency": 1, "cost": 0.06999744758465071, "score": 0.572297423119173}