{"quality": 1.0, "novelty": 0.44984942491316726, "diversity": 0.21579843007171484, "efficiency": 0.7534867063285202, "cost": 0.45454240347063524}