{"quality": 0.18051887448683002, "novelty": 0.21533432056681345, "diversity": 0.2800891846160268, "efficiency": 0, "cost": 0.9691693182063509, "score": 0.06709014759032261}