{"quality": 0.3407083812057186, "novelty": 0.6624906157965178, "diversity": 0.8290298947952733, "efficiency": 0.21707909985942353, "cost": 1, "score": 0.36620301224881324}