{"quality": 0.8168077583876757, "novelty": 0.805408021591763, "diversity": 0.4029111150676218, "efficiency": 0.15543129213129947, "cost": 0.9203401654664545, "score": 0.45825723320081735}