{"quality": 0.4631445780586494, "novelty": 0, "diversity": 0.4802517520374832, "efficiency": 0.17475431174658473, "cost": 0.5669449437625327, "score": 0.20451237621082588}