{"quality": 0.08059348333170122, "novelty": 0.2388269145595116, "diversity": 0.25200023074763345, "efficiency": 0.6595483745847439, "cost": 0.42269394156699286, "score": 0.19094768181992727}