{"quality": 0.30625374942597183, "novelty": 0.5005464843322216, "diversity": 0.9963532346503345, "efficiency": 0.31784653024401804, "cost": 0, "score": 0.4639603723775166}