{"quality": 0.4329324403937707, "novelty": 0.1948825602668411, "diversity": 1, "efficiency": 1, "cost": 0.7628372626749678, "score": 0.45231664591734466}