{"quality": 0.6565271476179514, "novelty": 0.46009466329365567, "diversity": 0.7579086717660963, "efficiency": 0.6081113459656318, "cost": 0.7524286289930111, "score": 0.4795373834575623}