{"quality": 0.12420318406950284, "novelty": 0.9036392066411838, "diversity": 0.5330654421100209, "efficiency": 0.523835265046367, "cost": 0.768048555145102, "score": 0.3715542795455958}