{"quality": 0.22851505008267187, "novelty": 0.0021322351516640248, "diversity": 0.32578885609128105, "efficiency": 0.0026853439766911097, "cost": 0.059626904919327206, "score": 0.12868545613554475}