{"quality": 0.22537201464387813, "novelty": 0.25080555328061904, "diversity": 0.7683093099015048, "efficiency": 0.4895689539781865, "cost": 0.8497660519498286, "score": 0.27243359259536426}