{"quality": 0.6029712078961504, "novelty": 0.6261456290459225, "diversity": 0.5647300028946113, "efficiency": 0.3571093245755464, "cost": 0.7670957413837847, "score": 0.42723059475720143}