{"quality": 0.15391861534466783, "novelty": 0.39830386390344746, "diversity": 0.9839728040877203, "efficiency": 0.2949069674449837, "cost": 0.3314326341387232, "score": 0.3536388930996815}