{"quality": 0.06211029891801735, "novelty": 0.4790987027966328, "diversity": 0.6518056868543793, "efficiency": 0.5643893091360304, "cost": 1, "score": 0.25342729911584383}