{"quality": 0.7596437533831935, "novelty": 1.0, "diversity": 0.7117559858687788, "efficiency": 1.0, "cost": 0.37641061583184277}