{"quality": 0.5629042688077117, "novelty": 1, "diversity": 0.39673579336625947, "efficiency": 0.06724865440649797, "cost": 0, "score": 0.5083057374765401}