{"quality": 0.4554090809360992, "novelty": 0.4673284030859428, "diversity": 0.32191436559331427, "efficiency": 0.8214773459323536, "cost": 0.9148338036615645, "score": 0.3495759196946749}