{"quality": 0.744945603712076, "novelty": 0.5296984993452805, "diversity": 0.6828107357669422, "efficiency": 0.423244989083516, "cost": 0.004577819822073226, "score": 0.5554994194836514}