{"quality": 0.8258199405141939, "novelty": 0.3236910602279647, "diversity": 0.16524303182141903, "efficiency": 0.6299435232048365, "cost": 0.6347262877113264, "score": 0.39273625328512596}