{"quality": 0.42731603033323073, "novelty": 0.9939836097150914, "diversity": 0.2455540252369769, "efficiency": 0.6883138350704844, "cost": 0.6452381529708879, "score": 0.4645247765396214}