{"quality": 0.828190875045422, "novelty": 0.8198117316876397, "diversity": 0.41593516035095324, "efficiency": 0.648881426826619, "cost": 0.026460366523511858, "score": 0.6312834048773688}