{"quality": 0.5870877686346078, "novelty": 0.9759778091544133, "diversity": 0.38095581953290647, "efficiency": 0.21656519164129712, "cost": 0.40834464754559635, "score": 0.48796226077720195}