{"quality": 0.4269915890921808, "novelty": 1, "diversity": 0.24800114794657677, "efficiency": 0.5054200510817755, "cost": 0.4654437337540728, "score": 0.4569663406038287}