{"quality": 0.5003418704489396, "novelty": 1, "diversity": 0.04040309436278808, "efficiency": 0.5455780214248674, "cost": 1, "score": 0.3900198832209696}