{"quality": 0.833806448440294, "novelty": 0.609607660504323, "diversity": 1, "efficiency": 0, "cost": 0.8109618106607037, "score": 0.5214476685920986}