{"quality": 0.6269407267025029, "novelty": 0.6860529100975664, "diversity": 1, "efficiency": 0.9530545519233795, "cost": 0.6374302660722272, "score": 0.6388106017164266}