{"quality": 0.7572780353273576, "novelty": 0.9208009139066442, "diversity": 0.09195897960452001, "efficiency": 0.1657722274687723, "cost": 0.6607333688239407, "score": 0.4345679322336941}