{"quality": 0.7126634571955561, "novelty": 1, "diversity": 0.3029421020660625, "efficiency": 0.6429733110035961, "cost": 1, "score": 0.5208334542224188}