{"quality": 0.20776678199345255, "novelty": 0.7961081666677805, "diversity": 0.8041660718628973, "efficiency": 0.7689851014537339, "cost": 0.49926755155491565, "score": 0.48761130070012887}