{"quality": 0.17384469724995333, "novelty": 0.9824010561305083, "diversity": 0.4679920453708977, "efficiency": 0.7752402151943012, "cost": 0.6883060951051789, "score": 0.4388075050504199}