{"quality": 0.9753173545467397, "novelty": 0.4388236913621643, "diversity": 0.6452101320255531, "efficiency": 0.53394608293849, "cost": 0.6306048315151942}