{"quality": 0.9608124202496802, "novelty": 0.13520651507556783, "diversity": 0.40446700003769653, "efficiency": 0.12727562585787344, "cost": 0.41297795832003725, "score": 0.38073230289801263}