{"quality": 0.6887327490122781, "novelty": 0.7589221337226553, "diversity": 0.6341765356045571, "efficiency": 0.9638045368295023, "cost": 0.8458372188426468, "score": 0.5831726238954194}