{"quality": 0.566200066907587, "novelty": 0.6620419669418326, "diversity": 0.4282237896746584, "efficiency": 1, "cost": 0.3213949287118773, "score": 0.5388757768714781}