{"quality": 0.5924426356924235, "novelty": 0.33680151754371734, "diversity": 0.3954002336864767, "efficiency": 0.22734038741403245, "cost": 0.6577286860682652, "score": 0.30934140633623003}