{"quality": 0.07596200462859631, "novelty": 0.46666653053395357, "diversity": 0.4969974320254991, "efficiency": 0.16883929241427348, "cost": 0.8357977095599531, "score": 0.18060084333331278}