{"quality": 0.9836088685000133, "novelty": 0.8413655556449992, "diversity": 0.21209741883331645, "efficiency": 0.4420817458676561, "cost": 1, "score": 0.5141557951080654}