{"quality": 0.3334824475845024, "novelty": 0.6876473373010642, "diversity": 0.4016798210235564, "efficiency": 0.44204718311309305, "cost": 0.341548115341593, "score": 0.38444479873813275}