{"quality": 0.14011199133315283, "novelty": 0.2175804180018577, "diversity": 0.8186985371649864, "efficiency": 0.8316309869060685, "cost": 0.22713126681734302, "score": 0.36219993068758355}