{"quality": 1, "novelty": 0.4876154797051552, "diversity": 0.31219799182903857, "efficiency": 0.10367159659797373, "cost": 0.688972736456759, "score": 0.4309969341361166}