{"quality": 0.5816893383153112, "novelty": 0.6152866559356047, "diversity": 1, "efficiency": 0.4465782623067269, "cost": 0.6959798802145003, "score": 0.5257172168030536}