{"quality": 1, "novelty": 0.2426283952197188, "diversity": 0.8298506776096158, "efficiency": 0.48398089430672964, "cost": 0.6971705523236118, "score": 0.5295073132405012}