{"quality": 0.3828267686253209, "novelty": 0.9816413923790239, "diversity": 0.6406393182477262, "efficiency": 0.39508895240750885, "cost": 0.2833964564748105, "score": 0.5193099395455427}