{"quality": 1, "novelty": 0.6252439005605017, "diversity": 0.4211438346962403, "efficiency": 0, "cost": 0.30785205142864047, "score": 0.5097545369365094}