{"quality": 0.2319998497996579, "novelty": 0.25641014007215573, "diversity": 0.29292205981435543, "efficiency": 0.22067831393886483, "cost": 0.05492559650546641, "score": 0.21989608936109048}