{"quality": 0.5786772070798447, "novelty": 0.8603317398494417, "diversity": 0.25112361647238995, "efficiency": 0.154019243611894, "cost": 0.9640572505854441, "score": 0.36560798186403154}