{"quality": 1, "novelty": 0.6317977422797326, "diversity": 0.2503223028337126, "efficiency": 0.784657359492283, "cost": 0.5291244899919203, "score": 0.5728000510613261}