{"quality": 0.7433992735610911, "novelty": 0.5659273244123979, "diversity": 0.7283741846642959, "efficiency": 0.6145135864244293, "cost": 0.13376495823129964, "score": 0.5889769922448205}