{"quality": 0.2731965679857966, "novelty": 0, "diversity": 0.4222837927804844, "efficiency": 0.23393363179570226, "cost": 0.7214128048079729, "score": 0.12936449324039392}