{"quality": 0.19102153888760603, "novelty": 0.3074374414799853, "diversity": 0.008451258787474603, "efficiency": 0.8719490776032334, "cost": 0.7641596556547559, "score": 0.1902324698687825}