{"quality": 0.09102505114521614, "novelty": 1, "diversity": 0.15091446878589126, "efficiency": 0.7761531899914555, "cost": 0.11367053359004384, "score": 0.412546334240457}