{"quality": 0.45140133482161104, "novelty": 0.36494647055840496, "diversity": 0.17421540379115852, "efficiency": 0.9405817201090161, "cost": 0.7900461592860236, "score": 0.32358274093206635}