{"quality": 0.43697086761855564, "novelty": 0.8265215980255548, "diversity": 0.2560204447950274, "efficiency": 0.6487279432159859, "cost": 0, "score": 0.4862349402333588}