{"quality": 0.35189090570906834, "novelty": 0.671143802649133, "diversity": 0.36955975075105973, "efficiency": 0.3785373377366987, "cost": 0.14057066315494243, "score": 0.38998870687022624}