{"quality": 0.4383583563357444, "novelty": 0.7627759622209309, "diversity": 0.2765355570583352, "efficiency": 0.23237124283663696, "cost": 0.24631686263504204, "score": 0.38773260902961443}