{"quality": 0.2978647974207473, "novelty": 0.2179580479561431, "diversity": 0.08418728570449402, "efficiency": 0.8392266441561805, "cost": 0.14518902150627916, "score": 0.27205150282895796}