{"quality": 0.19889463320711642, "novelty": 0, "diversity": 0.4503161781317795, "efficiency": 1, "cost": 0.8295163394581011, "score": 0.2167799916426807}