{"quality": 0.19784805890650065, "novelty": 0.17840245837703234, "diversity": 0.9271840721821228, "efficiency": 0, "cost": 0.6750037354640533, "score": 0.2218914731562275}