{"quality": 0.6141072914725736, "novelty": 0.5432894813191409, "diversity": 0.6963278610343686, "efficiency": 0.8045896714120221, "cost": 0.0097689646177401, "score": 0.5790316842284604}