{"quality": 0, "novelty": 0.6095052543478219, "diversity": 0.901930273853416, "efficiency": 0, "cost": 0.5210051736665997, "score": 0.2806618509909787}