{"quality": 0.28766486904694266, "novelty": 0.08806296131603392, "diversity": 0, "efficiency": 0.5925535409310085, "cost": 1, "score": 0.09719823218274257}