{"quality": 0.32567498082859336, "novelty": 0.8882650222460333, "diversity": 1, "efficiency": 0.9540217158203417, "cost": 0.34765633157156683, "score": 0.6281063740259809}