{"quality": 0, "novelty": 0.1664357630736497, "diversity": 0.11947633786607145, "efficiency": 0.8379423324720912, "cost": 0.8496298726681496, "score": 0.10623257094562542}