{"quality": 0.45912966798822513, "novelty": 0.36335189350458763, "diversity": 0.3379972230516823, "efficiency": 0.6786536753001198, "cost": 1, "score": 0.29797436967796886}