{"quality": 0.6305844349020344, "novelty": 0.2645724509993584, "diversity": 0.8730721707245122, "efficiency": 0.020763823543663906, "cost": 0.9824420444008644, "score": 0.3348032464568155}