{"quality": 0.44650699268356386, "novelty": 0, "diversity": 0.8147235541679547, "efficiency": 0.9530143646919291, "cost": 0.7562204791447134, "score": 0.3642269154279781}