{"quality": 0.3745227820025394, "novelty": 1, "diversity": 0.10209434127332354, "efficiency": 0.992399582594553, "cost": 0.5114104437456188, "score": 0.4804945958700476}