{"quality": 0.08760300181349862, "novelty": 0.30490776482760024, "diversity": 0.21611764636210606, "efficiency": 0.21768347809917038, "cost": 0.17113688870686647, "score": 0.16127020386755977}