{"quality": 0.05162896865689798, "novelty": 0.0866927939697504, "diversity": 0.6160509693576042, "efficiency": 1, "cost": 0, "score": 0.3103720829610278}