{"quality": 0.17440459643754946, "novelty": 0.35662371527874065, "diversity": 0.36356652023877395, "efficiency": 0.31501751870595307, "cost": 0.6745131197118253, "score": 0.19399192763341522}