{"quality": 0.5856503014822791, "novelty": 0.13251096194016024, "diversity": 1, "efficiency": 0.7271976327280243, "cost": 0.7368163464715596, "score": 0.4442208411917715}