{"quality": 0.4962947754457945, "novelty": 0.7532968916337603, "diversity": 0.5216574827548175, "efficiency": 1, "cost": 0.7199044682115981, "score": 0.5195537052719821}