{"quality": 0.5370842301192247, "novelty": 0.7001343246811451, "diversity": 0.7572999192486746, "efficiency": 0.049978457703874324, "cost": 0.3850076693974137, "score": 0.45661483577162837}