{"quality": 0.7024879980147813, "novelty": 0.2684580147544897, "diversity": 0.2663829361392221, "efficiency": 0.2195134625951906, "cost": 0.34458919654869286, "score": 0.32960559005531054}