{"quality": 0.3589779038868138, "novelty": 0.24054839091750962, "diversity": 0.7373789525063047, "efficiency": 1, "cost": 0.05620065284241421, "score": 0.45968619411244105}