{"quality": 0.7297120117170184, "novelty": 0.9070983253572802, "diversity": 0.524352043833944, "efficiency": 0.023961446291063712, "cost": 0.6612986840647326, "score": 0.4880229421584006}