{"quality": 0.9040557125706326, "novelty": 0.17372294184914971, "diversity": 0.2523056492218845, "efficiency": 0.2218177583601774, "cost": 0.6155991257983072, "score": 0.33682133025204997}