{"quality": 0.2515609078959129, "novelty": 0.4178815679039697, "diversity": 0.4246713587980608, "efficiency": 0.35369841249841927, "cost": 0.20257828945564682, "score": 0.2976698690335767}