{"quality": 0.19509508270384213, "novelty": 0.7998596917336604, "diversity": 0.23000019287551393, "efficiency": 0.14588607551614763, "cost": 0.8204293893760073, "score": 0.24433345870949197}