{"quality": 0.8933869841705084, "novelty": 0.2681313567330064, "diversity": 0.7775735255928382, "efficiency": 0.4027532944914223, "cost": 0, "score": 0.5509766337266851}