{"quality": 0, "novelty": 0.17540934684550205, "diversity": 0.4576003556902675, "efficiency": 0.03771891313799758, "cost": 0.8191370223606509, "score": 0.05911654258406357}