{"quality": 0.7398124848212522, "novelty": 0.2183115347104494, "diversity": 0.27467437829840385, "efficiency": 0.5362399142816332, "cost": 0.6555694729134038, "score": 0.34633554463457344}