{"quality": 0.4484078697536538, "novelty": 0.6185170933253431, "diversity": 0.1755428627742846, "efficiency": 0.48640707575634223, "cost": 0.29381688503557474, "score": 0.3678395796721827}