{"quality": 0.7189196174477468, "novelty": 0.5801336714459047, "diversity": 0.7428301217303969, "efficiency": 0.8768143052976655, "cost": 0, "score": 0.6407974732365294}