{"quality": 0, "novelty": 0.8479871179593741, "diversity": 0.4243589120975133, "efficiency": 0.4113354890994026, "cost": 0.7122899598244388, "score": 0.2873398892918127}