{"quality": 0.21313795783068118, "novelty": 0, "diversity": 0.3257997048832419, "efficiency": 0.33438820233577804, "cost": 0.09843040109650808, "score": 0.16941651856656864}