{"quality": 0.4566579654110536, "novelty": 0.9508266042911102, "diversity": 0.4379890743820582, "efficiency": 0.11311918542569538, "cost": 0.041981890881439804, "score": 0.47507154429821563}