{"quality": 0.2502228761283197, "novelty": 0.34846089634451866, "diversity": 0.06238051666639441, "efficiency": 0.7613102392862856, "cost": 0, "score": 0.2888547261508473}