{"quality": 0.2273111445835585, "novelty": 0.4236772153750869, "diversity": 0.7978334086801764, "efficiency": 0.4628804805876035, "cost": 0.3618677840800367, "score": 0.3669246226350114}