{"quality": 0.9781419571881558, "novelty": 0.7037838253006952, "diversity": 0.869264564657027, "efficiency": 0.615219638963586, "cost": 0.23212262316348112, "score": 0.7123121399412157}