{"quality": 0.5156418508457123, "novelty": 0.6444899059338909, "diversity": 0.4289975153982624, "efficiency": 0.05822599209455201, "cost": 0.07705123859063329, "score": 0.4026433097719584}