{"quality": 0.1598039318029001, "novelty": 0.15360789044079232, "diversity": 0.5648796628211354, "efficiency": 0.4338848851520061, "cost": 0.26961435748436124, "score": 0.23744038173965998}