{"quality": 1, "novelty": 0.09232910661869367, "diversity": 0.05205671149463395, "efficiency": 0.11381949320511514, "cost": 0.906027702309794, "score": 0.25996377270338805}