{"quality": 0.7267829139517825, "novelty": 0.9492742712776236, "diversity": 0.7348339330503212, "efficiency": 0, "cost": 0.4829102863305605, "score": 0.5540291999819489}