{"quality": 0.21907330093588817, "novelty": 0.3017398734812457, "diversity": 0.8310348675994911, "efficiency": 0.4587415541532037, "cost": 0.12077933231222818, "score": 0.3640972320627338}