{"quality": 0.3361828302950679, "novelty": 0.8449282621318935, "diversity": 0.06525838549633667, "efficiency": 0.6686645873600724, "cost": 0.004369682211395359, "score": 0.4250013116036324}