{"quality": 0.08864990247988092, "novelty": 0.3476800119322226, "diversity": 0.8097743483311748, "efficiency": 1, "cost": 0.3988668100892201, "score": 0.3855831623843329}