{"quality": 0.7857854152792658, "novelty": 0.9275737353536417, "diversity": 0.3583992965196005, "efficiency": 0.0, "cost": 0.5425158746206357}