{"quality": 0.8076466368766324, "novelty": 0.8194974277453236, "diversity": 0.8147795570833081, "efficiency": 0.9272070419856032, "cost": 0.6651887480723571, "score": 0.682686440906587}