{"quality": 0.6823900848632323, "novelty": 0.5712976256148519, "diversity": 0.615214314297605, "efficiency": 0.7487180073542282, "cost": 0, "score": 0.5828919958253378}