{"quality": 0.3698504996178124, "novelty": 0.49427158549319816, "diversity": 1, "efficiency": 0.43030762746247536, "cost": 0.2158349978459394, "score": 0.4774856905934206}