{"quality": 0.412081531462468, "novelty": 0.32402814021583115, "diversity": 0.859412312957964, "efficiency": 0.1973816790240899, "cost": 0.6459685066976142, "score": 0.3415243582681431}