{"quality": 0, "novelty": 0.9111476203690816, "diversity": 0.4327903422096444, "efficiency": 0.8585440109350191, "cost": 0.4306021009891184, "score": 0.4000663650755403}