{"quality": 0.8827659153772288, "novelty": 0.39134848378030596, "diversity": 0.8264610735243363, "efficiency": 0.29965989413469996, "cost": 0.503067398676719}