{"quality": 0, "novelty": 1, "diversity": 0.4710709252475353, "efficiency": 0.8518194636512868, "cost": 0.39650211762588417, "score": 0.43233689283461163}