{"quality": 0, "novelty": 0.3072155116151186, "diversity": 0.10510083015521846, "efficiency": 0, "cost": 0, "score": 0.09782404393482334}