{"quality": 0.7643027218536961, "novelty": 0, "diversity": 0.5851084612544516, "efficiency": 0.16752639851328383, "cost": 0.9787883985604549, "score": 0.27356262872794623}