{"quality": 0.781075439386305, "novelty": 0.4445109306144513, "diversity": 0.8568842626790816, "efficiency": 0.25352589383948687, "cost": 0.4515647594274715, "score": 0.5096996251384964}