{"quality": 0.8317907500763857, "novelty": 1, "diversity": 0.7132512311507225, "efficiency": 0.5894056899406223, "cost": 0.07084745596068753, "score": 0.7235135791480848}