{"quality": 0.30684399651189476, "novelty": 0.1212606235173131, "diversity": 0.2832797393771926, "efficiency": 0.6101561757524199, "cost": 0.8514406191777794, "score": 0.18540366715342022}