{"quality": 0.9540380826380572, "novelty": 0.232997568658048, "diversity": 0.5687733431229327, "efficiency": 0.3918778648292389, "cost": 1, "score": 0.4169971653049015}