{"quality": 0.9555884820643068, "novelty": 0.7457646528765696, "diversity": 0.7704887266542477, "efficiency": 0.5601268921968778, "cost": 0.8741163802772458, "score": 0.6238228489710911}