{"quality": 0.2675150210807753, "novelty": 0.5957627514295507, "diversity": 0.41168361651789576, "efficiency": 0.2659502033506656, "cost": 0.6768388310729775, "score": 0.2837405648805015}