{"quality": 0.11677158438612664, "novelty": 1, "diversity": 0.8231107952952952, "efficiency": 0.7838737870770143, "cost": 0.31919959190001385, "score": 0.5353147432464478}