{"quality": 0.9001742063771869, "novelty": 0.5576985842105538, "diversity": 0.8887015157536228, "efficiency": 0.406738491022943, "cost": 0.22917314194099575}