{"quality": 0.6518829566784332, "novelty": 0.434684399310516, "diversity": 0.5597434812958381, "efficiency": 0.5473274418577871, "cost": 0.9841141592963736, "score": 0.3998723834393572}