{"quality": 0, "novelty": 0.6654242851889809, "diversity": 0.11468463806874174, "efficiency": 0.2946369583927027, "cost": 0.05705738056746265, "score": 0.22778280461315273}