{"quality": 0.8065367523188904, "novelty": 0.45672098780728193, "diversity": 0.6641774415190983, "efficiency": 0.2748777097305058, "cost": 0.2527900510983091, "score": 0.5049294123010521}