{"quality": 0.5186264374801473, "novelty": 0.15823264262844308, "diversity": 0, "efficiency": 0.738330582089951, "cost": 0.453103767815077, "score": 0.2605853024331398}