{"quality": 0.24101215928126893, "novelty": 0.6985969477067282, "diversity": 0.5798712319141314, "efficiency": 0.43085501427858897, "cost": 0.7629308756495644, "score": 0.35126229567072087}