{"quality": 0.17346061294627407, "novelty": 0.789139983794176, "diversity": 0.5331579862522293, "efficiency": 0.015329905675955352, "cost": 0, "score": 0.3582542629342654}