{"quality": 0.27684953597181644, "novelty": 1, "diversity": 0.4484886826016225, "efficiency": 0.8203296752920437, "cost": 0.6161723257422242, "score": 0.4841848160314535}