{"quality": 0.37922221766030806, "novelty": 0.24143136733663267, "diversity": 0.5500413542152687, "efficiency": 0.19593792656680487, "cost": 0.5757929837448296, "score": 0.2559441685858421}