{"quality": 0.9348383405118099, "novelty": 0, "diversity": 0.5415903640786663, "efficiency": 0.22656561425166585, "cost": 0.9863795507636435, "score": 0.32411646203066174}