{"quality": 0.8387081552786828, "novelty": 0.41417063932587744, "diversity": 0.41105956588842435, "efficiency": 0, "cost": 0.6540082416609175, "score": 0.3719661954266673}