{"quality": 0.2361708051909422, "novelty": 0.5503703680379061, "diversity": 0.8388709565021888, "efficiency": 0.7644896535791382, "cost": 0.6125647636731284, "score": 0.4296349965367548}