{"quality": 0.9357818497704458, "novelty": 0.34479594504268896, "diversity": 0.22912679411803158, "efficiency": 0.9472701767836638, "cost": 0.440708982670982}