{"quality": 0.10181731533186744, "novelty": 0.5564197128477266, "diversity": 0.4973051830169969, "efficiency": 0.9153046380156009, "cost": 0.6206225302565853, "score": 0.34434460209157286}