{"quality": 0.9242437895105242, "novelty": 0.7554635613380491, "diversity": 0.9574924027787801, "efficiency": 0.8012157720793027, "cost": 0.7323639742480743, "score": 0.7045834761305135}