{"quality": 0.7954350714843824, "novelty": 0.25562056299541824, "diversity": 0.7120318028701064, "efficiency": 0.003269509390951858, "cost": 0.9789891633896745, "score": 0.34753353283786587}