{"quality": 0.27241939307034, "novelty": 0.3580190481912151, "diversity": 1, "efficiency": 0, "cost": 0.6328642478192642, "score": 0.3079441551869794}