{"quality": 1, "novelty": 0.9352589796080293, "diversity": 0.5078179476575804, "efficiency": 0.9741197669807531, "cost": 0.25832719880386246, "score": 0.7556635796002501}