{"quality": 0.8345359397847258, "novelty": 0.04891439471155512, "diversity": 0.027442556199817864, "efficiency": 0.6948758449645671, "cost": 0.24172265059881992, "score": 0.34813700353807314}