{"quality": 0.3204839487842044, "novelty": 0.2925520617468497, "diversity": 0.559068698206366, "efficiency": 0.2795243345982029, "cost": 0.03530960452672571, "score": 0.31949462945030477}