{"quality": 0.8996916497257132, "novelty": 0.3093795080891966, "diversity": 0.15073137393821787, "efficiency": 0.4340774642045919, "cost": 0.2835235835621041, "score": 0.4141579080021351}