{"quality": 0.8845075884581155, "novelty": 0.769894316153305, "diversity": 0.5268482719219707, "efficiency": 0.5057756218625936, "cost": 1, "score": 0.539061853239544}