{"quality": 0.27938214215262985, "novelty": 0.1817829796657152, "diversity": 0.7672444320554364, "efficiency": 0, "cost": 0.0808999926471663, "score": 0.2746192747085884}