{"quality": 0.34208406246553436, "novelty": 0.9593410024733837, "diversity": 0.08466896592035225, "efficiency": 0.23810676892121183, "cost": 0.5023067711794302, "score": 0.3448796007623154}