{"quality": 0.2422559143350676, "novelty": 0.04888650346876447, "diversity": 0.7362961569678822, "efficiency": 0.20974465314875732, "cost": 0.6363978285530942, "score": 0.199979546678292}