{"quality": 0.9463960955634523, "novelty": 0.10039968283497858, "diversity": 0.9172855592986073, "efficiency": 0.39969991303911356, "cost": 0, "score": 0.5524308481933687}