{"quality": 0.9738541052547435, "novelty": 0.5188159176363839, "diversity": 0.8833960507068567, "efficiency": 0.38188939400238486, "cost": 0.20460163611282706}