{"quality": 0.4306252806466631, "novelty": 0.24129569635351036, "diversity": 0.9053352014832408, "efficiency": 0.4147940416735674, "cost": 0.5019409306904197, "score": 0.3826035617610178}