{"quality": 0.9737185531006457, "novelty": 0.835565980653981, "diversity": 0.3238036133007041, "efficiency": 0.6291787800353335, "cost": 0.345145150212649, "score": 0.6256300857378648}