{"quality": 0.2181156123317715, "novelty": 0.38910873305721017, "diversity": 0.22814565540355844, "efficiency": 0.35150078750044467, "cost": 0.011771663811810135, "score": 0.25988894978843136}