{"quality": 0.5353601161042699, "novelty": 0.1783531966571884, "diversity": 0.6746138667843801, "efficiency": 0.2057844664904866, "cost": 0.10197277347588957, "score": 0.3607894999784381}