{"quality": 0.030324754891352362, "novelty": 0.6185677005479757, "diversity": 0.7781569677214765, "efficiency": 0.40585873682149437, "cost": 0.5713460377349479, "score": 0.3231149518984243}