{"quality": 0.06943084384903148, "novelty": 0.41730696746424706, "diversity": 0.23446876818870568, "efficiency": 0, "cost": 0.8265405585266856, "score": 0.0893956928058438}