{"quality": 0.41549047989355714, "novelty": 0.09089253621132592, "diversity": 0.2966418266710968, "efficiency": 0.14133229627851562, "cost": 0.014458603432982386, "score": 0.2264526274535971}