{"quality": 0.9796446591960357, "novelty": 0.8569974974835085, "diversity": 0.9157920796721011, "efficiency": 0.702292657913698, "cost": 0.930232994139899, "score": 0.7036217873371728}