{"quality": 0.044325722689478625, "novelty": 0.3892421377465621, "diversity": 0.7617993750767933, "efficiency": 0.6543063151284653, "cost": 0.1604606484404086, "score": 0.3450680086840717}