{"quality": 0.7426928968964956, "novelty": 0.5735201768566447, "diversity": 0.5627780474537531, "efficiency": 0.38771985478699633, "cost": 0.17663581243616638, "score": 0.5192379197482933}