{"quality": 0.6546752755633416, "novelty": 0.755023638475699, "diversity": 0.5819263305608549, "efficiency": 1, "cost": 0.6571095427909339, "score": 0.5858328041210048}