{"quality": 0.06280265664414314, "novelty": 0.8585512046921827, "diversity": 0, "efficiency": 0.9563980892397488, "cost": 0.5739737143306503, "score": 0.3195409401191859}