{"quality": 0.49209681781641884, "novelty": 0, "diversity": 0.9812197754445691, "efficiency": 0, "cost": 0.3566616175763963, "score": 0.30820683867619986}