{"quality": 0.3933712071458776, "novelty": 0.20051637771517097, "diversity": 0.3575972629274997, "efficiency": 0.5518443223301384, "cost": 0.32973754400003297, "score": 0.28946280310757344}