{"quality": 0.4731704053460933, "novelty": 0.8493519560878112, "diversity": 0.33705544507455243, "efficiency": 0.9299791714860313, "cost": 0.18551932701830065, "score": 0.5426451426617659}