{"quality": 0.08970478755297684, "novelty": 1, "diversity": 0.9583476225263752, "efficiency": 0.20665446806386467, "cost": 0.2030451145253874, "score": 0.479274619528209}