{"quality": 1, "novelty": 0, "diversity": 0.6223731543609101, "efficiency": 0.19725456822502055, "cost": 0.21865856488852364, "score": 0.4321969596170827}