{"quality": 0.44416458930027225, "novelty": 0.524937480287186, "diversity": 0.4802364392120392, "efficiency": 0.524336430507405, "cost": 0.4192443816225672, "score": 0.39725706111814}