{"quality": 0.7844332786744347, "novelty": 0.40483859464671496, "diversity": 0.5381041229748985, "efficiency": 0.7888378645832214, "cost": 0.38483004074991245, "score": 0.5240031324714808}