{"quality": 0.8285433664624482, "novelty": 0.7107479953055428, "diversity": 0.22771620551479727, "efficiency": 0.7763683008064, "cost": 0.8111706717278431, "score": 0.5071314278162552}