{"quality": 0.279002384076496, "novelty": 0.14215552788886138, "diversity": 0.5546838661623352, "efficiency": 0.613983439950776, "cost": 0.6026118215588221, "score": 0.26201270426436535}