{"quality": 0.6476157942055307, "novelty": 0.34402457740899384, "diversity": 0.5066053579575897, "efficiency": 0.07715745063426893, "cost": 0.2822730448610262, "score": 0.36495826731446335}