{"quality": 0.21754385105237617, "novelty": 0.24267620282647323, "diversity": 0.6957151822560694, "efficiency": 0.32720511998270746, "cost": 0.44331875934893994, "score": 0.2698241345360572}