{"quality": 0.8235954586036739, "novelty": 1, "diversity": 0.9979907395875494, "efficiency": 0.2111480062201279, "cost": 0.39075674091438517, "score": 0.6892733123401926}