{"quality": 0.9518744155566162, "novelty": 0.16300241231994012, "diversity": 0, "efficiency": 0.4421994694189415, "cost": 0, "score": 0.3926428481598111}