{"quality": 0.585038533158138, "novelty": 0.9702947276338743, "diversity": 0.8748555448142906, "efficiency": 0.6058847953086867, "cost": 0.09249580760509399, "score": 0.6746894893545617}