{"quality": 0.29135453660137833, "novelty": 0.9381032378290945, "diversity": 0.8647442287940196, "efficiency": 0.264797970166716, "cost": 0.8177956529720287, "score": 0.4528211464242956}