{"quality": 0.12047319158551578, "novelty": 0.6670457678171902, "diversity": 0.4971781809760136, "efficiency": 0.7132459262442207, "cost": 0.2093655488523961, "score": 0.3883893696765485}