{"quality": 0.9591688069644535, "novelty": 0, "diversity": 0.7021117578299546, "efficiency": 0.6678095657901304, "cost": 0.14393997502070666, "score": 0.5139504310217758}