{"quality": 0.7276713453621448, "novelty": 0.8948649634080443, "diversity": 0.5847594764108408, "efficiency": 0.8469491204408279, "cost": 0.8245407787813317, "score": 0.6035578299308136}