{"quality": 0.4085049278423274, "novelty": 0.048043732716101156, "diversity": 0.10808993846124419, "efficiency": 0.02118109200975285, "cost": 0.5249098959415079, "score": 0.10686657343128447}