{"quality": 1, "novelty": 0.271919515905228, "diversity": 0.12720991815400898, "efficiency": 0.7503791315597672, "cost": 0.8458248575092147, "score": 0.42139624659015246}