{"quality": 0.24912181522723068, "novelty": 0.4918465027428013, "diversity": 0.04579097727166978, "efficiency": 0.3797032453844866, "cost": 0.3954521941237919, "score": 0.22426663310349726}