{"quality": 0.336883301710405, "novelty": 1, "diversity": 0.26544202715982756, "efficiency": 0.5262457681332398, "cost": 1, "score": 0.38309026116507294}