{"quality": 0.9382311375050563, "novelty": 0.2598777062371681, "diversity": 0, "efficiency": 0.5746412002374646, "cost": 0.9500121093343263, "score": 0.3376337369129959}