{"quality": 0.6686548649832005, "novelty": 0.15042504683020513, "diversity": 0.40012103501570734, "efficiency": 0.6408991864236468, "cost": 0.5626480808310752, "score": 0.3580969980860924}