{"quality": 0.5193304942664471, "novelty": 0.5511755222623251, "diversity": 1, "efficiency": 0.9673836535507858, "cost": 0.6139702198390805, "score": 0.5773035548942252}