{"quality": 0.8518782671847963, "novelty": 0.8244281006309007, "diversity": 0.5895546327905415, "efficiency": 0.29083954916110943, "cost": 0.7617462612898132, "score": 0.5470327381164576}