{"quality": 0.2229491113069052, "novelty": 0.37009252926894654, "diversity": 0.008220381356568163, "efficiency": 1, "cost": 0.3122068775942305, "score": 0.27983125422119876}