{"quality": 0.6322204907179428, "novelty": 0.8047332152587915, "diversity": 0.22396533455142098, "efficiency": 0.8931673451991411, "cost": 0.19676497085690717, "score": 0.5499411226345453}