{"quality": 0.9935707309159219, "novelty": 0, "diversity": 0.461272738440734, "efficiency": 0.5974948102634134, "cost": 0.7283686042157904, "score": 0.40711312808085626}