{"quality": 0.2492998833482691, "novelty": 0.17246200992562644, "diversity": 0.8208076507819579, "efficiency": 0.4143530757180235, "cost": 1, "score": 0.24421995899998247}