{"quality": 0.8262683576571207, "novelty": 0.5496446162070334, "diversity": 0.8453627794182721, "efficiency": 0.7659641595003767, "cost": 0.2938322811472739}