{"quality": 0.8262985869074804, "novelty": 0.42066498386337103, "diversity": 0.0526632891915602, "efficiency": 0.8424526351706846, "cost": 0.3319167625481664}