{"quality": 0.9482127825485096, "novelty": 0.26885947904332363, "diversity": 0, "efficiency": 0.648368587323416, "cost": 0.9663819606665327, "score": 0.35229579655724297}