{"quality": 0.1469991598489967, "novelty": 0.8157380399282999, "diversity": 0.2612703665194978, "efficiency": 1, "cost": 0.7890107827463568, "score": 0.3713872529660379}