{"quality": 0.8083481880597971, "novelty": 0.13017237761519015, "diversity": 1, "efficiency": 0.26988099562192497, "cost": 0.15327958602005246, "score": 0.5002017415630202}