{"quality": 0.1301248211608786, "novelty": 0.9638677142134131, "diversity": 0.26387087328957537, "efficiency": 0.5055670407676929, "cost": 0.7821646976511476, "score": 0.3303971359095711}