{"quality": 0.45434702242656555, "novelty": 1, "diversity": 0.42575787378433616, "efficiency": 0.8606444726106265, "cost": 0, "score": 0.6005523523764309}