{"quality": 0.45635878268511026, "novelty": 0.8685028627666225, "diversity": 0.7616099957124901, "efficiency": 0, "cost": 0.2617018111131755, "score": 0.48018516852836923}