{"quality": 0.7217289147297852, "novelty": 0.20872418630806416, "diversity": 0.9096035769461059, "efficiency": 0.731228739709859, "cost": 0.7310693172586601, "score": 0.48719781561578557}