{"quality": 0.5603781829223422, "novelty": 0.37077062213142103, "diversity": 0.7421953410974313, "efficiency": 0.3063841353848841, "cost": 0.4520595413629706, "score": 0.4099968448004797}