{"quality": 0.5766777400572312, "novelty": 0.5456511529383099, "diversity": 0.6364380361747053, "efficiency": 0.8450560258903217, "cost": 1, "score": 0.46346212137023624}