{"quality": 0, "novelty": 0.6281878545972119, "diversity": 0.26903930788116653, "efficiency": 0.513757420434306, "cost": 0.7073134435120922, "score": 0.21718709393947297}