{"quality": 0.21384306851552587, "novelty": 0.6586408046111842, "diversity": 0.22881676550747038, "efficiency": 0.7607364465209145, "cost": 0.899188279707906, "score": 0.2987681138162945}