{"quality": 0.543912475725967, "novelty": 0.7335980237592512, "diversity": 0.23097334828101843, "efficiency": 0.7048788319527359, "cost": 0.6889237189819699, "score": 0.4296073712085199}