{"quality": 0.35578979096820934, "novelty": 0.07642330106919215, "diversity": 1, "efficiency": 0.8238294897264282, "cost": 0, "score": 0.4494171860167251}