{"quality": 0.988472792722653, "novelty": 0.10218754538520065, "diversity": 0.6425390543362823, "efficiency": 0.6288456915350353, "cost": 0.5247242736594069}