{"quality": 0, "novelty": 0.12209943877037782, "diversity": 0.06357603821066818, "efficiency": 0, "cost": 0.13792887614920676, "score": 0.029447179719807415}