{"quality": 0.6812247153522228, "novelty": 0.4122597780455548, "diversity": 0.3925568453327664, "efficiency": 0.6958936419833188, "cost": 0.13681956509190046, "score": 0.47664581797191663}