{"quality": 0.03697203847102298, "novelty": 0.6733004454640633, "diversity": 0.9340515849878457, "efficiency": 0.6557222711722369, "cost": 0.9518996062209946, "score": 0.36939541995862796}