{"quality": 0.44823453552467085, "novelty": 0.4985164862637622, "diversity": 0.3259912374385613, "efficiency": 0.7673816916941558, "cost": 0.7796851824540365, "score": 0.3614364652197738}