{"quality": 0.2069352447149072, "novelty": 0.753875385509202, "diversity": 0.21322556399503406, "efficiency": 0.7141126294685437, "cost": 0.5044259470119232, "score": 0.34986883230986865}