{"quality": 0.7585087217015188, "novelty": 0.8643989149055622, "diversity": 0.8612844560438687, "efficiency": 0.28691344792738466, "cost": 0.08580799678862974}