{"quality": 0.7747231421888533, "novelty": 0.6200403417572627, "diversity": 0.7665838561708137, "efficiency": 0.9048420997269216, "cost": 0.8545057180309272, "score": 0.59101954248608}