{"quality": 0.7135772215149716, "novelty": 0.15499963127224275, "diversity": 0.09759543979775084, "efficiency": 0.37525576812277667, "cost": 0.8682513626546293, "score": 0.2418053911850559}