{"quality": 0.260218563546875, "novelty": 0.8230895073593449, "diversity": 0.42066882212279433, "efficiency": 0.6804348465555152, "cost": 0.03864083266742857, "score": 0.466172854045042}