{"quality": 0.642594443473113, "novelty": 0.2326459254111864, "diversity": 0.1485813276840222, "efficiency": 0.7920081912863877, "cost": 0.695934738566756, "score": 0.32986383476781755}