{"quality": 0.9012902903422441, "novelty": 0.5570473743141016, "diversity": 0.08325435543751963, "efficiency": 0.3889357820973096, "cost": 0.5071740368037141, "score": 0.43392276540292757}