{"quality": 0.8320617545655742, "novelty": 1, "diversity": 0.5411269026184669, "efficiency": 0.279913472197478, "cost": 0.430606533267956, "score": 0.6067702743961917}