{"quality": 0.6840096199260296, "novelty": 0.6255582352268328, "diversity": 0.3539010852161991, "efficiency": 0.12373950683047635, "cost": 0.3628683579036307, "score": 0.4146467520619653}