{"quality": 0.5775519156572368, "novelty": 0.7394675756002662, "diversity": 0.7488737196345543, "efficiency": 0.24907924532409245, "cost": 0.2983950560370816, "score": 0.5154295937190541}