{"quality": 0.16561128547703427, "novelty": 0.07916020242796967, "diversity": 0.20831946510616117, "efficiency": 0.4281423701900906, "cost": 0.6785660518731238, "score": 0.10750207961253612}