{"quality": 0.274517997977151, "novelty": 0.9525291261020965, "diversity": 0.7706275232128785, "efficiency": 0.5547972974519977, "cost": 0.05846826675117278, "score": 0.5519859535039275}