{"quality": 0.4875167762835157, "novelty": 0.6632652734640881, "diversity": 0.7558975216324948, "efficiency": 0.6254483868657157, "cost": 0.26062186032449164, "score": 0.531005927574984}