{"quality": 0.12228927766422643, "novelty": 0.6088589956663653, "diversity": 0.8874553668429704, "efficiency": 0.22199354012425498, "cost": 0.6195219390438863, "score": 0.33773944269870293}