{"quality": 0.5945480302862703, "novelty": 0.3977713972533752, "diversity": 0.4755659333007496, "efficiency": 0.3783243346493833, "cost": 0.16339566351912993, "score": 0.41332952890486935}