{"quality": 0.376239978027049, "novelty": 0.8206302759468123, "diversity": 0.7509957771334725, "efficiency": 0.6385216148030158, "cost": 1, "score": 0.46400696004196473}