{"quality": 0.2877594481163514, "novelty": 1, "diversity": 0.1228934788716847, "efficiency": 0.0039719043247871955, "cost": 0.9704241140062995, "score": 0.2644599044573305}