{"quality": 0.10461139775614314, "novelty": 0.8731406983595391, "diversity": 0, "efficiency": 0.759994797474552, "cost": 0.7125034926188025, "score": 0.2924174642760302}