{"quality": 0.6187360724998777, "novelty": 0, "diversity": 0.22175452291238798, "efficiency": 0.41192422333985157, "cost": 0.03821799585182137, "score": 0.2879385602482365}