{"quality": 0.00023842260032763685, "novelty": 0.13402999140055558, "diversity": 0.31647672331384047, "efficiency": 0.3950095714925112, "cost": 0.35375183078190464, "score": 0.12075062193869149}