{"quality": 0.842911856923613, "novelty": 0.4728195541712274, "diversity": 0.7773508033184109, "efficiency": 0.7492200167390474, "cost": 0.8022222599855816, "score": 0.5587093827958718}