{"quality": 0.4002850239344723, "novelty": 0.6738802303712534, "diversity": 0.49513026707051855, "efficiency": 0.9152180148692801, "cost": 0.5989225624688024, "score": 0.4649720641707705}