{"quality": 0.11866736477247605, "novelty": 0.7731107916881258, "diversity": 0.8496103688679546, "efficiency": 0.8694942464781472, "cost": 0.3880889020086264, "score": 0.49041522789822467}