{"quality": 1, "novelty": 0, "diversity": 0.5597950171628042, "efficiency": 0.1613912601234072, "cost": 0.6028058552878847, "score": 0.3758871069222835}