{"quality": 0.9831406585867837, "novelty": 0.1505045629699569, "diversity": 0.40992549201803646, "efficiency": 0.12674942362718725, "cost": 0.7079799455883966, "score": 0.36276785570736997}