{"quality": 0.303594804754622, "novelty": 1, "diversity": 0.30684255795562354, "efficiency": 0.34961668843860205, "cost": 0.5063991479718615, "score": 0.40424954148611547}