{"quality": 0.26926640759188114, "novelty": 0.6391032511877303, "diversity": 0.2679816757079098, "efficiency": 0.03508696287981683, "cost": 0.34272299594471856, "score": 0.2651428150535795}