{"quality": 0.9753184958072452, "novelty": 0.776811266371508, "diversity": 0.09284409862420973, "efficiency": 0.5038871891331166, "cost": 0.7487338883349084, "score": 0.5060768745963691}