{"quality": 0.6984303175694507, "novelty": 0.24930681320534864, "diversity": 0.9397668524703711, "efficiency": 1, "cost": 0.3889495739419896, "score": 0.5709142116720476}