{"quality": 0.7324041237720025, "novelty": 0.8958860685058835, "diversity": 0.9109907312003235, "efficiency": 0.9121621611602775, "cost": 1, "score": 0.662715224672178}