{"quality": 0.1004475784207006, "novelty": 0.6658920969398616, "diversity": 0.6623902124485759, "efficiency": 0.9548354954957697, "cost": 0.7330455043083423}