{"quality": 0.710610922418379, "novelty": 0.8624170083393632, "diversity": 0.5921396368305583, "efficiency": 0.960703360395472, "cost": 0.8500213823474083, "score": 0.606318822001046}