{"quality": 0.861115612310383, "novelty": 1, "diversity": 0.8419074816338976, "efficiency": 1, "cost": 0.648600446375114, "score": 0.7618561353823831}