{"quality": 0.9574187456168147, "novelty": 0.8353948760060125, "diversity": 0.7371820933397675, "efficiency": 0.5197866646021646, "cost": 0.0}