{"quality": 0.29246472077248103, "novelty": 0, "diversity": 0.2733033092956404, "efficiency": 0.6379545889759123, "cost": 0.4481035766331223, "score": 0.19328290877394697}