{"quality": 0.6164992787275091, "novelty": 0.1793962110511704, "diversity": 0.896579085244108, "efficiency": 0.4683047558713446, "cost": 0.43100702829653953, "score": 0.4362596639809147}