{"quality": 1, "novelty": 0.6038835661030478, "diversity": 0.9902581805735826, "efficiency": 0.9949783083681967, "cost": 0.8949560239989363, "score": 0.7087736714958144}