{"quality": 0.9098379750358883, "novelty": 0.8002374024199456, "diversity": 0.8397693627252235, "efficiency": 0.899290279416806, "cost": 0.9316293073186325, "score": 0.6826952268414552}