{"quality": 0.8431408004890113, "novelty": 0.47683466724237294, "diversity": 0.19004889657939317, "efficiency": 0.433456180364968, "cost": 0.3207135800111146, "score": 0.44310775532680896}