{"quality": 0.09332508395548761, "novelty": 0.3524487715244696, "diversity": 0.5801198544548725, "efficiency": 0.7674392155984786, "cost": 0.643917666532119, "score": 0.282857804645298}