{"quality": 0.127644029030979, "novelty": 0.8346182852689592, "diversity": 0.4934364795962899, "efficiency": 0.26711085132301715, "cost": 0.1290989669990974, "score": 0.37279180694433434}