{"quality": 0.3861269768762025, "novelty": 0.7460685514929047, "diversity": 0.3571303573334062, "efficiency": 0.7977514504500477, "cost": 0.7480453519299378, "score": 0.4186394847772815}