{"quality": 0.6957894170616403, "novelty": 0.744582380357007, "diversity": 0.4063688009828616, "efficiency": 0.6323981565451153, "cost": 0.3953656336108492, "score": 0.5314793405249986}