{"quality": 0.9073457179172761, "novelty": 0.3139458980056271, "diversity": 0, "efficiency": 0.9478901906071255, "cost": 0.7825744153315983, "score": 0.41461627693449865}