{"quality": 0.07603893104185588, "novelty": 0.1280822264444704, "diversity": 0.652303336310808, "efficiency": 0.255851292252173, "cost": 0.18912812634239645, "score": 0.20475778438942227}