{"quality": 0.44049136477586276, "novelty": 0.4444500888828845, "diversity": 0.17094477405850517, "efficiency": 0.08502390732588044, "cost": 0.5450188317161094, "score": 0.23570058939245206}