{"quality": 0.9774733793336655, "novelty": 0.7889824596829342, "diversity": 0.7220552721542266, "efficiency": 0.34369059152525333, "cost": 0.712445535666766, "score": 0.61520771831379}