{"quality": 0.6380494394235907, "novelty": 0, "diversity": 0.4941839151078709, "efficiency": 0.34408759772283465, "cost": 0.9321901369806405, "score": 0.24864574080901253}