{"quality": 0.10713681763239752, "novelty": 0.21671180259421507, "diversity": 0.8759767078649994, "efficiency": 1, "cost": 0.15641605739197773, "score": 0.3958727317720751}