{"quality": 0.8192806577751257, "novelty": 0.4514734446529042, "diversity": 0.5802273530872772, "efficiency": 0.6111532140942426, "cost": 0, "score": 0.5663710112273556}