{"quality": 0.2541215680095428, "novelty": 0.6063838707851925, "diversity": 0.1544320602389374, "efficiency": 0.3976441609848772, "cost": 0.6737235148440369, "score": 0.25099312281027636}