{"quality": 0.5935217141138888, "novelty": 0.21871183004690747, "diversity": 0.15996915470911416, "efficiency": 0.5689681664971679, "cost": 0.660949694527035, "score": 0.28397855820958806}