{"quality": 0, "novelty": 0.6836142004260589, "diversity": 0.35233667656023127, "efficiency": 0.21172362940380773, "cost": 0, "score": 0.27312942982913213}