{"quality": 0.9044307384168937, "novelty": 0.4051394401798977, "diversity": 0.15532188356694598, "efficiency": 0.3180759975998867, "cost": 0.22631967151510174, "score": 0.42875789077190457}