{"quality": 1, "novelty": 0.388189465044537, "diversity": 0.3025551532355419, "efficiency": 0.6037813743201835, "cost": 0, "score": 0.5481256030562701}