{"quality": 0.25280909152621855, "novelty": 0.5104591985741858, "diversity": 0.8363414789553442, "efficiency": 0.37188283362952645, "cost": 0.10772651678546656, "score": 0.4157355962583632}