{"quality": 0.25367387131778285, "novelty": 0.021869998800673363, "diversity": 0.7945047042959221, "efficiency": 0.6777887425405968, "cost": 0.37756440405153713, "score": 0.30438247293062337}