{"quality": 0.07275497685444138, "novelty": 0.45241355691517066, "diversity": 0.7632063454947016, "efficiency": 0.7263046577659792, "cost": 0.5735359650894037, "score": 0.3391632535400219}