{"quality": 0.6832875208606908, "novelty": 1.0, "diversity": 0.24136224119846186, "efficiency": 0.2710459995910475, "cost": 0.4863301952369526}