{"quality": 0.2968778096546283, "novelty": 0.23005618375225698, "diversity": 0.2907250435125534, "efficiency": 0.9237687629596871, "cost": 0, "score": 0.34328771198091645}