{"quality": 0.8549562581935677, "novelty": 0.6632481663316065, "diversity": 0.29042718277119306, "efficiency": 0.4649209814981647, "cost": 0.20258426139673158, "score": 0.529864076680262}