{"quality": 0.49754753159906445, "novelty": 0.782582648909363, "diversity": 0.050476570806717413, "efficiency": 0.46697673861880845, "cost": 0.23189015259578158, "score": 0.40186273140164663}