{"quality": 0.13800868885064083, "novelty": 0.6963031278237675, "diversity": 0.17235446354722928, "efficiency": 0.9211229931723036, "cost": 0.3285785803677262, "score": 0.3552598722596529}