{"quality": 0.23644073063196444, "novelty": 0.30483099087092097, "diversity": 0.1987245625637994, "efficiency": 0.8507243947555421, "cost": 0.49360429919081517, "score": 0.26513310871432927}