{"quality": 0.0994123048374545, "novelty": 0.33161380735530105, "diversity": 0.8499605250045104, "efficiency": 0, "cost": 0.5478789196567004, "score": 0.22793135632529368}