{"quality": 0.43319725719985747, "novelty": 0.13485508631398313, "diversity": 0.40941357815304674, "efficiency": 0.3378464147376139, "cost": 0.7666638805872501, "score": 0.21956623852097945}