{"quality": 0.28559799123065854, "novelty": 0.31828365301343037, "diversity": 0.08781241223222053, "efficiency": 0.9490992359974229, "cost": 0.6950392033650031, "score": 0.25567375813211235}