{"quality": 0, "novelty": 0.9211842135069649, "diversity": 0.6219203129071891, "efficiency": 0.5635930291067837, "cost": 0.26700810654485374, "score": 0.41251825966971123}