{"quality": 0.8615323677689771, "novelty": 0.5687832662287708, "diversity": 0.742666775954677, "efficiency": 0.669842154969312, "cost": 0.6088017528989083, "score": 0.5887850300343273}