{"quality": 0.6257825780923476, "novelty": 0, "diversity": 0.689854586550405, "efficiency": 0.8912708233338609, "cost": 0.23901349013103815, "score": 0.4354949652247606}