{"quality": 0.6387539024397881, "novelty": 0.21195410943851817, "diversity": 0, "efficiency": 0.6422565306643679, "cost": 0.9911492556671764, "score": 0.24183825212450355}