{"quality": 0.7431115688869909, "novelty": 0.9464514154314334, "diversity": 0.4497886435347497, "efficiency": 0.8808454059615332, "cost": 0.7511367125587851, "score": 0.606517192869257}