{"quality": 0.14823665836375563, "novelty": 0.3127016236617273, "diversity": 0.047309098432734065, "efficiency": 0.7093594987664235, "cost": 0.7959936954293771, "score": 0.15891277838313111}