{"quality": 0.12595171310053638, "novelty": 0.14355780116400235, "diversity": 0.8668820349586615, "efficiency": 0.05116673138470618, "cost": 0.9011024224501876, "score": 0.16461613867558092}