{"quality": 0.7307382000950978, "novelty": 0.40071751336767847, "diversity": 0.853181286758492, "efficiency": 0.17536178562810134, "cost": 0.4723155011977153, "score": 0.4691098134465911}