{"quality": 0.5365730466701648, "novelty": 0.39344372293320323, "diversity": 0.6868904338357413, "efficiency": 0, "cost": 0.3584599608726229, "score": 0.3608649354142362}