{"quality": 0.7486691165316586, "novelty": 0.7707094468427651, "diversity": 0.23848082015802538, "efficiency": 0.8328686758634651, "cost": 0.18915740835949935, "score": 0.5709888212453638}