{"quality": 0.6565810667364187, "novelty": 0.6014551724550307, "diversity": 0.13758307769111064, "efficiency": 0.7497705343645327, "cost": 0.48722849815960023, "score": 0.4385974590116252}