{"quality": 0.226700099550962, "novelty": 0.6965365672950972, "diversity": 0.5894191582129166, "efficiency": 0.055923276361941304, "cost": 0.719934102891312, "score": 0.2964230844968062}