{"quality": 0.7655132060253356, "novelty": 0.2572512032581551, "diversity": 0.3454588171881864, "efficiency": 0.6646524525778741, "cost": 0.5670813112763731, "score": 0.40604826281882056}