{"quality": 0.5461518527294775, "novelty": 0.9502783029336679, "diversity": 0.11758184080894774, "efficiency": 0.07025400327513978, "cost": 0.636488425314582, "score": 0.3718207576738625}