{"quality": 0.7679223175825702, "novelty": 0.45174516844974266, "diversity": 0.8127615493838868, "efficiency": 0.454208246571858, "cost": 0.9592840698718683, "score": 0.47806812726257597}