{"quality": 0.2099481899851936, "novelty": 0.5952411985477039, "diversity": 0.2861657845022401, "efficiency": 0.24041703767060052, "cost": 0.7868834741537476, "score": 0.2264021217681474}