{"quality": 0, "novelty": 0.6436892442050366, "diversity": 0.8314572259956483, "efficiency": 0.30366731161810545, "cost": 0.2815101929495599, "score": 0.34461283369814866}