{"quality": 0.6742662351538355, "novelty": 0.6609911554727684, "diversity": 0.7693804894420464, "efficiency": 1, "cost": 0.3855976071054393, "score": 0.6328439965922081}