{"quality": 0.3891926982864037, "novelty": 0.7998285924971483, "diversity": 0.9140179561896418, "efficiency": 0.7900189241279554, "cost": 0.18254804419300114, "score": 0.5997665830480297}