{"quality": 0, "novelty": 0, "diversity": 0.025612859623176498, "efficiency": 0.9883384790826111, "cost": 0.911823645984479, "score": 0.06219097918857906}