{"quality": 0.3000564164039753, "novelty": 0.7031717718722779, "diversity": 0.9620091880125403, "efficiency": 0.5831548899382459, "cost": 1, "score": 0.44568493898250705}