{"quality": 0.9624919415621793, "novelty": 1, "diversity": 0.028357596700649024, "efficiency": 0.8609236628752233, "cost": 0.46836161968929824, "score": 0.6267214892711372}