{"quality": 0.511610165002647, "novelty": 0.15858082040956412, "diversity": 0.3327032689648372, "efficiency": 0, "cost": 0.3738272711020133, "score": 0.2222861812859512}