{"quality": 0.320767358361266, "novelty": 0.5546756071230039, "diversity": 0.6877238700549282, "efficiency": 0.5627729208483947, "cost": 0, "score": 0.4568598214273756}