{"quality": 0.3585653836185922, "novelty": 0.3890090293168424, "diversity": 0.8118492337963141, "efficiency": 0.6118785902625374, "cost": 0.06148767830836599, "score": 0.4528247398825951}