{"quality": 0.16642761955254182, "novelty": 0.22167191576070877, "diversity": 0.29734424308962965, "efficiency": 0.7389506452171526, "cost": 0.9813630443714989, "score": 0.17752140576928865}