{"quality": 0.34187232697611425, "novelty": 0.6539576851159414, "diversity": 0.3718628549542236, "efficiency": 0.2126008068626874, "cost": 1, "score": 0.27231381139206745}