{"quality": 0.6940131445187645, "novelty": 0.4892888106454302, "diversity": 0.9726314311095847, "efficiency": 0.39646480360244296, "cost": 0.33970353371772044, "score": 0.5505517994074983}