{"quality": 0.5121011308206658, "novelty": 0.6908266364114493, "diversity": 0.7604617494427639, "efficiency": 0.020596747664086812, "cost": 0.5477986177860918, "score": 0.42673899860861864}