{"quality": 0.6742839172444353, "novelty": 0.7861101739113996, "diversity": 0.5094179462928561, "efficiency": 0.3771615042496361, "cost": 0.09370545192220295, "score": 0.5478999883549769}