{"quality": 0.6958450538437367, "novelty": 0.6223950366835905, "diversity": 0.21943866113413918, "efficiency": 0.7464912619876637, "cost": 0.3807035635355445}