{"quality": 0, "novelty": 0.2558540532922659, "diversity": 0.6835897067327836, "efficiency": 0.25582594311209483, "cost": 0.8024061683751837, "score": 0.15881472929891907}