{"quality": 0.5240459738000787, "novelty": 0.20721971273819273, "diversity": 0.3300437421068704, "efficiency": 1, "cost": 0.5839453654716259, "score": 0.3666329321987833}