{"quality": 0.16627451771808574, "novelty": 0.7499370422408502, "diversity": 0.16409848030947394, "efficiency": 0.9358283266118372, "cost": 0.8282106458108132, "score": 0.3277394963482273}