{"quality": 0.2287357027215644, "novelty": 1, "diversity": 0.9289797392192642, "efficiency": 0.37393461224730884, "cost": 0.09476086996546862, "score": 0.5510307635008715}