{"quality": 0.7109688428279762, "novelty": 1, "diversity": 0.31893363125494195, "efficiency": 0.43411444308407704, "cost": 0.7190782906052998, "score": 0.5202867165014629}