{"quality": 0.6327912330682977, "novelty": 0.23956359655194664, "diversity": 0.6592309577938184, "efficiency": 0.5736148822168574, "cost": 1, "score": 0.3676166929497683}