{"quality": 0.6632387086227481, "novelty": 0.456891144688755, "diversity": 0.03812448647987571, "efficiency": 0.45586478826168036, "cost": 0.7716852570324262, "score": 0.3120304885909978}