{"quality": 0.40962034344562, "novelty": 0.5867683396810381, "diversity": 0.3153808493736925, "efficiency": 0.47897783797380056, "cost": 0, "score": 0.4045010335247541}