{"quality": 0.45051132244534736, "novelty": 0.6315996700728882, "diversity": 0.7726374979725681, "efficiency": 0.8927081329127684, "cost": 0.24666478149026944, "score": 0.5568205556342283}