{"quality": 0, "novelty": 0.13459081445976934, "diversity": 1, "efficiency": 0.45522789581227585, "cost": 0.5155519488858047, "score": 0.25037669309820326}