{"quality": 0.849697711212767, "novelty": 0.6550290108206125, "diversity": 0.7696481583065684, "efficiency": 0.33354895727723394, "cost": 0.6357015158895727, "score": 0.5590583897329247}