{"quality": 0.9773313044699288, "novelty": 0.31814151974062255, "diversity": 1, "efficiency": 0.133876398674626, "cost": 0.4212171170337292, "score": 0.5506945193739552}