{"quality": 0.5904593106740281, "novelty": 0.845517465323662, "diversity": 0.7865169209298011, "efficiency": 0.3463375351053375, "cost": 0.7494863646585092, "score": 0.5228225375190338}