{"quality": 0.4640001304358189, "novelty": 0.8587701808725108, "diversity": 0.7415322911462252, "efficiency": 0.39656268984112863, "cost": 0.7728326387867569, "score": 0.484400182175612}