{"quality": 0.5769302011054692, "novelty": 0.16322719525439472, "diversity": 0.7855623070597804, "efficiency": 0.8254175579304517, "cost": 0.3833838045309833, "score": 0.4564725737936649}