{"quality": 0.693675495389816, "novelty": 0.344650450766429, "diversity": 0.5394347993672464, "efficiency": 0.3765829079196819, "cost": 0.013608972901035396, "score": 0.45727876007985}