{"quality": 0.19052950005830802, "novelty": 0.6425860538515045, "diversity": 0.8574423594574232, "efficiency": 0.9170368936296411, "cost": 0.900901283990785, "score": 0.43675924101722086}