{"quality": 0.1601789391454675, "novelty": 0.7631104943437632, "diversity": 0.8838623454738094, "efficiency": 0.5975400586796913, "cost": 0.4376623100540018}