{"quality": 0.6518917879883988, "novelty": 0.9633973696684706, "diversity": 0.5546111608834429, "efficiency": 0.4942214022624227, "cost": 0.6266162630958123, "score": 0.5588106950201079}