{"quality": 0.7234957972117402, "novelty": 0.7431514483598065, "diversity": 0.5642823021266142, "efficiency": 0.9221737441108571, "cost": 1, "score": 0.554019123295425}