{"quality": 0.9526883385732745, "novelty": 0.5153293268987665, "diversity": 0.4138080860979431, "efficiency": 0.3982400655542424, "cost": 0.7315481774498439, "score": 0.4839816426044145}