{"quality": 1, "novelty": 0.6731942345960469, "diversity": 0.298198817517228, "efficiency": 0.5679997669070517, "cost": 0.03160172050388654, "score": 0.6099781151381264}