{"quality": 0.7036071759470726, "novelty": 0.23166333195821215, "diversity": 0.22845692952583824, "efficiency": 0.6210418492142267, "cost": 0.6597968739967317, "score": 0.34186596166130323}