{"quality": 0.5656788146805241, "novelty": 0.6421842269096389, "diversity": 0.16998939221905704, "efficiency": 0.17848837642466928, "cost": 0.9175831170964772, "score": 0.299262524329431}