{"quality": 1, "novelty": 0.13239267812421968, "diversity": 0.34644862680605937, "efficiency": 0.5233528982966148, "cost": 0.17825885321490503, "score": 0.4630649443152685}