{"quality": 0.17806162273363885, "novelty": 0.6198501068930158, "diversity": 0.6490075284725253, "efficiency": 0.9324246531319371, "cost": 0.2600156838101106, "score": 0.4520446488266302}