{"quality": 0.6890730286187163, "novelty": 0.4816742457616293, "diversity": 0.8688815229405953, "efficiency": 0.33256289213225443, "cost": 0.3229127731983781, "score": 0.5185099311141417}