{"quality": 0.5691362406758822, "novelty": 0.18327500010361603, "diversity": 0, "efficiency": 0.489612330351454, "cost": 0, "score": 0.29000147178138674}