{"quality": 0.8990286216052243, "novelty": 0.0, "diversity": 0.8150398968061537, "efficiency": 0.5029124462208009, "cost": 0.2543834280000329}