{"quality": 0.008659411025069508, "novelty": 0.8310776060712068, "diversity": 0.6537541356609156, "efficiency": 0.21291059815459323, "cost": 0.7283585502822975, "score": 0.3002187866524649}