{"quality": 0.9371426831560162, "novelty": 0.3140149496669187, "diversity": 0.5808047368750398, "efficiency": 0.27943822398640955, "cost": 0.9154796842942294, "score": 0.42617525490708097}