{"quality": 0.19508001836952193, "novelty": 0.5593477524578307, "diversity": 0.8020572782352264, "efficiency": 0.773449758849589, "cost": 0.6948996229254414, "score": 0.40529990080725375}