{"quality": 0.05795651192946717, "novelty": 0.6171607210836758, "diversity": 0.5302149008800736, "efficiency": 0.846174282442172, "cost": 0.5629805281401368, "score": 0.34834820357808594}