{"quality": 0.9106565874787805, "novelty": 0, "diversity": 0.5732248355409031, "efficiency": 0.11519475835223628, "cost": 0.6115093470232897, "score": 0.3439702224023212}