{"quality": 0.4927631271974292, "novelty": 0.3642322169400624, "diversity": 0.6874780087902024, "efficiency": 0.5197190288044228, "cost": 0.5188252803591187, "score": 0.40245792043703643}