{"quality": 0.8624447819328283, "novelty": 0.3448927037033843, "diversity": 0.493017176624945, "efficiency": 0.7795564976243742, "cost": 0.2802269050206616, "score": 0.5324708299722736}