{"quality": 0.029855260799538985, "novelty": 0.6850904592010028, "diversity": 0.653844481028006, "efficiency": 0.551729571330976, "cost": 0.7715511347448047, "score": 0.31660241147087953}