{"quality": 0.7980969128922191, "novelty": 0.7570655077159869, "diversity": 0.6949786272526789, "efficiency": 0.8537447203876607, "cost": 0.37587942066559926, "score": 0.6581649422387874}