{"quality": 0.9508383990911249, "novelty": 0.5589373048902209, "diversity": 0.6558825921008268, "efficiency": 1, "cost": 0.7273350298437893, "score": 0.6334288613856791}