{"quality": 0.9741380041373509, "novelty": 0.4284582724352595, "diversity": 0.3678868931104592, "efficiency": 0.3707254843272434, "cost": 0.05471965654398714, "score": 0.5230702049667998}