{"quality": 0.78988753882771, "novelty": 0.5193027074217612, "diversity": 0.4077181533901042, "efficiency": 0, "cost": 0.9276630001212327, "score": 0.35556926916965087}