{"quality": 0.7097822522240869, "novelty": 0.676258612004963, "diversity": 1, "efficiency": 0.39708172157855487, "cost": 0, "score": 0.64156158690525}