{"quality": 0.14946424724629387, "novelty": 0.5597401766872767, "diversity": 0.3231338456932234, "efficiency": 0.7966020346254146, "cost": 0.5750083111427537, "score": 0.3113905615638888}