{"quality": 0.39304944484906457, "novelty": 0.8262156679708669, "diversity": 1, "efficiency": 0.17856187764440964, "cost": 0.7669709812226304, "score": 0.47455593397183454}