{"quality": 0.22994555465855393, "novelty": 0.6526624045345839, "diversity": 0.1893894626826112, "efficiency": 0.6988457621272762, "cost": 0, "score": 0.37485402438682586}