{"quality": 0.0759670262092256, "novelty": 0.11190268564484857, "diversity": 0.727888097063613, "efficiency": 1, "cost": 0.21236627144919404, "score": 0.32510677154178297}