{"quality": 0.09461484090680024, "novelty": 0.02015681452977655, "diversity": 0.7836315223503841, "efficiency": 0.3309683920915663, "cost": 0.4759696277159757}