{"quality": 0.7061712557295131, "novelty": 0.6617708178035904, "diversity": 0.8120228995883844, "efficiency": 0.35078929837267075, "cost": 0.7817976610474099, "score": 0.514137289738588}