{"quality": 0.7661817237102029, "novelty": 0.493197406994791, "diversity": 0.7292906847311607, "efficiency": 0.6058317928824677, "cost": 0.1142161628915152, "score": 0.5784651584512094}