{"quality": 0.4488047909172994, "novelty": 0, "diversity": 0.5077491127998268, "efficiency": 0.6982903411424353, "cost": 0.12113723223171838, "score": 0.3288210877833486}