{"quality": 1, "novelty": 0.7295728968430357, "diversity": 0.48623397998146917, "efficiency": 0.18824794430002795, "cost": 0.2795543000366628, "score": 0.5799217818483906}