{"quality": 0.38464297029994254, "novelty": 0.7887008585158091, "diversity": 0.44604115519918525, "efficiency": 0.12368223366106906, "cost": 1, "score": 0.32032867180793245}