{"quality": 0.6629223192169358, "novelty": 0.7328151825790741, "diversity": 0, "efficiency": 0.3903755464242108, "cost": 0.41417353980251104, "score": 0.3992194693932298}