{"quality": 0.8144807970751509, "novelty": 0.9135493868251926, "diversity": 0.5354704539687586, "efficiency": 0.866053373655784, "cost": 0.8897494377297364, "score": 0.620758738897989}