{"quality": 0, "novelty": 0.45606165367160056, "diversity": 0.17332287999232476, "efficiency": 0.4788592001257117, "cost": 0.7566988041064291, "score": 0.14483898902457892}