{"quality": 0.8967926455020028, "novelty": 0.8178646240119412, "diversity": 0.9425410289326988, "efficiency": 0.808922528823107, "cost": 0.3005499018570743, "score": 0.7532955445778845}