{"quality": 0.5487398700355212, "novelty": 0.4957468272303897, "diversity": 0.5987475698203341, "efficiency": 0.5512287314341746, "cost": 1, "score": 0.39099249149744675}