{"quality": 0.36486091242859386, "novelty": 0.5805048356107625, "diversity": 0.8741903081011524, "efficiency": 0, "cost": 0, "score": 0.4294225442514993}