{"quality": 0.25726232198268006, "novelty": 0.18771290111022115, "diversity": 0.6086800587593517, "efficiency": 0.04224874778696379, "cost": 0.5467281545558964, "score": 0.19750743033668458}