{"quality": 0.2353602442708445, "novelty": 0, "diversity": 0.5682802619687325, "efficiency": 0.7689462686038573, "cost": 0, "score": 0.2996060659655784}