{"quality": 0.614248252946018, "novelty": 0.5611340718148738, "diversity": 0.13759059235655094, "efficiency": 0.5705500616426749, "cost": 0.31246719028681946, "score": 0.40641190252655335}