{"quality": 0.628207745221729, "novelty": 0.5427930663859287, "diversity": 0.05114148913371197, "efficiency": 0.6132743402625127, "cost": 0.3284017722026381}