{"quality": 0.37209626226619935, "novelty": 0.5581389176279807, "diversity": 0.5434184626642498, "efficiency": 0.5998457596832614, "cost": 0.5992095167649856, "score": 0.3899032128956956}