{"quality": 0.7836403393977505, "novelty": 0.2328313473157883, "diversity": 0.4083625318447784, "efficiency": 0.8005266724905689, "cost": 0.19574250307531707, "score": 0.4754771955832815}