{"quality": 0.7707608973062237, "novelty": 0.13593283261191277, "diversity": 0.3715043785004468, "efficiency": 0.9000429159120314, "cost": 0.7838349547992512, "score": 0.39613529495181427}