{"quality": 0.0674269930373879, "novelty": 0.6213009696025394, "diversity": 0.5226449141309956, "efficiency": 0.5560326986694489, "cost": 0.5988016642771075, "score": 0.30360706151075695}