{"quality": 0.9529334952227428, "novelty": 0.6416730181988001, "diversity": 0.41809040343685333, "efficiency": 0.9568089945191327, "cost": 0.579810417070823, "score": 0.6154566912746811}