{"quality": 1, "novelty": 0.9524481422524935, "diversity": 0.8702684140955285, "efficiency": 0.9572950985966115, "cost": 0.4399036526405624, "score": 0.8117696179076647}