{"quality": 0.5180583159876376, "novelty": 0.3522823353149627, "diversity": 0.26901510964467396, "efficiency": 0.49560885722601905, "cost": 0.7179652373834486, "score": 0.29983590539952476}