{"quality": 0.46830715576609594, "novelty": 0.5010933286951432, "diversity": 0.18824147035129157, "efficiency": 0.5867960991352026, "cost": 0.7073927460426787, "score": 0.3206939132398854}