{"quality": 0.24875106898984925, "novelty": 0.5423875713701718, "diversity": 0.6331625711182662, "efficiency": 0.16116996499491254, "cost": 0.9104759912237448, "score": 0.26998262339001333}