{"quality": 0.949490611350251, "novelty": 0.07072455426118768, "diversity": 0.6603771054155395, "efficiency": 0.3580943459095411, "cost": 0.724812979658828, "score": 0.41583659697402847}