{"quality": 0.4598167047932209, "novelty": 0, "diversity": 0.7058794195702203, "efficiency": 1, "cost": 0.633492125941312, "score": 0.3657716827578792}