{"quality": 0.5622282493710571, "novelty": 0.8052442065741301, "diversity": 0.2354228207629912, "efficiency": 0.4338657536786041, "cost": 0.636834515125614, "score": 0.4184605021466772}