{"quality": 0.01297573412342802, "novelty": 0.7456208270210722, "diversity": 0.1903573637709028, "efficiency": 1, "cost": 0.5267741330552451, "score": 0.3256919864409525}