{"quality": 0.5002812839977995, "novelty": 0.4928378862345084, "diversity": 0.11552701210002228, "efficiency": 0.8296018586621781, "cost": 0.3459119868766987, "score": 0.38624833928962826}