{"quality": 0.08933098446801252, "novelty": 0.10515808180197816, "diversity": 0.472341010536613, "efficiency": 0.22723488588422014, "cost": 0.2620059161254078, "score": 0.15544165916831312}