{"quality": 0.804085791602372, "novelty": 0.47681579223211445, "diversity": 0.6016644999165933, "efficiency": 0.16603228352552366, "cost": 0.16188545459837694, "score": 0.48947888259104966}