{"quality": 0.8279266015114476, "novelty": 0.16731131191985227, "diversity": 0.42871685330569337, "efficiency": 0.20226813707019942, "cost": 0.6050947677533891, "score": 0.34577992287972703}