{"quality": 0.39922774156738505, "novelty": 0.2696998549326117, "diversity": 0.38338632542847095, "efficiency": 0.42859166383049324, "cost": 0.1250496000406711, "score": 0.31565434085956956}