{"quality": 0.7026004170648514, "novelty": 0.6050329995770232, "diversity": 0.670790784267953, "efficiency": 0.6611760068993018, "cost": 0.713190440759189, "score": 0.5240538888262781}