{"quality": 1, "novelty": 0.9691195067999335, "diversity": 0.31372125033967013, "efficiency": 0.6572275372891766, "cost": 0.6547159685534878, "score": 0.6381366605059451}