{"quality": 0.7031339814024735, "novelty": 0.7605432070655034, "diversity": 0.3674584983285003, "efficiency": 0, "cost": 0, "score": 0.47456769585281794}