{"quality": 0.0801176947361773, "novelty": 1, "diversity": 0.8196507696240748, "efficiency": 0.9985318041527955, "cost": 0.9692448291676533, "score": 0.49082075005182213}