{"quality": 0.4105801851453953, "novelty": 0.7893311971988105, "diversity": 0.5302255493494435, "efficiency": 0.6467830323517039, "cost": 0.3344146065737203, "score": 0.49012795890859345}