{"quality": 0.878687081228345, "novelty": 0.32956363587408044, "diversity": 0.6237230078196607, "efficiency": 0.678803926158035, "cost": 0.38091323418706197}