{"quality": 0.39213748827503114, "novelty": 0.35550893426546215, "diversity": 0.4337862967311921, "efficiency": 0.6876093423108125, "cost": 0.825693565152134, "score": 0.31384778422652176}