{"quality": 0.21675786491952864, "novelty": 0.3437578447330472, "diversity": 0.7742140399821358, "efficiency": 0.6856354810841601, "cost": 0.17897632708559164, "score": 0.3907573181096124}