{"quality": 0.9730467740267982, "novelty": 0.3914610681681137, "diversity": 0.6374866614345853, "efficiency": 0.4456316721878398, "cost": 0.5132000430131556, "score": 0.5328013780638454}