{"quality": 1, "novelty": 0.3517921641823416, "diversity": 0.328628439654245, "efficiency": 0.3191420169112793, "cost": 0.5170365632780672, "score": 0.4498413751853195}