{"quality": 0.8427551078550699, "novelty": 0.6868481224545318, "diversity": 0.5756274494918158, "efficiency": 0.7721243008125955, "cost": 0.1717531251657881, "score": 0.6383073854738276}