{"quality": 0.38543468378306545, "novelty": 0.3429829292584382, "diversity": 0.17192761549458396, "efficiency": 0.8911804887412487, "cost": 0, "score": 0.3694387338596333}