{"quality": 0.9618228521201373, "novelty": 0.5563825533569774, "diversity": 0.5329391583296242, "efficiency": 0.44544591420230445, "cost": 0.28796333900417126}