{"quality": 0, "novelty": 1, "diversity": 0.6307082861409186, "efficiency": 0.8493301028283682, "cost": 0.5526120214915673, "score": 0.44827997050328217}