{"quality": 0.8022528950174435, "novelty": 0.348760315875634, "diversity": 0.5109213911667143, "efficiency": 0.09001194546858998, "cost": 0.8203922799902804, "score": 0.3615127895287449}