{"quality": 0.6036511162579192, "novelty": 0.20505178083778464, "diversity": 0.17139395765738422, "efficiency": 0.6206934504809047, "cost": 0.652455232833708, "score": 0.29449556590706366}