{"quality": 0.08899068001181484, "novelty": 0.9451487793531219, "diversity": 0.636865514617366, "efficiency": 0, "cost": 0.8130078250689499, "score": 0.30905671925840317}