{"quality": 0.36695316185364446, "novelty": 0.04564915541840739, "diversity": 0.9393083801807962, "efficiency": 0.07767327400007418, "cost": 0.9790991304920342, "score": 0.2231009914976621}