{"quality": 0.6599576842811136, "novelty": 0.5532959847567032, "diversity": 0.3366356810047947, "efficiency": 0.5113247121674767, "cost": 0.2858081442912041, "score": 0.45175633007046984}