{"quality": 0.3635966283522537, "novelty": 0.0864282808445378, "diversity": 0.5989884157294568, "efficiency": 0.6442643808067838, "cost": 0.9375893351583009, "score": 0.25336446546788943}