{"quality": 0.5025670207706533, "novelty": 0.532234041466715, "diversity": 0.13662417220012335, "efficiency": 0.9694675086508016, "cost": 0.5332458230761516, "score": 0.40324899502790446}