{"quality": 0.6206151533244562, "novelty": 0.5724316641418963, "diversity": 0.07011180805416817, "efficiency": 0.24339516563413138, "cost": 0.38951979873991727, "score": 0.34087211861477257}