{"quality": 0.8374234924363477, "novelty": 0.3473814194911166, "diversity": 0.040964793927638105, "efficiency": 0.019718930434015902, "cost": 0.24567825922442843, "score": 0.32465537503187064}