{"quality": 0.4013638388550865, "novelty": 0.4593193181250901, "diversity": 0.9331708534563645, "efficiency": 0.5676448314645245, "cost": 0.6188256960630985, "score": 0.4451373069924402}