{"quality": 0.14803283133320527, "novelty": 1, "diversity": 0.7598198612779838, "efficiency": 0.13559606866690244, "cost": 0.8192437060074528, "score": 0.38478886135484847}