{"quality": 0.6294467351689135, "novelty": 0.4399006875059732, "diversity": 0.24806221102274373, "efficiency": 0.8303821171200124, "cost": 0.2627866584133611, "score": 0.4467002863583818}