{"quality": 0.28275026704481654, "novelty": 0.5262912935723134, "diversity": 0.9580128220947346, "efficiency": 0.6655479186587222, "cost": 0.2138139809372383, "score": 0.48645125763055475}