{"quality": 0.7567572055294292, "novelty": 0.8767059559271871, "diversity": 0.16107518906142243, "efficiency": 0.43491508693696906, "cost": 0.8622484813692172, "score": 0.45743110335653364}