{"quality": 0.6482070944854685, "novelty": 0.8969881244893118, "diversity": 0.792230577325695, "efficiency": 0.3843674267369805, "cost": 0.5389492917652499, "score": 0.5809154597671295}