{"quality": 0.9176326154421076, "novelty": 0.31896363975086905, "diversity": 0.38763993413609743, "efficiency": 0.2732653358204066, "cost": 0.3867771636185299, "score": 0.434870765408777}