{"quality": 0.7199128157082875, "novelty": 0.9194099959035426, "diversity": 0.4577574465455657, "efficiency": 0.4147253107500238, "cost": 0.54305798592359}