{"quality": 0.8583213973835366, "novelty": 0.550925538047094, "diversity": 0.5260987455896494, "efficiency": 0.6435183077402937, "cost": 0.5956458370940505, "score": 0.5374107152964034}