{"quality": 0.16311652334439913, "novelty": 0.5938379156214336, "diversity": 0.9558030261037466, "efficiency": 0.7411375801728913, "cost": 1, "score": 0.3997256781553612}