{"quality": 0.5316922325468297, "novelty": 0.45197237130101114, "diversity": 0.5808680969403002, "efficiency": 0.4737043629132839, "cost": 0.6854736457412407, "score": 0.39118267184023026}