{"quality": 0.39119112974048637, "novelty": 0.9316585200192646, "diversity": 0.5319352881808483, "efficiency": 0.7458080336034127, "cost": 0.3053426771961638, "score": 0.5379959638840273}