{"quality": 0.8392549806292163, "novelty": 0.9532877478898378, "diversity": 0.3679596748828658, "efficiency": 0.8596658860848965, "cost": 0.5488874292886485, "score": 0.6377515061216672}