{"quality": 0.1669197821851035, "novelty": 0.5746139937794253, "diversity": 0.4012979267864961, "efficiency": 0.6239654097183905, "cost": 0.9327094678784289, "score": 0.27431288312760227}