{"quality": 0, "novelty": 0.19586190276248, "diversity": 1, "efficiency": 0.43211273419124835, "cost": 0.10919186368320893, "score": 0.30286319945098633}