{"quality": 0.3522811232294297, "novelty": 0.5859812990114304, "diversity": 0.5577216826771118, "efficiency": 0.9533730940967725, "cost": 0.09404307048908891, "score": 0.49732565532271583}