{"quality": 0.5016159976373846, "novelty": 0.7312484998328729, "diversity": 0.9829502168034283, "efficiency": 0.16620959618402395, "cost": 0.34269275174328406}