{"quality": 0, "novelty": 0.3437082471026328, "diversity": 0.2722738431154958, "efficiency": 1, "cost": 0.12104635868564989, "score": 0.2782771945301924}