{"quality": 0.23927087323271398, "novelty": 0.5665164757598478, "diversity": 0.7053057285279807, "efficiency": 0.3452413529380057, "cost": 0.6948382984505806, "score": 0.33677389971101507}