{"quality": 1, "novelty": 0.6942198603685651, "diversity": 0.5586195303115543, "efficiency": 0.01814313960324976, "cost": 0.15422392839159077, "score": 0.5725779492557805}