{"quality": 0.4030410080565724, "novelty": 0.5857319743941085, "diversity": 0.19133572801016135, "efficiency": 0.9364986240206454, "cost": 0.4969136565170933, "score": 0.39639586956891854}