{"quality": 0.9144756306100879, "novelty": 0, "diversity": 0.032217461922608326, "efficiency": 0.36684885087608066, "cost": 1, "score": 0.23581350919896013}