{"quality": 0.7422392919552797, "novelty": 0.9079562614814629, "diversity": 0.7607132995166714, "efficiency": 0.5402708234884795, "cost": 1, "score": 0.5828441363835558}