{"quality": 0.43126809408641165, "novelty": 0.5832183904229868, "diversity": 0.8952025902310651, "efficiency": 0, "cost": 0.4830945070061147, "score": 0.40591609317727173}