{"quality": 0.9748447064264462, "novelty": 0.6935930200389857, "diversity": 0.5169098176216551, "efficiency": 0.3382379987723866, "cost": 0.8169997406843584, "score": 0.5382693562094334}