{"quality": 0.02561310250884785, "novelty": 1, "diversity": 0.21062676455846188, "efficiency": 0.19261867106904923, "cost": 0.19843526800125616, "score": 0.30885855752457847}