{"quality": 0.23422189367896784, "novelty": 0.8631078916831347, "diversity": 0.7119627432129431, "efficiency": 0.6644220205951006, "cost": 0.5635962219482593, "score": 0.47173977056150185}