{"quality": 1, "novelty": 0.23132606216348994, "diversity": 0, "efficiency": 0.4277649397309766, "cost": 0.28427215366723074, "score": 0.39356904113379587}