{"quality": 0.3916434341075258, "novelty": 0.899260379662837, "diversity": 0.42342735578593294, "efficiency": 0.65678279617948, "cost": 0.5134105158056801, "score": 0.4741699641515076}