{"quality": 0.7995981338265848, "novelty": 0.5352714999656858, "diversity": 0.7759547312550923, "efficiency": 0.1475242623526345, "cost": 0.8702570060182666, "score": 0.4639912001414839}