{"quality": 0.5940413931638835, "novelty": 0.4966874464680629, "diversity": 0.5789041489019343, "efficiency": 0.8189947254065559, "cost": 0.19938448096778094, "score": 0.5210758700607728}