{"quality": 0.26122200660296824, "novelty": 0.8647456598479877, "diversity": 1.0, "efficiency": 0.7358154124866546, "cost": 0.0}