{"quality": 0, "novelty": 0.6779617662211326, "diversity": 0.8887881132439116, "efficiency": 0.20289155598388064, "cost": 0.03703305254703032, "score": 0.3739784923469446}