{"quality": 0.9515183685382523, "novelty": 0.6170991661214418, "diversity": 0.17233875664141968, "efficiency": 0.8828852340358179, "cost": 0.7121246094163776}