{"quality": 0.8985695006020544, "novelty": 0.5897058571754502, "diversity": 0.08242604313210242, "efficiency": 0, "cost": 0.5879479237733615, "score": 0.3746877307235632}