{"quality": 0.32956187019362093, "novelty": 0.5931064546298525, "diversity": 0.26739050669776515, "efficiency": 0.7593012927184635, "cost": 0.22900693205584027, "score": 0.3916177767572879}