{"quality": 0.9654471921442562, "novelty": 0.6694987640613979, "diversity": 0.34831324162979527, "efficiency": 0.8056123755778792, "cost": 0.21746011899301249, "score": 0.625767341421966}