{"quality": 1, "novelty": 0.8293487199648328, "diversity": 0.3271330449284787, "efficiency": 0.04981248045766379, "cost": 0.3933249850163458, "score": 0.5409031625439189}