{"quality": 0.8783537046685963, "novelty": 0.4666620079684826, "diversity": 0.7974865900940116, "efficiency": 0.711024565566749, "cost": 0.0879375716512619, "score": 0.637528859081388}