{"quality": 0.26407878547978064, "novelty": 1, "diversity": 0.9069924462051604, "efficiency": 0.3935149667170943, "cost": 0, "score": 0.5696493698925305}