{"quality": 0, "novelty": 0.4505854177748898, "diversity": 0.7237246480533962, "efficiency": 0.9154136233217994, "cost": 0.41576683967821837, "score": 0.3531266435848498}