{"quality": 0.053729732426474885, "novelty": 0.805540647142306, "diversity": 0.8753557211886578, "efficiency": 0.2019590525920827, "cost": 0.6412174296557347, "score": 0.35874734067448943}