{"quality": 0.6993434199412081, "novelty": 0.9042311679725344, "diversity": 0, "efficiency": 0.4942941320187341, "cost": 0.5992543188632438, "score": 0.45007950589198176}