{"quality": 1, "novelty": 1, "diversity": 0.868173530521817, "efficiency": 0.9288765843006141, "cost": 0.8541385513968519, "score": 0.7775523386097702}