{"quality": 0.4883107907379261, "novelty": 0.4288105210920917, "diversity": 0.8405527719343429, "efficiency": 0.8895336571075512, "cost": 0.260156735846364, "score": 0.5292207968627656}