{"quality": 0.9891041668948792, "novelty": 0.46620335770536975, "diversity": 0.7031224126311673, "efficiency": 0.21468616809748836, "cost": 0.4247194919014632, "score": 0.5436375480455166}