{"quality": 0.10768792109959877, "novelty": 0.04052133520028249, "diversity": 0.16245001851703444, "efficiency": 0.3190005226650013, "cost": 0.3161602475073942, "score": 0.09116076748236791}