{"quality": 0.26111348990630406, "novelty": 0.4220166351541017, "diversity": 0.447243667650686, "efficiency": 0.7830805022645703, "cost": 0.6141156553478005, "score": 0.3293374490954593}