{"quality": 0.3194383036550108, "novelty": 0.36331703850350966, "diversity": 1, "efficiency": 0.9882227890873256, "cost": 0.5967928939111913, "score": 0.4752148796943604}