{"quality": 0.15528027439704015, "novelty": 0.9723384655606522, "diversity": 0.4937105920481467, "efficiency": 0, "cost": 0.6806957517173484, "score": 0.3203412419471696}