{"quality": 0.8767636765329146, "novelty": 0.7706600225459375, "diversity": 0.8602438703746037, "efficiency": 0.2980815162053577, "cost": 0.8306031080455769, "score": 0.5893947992975254}