{"quality": 1, "novelty": 0.1728716242592701, "diversity": 0.3999419975767562, "efficiency": 0.5850438626783623, "cost": 1, "score": 0.4109628849819231}