{"quality": 0.81123827852975, "novelty": 0.765028095585766, "diversity": 0.775592358412642, "efficiency": 0.24911150741857813, "cost": 0.17792526990755117}