{"quality": 0.40562174295821024, "novelty": 0.9132235630776976, "diversity": 0.17719400572503158, "efficiency": 0.839106617780504, "cost": 0, "score": 0.5112972074689695}