{"quality": 0.45386740345063153, "novelty": 0.5695652082614355, "diversity": 0.4899396769522316, "efficiency": 0.36514100762604945, "cost": 0.9228523621672418, "score": 0.33902537341817784}