{"quality": 0, "novelty": 0.40603111302247863, "diversity": 0.9295856798317258, "efficiency": 0.13406266279211082, "cost": 0.3357036211552963, "score": 0.2739639515252518}