{"quality": 0.3333014347416279, "novelty": 1, "diversity": 0.14306321761208396, "efficiency": 0.7563203233490732, "cost": 0.6765756206721307, "score": 0.424393560380053}