{"quality": 0.3484620981486491, "novelty": 1, "diversity": 0.248356722257299, "efficiency": 0.379912738089265, "cost": 0.22584761041060264, "score": 0.438612123568384}