{"quality": 0.1445108291261346, "novelty": 0.7693083907797744, "diversity": 0.5522000520847123, "efficiency": 0.9288359724317354, "cost": 0.8801256925410804, "score": 0.3974331834603787}