{"quality": 0.4998246370725256, "novelty": 0.5080359746286006, "diversity": 0.2782119131212615, "efficiency": 1, "cost": 0.3415217318864568, "score": 0.44844659421451444}