{"quality": 0.3810087551950657, "novelty": 0.19200671646620954, "diversity": 0, "efficiency": 0.41398141768926483, "cost": 0.20752588551701515, "score": 0.2036489297767603}