{"quality": 0.2387501301547192, "novelty": 0.430790229303492, "diversity": 0.5289460246063942, "efficiency": 0.5944965516288403, "cost": 0.7111904471979108, "score": 0.3031672393181026}