{"quality": 0.5235624464352315, "novelty": 0.8998058851252566, "diversity": 0.6047764395888912, "efficiency": 0.8079095130910594, "cost": 0.1439080418470405, "score": 0.6097711159086167}