{"quality": 0.9035357514243544, "novelty": 0.10919985609178126, "diversity": 0.2863261140624821, "efficiency": 0.44865160152130773, "cost": 0.23427630270943667, "score": 0.3994960222200005}