{"quality": 0.4704599671602543, "novelty": 0.6411293171201027, "diversity": 0.7460014697179074, "efficiency": 0.8248066123710284, "cost": 0.1967357968272435}