{"quality": 0.6787535284313895, "novelty": 0.7397275094504709, "diversity": 0.6438876091292984, "efficiency": 0.7222263467968465, "cost": 0.026817787941332355, "score": 0.622987630943288}