{"quality": 1, "novelty": 0.43564300634681413, "diversity": 0.0441325309544629, "efficiency": 0.7845933427989855, "cost": 0.7984897604487233, "score": 0.45557728315257157}