{"quality": 0.683813320103219, "novelty": 0.7663739774309267, "diversity": 0.626678243074426, "efficiency": 0.1265060337869966, "cost": 0.538626992753255, "score": 0.4871863447963065}