{"quality": 0.7420200348673615, "novelty": 0.2342895317794494, "diversity": 0.8309091632038704, "efficiency": 0.7056887655179005, "cost": 0.16569424936440014, "score": 0.53664411593709}