{"quality": 0.12433188901076223, "novelty": 0.08083949485093814, "diversity": 0.55063129027126, "efficiency": 0.06910571989512554, "cost": 0.8841249295186613, "score": 0.0895890635026179}