{"quality": 0.14151434062451923, "novelty": 0.7497431254996328, "diversity": 1, "efficiency": 0.761103433789631, "cost": 0, "score": 0.5440555986307086}