{"quality": 0.1516002431897901, "novelty": 0.25828234491586594, "diversity": 0.4294173057561865, "efficiency": 0.8482184182303838, "cost": 0.4529925400746901, "score": 0.27786762906422935}