{"quality": 0.40109332253612034, "novelty": 0.8260930554017156, "diversity": 0.8072452145764566, "efficiency": 0.3341489296623476, "cost": 0.969938450113859, "score": 0.44142879796452256}