{"quality": 0.15557178856235443, "novelty": 0.6194796530694453, "diversity": 0.1948563853853853, "efficiency": 0.8211118407343541, "cost": 0, "score": 0.3636795030232978}