{"quality": 0.07536571156078835, "novelty": 0.7621269018578763, "diversity": 1, "efficiency": 0.04487998296455184, "cost": 0.3832671773961734, "score": 0.38154671863777107}