{"quality": 0.17268807417672027, "novelty": 0.6472413243410103, "diversity": 0.40389114722490416, "efficiency": 0.09131076930202095, "cost": 0.24104296009329218, "score": 0.2839873021692234}