{"quality": 0.5341830691411491, "novelty": 0.8902980522832411, "diversity": 0.8446565826809849, "efficiency": 0.8607990868235174, "cost": 0.5725095431045172, "score": 0.623629659062428}