{"quality": 0.7094892869913789, "novelty": 0.8499577974716748, "diversity": 0.33649531425722223, "efficiency": 0.7277606875703944, "cost": 0.7913132860184364, "score": 0.5226680728504923}