{"quality": 1, "novelty": 0.11440170118804957, "diversity": 0.06382916026392227, "efficiency": 0.5116680576424462, "cost": 0.6647833351630965, "score": 0.35163813247985415}