{"quality": 0.7518836962147182, "novelty": 0.6549188627487311, "diversity": 0.16141973831329615, "efficiency": 0.1116151481988788, "cost": 0.1910207639983138, "score": 0.41921896804425796}