{"quality": 0.7473463481304808, "novelty": 0.34342720660300713, "diversity": 0.619197075928726, "efficiency": 0, "cost": 1, "score": 0.3339001212756413}