{"quality": 0, "novelty": 0.8547484229815998, "diversity": 0.2542456152104867, "efficiency": 0.47074301642627153, "cost": 1, "score": 0.235147681251438}