{"quality": 0.2907059764579326, "novelty": 0.6769738973700753, "diversity": 0, "efficiency": 1, "cost": 0.8252336767778619, "score": 0.3239318996021124}