{"quality": 0.5155391142207175, "novelty": 0.6757509189578341, "diversity": 0.16252280101593272, "efficiency": 0.6350259715686258, "cost": 0.8478688887089201, "score": 0.3665710310732621}