{"quality": 0.16143768304927325, "novelty": 0.1423720830250982, "diversity": 0.33286935693203024, "efficiency": 0.8812295133433699, "cost": 0.7142847850623706, "score": 0.21135414555273097}