{"quality": 0.6449899361110234, "novelty": 0.2666841433546091, "diversity": 0.9212591894226725, "efficiency": 0.2840655029878506, "cost": 0.8592263886038513, "score": 0.40110704114428625}