{"quality": 0.24551768539375757, "novelty": 0.3568412293545344, "diversity": 0.3646469390437528, "efficiency": 0.1708212446768232, "cost": 0, "score": 0.2614181874670349}