{"quality": 0.675679327077994, "novelty": 0.8661509735962042, "diversity": 0.04879485790915766, "efficiency": 0.8840684362452875, "cost": 1, "score": 0.4616107785410739}