{"quality": 0.5612300227972572, "novelty": 0.7251550445062549, "diversity": 0.6776643151969908, "efficiency": 0.16623125893328328, "cost": 0.48093953220630026, "score": 0.4620313666245015}