{"quality": 0.3451438379304992, "novelty": 0.7013318623563924, "diversity": 0.2762688474093903, "efficiency": 0.440773486442876, "cost": 0, "score": 0.40024590941655735}