{"quality": 0.08987501799534292, "novelty": 0.3459728399903602, "diversity": 0.2732386133006833, "efficiency": 0.5239730339716784, "cost": 0.7941838439094464, "score": 0.1672810087611367}