{"quality": 0.9342070907984646, "novelty": 0.47843433138065816, "diversity": 0.935897245191182, "efficiency": 0.6930797295951271, "cost": 0.39051919673189756}