{"quality": 0.5340668560168106, "novelty": 0.7239205914795477, "diversity": 0.36789490413653375, "efficiency": 0, "cost": 0.3420279578397742, "score": 0.38057638971825936}