{"quality": 0.7180292520346433, "novelty": 0.6266996193692892, "diversity": 0.8502996573137227, "efficiency": 0.39976689517770114, "cost": 0.4454622645497792, "score": 0.557562419737137}