{"quality": 0.6048922564296713, "novelty": 0.5446186864241395, "diversity": 0.8727460138141405, "efficiency": 0.6717939989405216, "cost": 0.177305266255594, "score": 0.5752101245132832}