{"quality": 0.25389425162647317, "novelty": 0.8172847256491409, "diversity": 0.6929032013507339, "efficiency": 0.584407506154464, "cost": 0.9933521355646991, "score": 0.4073960095370738}