{"quality": 0.19248598447617127, "novelty": 0.7282224480517756, "diversity": 0.5579072455454746, "efficiency": 0.18391899022021396, "cost": 0.03733079620821142, "score": 0.37523762537710115}