{"quality": 0.03309404749729461, "novelty": 0.09242563487268268, "diversity": 0.7678317588826991, "efficiency": 0.17444560899193845, "cost": 0.4832991674791618, "score": 0.16443789934477346}