{"quality": 0.5588609033258192, "novelty": 0.6122433730328688, "diversity": 0.16858555510350412, "efficiency": 0.5803865033984892, "cost": 0.1780998449622428, "score": 0.4236842162902128}