{"quality": 0.5492550464300301, "novelty": 0.8152251058998086, "diversity": 0.030261663922746068, "efficiency": 0.532918931976988, "cost": 0.6960746770758852, "score": 0.38496549527747004}