{"quality": 0.21801331912138078, "novelty": 0.7736776761597195, "diversity": 0.40431004108260576, "efficiency": 1, "cost": 1, "score": 0.38968542299286524}