{"quality": 0.8626766803541899, "novelty": 0.7373798958695718, "diversity": 0.5374673424028227, "efficiency": 0.9356695055168243, "cost": 0.34279625671911584, "score": 0.6567122467098265}