{"quality": 0.7872550287521043, "novelty": 0.5955431477929258, "diversity": 0, "efficiency": 0.9790332250100382, "cost": 0.2967468133339132, "score": 0.5022425979919771}