{"quality": 0.07124537527590633, "novelty": 0.7435710836792936, "diversity": 0.33632125139810587, "efficiency": 0.35190164142197583, "cost": 0.9183446383077771, "score": 0.23548141616473517}