{"quality": 0.46547587651618794, "novelty": 0.5494583238356932, "diversity": 0.4035915597160329, "efficiency": 0.16885761566993476, "cost": 0.3541562313009735, "score": 0.3476386750773791}