{"quality": 0.42866363476925523, "novelty": 0.34406933469229983, "diversity": 0.5796204556840783, "efficiency": 0.5241117136235007, "cost": 0.47808868766422996, "score": 0.3613484035177693}