{"quality": 0.2530771555005066, "novelty": 0.2041443978993122, "diversity": 0.6044777356270411, "efficiency": 0.2948181942563445, "cost": 0.6342185245228955, "score": 0.2286556699365504}