{"quality": 0.7311659344765216, "novelty": 0.47947384867002485, "diversity": 0.39113895073004945, "efficiency": 0.6791217391765867, "cost": 0.6476998688780169, "score": 0.4545443066451589}