{"quality": 0.9581296130405812, "novelty": 0.26272206236466134, "diversity": 0.502360429553576, "efficiency": 0.6975576044373286, "cost": 0.3539946768063411}