{"quality": 0.5422860528232704, "novelty": 0.3720713186126862, "diversity": 0, "efficiency": 1, "cost": 0.13985634636631855, "score": 0.39171801086352087}