{"quality": 0.2952933698660881, "novelty": 0.21336122133563815, "diversity": 0.2773273195465847, "efficiency": 0.04443189355891536, "cost": 0.7960836040376524, "score": 0.12445020383312498}