{"quality": 0.9604640478851945, "novelty": 0.6663335276945161, "diversity": 0.19866602211728396, "efficiency": 0.4311896000357141, "cost": 0.43114379958824056, "score": 0.5160198607591773}