{"quality": 0.6662830916977074, "novelty": 0.10815514285577471, "diversity": 0.6324395305435886, "efficiency": 0.6468054955040609, "cost": 0.13989727007533614, "score": 0.43644271665004913}