{"quality": 0.9195179637393738, "novelty": 0, "diversity": 0.5406436637452249, "efficiency": 0.7825774523681779, "cost": 0.5630307833703729, "score": 0.4450676613890465}