{"quality": 0.48200366332606515, "novelty": 0.6623417152433934, "diversity": 0, "efficiency": 0.4294173309361727, "cost": 0.3671506714740475, "score": 0.337884060301689}