{"quality": 0.09384033934342637, "novelty": 0.460287350500709, "diversity": 0, "efficiency": 0.5431103633821008, "cost": 0.12883149464662297, "score": 0.21180734447085797}