{"quality": 0.019040706164753007, "novelty": 0.14064137136125615, "diversity": 0.6497240747452977, "efficiency": 0.6033095769066918, "cost": 0.773533808817908, "score": 0.18396042529301246}