{"quality": 0.1581945903248546, "novelty": 0.3958658804404612, "diversity": 0.011864860482492218, "efficiency": 0.7427956140648111, "cost": 0.16058048078366066, "score": 0.24415911333542575}