{"quality": 0.4474633963681485, "novelty": 1, "diversity": 1, "efficiency": 0.2941264145528863, "cost": 0.7010660003096174, "score": 0.5582513810624158}