{"quality": 0.7234172913587653, "novelty": 0.819167736564997, "diversity": 0.20527912070147125, "efficiency": 0.7490102150869754, "cost": 0.21562811332842552, "score": 0.5536616666193769}