{"quality": 0.9088266055689689, "novelty": 0.6849840464328428, "diversity": 0.14466298053336366, "efficiency": 0.08149380663022668, "cost": 0.3944075876730478, "score": 0.4456099016128033}