{"quality": 0.6733191961617618, "novelty": 0.18510817094065835, "diversity": 0, "efficiency": 0.9917132558046191, "cost": 0.8263266135707941, "score": 0.31439712859730656}