{"quality": 1, "novelty": 0.41948726103468453, "diversity": 0.5706632582018023, "efficiency": 0.35146050755889835, "cost": 0.25080502993265974, "score": 0.5466430400396003}