{"quality": 0, "novelty": 0.6838724030586316, "diversity": 0.5675998079919141, "efficiency": 0.2637167408084993, "cost": 1, "score": 0.2240455734843156}