{"quality": 0.3599645529060298, "novelty": 0.17003451224056682, "diversity": 0.5822696362997868, "efficiency": 0.8138200743374157, "cost": 0.8035158021987552, "score": 0.3086733521226448}