{"quality": 0.5963201543976276, "novelty": 0.029389467743150377, "diversity": 0.23350765842407797, "efficiency": 0.19394781867863947, "cost": 0.09152754206877664, "score": 0.25288436353480975}