{"quality": 0.5430377021733823, "novelty": 1, "diversity": 0.3571535036234958, "efficiency": 0.24311497603733467, "cost": 0.5963179014267657, "score": 0.46117746763963746}