{"quality": 0.7819565655932947, "novelty": 0.8199643756709233, "diversity": 0.235603570250222, "efficiency": 0.8883687669793973, "cost": 0.7973622280553954}