{"quality": 0, "novelty": 0.785185844903359, "diversity": 0.9292741857255057, "efficiency": 0.5521652765646348, "cost": 0.6224793581697713, "score": 0.40272815403865897}