{"quality": 0.1198804072323309, "novelty": 0.5675715833428094, "diversity": 0.29032924858315057, "efficiency": 0.40065331665619586, "cost": 0.6747103708341624, "score": 0.22854982813704489}