{"quality": 0.3227692426132442, "novelty": 0.5854238771360596, "diversity": 0.8908927941766385, "efficiency": 0.8224644636629478, "cost": 0.33542893648873473, "score": 0.5111920768038845}