{"quality": 1, "novelty": 0.03653217822162519, "diversity": 0.8858167836366888, "efficiency": 1, "cost": 0.89290251854132, "score": 0.5470061494286121}