{"quality": 0.21309575870261654, "novelty": 0.31461281707519984, "diversity": 0.7828690500642814, "efficiency": 0.33721575158123157, "cost": 0.5519383092596197, "score": 0.294544273703664}