{"quality": 0.4275681447878121, "novelty": 0.1067688724542987, "diversity": 0.20924372214212528, "efficiency": 0.9681845365787152, "cost": 0.3527212481845065, "score": 0.3067669616466999}