{"quality": 0.21069503459382827, "novelty": 0.6433051040506569, "diversity": 1, "efficiency": 0.9055353366709822, "cost": 0.312420549514302, "score": 0.5286230319400299}