{"quality": 0.8348358722380302, "novelty": 0.31088260053572847, "diversity": 0.9213380826846753, "efficiency": 0.6820694851146257, "cost": 1, "score": 0.51474945110947}