{"quality": 0, "novelty": 0.26021431659091776, "diversity": 0.4845934091130619, "efficiency": 0.1858886094195259, "cost": 0.16988976328778765, "score": 0.17286657605449196}