{"quality": 0.19702524283796896, "novelty": 0.8382296689997051, "diversity": 0.20119387827810148, "efficiency": 0.9910585135584655, "cost": 0.6055972620593473, "score": 0.3970028165847723}