{"quality": 0.7527069637740341, "novelty": 0.6981882867423226, "diversity": 0.9176298921457627, "efficiency": 0.27490207881835316, "cost": 0, "score": 0.6251204510696964}