{"quality": 0.9022197352303511, "novelty": 0.6998666581172535, "diversity": 0.4434237681793562, "efficiency": 0.5834737679862616, "cost": 1, "score": 0.5218384039322291}