{"quality": 0, "novelty": 0.36054413996052803, "diversity": 0.9443523495104003, "efficiency": 0.2861282845095936, "cost": 0.7413945464435012, "score": 0.247786292924301}