{"quality": 0.7069537639312196, "novelty": 0.31290952427495156, "diversity": 0.9310680744153061, "efficiency": 0.28441466848496655, "cost": 0.9548739238929597, "score": 0.42370193301461406}