{"quality": 0.4951586121713932, "novelty": 0.059164542394058606, "diversity": 0.7227146323111524, "efficiency": 0.6036711092328744, "cost": 0.009913645587229014, "score": 0.39744094753837134}