{"quality": 1, "novelty": 0, "diversity": 0.8968003815835696, "efficiency": 0.6441268127858699, "cost": 0.8665607006270879, "score": 0.48932302817188555}