{"quality": 0.7309141113392277, "novelty": 0.6448956473620346, "diversity": 0.6551421319372936, "efficiency": 0.2068900298591242, "cost": 0.14252415734017243, "score": 0.5283076603745871}