{"quality": 0.9818182264636823, "novelty": 0.4007201866780077, "diversity": 0.4148522553431403, "efficiency": 0.23605557996621912, "cost": 0.9385921005573408, "score": 0.4192450926164335}