{"quality": 0.13236406730542588, "novelty": 0.1319312956399999, "diversity": 0.10582160411606606, "efficiency": 0.48390538042634124, "cost": 0.5947498718088404, "score": 0.1069671848079081}