{"quality": 0.6192321710734937, "novelty": 0.6751548611704677, "diversity": 0.3306522284585328, "efficiency": 0.9904330322556869, "cost": 0.029213339489328957, "score": 0.5663324331957917}