{"quality": 0.44198768767190805, "novelty": 0.7288015608453561, "diversity": 1, "efficiency": 0.36762602563170715, "cost": 0.18929221742463592, "score": 0.5510113786152039}