{"quality": 0.2653924752647803, "novelty": 0.8275739148670562, "diversity": 0.6554023487991149, "efficiency": 0.6667376038398816, "cost": 1, "score": 0.41760233163200333}