{"quality": 0.042837894628907025, "novelty": 0.03173099590249845, "diversity": 0.3425556195769404, "efficiency": 0.8142474116610422, "cost": 0.30466675562840106, "score": 0.18096567746600103}