{"quality": 0.7678130108137724, "novelty": 0.7871030721416821, "diversity": 0.7066524004610027, "efficiency": 0.744088644115847, "cost": 0.4623825975078734, "score": 0.6338251882383426}