{"quality": 0.6552503910301196, "novelty": 0.7522770184147782, "diversity": 0.17509890086111674, "efficiency": 0.9517345775730566, "cost": 0.2659077291161237, "score": 0.5358335658092999}