{"quality": 0.38273916833345556, "novelty": 0.5760043920173215, "diversity": 0.39952455605300563, "efficiency": 0.9413617515422696, "cost": 0.6758025269678467, "score": 0.4123517697495239}