{"quality": 0.9506654375018078, "novelty": 0.450362767176455, "diversity": 0.7939915622797353, "efficiency": 0.44146241972010325, "cost": 0.1989487960028459, "score": 0.602913118858334}