{"quality": 0, "novelty": 0.2773251610447475, "diversity": 0.41063679656710644, "efficiency": 0.23756637543347808, "cost": 0.09258005154818436, "score": 0.17783560073481147}