{"quality": 0.7346041119040654, "novelty": 0.23945326652283072, "diversity": 0.14852124520479973, "efficiency": 0.707558775616429, "cost": 0.5961415670625205, "score": 0.3564684588790995}