{"quality": 0.41022005596488864, "novelty": 0.2308572697238604, "diversity": 0.09973166386448304, "efficiency": 0.6072088178596518, "cost": 0.5849037155253232, "score": 0.23331761811974375}