{"quality": 0.6497216345520714, "novelty": 0.20705536066709732, "diversity": 0.13536294845749974, "efficiency": 0.6191671478646565, "cost": 0.9921473338546722, "score": 0.26741325901812696}