{"quality": 0.4914986912004661, "novelty": 0.18580496108531785, "diversity": 0.8605005711265123, "efficiency": 0.3778568589849303, "cost": 0.7343108972874328, "score": 0.34924840097576804}