{"quality": 0.5357606346503658, "novelty": 0.824525476889493, "diversity": 0.7470832234530111, "efficiency": 0.6619721452817487, "cost": 0.07958024946218223, "score": 0.6076140011541292}