{"quality": 0.32002030398549125, "novelty": 0.9849243994256968, "diversity": 0.04061854371673812, "efficiency": 0.193045161577656, "cost": 0.11971498883930803, "score": 0.3673461751481368}