{"quality": 0.34940720388075563, "novelty": 0.5141383182196235, "diversity": 0.8871335077193857, "efficiency": 0.26169434261267, "cost": 0.5436771318962825, "score": 0.395669880465282}