{"quality": 0.5537687695379312, "novelty": 0.18363794304656916, "diversity": 0.94614309165613, "efficiency": 0.49821505922341053, "cost": 0.4291605359520859, "score": 0.4330849402425506}