{"quality": 0.6750104009521408, "novelty": 0.8773386232890954, "diversity": 0.8676384135191921, "efficiency": 0.8522679371468005, "cost": 0.42164158208600566, "score": 0.6810414911751741}