{"quality": 0.2694947384996712, "novelty": 0, "diversity": 0.5177136547537398, "efficiency": 0.8859701383792147, "cost": 0.27528023519217854, "score": 0.2897586497383136}