{"quality": 0.7106386112238434, "novelty": 0.8707642439562013, "diversity": 0.9502294158169915, "efficiency": 0.4649161049344339, "cost": 0, "score": 0.6906659432597668}