{"quality": 0.7418072080328342, "novelty": 0.18547165038332503, "diversity": 0, "efficiency": 0.6304477267798339, "cost": 0.5545252689264016, "score": 0.30802470713001645}