{"quality": 0.4808375715722101, "novelty": 0.6453863450859418, "diversity": 0.5025294678512503, "efficiency": 0.6312909740297257, "cost": 0.5281336869838277, "score": 0.4479840287194747}