{"quality": 0.813148421691249, "novelty": 0.6921824313015762, "diversity": 0.484438423540206, "efficiency": 1, "cost": 0, "score": 0.66387781904081}