{"quality": 0.687233316519068, "novelty": 0.9528465482617131, "diversity": 0.33543880352978694, "efficiency": 0.03667373998067741, "cost": 0.547610057679149}