{"quality": 0.5397943904581777, "novelty": 0.5668296463537876, "diversity": 1, "efficiency": 0.7100575912270888, "cost": 0.8575133450631647, "score": 0.5244030329036471}