{"quality": 0.7768998076986742, "novelty": 0.4109759080881235, "diversity": 0.0631280318896782, "efficiency": 0.04273105679375577, "cost": 0.6327919701756008, "score": 0.2915699872110721}