{"quality": 0.14583609656971883, "novelty": 0.7837844884396845, "diversity": 0.11016375444659662, "efficiency": 0.7531884741430626, "cost": 0.20249131913960988, "score": 0.35445884117765447}