{"quality": 0.34048435624431783, "novelty": 0.46454503293781835, "diversity": 0.4266181875629256, "efficiency": 0.26277846767719687, "cost": 0.7084290999564999, "score": 0.2721790627762646}