{"quality": 0.09119862513099358, "novelty": 1, "diversity": 0.496300998068213, "efficiency": 0.44435177886967403, "cost": 0.5833979179184927, "score": 0.38493276219154243}