{"quality": 0.7313968152460958, "novelty": 0.44004167578029924, "diversity": 0.7433855606345394, "efficiency": 0.7842902355996221, "cost": 0.49432672014512347, "score": 0.5463174389712424}