{"quality": 0.42039587561788727, "novelty": 0.1865308749037337, "diversity": 0.361127051082235, "efficiency": 0.34660253347602454, "cost": 0.7759538855522616, "score": 0.21937188309392408}