{"quality": 0.3488568193973647, "novelty": 0.5518209293808573, "diversity": 0.23744864272497684, "efficiency": 0.14571007277607373, "cost": 0.06833898043093123, "score": 0.305124619582737}