{"quality": 0.5606381304930804, "novelty": 0.13309743134987623, "diversity": 0.5676498767733047, "efficiency": 0.8123927520112402, "cost": 0.6741690848288292, "score": 0.36943777665885724}