{"quality": 0.7160510081254068, "novelty": 0.029145956772784434, "diversity": 0, "efficiency": 0.561528449984906, "cost": 0.33010243790787097, "score": 0.273320815337767}