{"quality": 0.6581063750789524, "novelty": 0.17584302555652098, "diversity": 0.17583954805295193, "efficiency": 0.21622435108531063, "cost": 0.95086983138856, "score": 0.21390724804734695}