{"quality": 0.843474259081926, "novelty": 0.6219625481410742, "diversity": 0.7298437951475736, "efficiency": 0.5272689737489268, "cost": 0.7609951268263931, "score": 0.5574925071690608}