{"quality": 0.8116549646008753, "novelty": 1.0, "diversity": 0.7268319110256327, "efficiency": 0.4035928660222908, "cost": 0.867376121837298}