{"quality": 0.14805151586676393, "novelty": 0.1722676839864174, "diversity": 0.40369607575789207, "efficiency": 0.2899927621470394, "cost": 0.38958281167848524, "score": 0.17276222406241934}