{"quality": 0.43756234004886196, "novelty": 1, "diversity": 1, "efficiency": 0.6909772914807826, "cost": 0.5688788325309895, "score": 0.628027412483677}