{"quality": 0.6872653744786141, "novelty": 0, "diversity": 0.2879192614029886, "efficiency": 0.6285165058245656, "cost": 1, "score": 0.25804094049786686}