{"quality": 0.3352499144597436, "novelty": 1, "diversity": 0.5964789162466541, "efficiency": 0.19341685419440746, "cost": 0.7919170921580722, "score": 0.4196915765006078}