{"quality": 0.6053982173308885, "novelty": 0.46614223725454196, "diversity": 0.02372791435014321, "efficiency": 0.41419040218714215, "cost": 0.5757775514176243, "score": 0.3074514125692396}