{"quality": 0.308400933293451, "novelty": 0.963849512763935, "diversity": 0.7317574143713435, "efficiency": 0.2923071017116844, "cost": 0.40781678395882337, "score": 0.4828985279141581}