{"quality": 0.6056264480998419, "novelty": 0.3061609009474908, "diversity": 0.7868723037388518, "efficiency": 0.2731201630719302, "cost": 0.9293631215280527, "score": 0.36363433272257983}