{"quality": 0.11231364980608052, "novelty": 0.751396756404572, "diversity": 0.1577546403315338, "efficiency": 0.0707205653272461, "cost": 1, "score": 0.16370229690836083}