{"quality": 0.17496450764750132, "novelty": 0.1625067753078825, "diversity": 0.9318050088470782, "efficiency": 1, "cost": 0.7293363485497519, "score": 0.3565434130356615}