{"quality": 0.5616313260657968, "novelty": 0.719474243499984, "diversity": 0.6495641397278159, "efficiency": 0.8108850928594176, "cost": 0.03900532779094812, "score": 0.596003017790116}