{"quality": 0.6963334312704779, "novelty": 0.7954094670138654, "diversity": 0.22912104001084946, "efficiency": 0.9272351942062853, "cost": 0.6241714722680276, "score": 0.5302447360409196}