{"quality": 0.15489351666841564, "novelty": 0.6855672957421235, "diversity": 0.19697440625107407, "efficiency": 0.13225407640583337, "cost": 0.42411423417502797, "score": 0.23468144822964254}