{"quality": 0.36563511172525687, "novelty": 0.5909440036477187, "diversity": 0.6157463704027419, "efficiency": 0, "cost": 0.21208093621671292, "score": 0.3593677148883838}