{"quality": 0.4604398116537745, "novelty": 0.3610324761848825, "diversity": 0.3593580283220587, "efficiency": 0.15968602756396333, "cost": 0.6001984337457752, "score": 0.26419472896678164}