{"quality": 0.6838930282980766, "novelty": 0.9063665546660933, "diversity": 0.870265141647241, "efficiency": 0.7153552582859604, "cost": 0.40879381290804395, "score": 0.6722364829374843}