{"quality": 0.5739490507275397, "novelty": 0.6764034654674957, "diversity": 0.3959631509111309, "efficiency": 0.8238270581202529, "cost": 0.6955656260463037, "score": 0.47449570788076956}