{"quality": 0.651778363340795, "novelty": 0.7546654550047428, "diversity": 0.17657952674027436, "efficiency": 0.3428253638640946, "cost": 0.8515901895534848, "score": 0.3857805637257447}