{"quality": 0.11993571828198943, "novelty": 0.29822390399015053, "diversity": 0.40991990202828016, "efficiency": 0.7897509020225804, "cost": 0.8982079007275754, "score": 0.22116251711841994}