{"quality": 0.4307416473409045, "novelty": 0.250342824302213, "diversity": 1, "efficiency": 0.270785877678069, "cost": 0, "score": 0.4324260819295349}