{"quality": 1, "novelty": 0.5843959074517684, "diversity": 0.2201607164903957, "efficiency": 0.24520770314544915, "cost": 0.598519807601733, "score": 0.4670602948726653}