{"quality": 0.27837438849674895, "novelty": 0.8449273310512813, "diversity": 0.22524532587258156, "efficiency": 0.6679821562957271, "cost": 0.8131535992441501, "score": 0.3586751780063054}