{"quality": 0.12350642776410409, "novelty": 0.264485712204489, "diversity": 0.27952000523100384, "efficiency": 0.648735414766374, "cost": 0.6437723860196027, "score": 0.19201043103955012}