{"quality": 0.14454109313414798, "novelty": 0.7960996971697474, "diversity": 0.8695347402325325, "efficiency": 0.1784245690509733, "cost": 0.0851604636578071}