{"quality": 0.7348030453575294, "novelty": 1, "diversity": 0.7771846773916006, "efficiency": 0.3518006196359963, "cost": 0.3950837469685862, "score": 0.6391395673341198}