{"quality": 0.448512193718858, "novelty": 0.6663135055023337, "diversity": 0, "efficiency": 0.6685300191573973, "cost": 0.8154315687843123, "score": 0.3198683804864192}