{"quality": 0.678220567182104, "novelty": 0.8257498815772352, "diversity": 0.9106160179462659, "efficiency": 1, "cost": 0.7008129977118885, "score": 0.6719455443670044}