{"quality": 0.8063037253683607, "novelty": 0.5807658214809401, "diversity": 0.5780412339524932, "efficiency": 0.335149344947418, "cost": 0.3420962710640194, "score": 0.5187535944069526}