{"quality": 0.817872942184467, "novelty": 0.7030514865876918, "diversity": 0.2528553537712909, "efficiency": 0.853729388739851, "cost": 0.24876180943877058, "score": 0.5748790524236218}