{"quality": 0.03049592733163045, "novelty": 0.8965739407296552, "diversity": 0.3948662241679495, "efficiency": 0.9778674984723543, "cost": 0.5541398444164085, "score": 0.4035316485447052}