{"quality": 0.03186993033891794, "novelty": 0.710639432697309, "diversity": 0.3789480512523098, "efficiency": 1, "cost": 0.22816284717774424, "score": 0.39019416280869024}