{"quality": 0.5142810547944812, "novelty": 0.9134201094571578, "diversity": 0.5316903322381814, "efficiency": 0.09393882707353429, "cost": 0.7627517405813794}