{"quality": 0.5731814370390971, "novelty": 0.9173376828341087, "diversity": 0.9160123462877792, "efficiency": 0.9584435770338474, "cost": 0.4223883176741539, "score": 0.6860190258654739}