{"quality": 0.8278269577640425, "novelty": 0.4426459394029624, "diversity": 0.8332028935497042, "efficiency": 0.29717202031434264, "cost": 0.22615928857974227}