{"quality": 0.5599070545036348, "novelty": 0.39658502072180557, "diversity": 0.7611359805744956, "efficiency": 0.8435470216142346, "cost": 0.6376294716269577, "score": 0.4821146737258803}