{"quality": 0.9950428193986749, "novelty": 0.41620683658759017, "diversity": 0.8306705212684034, "efficiency": 0.18460461053688212, "cost": 0.3737651508663577, "score": 0.5590128357140772}