{"quality": 0.1304986391928461, "novelty": 0, "diversity": 0.11807208743939662, "efficiency": 0.71819513734825, "cost": 0.4307906790728424, "score": 0.1274142119406864}