{"quality": 0.6897223565338815, "novelty": 0.16507593043518787, "diversity": 0.19024287222783473, "efficiency": 0, "cost": 0.66412837778432, "score": 0.21982142623609635}