{"quality": 0.5516185105147278, "novelty": 0.7763814733517879, "diversity": 0.8386233837654383, "efficiency": 0.25343389409568007, "cost": 0.5745797618423711, "score": 0.507862706175568}