{"quality": 0.2347023235346605, "novelty": 1, "diversity": 0.022506674747944738, "efficiency": 0.820221293423508, "cost": 0.4976916580992781, "score": 0.3981760602135855}