{"quality": 0.2534667435521797, "novelty": 0.5811854170316264, "diversity": 0.04793849740120315, "efficiency": 0.5066439819513513, "cost": 0.19459530890857954, "score": 0.28746114320564586}