{"quality": 0.9680656867718095, "novelty": 0.1335031507918294, "diversity": 0, "efficiency": 0.8139552754853752, "cost": 0.698113615380453, "score": 0.37607742351426116}