{"quality": 0.335793890961632, "novelty": 0.7918816797364634, "diversity": 0.24999766438818966, "efficiency": 0.46213771850989266, "cost": 0.38729609627341943, "score": 0.3792991682493853}