{"quality": 0.6832458074449357, "novelty": 0.19458829833982794, "diversity": 0.7594418939593164, "efficiency": 0.502942314246209, "cost": 0.4261920653606008, "score": 0.43833133621117226}