{"quality": 0.39015115908461967, "novelty": 0.07662169609322997, "diversity": 0.39670885844261217, "efficiency": 0.16626311330845434, "cost": 0.823579590016128, "score": 0.15812405143187117}