{"quality": 0.0039020866392660697, "novelty": 0.18897990999890868, "diversity": 0.3418828628330023, "efficiency": 0.9849046733920499, "cost": 0.2522774100408444, "score": 0.2393001360628305}