{"quality": 0.8365525082776482, "novelty": 0.5119639782139896, "diversity": 0.8963457186172221, "efficiency": 0.16790668998546981, "cost": 0.14948390940691608, "score": 0.5684635033173652}