{"quality": 0.5312808311003089, "novelty": 0.12179064597212613, "diversity": 0.4647600719554996, "efficiency": 0, "cost": 0.3301486495004569, "score": 0.24976906026417844}