{"quality": 0.6033394017031096, "novelty": 0.8546421787228646, "diversity": 0.737027915274709, "efficiency": 0.03925043149040722, "cost": 0.9034034705142406, "score": 0.4576151659187279}