{"quality": 0.8220319751247801, "novelty": 0.8770120630225724, "diversity": 0, "efficiency": 0.4219530607706855, "cost": 0.016652020384264554, "score": 0.5274903653702535}