{"quality": 0.18830707208122038, "novelty": 0.46373431466615334, "diversity": 0.38348677827909333, "efficiency": 0.5467095334587583, "cost": 0.3622463423103645, "score": 0.29490485173450043}