{"quality": 1, "novelty": 0.7072198304057271, "diversity": 0, "efficiency": 0.31281020663275555, "cost": 0.2645512757799597, "score": 0.4972713610183491}