{"quality": 0.2288603698467914, "novelty": 0.4972968256676885, "diversity": 0.9815616440345076, "efficiency": 0.8057708779939154, "cost": 0.4243932049873518, "score": 0.46772095737821323}