{"quality": 0, "novelty": 0.28650093561070916, "diversity": 0.4296286921459359, "efficiency": 0.48765021545441783, "cost": 0.1356751537271651, "score": 0.21713098927731067}