{"quality": 0.10546661295501422, "novelty": 0.6002222869167992, "diversity": 0.5799342897769937, "efficiency": 0.6713088378884812, "cost": 0.5142241695524847, "score": 0.34695632229912654}