{"quality": 0, "novelty": 0.7677222008664186, "diversity": 0.8537056794643392, "efficiency": 0.6188827818461872, "cost": 0.9349654830189318, "score": 0.36200755508450744}