{"quality": 0.8055775631632804, "novelty": 0.9793706854363636, "diversity": 0.7568055765619361, "efficiency": 0.41353032708589443, "cost": 0.9378590133696812, "score": 0.6061207033463782}