{"quality": 0.7776010142273693, "novelty": 0.8743248871783695, "diversity": 0.6687811596891375, "efficiency": 0.13916633616930346, "cost": 0.687897531380844, "score": 0.5377029552879418}