{"quality": 0.49614492923834524, "novelty": 0.2407577172402543, "diversity": 0.5680657530442713, "efficiency": 0.6261747135488233, "cost": 0.2996344726939792, "score": 0.38660881845334694}