{"quality": 1, "novelty": 1, "diversity": 0.31364221082623794, "efficiency": 0.19531337386822972, "cost": 0.8492978272642413, "score": 0.557095665519058}