{"quality": 0.286404976497657, "novelty": 0.8162942601239637, "diversity": 0.5078590147594054, "efficiency": 0.02111761015402122, "cost": 0.13438022374431266, "score": 0.381296480080841}