{"quality": 0.6356201786392439, "novelty": 0.08815582315799325, "diversity": 0.8655054069763262, "efficiency": 0.3297975420880526, "cost": 0, "score": 0.43529572208974465}