{"quality": 0.1561491784005979, "novelty": 1, "diversity": 1, "efficiency": 0.8224532939697772, "cost": 0.18195946181096756, "score": 0.6020168014345492}