{"quality": 0.3745421422342038, "novelty": 0.6289646811819831, "diversity": 0.1902127279745937, "efficiency": 0.6732025890418813, "cost": 0.11425530124931454, "score": 0.3972012167920264}