{"quality": 0.7711024340899602, "novelty": 0.23784373215144416, "diversity": 0.73240696650401, "efficiency": 0.8931492709692275, "cost": 0.05365684242950053, "score": 0.5658797629680852}