{"quality": 0.8237707427466866, "novelty": 0.2505222481675669, "diversity": 0.05194346410081835, "efficiency": 0.2601784286481852, "cost": 0.2931764310294771, "score": 0.32985959888034144}