{"quality": 0.3613157304754354, "novelty": 0.38065567306375947, "diversity": 0, "efficiency": 0.7480937323669602, "cost": 0.9053359418322277, "score": 0.22523910308039174}