{"quality": 0.7566244809266924, "novelty": 0.20878732467870492, "diversity": 0.08619841095757166, "efficiency": 0.8717918657958227, "cost": 0.4970304741552536, "score": 0.3774895900930463}