{"quality": 0.6925033793454914, "novelty": 0.8549389601459875, "diversity": 0.5796565060305265, "efficiency": 0.6986281678768688, "cost": 0.11941310399157531, "score": 0.6302699698286224}