{"quality": 0.8550183505453908, "novelty": 0.032788026319909666, "diversity": 0.5842247987104429, "efficiency": 0.15497354707635352, "cost": 0.695637057078238, "score": 0.3352297978393124}