{"quality": 0.34468533424591175, "novelty": 0.4264971223659637, "diversity": 0.05143597039106296, "efficiency": 0.7444659970285089, "cost": 0.1479911454064552, "score": 0.31718785995710785}