{"quality": 0.5484190351041798, "novelty": 0.8363342232888392, "diversity": 0.12559853236801313, "efficiency": 1, "cost": 0.8565255261154423, "score": 0.4630764202155221}