{"quality": 0.677221389599415, "novelty": 0.224831801832502, "diversity": 0.9420271268357788, "efficiency": 0.43201646551319395, "cost": 0.34922854983411356, "score": 0.4776594075486735}