{"quality": 0.28926780538218494, "novelty": 0.8748661431156151, "diversity": 0.3520263328604494, "efficiency": 0.931857950363173, "cost": 0.14744270241027896, "score": 0.5009365662790972}