{"quality": 0.4596960813940633, "novelty": 0.3380907508366717, "diversity": 0.18590117952972807, "efficiency": 0.9133201376460057, "cost": 0.31046243728291784, "score": 0.3655635249519416}