{"quality": 0.9275422955414672, "novelty": 0.5881204250866662, "diversity": 0.6437703499372737, "efficiency": 0.328278001202717, "cost": 0.667438779454785}