{"quality": 0.944813123974005, "novelty": 0.683953285144302, "diversity": 0.17504390163048827, "efficiency": 1, "cost": 0.701543992703169, "score": 0.5692866395340578}