{"quality": 0.9204174447550504, "novelty": 0.7139625547218306, "diversity": 0.3044218171965002, "efficiency": 0.7611179816720708, "cost": 0.9841901506387216, "score": 0.5312489177332111}