{"quality": 0.06617884665749335, "novelty": 0.5712008097851222, "diversity": 0.5816481976070771, "efficiency": 0.32782163298118366, "cost": 0.41907106754935775, "score": 0.28624963415718574}