{"quality": 0.7208485003634497, "novelty": 0.8617432096096274, "diversity": 0.1903083452931669, "efficiency": 0.45555759817986335, "cost": 0.37721275326322323, "score": 0.5003643859707323}