{"quality": 1, "novelty": 0.2668018928173279, "diversity": 0.04146530639152324, "efficiency": 0.440528275732801, "cost": 0, "score": 0.4410727758425568}