{"quality": 0.5029499321572556, "novelty": 0.2044320294594321, "diversity": 0.8528489661674222, "efficiency": 0.344403185194721, "cost": 0.34574857110000706, "score": 0.3896484009147266}