{"quality": 0.30751023181733644, "novelty": 0.784247150702323, "diversity": 0.20774155225538096, "efficiency": 1, "cost": 0.18652651091509934, "score": 0.46121051658034795}