{"quality": 0.1573733927137202, "novelty": 0.08582751353491747, "diversity": 0, "efficiency": 0.3281584770749083, "cost": 0.4911410790471971, "score": 0.06877855985436196}