{"quality": 0.4501077290456701, "novelty": 0.01763768063912083, "diversity": 0.9850698346667621, "efficiency": 0.6210222548345301, "cost": 0.8687054120337581, "score": 0.3427385028286374}