{"quality": 0.4927508824782118, "novelty": 0.19276209512792186, "diversity": 0.5077831637051486, "efficiency": 0, "cost": 0.5068434581827507, "score": 0.24688807544819863}