{"quality": 0.34605947040556717, "novelty": 0.6314934243174931, "diversity": 0.22063393339908527, "efficiency": 0.9361621887838913, "cost": 0.8015131470558774, "score": 0.3660909974928565}