{"quality": 0, "novelty": 0.6601928621695249, "diversity": 0, "efficiency": 0.5331765807347228, "cost": 0.49577379062989296, "score": 0.19544732358960032}