{"quality": 0.3397963519635567, "novelty": 0.49926600545350713, "diversity": 0.23207739104796474, "efficiency": 0.7499711059673078, "cost": 0.6123476416309372, "score": 0.3244317868940392}