{"quality": 0.6116610375086928, "novelty": 0.23209534942116705, "diversity": 0.7399037608506477, "efficiency": 0.46984377369238767, "cost": 0.0017450558003785782, "score": 0.4598049612518495}