{"quality": 0.4701515567349416, "novelty": 0.2930510538425777, "diversity": 0.7445051998064847, "efficiency": 0.13568840592327197, "cost": 0.7783643270044311, "score": 0.3057260986304715}