{"quality": 0.9604422257970782, "novelty": 0.7840953263882076, "diversity": 0.579255464685302, "efficiency": 0.39838647053545373, "cost": 0.7194867871409536, "score": 0.5878168841394584}