{"quality": 0.5648087140179118, "novelty": 0.49665675947640026, "diversity": 0.9440281574040157, "efficiency": 0.9704931398338716, "cost": 0.8238071824913352, "score": 0.545605688281224}