{"quality": 0.9071372423682387, "novelty": 0, "diversity": 0.0001222135393470214, "efficiency": 0, "cost": 0.48012244920283015, "score": 0.22415337049805797}