{"quality": 0.8796139477517728, "novelty": 0.17991107923281474, "diversity": 0.7379379168566604, "efficiency": 0.8380739980225455, "cost": 0.9280925244598834, "score": 0.4893513847624611}