{"quality": 0.7161550173762782, "novelty": 0, "diversity": 0.25747751018072706, "efficiency": 0.4550104802127524, "cost": 0.8878571456843583, "score": 0.24580786471250593}