{"quality": 0.7497315980044343, "novelty": 1, "diversity": 0.2622284996604831, "efficiency": 0.061493556706047, "cost": 0.36552675047452315, "score": 0.5000365377918816}