{"quality": 0.17092567858153027, "novelty": 0.6747255404857201, "diversity": 0.7386412113948221, "efficiency": 0.7615832140789112, "cost": 0.7377544797735962, "score": 0.40814936510933053}