{"quality": 0.07103776423965008, "novelty": 1, "diversity": 1, "efficiency": 0.9115633222819106, "cost": 0.6320841257187396, "score": 0.5448374150423078}