{"quality": 0.7933802125226255, "novelty": 0.576767438666353, "diversity": 0.24099498440092543, "efficiency": 0.8680036747859816, "cost": 0.7935828960770333, "score": 0.48124718191375493}