{"quality": 0.4899818740308807, "novelty": 0.8966000398206084, "diversity": 0.8656824883907683, "efficiency": 1, "cost": 0.7099873688747079, "score": 0.6232823329550992}