{"quality": 0.2587836065243056, "novelty": 0.04642602819514985, "diversity": 0.9599561101175476, "efficiency": 0.7094470809764026, "cost": 0.726717623099539, "score": 0.3149781108660951}