{"quality": 0.1752254485782895, "novelty": 0.5596218936528248, "diversity": 0.273532685941457, "efficiency": 0, "cost": 0.8040130654601092, "score": 0.1667783386289735}