{"quality": 0.3665486251457146, "novelty": 0.7654235572084491, "diversity": 0.6076786938826002, "efficiency": 0.416574820648284, "cost": 0.6570253354449362, "score": 0.41963990517509564}