{"quality": 0.7909835717572609, "novelty": 0.28936682479586034, "diversity": 0.6981529201446078, "efficiency": 0.8146034713859834, "cost": 0.2113645996123318, "score": 0.5503214225017292}