{"quality": 0.6509708172537746, "novelty": 0.8708182307400126, "diversity": 0.10706662036556028, "efficiency": 0.3250783912584741, "cost": 0.7439318096475696, "score": 0.40877770465826174}