{"quality": 0.9790129709533634, "novelty": 0, "diversity": 0.3570388713327043, "efficiency": 0.29371071285972156, "cost": 0.7170979925441875, "score": 0.33745847322708933}