{"quality": 0.5860959909867287, "novelty": 0.4519198326023176, "diversity": 0.05212297545303954, "efficiency": 0.3040709578644921, "cost": 0.39387640323460343, "score": 0.3054563538934194}