{"quality": 0.6834057777054429, "novelty": 0.6564070282227138, "diversity": 0.24401418609404085, "efficiency": 0.6607464726128746, "cost": 0.17085812694691077, "score": 0.49995248578335955}