{"quality": 0.539068153928755, "novelty": 0.7175689029294708, "diversity": 0.972663461763401, "efficiency": 0.17636704737466374, "cost": 0.049886406858627885}