{"quality": 0.9156355889615229, "novelty": 1, "diversity": 0.5765684655375721, "efficiency": 0.35597972892505203, "cost": 0.4958675845027887, "score": 0.6438145706844502}