{"quality": 0.2692710638801239, "novelty": 0.579434847856535, "diversity": 0.8338851010537919, "efficiency": 0.4460405592318649, "cost": 0.16809438672297658, "score": 0.4425136965514114}