{"quality": 1, "novelty": 0.7254580044644436, "diversity": 0.34434531948288366, "efficiency": 0.15223503444446626, "cost": 0.6290638350516493, "score": 0.5101624366741926}