{"quality": 0.566751281697737, "novelty": 0.5289673951659869, "diversity": 1, "efficiency": 0.31813821241540224, "cost": 0.7978521802334003, "score": 0.47020274713978805}