{"quality": 0.9751221224377926, "novelty": 0.27664044670594046, "diversity": 1.0, "efficiency": 0.4392033679078413, "cost": 0.19747969236714397}