{"quality": 0.5874447675438592, "novelty": 0.3663114068762123, "diversity": 0.6118241018946738, "efficiency": 0.526633845044878, "cost": 0.5415950136742655, "score": 0.41501167775045067}