{"quality": 0.639784577903717, "novelty": 0.7769983080142411, "diversity": 0.2762659861586369, "efficiency": 1, "cost": 0.06646676220662873, "score": 0.58479147138574}