{"quality": 0, "novelty": 0.5016878974311232, "diversity": 0.2202806278866146, "efficiency": 0.2063867184412942, "cost": 0.27623496776032674, "score": 0.17281261092526515}