{"quality": 0.6440185531721141, "novelty": 0.8406801375463704, "diversity": 0.45764863688363017, "efficiency": 0.12731306303203457, "cost": 0.3873891199461356, "score": 0.4752633751751445}