{"quality": 0.7639161970573901, "novelty": 0.34125631945382195, "diversity": 0, "efficiency": 0.48229140600921727, "cost": 0.4776384828545103, "score": 0.3390688015966041}