{"quality": 1, "novelty": 0.7097829451169729, "diversity": 0.6355300454515244, "efficiency": 0.06218487849357103, "cost": 0.10406253642790941, "score": 0.6034732235007929}