{"quality": 0.28990447716437207, "novelty": 0.4664544972302891, "diversity": 0.7520106763320995, "efficiency": 0.49752139170839077, "cost": 0.72687800233295, "score": 0.3559275112462674}