{"quality": 0.41386708789207216, "novelty": 0.5175079000294246, "diversity": 0.8050496823790811, "efficiency": 0.4475278793092574, "cost": 0, "score": 0.4816762197471826}