{"quality": 0.1909980778414041, "novelty": 0.22662837322834395, "diversity": 0.7365679351302937, "efficiency": 0.6518884330582837, "cost": 0.5264150228125659, "score": 0.30641186636305195}