{"quality": 0.6080935884501746, "novelty": 0.6723943435768107, "diversity": 0.8553242687631396, "efficiency": 0.32264251450688375, "cost": 0.23818306341186085, "score": 0.5461695870167294}