{"quality": 0.41135086749935346, "novelty": 0.6486596538289686, "diversity": 0.7831362202379257, "efficiency": 0.6138946097492745, "cost": 0.41697609678068753, "score": 0.49258399953895576}