{"quality": 0, "novelty": 0.18440512324615024, "diversity": 0.01605397475407941, "efficiency": 0.7268329400049733, "cost": 0.15855375870892913, "score": 0.14248164089220652}