{"quality": 0.8517342530782035, "novelty": 0.3541578142334173, "diversity": 0.16958576869149117, "efficiency": 0.4605205737458029, "cost": 0.09239260000930917, "score": 0.4378157092810532}