{"quality": 0.5446228380754824, "novelty": 0.11813416450839972, "diversity": 0, "efficiency": 0.8904308134595016, "cost": 0.7149283406492186, "score": 0.25499218050374806}