{"quality": 0.4138929523837869, "novelty": 0.8966718227550909, "diversity": 1, "efficiency": 0.7121825451750171, "cost": 0.4247460854440976, "score": 0.6126886146357516}