{"quality": 0.7117537695093465, "novelty": 0.1120727269969785, "diversity": 0.8652327836671656, "efficiency": 0.001209147396053184, "cost": 1, "score": 0.3147722414448897}