{"quality": 0.4801226694661567, "novelty": 0.12954989535471723, "diversity": 0.4963107461409726, "efficiency": 0.7278216287145264, "cost": 0, "score": 0.38485966821389983}