{"quality": 0.7556338391628218, "novelty": 0.5419571730759145, "diversity": 0.06412552415950845, "efficiency": 0.6471354717546215, "cost": 0, "score": 0.4720748706129201}