{"quality": 0.5472998433251614, "novelty": 0.42899604336652686, "diversity": 0.7669607485465968, "efficiency": 1, "cost": 0.28251051734646704, "score": 0.5465800618138528}