{"quality": 0.6407007034558927, "novelty": 0.8581765802965182, "diversity": 0.681887089113186, "efficiency": 0.5063709674791488, "cost": 0.5218048059885619, "score": 0.5669069384565508}