{"quality": 0.9706448381422284, "novelty": 0.6745776973592805, "diversity": 0.1753177232440526, "efficiency": 0.67766569116921, "cost": 0.47144487245773176, "score": 0.5494067868609075}