{"quality": 0.308921408451967, "novelty": 0.8336744775044619, "diversity": 0.7628768566545561, "efficiency": 0.18889285140236622, "cost": 0.7461672470115654, "score": 0.4073876162518152}