{"quality": 0.6958846133224625, "novelty": 0.4335011898933856, "diversity": 0, "efficiency": 0.8716656194100518, "cost": 0.8316498884188464, "score": 0.3647255355397082}