{"quality": 0.4489918357746351, "novelty": 0.35466950681778414, "diversity": 0.06977545294512491, "efficiency": 0.021254162416465286, "cost": 0.5192079389325897, "score": 0.18858734849507236}