{"quality": 0.723566185246463, "novelty": 0.9268905007239778, "diversity": 0.542278962929677, "efficiency": 0.6100185785579417, "cost": 1, "score": 0.5487510601245601}