{"quality": 0.23103397900695521, "novelty": 0.9538143430946554, "diversity": 0.5377454290912411, "efficiency": 0.6644993201554672, "cost": 0.6494226630094405, "score": 0.4500454970163747}