{"quality": 0.4708272143192151, "novelty": 0.38085389917879753, "diversity": 0.32883250515145, "efficiency": 0.8073748188711802, "cost": 0.5592512256419359, "score": 0.3674092403872374}