{"quality": 0.3869993356683461, "novelty": 0.9696856962406502, "diversity": 0.34658401500555036, "efficiency": 0.049438454816032304, "cost": 0.02913458855259135, "score": 0.4323403371289222}