{"quality": 0.7052345686535422, "novelty": 0.2538515374838447, "diversity": 1, "efficiency": 0.660542848140113, "cost": 0.9305117044642173, "score": 0.481063511741619}