{"quality": 0.7873810064558928, "novelty": 0.784583373065036, "diversity": 0.477601048442673, "efficiency": 0.43950992678952194, "cost": 0.41878641921636506, "score": 0.5519282019883532}