{"quality": 0.2857168003441435, "novelty": 0.1267097072140077, "diversity": 0.6009022219005262, "efficiency": 0.506785093284217, "cost": 0.7811433228182618, "score": 0.23547634299765657}