{"quality": 0.15535028846465476, "novelty": 0.355535528751028, "diversity": 0.7130794686866944, "efficiency": 0.40921722269951005, "cost": 0.8162895788146588, "score": 0.2578584879879529}