{"quality": 0.5725215485642043, "novelty": 0.4395514897914828, "diversity": 0.30206592185481035, "efficiency": 0.26085610185699215, "cost": 0.3608011952076531, "score": 0.3451058171458776}