{"quality": 0.9725981793123679, "novelty": 0.9208217874943926, "diversity": 0.4463045306749156, "efficiency": 0.5916856090546001, "cost": 0.4857881780505495, "score": 0.6514198303554268}