{"quality": 0.032237903694282366, "novelty": 0.33528097932731343, "diversity": 0.05173832155687835, "efficiency": 0.5695107034831111, "cost": 0, "score": 0.1892658857739554}