{"quality": 0.3673195294912489, "novelty": 0.6747404456115664, "diversity": 0.2940036639489813, "efficiency": 0.26551727040163986, "cost": 0.3615907671540348, "score": 0.341350216884905}