{"quality": 0.17298602163473592, "novelty": 0.984963625303828, "diversity": 0.7104052662931244, "efficiency": 0.6249306721261773, "cost": 0.89856584973955, "score": 0.44410078191997426}