{"quality": 0.6539533311175516, "novelty": 0.7800388576805655, "diversity": 0.3857129646288815, "efficiency": 0.7019803689185496, "cost": 0.3826554808021667, "score": 0.5353698139387489}