{"quality": 0, "novelty": 0.7872522369880155, "diversity": 0.40139285562788574, "efficiency": 0.5185306176452186, "cost": 0.3392376647289766, "score": 0.32094745654646617}