{"quality": 0.17252906145181923, "novelty": 0, "diversity": 0.22255771938780738, "efficiency": 0.635271530658819, "cost": 0.2055634946457982, "score": 0.17100464244735028}