{"quality": 0.17203715049061968, "novelty": 0.41003541009742916, "diversity": 0.2705519744659335, "efficiency": 0.08961307095802695, "cost": 0.8784344477138036, "score": 0.13382890843705356}