{"quality": 0.5982567764108002, "novelty": 0.8003751612072368, "diversity": 0.2802034661604602, "efficiency": 0.7200742994699105, "cost": 0.21326083264767134, "score": 0.5222965781128607}