{"quality": 0.835280907924119, "novelty": 0.4607171855792842, "diversity": 0.46274971268477966, "efficiency": 0.883983358564716, "cost": 0.8030864060623378, "score": 0.5106023744874862}