{"quality": 0.004435943905294726, "novelty": 0.6779907402776986, "diversity": 0.3883313777506327, "efficiency": 0.5140349850024094, "cost": 0.9628919700126621, "score": 0.22931079454023484}