{"quality": 0.8745624991536578, "novelty": 0.2604958985453177, "diversity": 1.0, "efficiency": 0.28717701185653427, "cost": 0.11556473600413769}