{"quality": 0.7412813863854746, "novelty": 0.4120460368772204, "diversity": 0.7359792010173773, "efficiency": 0.45170929128998644, "cost": 0.32069315498271056, "score": 0.5082788435336498}