{"quality": 0.729764131844037, "novelty": 0.699472875145426, "diversity": 0.16157892358881148, "efficiency": 0.14607668208015534, "cost": 0.3896610896142686, "score": 0.40905863640792633}