{"quality": 0.3502169643046, "novelty": 0.5874400915716358, "diversity": 0, "efficiency": 1, "cost": 0.15462062509886013, "score": 0.3864630496744029}