{"quality": 0.938706384013646, "novelty": 0.7832158885166564, "diversity": 0.8131901653879492, "efficiency": 0.8986089601627407, "cost": 0.2124854298581598, "score": 0.7535967214494428}