{"quality": 0, "novelty": 0.9803643704226517, "diversity": 0.23744932514982758, "efficiency": 0.31548499977772, "cost": 0.5578046659727097, "score": 0.2841232410050154}