{"quality": 0.8276326540036131, "novelty": 0.009412844486753669, "diversity": 0.8724090232643114, "efficiency": 1, "cost": 0.6420045529168934, "score": 0.5109243566839452}