{"quality": 0.8562489888407856, "novelty": 0.4925863242574976, "diversity": 0.4775653678400785, "efficiency": 0.7208580708628975, "cost": 0.27865995759222834}