{"quality": 0.8318095263616812, "novelty": 0.7964263139402603, "diversity": 0.20743788227519233, "efficiency": 0.8539781110438245, "cost": 0.09929357833346891, "score": 0.6083043716718346}