{"quality": 0.12209599564697998, "novelty": 0.530450235706045, "diversity": 0.23464036239760738, "efficiency": 0.19066362012652838, "cost": 0.15702096529569995, "score": 0.229066876589536}