{"quality": 0.615236907885053, "novelty": 0.8664837923283979, "diversity": 0.1568006344695796, "efficiency": 0.3729498704037943, "cost": 0.1587505484448542, "score": 0.47261957305761504}