{"quality": 0.18689065422334872, "novelty": 0.6296597920188945, "diversity": 0.687692436346131, "efficiency": 0.6124808140293965, "cost": 0.27049471940137987, "score": 0.4158432817052259}