{"quality": 0.9560191852818827, "novelty": 0.18498188795867915, "diversity": 0.2159366429528272, "efficiency": 0.50406755768856, "cost": 0.7753863007101736, "score": 0.37431005974706666}