{"quality": 0.6320026839791401, "novelty": 0.022728363167677706, "diversity": 0.3530307308684408, "efficiency": 0.7224220821481273, "cost": 1, "score": 0.2742523544815687}