{"quality": 0.6281992394516017, "novelty": 0.33424605134444363, "diversity": 0.5086537945082574, "efficiency": 0.7580114081916459, "cost": 0.49236496818260017, "score": 0.4382172579837298}