{"quality": 0.052656615196209344, "novelty": 0.8304286023199934, "diversity": 0.8270643332251154, "efficiency": 0.9889125748954999, "cost": 0.919513434958239, "score": 0.4452025445223853}