{"quality": 0.097245032563545, "novelty": 0.08834716623686775, "diversity": 0.8207237881815515, "efficiency": 0.15052981508500596, "cost": 0, "score": 0.23798453122734164}