{"quality": 0.2418438435709975, "novelty": 0.8981420146987595, "diversity": 0.07200249142501897, "efficiency": 0.33555939391514267, "cost": 0.08441028855270724, "score": 0.35338203526299367}