{"quality": 0.10801121919806435, "novelty": 0.33238674548488073, "diversity": 1, "efficiency": 0.25820600930769094, "cost": 0.6930541072085479, "score": 0.28492554280593835}