{"quality": 0.4381469040584265, "novelty": 0.8594560249009331, "diversity": 0.9336618429762139, "efficiency": 0.015549074123262452, "cost": 0.11652343261653894}