{"quality": 0.11230454777320575, "novelty": 0.07717422504629418, "diversity": 0.16234307428994654, "efficiency": 0.9957385168028543, "cost": 0.7105965260778571, "score": 0.163754660364167}