{"quality": 0, "novelty": 0.39708115386501563, "diversity": 0.34549568021487626, "efficiency": 0.5003728616856592, "cost": 0.061352815426442706, "score": 0.23729007221943374}