{"quality": 0.31236821675179616, "novelty": 0.18107083128489787, "diversity": 0.9219348120475743, "efficiency": 0.5060203060112451, "cost": 0.6468676601086464, "score": 0.3345814151471003}