{"quality": 0.8699234875405268, "novelty": 0.1644681082284991, "diversity": 0.27784162708977833, "efficiency": 0, "cost": 0.04671179265798697, "score": 0.3529912194714398}