{"quality": 0.08866499442725093, "novelty": 0.883623684174961, "diversity": 0.36029425380660196, "efficiency": 0.08750573084133717, "cost": 0.10437526240286207, "score": 0.32225260351915025}