{"quality": 0.3039779455168131, "novelty": 0.9269691150803265, "diversity": 0, "efficiency": 0.9490730842787025, "cost": 1, "score": 0.36529662506693095}