{"quality": 0.9215993461464258, "novelty": 0.3375961838555969, "diversity": 0.3295094767453176, "efficiency": 0.7561063035822149, "cost": 0.48092412397446044, "score": 0.49210427829677666}