{"quality": 0.5942290658036463, "novelty": 0.018613688417232988, "diversity": 0.7778351557569628, "efficiency": 0.9323487886616175, "cost": 0.6287529544864504, "score": 0.41546619584739225}