{"quality": 1, "novelty": 0, "diversity": 0.2380335590910187, "efficiency": 0, "cost": 0.16361529828023125, "score": 0.3312451819901806}