{"quality": 0.72705301773346, "novelty": 0, "diversity": 0.353333926591786, "efficiency": 0.2976369239372855, "cost": 0.8778089950250598, "score": 0.245647329726482}