{"quality": 0.2543994087534979, "novelty": 0.7610644658985621, "diversity": 0.7315849024223433, "efficiency": 0.22592305020724487, "cost": 0.0}