{"quality": 0.5423739848992772, "novelty": 0.7106079316962335, "diversity": 0.6772181816593378, "efficiency": 0.4494265420779156, "cost": 0.8225921068412121, "score": 0.46096258535327517}