{"quality": 0.8150525328910627, "novelty": 0.19644045875879756, "diversity": 0.2899127530516311, "efficiency": 0.5002880573441679, "cost": 0.5130680042728843, "score": 0.3753448333416811}