{"quality": 0.57277226131124, "novelty": 0.12342879715111166, "diversity": 0.8880149966011938, "efficiency": 0.9907690951445796, "cost": 0.254273549741234, "score": 0.5034798862989521}