{"quality": 0.42977316362907786, "novelty": 0.9405655629953501, "diversity": 0, "efficiency": 0, "cost": 0.8467625110364696, "score": 0.2793970887339139}