{"quality": 0.9084981329236501, "novelty": 0.8810708089025809, "diversity": 0.761718638565513, "efficiency": 0.8274644196974674, "cost": 0.6955751646589228, "score": 0.6997230163045707}