{"quality": 0.8258273902088674, "novelty": 0.20467578326810168, "diversity": 0.8731157384174635, "efficiency": 0.2388435114929905, "cost": 0.04611690318257372, "score": 0.5047551469688696}