{"quality": 0.8328958742921633, "novelty": 0.9412953861454578, "diversity": 0.43990964876322675, "efficiency": 0.5497897780757752, "cost": 0.4201654901884646, "score": 0.6136264562691787}