{"quality": 0.11790514443417799, "novelty": 0.28619842348518537, "diversity": 0.5480859256642789, "efficiency": 0.4255882193441016, "cost": 1, "score": 0.18037656723602077}