{"quality": 0.49446572258992666, "novelty": 0, "diversity": 0.1993729738969144, "efficiency": 0, "cost": 0.5563571369605315, "score": 0.13257859786030773}