{"quality": 0.33496365774839076, "novelty": 0.4174804309394858, "diversity": 0, "efficiency": 0.6595217028582876, "cost": 0.4039597070343884, "score": 0.26339148978469296}