{"quality": 0.21422030997837532, "novelty": 0.6349667480404174, "diversity": 0.8579222083816876, "efficiency": 0.3200896662079982, "cost": 0.389508148274743, "score": 0.40365485678367985}