{"quality": 0.06384876587200855, "novelty": 0.8828805579962316, "diversity": 0.27580445824523503, "efficiency": 0.9349941928801583, "cost": 0.5706215029313417, "score": 0.37822263954859703}