{"quality": 0.17122653775380836, "novelty": 0.22080414997799136, "diversity": 0.21581073868015982, "efficiency": 0.07070009707234809, "cost": 0.6439950330325015, "score": 0.09593665781427436}