{"quality": 0.652335575555723, "novelty": 0.5049221555397361, "diversity": 0.4610812997209044, "efficiency": 0.36319577682102155, "cost": 1.0}