{"quality": 0.29079621908845393, "novelty": 0.12515912049175387, "diversity": 0.5586851213191051, "efficiency": 0.5518966452848785, "cost": 0.041402991652124466, "score": 0.30890986774081497}