{"quality": 0.760374561620105, "novelty": 0.5943737523150345, "diversity": 0.7604685217248797, "efficiency": 0.7749711041716869, "cost": 0.4343756771277306, "score": 0.601607608822746}