{"quality": 0, "novelty": 0.6804359164278031, "diversity": 0.10139743001390256, "efficiency": 0.5016026338331551, "cost": 0.8075278309586459, "score": 0.18487607708883996}