{"quality": 0.12334403167932174, "novelty": 0.8559922789675154, "diversity": 0.5920876071336311, "efficiency": 0.413033870138925, "cost": 0.22333859417767354, "score": 0.40904002177547305}