{"quality": 0, "novelty": 0.22233936689423037, "diversity": 0.4561915109348568, "efficiency": 0.4091878446018628, "cost": 0.0902708023233657, "score": 0.19917424036847184}