{"quality": 0.15279223436157185, "novelty": 0.3363995907156236, "diversity": 0.08730627858114838, "efficiency": 0.8209312175508369, "cost": 0.948493412433451, "score": 0.17568916509288757}