{"quality": 0.2716553999830965, "novelty": 0.417028822342168, "diversity": 0.696721352567743, "efficiency": 0.28032801799877183, "cost": 0.5579478640851605, "score": 0.31135251238531925}