{"quality": 0, "novelty": 0.7864997957208075, "diversity": 0.1876653112823296, "efficiency": 0.9805571984691507, "cost": 0.7769081184918212, "score": 0.3035507791078582}