{"quality": 0.26956282727682096, "novelty": 0.4958722047082129, "diversity": 0.7225882401312841, "efficiency": 0.9353833543824186, "cost": 0.09129671000608708, "score": 0.48053237954311045}