{"quality": 0.15898377993282886, "novelty": 0.40232687213003326, "diversity": 0.9957275280280111, "efficiency": 0.7303213126558228, "cost": 0.5792148071190523, "score": 0.3990490738044274}