{"quality": 0.5291817344716212, "novelty": 0.8378121908814606, "diversity": 0.6930635588796941, "efficiency": 0.27845773576398375, "cost": 0.7995527347247863, "score": 0.46863366672990925}