{"quality": 0.3103562240074782, "novelty": 0.351734217945851, "diversity": 0.5707014169884905, "efficiency": 0.9523560136721806, "cost": 0.8426512167868488, "score": 0.3537689854585465}