{"quality": 0.3055328606705842, "novelty": 0.38408747155083406, "diversity": 0.38148256214436715, "efficiency": 0.10438087591341536, "cost": 0.4897727837857008, "score": 0.23065809152619943}