{"quality": 0.4425727659580732, "novelty": 0.23913532832162038, "diversity": 0.8178094651941465, "efficiency": 0.228346024200178, "cost": 0, "score": 0.39036945853668314}