{"quality": 0.9529634273636465, "novelty": 0.5001415374921745, "diversity": 1, "efficiency": 0.9522244687416682, "cost": 0.5273777285392716, "score": 0.7010203100394607}