{"quality": 0.34960917675521097, "novelty": 0.41917023814010446, "diversity": 0.21379096852727525, "efficiency": 0.699491827868076, "cost": 0.4329955634221476, "score": 0.314057724105041}