{"quality": 0.7766051606581299, "novelty": 0.6127586002515008, "diversity": 0.14342487928743805, "efficiency": 0.6020329369728202, "cost": 0.3058772700411513, "score": 0.4745733876596096}