{"quality": 0.1246124221295829, "novelty": 0.14137015115658247, "diversity": 0.656105781969264, "efficiency": 0.29629917690284524, "cost": 1, "score": 0.14839229735730006}