{"quality": 0.9207376907732002, "novelty": 0.6958448114493007, "diversity": 0.8612274236456452, "efficiency": 0.2686512318148283, "cost": 0.3332690577465436, "score": 0.6293987738209842}