{"quality": 0.6256656154017852, "novelty": 0.4988105786592411, "diversity": 0.4733804373022443, "efficiency": 0, "cost": 0.4525111014294853, "score": 0.3618273066028462}