{"quality": 0.9331115533437332, "novelty": 0.9611272212685578, "diversity": 0.947788133880878, "efficiency": 0.7304778011740919, "cost": 0.09156299520729849, "score": 0.810188268751819}