{"quality": 0.9105996493375039, "novelty": 0.7417740421643855, "diversity": 0.4445818154437083, "efficiency": 0.6415797738911613, "cost": 0.6657920966404526, "score": 0.5771975248507181}