{"quality": 0.2988761641338553, "novelty": 0.6472344372020788, "diversity": 0.1356904820895557, "efficiency": 0.7083742863469858, "cost": 0.35822708956337734, "score": 0.34904298895429764}