{"quality": 0.6327623827075176, "novelty": 0.5575061457376316, "diversity": 0.2677257815549554, "efficiency": 0.5132049129844827, "cost": 0.6471162647922801, "score": 0.39501951802609864}