{"quality": 0.2727217173737134, "novelty": 0.8095144321573413, "diversity": 0.8040504796963674, "efficiency": 0.2134459015485064, "cost": 0.04344052550543806}