{"quality": 1, "novelty": 0.165862761570517, "diversity": 0, "efficiency": 0.19251543024449114, "cost": 0.6993619729442322, "score": 0.3004068076348797}