{"quality": 0.5986198477322429, "novelty": 0.6769515420171088, "diversity": 0.8643539370774861, "efficiency": 0.12349434751003467, "cost": 0.2353252575517838, "score": 0.516686253610774}