{"quality": 0.47350419382059894, "novelty": 0.33902712487276754, "diversity": 0.6485260398710384, "efficiency": 0.5668932902003823, "cost": 0.5241068768754846, "score": 0.38913655318108814}