{"quality": 0.07865290467281377, "novelty": 0.17789348079090966, "diversity": 0.5188378138330926, "efficiency": 0.23175260500378986, "cost": 0, "score": 0.20659969511675857}