{"quality": 0.833930869609187, "novelty": 0.5325894417813011, "diversity": 0.7293574639873915, "efficiency": 0.5264492992589751, "cost": 0.5285585362115085, "score": 0.5553096553932552}