{"quality": 0.8002810310341162, "novelty": 0, "diversity": 0, "efficiency": 0.42243323218663326, "cost": 0.5071576181101408, "score": 0.25273353232721574}