{"quality": 0.1957809865019326, "novelty": 0.9146371292822195, "diversity": 0.06406007762056373, "efficiency": 0.7646238381694146, "cost": 0, "score": 0.4148991695206596}