{"quality": 0.3527699434975665, "novelty": 0.3749314746249911, "diversity": 0.2234345264513172, "efficiency": 0.19340370340703256, "cost": 0.36571094810756954, "score": 0.2366902176960791}