{"quality": 0.32206690910068436, "novelty": 0.7827682548114139, "diversity": 0.751638807201929, "efficiency": 0, "cost": 0.2907880922050506, "score": 0.41356108865293956}