{"quality": 0.7888862195137111, "novelty": 1, "diversity": 0.8351560285453923, "efficiency": 0.6004802765277075, "cost": 0.9254794679966702, "score": 0.6512211662426809}