{"quality": 1, "novelty": 0.8354598783517604, "diversity": 0.2672239715305348, "efficiency": 0.8443612812086789, "cost": 0.7728618011900728, "score": 0.6116777759563417}