{"quality": 0.2824917339045535, "novelty": 0.720005760750068, "diversity": 0.3786830998471014, "efficiency": 0.6222360672655745, "cost": 0, "score": 0.4338209904181395}