{"quality": 0.0847608487760445, "novelty": 0.6667073386279592, "diversity": 0.3729159824819172, "efficiency": 0.7960799260243876, "cost": 0.7267258186812117, "score": 0.31342769282172356}