{"quality": 0.9470039459090025, "novelty": 0.4002623206413402, "diversity": 0.6784590384606233, "efficiency": 0.1448626947583796, "cost": 0.8984978032599784, "score": 0.45173819551291955}