{"quality": 0.5658461388729483, "novelty": 0.510758327134654, "diversity": 0.5472078450403282, "efficiency": 0.7330471652930186, "cost": 0.8457948382963408, "score": 0.43226258341793233}