{"quality": 0.7117466084620132, "novelty": 0.6077008786126996, "diversity": 0.31076942672357843, "efficiency": 0.020561223288445785, "cost": 0, "score": 0.43068727102976145}