{"quality": 0.8100720731897624, "novelty": 0.42658062736643165, "diversity": 0.959625139869577, "efficiency": 0.09382142897551857, "cost": 0.5069020407631086, "score": 0.5049748170424689}