{"quality": 0, "novelty": 0.703575847834355, "diversity": 0.9062290607681007, "efficiency": 1, "cost": 0.4337756227418146, "score": 0.46376221183802746}