{"quality": 0.361866585632431, "novelty": 0.1627264541444174, "diversity": 0.43103903383676806, "efficiency": 0.42218717361894914, "cost": 0.93386485781498, "score": 0.20539098625453162}