{"quality": 0.3332018996112617, "novelty": 0.9145374226923062, "diversity": 0.7683944996851093, "efficiency": 0.16649014682806595, "cost": 0.945358051968205, "score": 0.4127115423208664}