{"quality": 0.19828173170806085, "novelty": 0.42843009206449756, "diversity": 0.7266092682013142, "efficiency": 0.9210172347194305, "cost": 0.7846624621161986, "score": 0.3716002351651002}