{"quality": 0.9412672902848254, "novelty": 0.8852951499540238, "diversity": 0.05491693521454924, "efficiency": 0.528451742145995, "cost": 0.2271090947814995, "score": 0.5712442134606127}