{"quality": 0.33924391065989445, "novelty": 0.2817923034616635, "diversity": 1, "efficiency": 0.053089870187787006, "cost": 0.6683288257662575, "score": 0.31335184701492647}