{"quality": 0.6339518574887208, "novelty": 0.7686542972681965, "diversity": 0.723976655689577, "efficiency": 0.6844379248421864, "cost": 0.2281901067035425, "score": 0.6069911407575544}