{"quality": 0.8199226768079694, "novelty": 0.9133824952234642, "diversity": 0.7365990713833013, "efficiency": 0.4379560892399119, "cost": 0.24364302656589115, "score": 0.6629713518543149}