{"quality": 1, "novelty": 0.22869077114256134, "diversity": 0.1685242521324123, "efficiency": 1, "cost": 0, "score": 0.5408775432121228}