{"quality": 0.2047832025575985, "novelty": 0.6760260718062401, "diversity": 0.5296982906517964, "efficiency": 0.773942268972214, "cost": 0.43740680240462315, "score": 0.4087317969545686}