{"quality": 0.9848186402870083, "novelty": 0.9324244161057378, "diversity": 0.36998051263632936, "efficiency": 0.20561321705296773, "cost": 0.20465243737673372, "score": 0.6129245374600746}