{"quality": 0, "novelty": 0.7351156952574842, "diversity": 0.25875285370699985, "efficiency": 0.4933894759558996, "cost": 0.6082074473995043, "score": 0.24871717120920556}