{"quality": 0.6326692587990549, "novelty": 0.4879888710675774, "diversity": 0.1954829023725743, "efficiency": 0.014259744237659008, "cost": 0.1325203096760773, "score": 0.3397815065491668}