{"quality": 0.5515182358411284, "novelty": 0.8873605999046885, "diversity": 0.6616009883129694, "efficiency": 1, "cost": 0.7689809463418542, "score": 0.5927177237569192}