{"quality": 0.9089461946604458, "novelty": 0.8399987467882785, "diversity": 0.6290166210196024, "efficiency": 0.34755596791597576, "cost": 0.0645538199944581}