{"quality": 0.4644506845226608, "novelty": 0.5585681153004433, "diversity": 0.4502399741310329, "efficiency": 0.14972686374117677, "cost": 0.2929596602958619, "score": 0.36218829253970597}