{"quality": 1, "novelty": 0.3278305126661245, "diversity": 0.3546235534811684, "efficiency": 0.8303350863850895, "cost": 1, "score": 0.47743260182052827}