{"quality": 0.6740751743458637, "novelty": 0.3436849950679747, "diversity": 0.992466815102623, "efficiency": 0.5036899359425014, "cost": 0, "score": 0.5621906544826526}