{"quality": 0.03592138026605046, "novelty": 0.44053160516421386, "diversity": 0.63937725633389, "efficiency": 0.4370109408302926, "cost": 0.009828885856314334, "score": 0.31335351917655907}