{"quality": 0.49395887155788376, "novelty": 0.6174097858154787, "diversity": 0.8495047113053495, "efficiency": 0.5206739833930569, "cost": 0.09498602755079644, "score": 0.5410435449361836}