{"quality": 0.5257464664417082, "novelty": 0.9223669941950629, "diversity": 0.8696617916847147, "efficiency": 0.8657937152555779, "cost": 0, "score": 0.6921171041065578}