{"quality": 0.9988299045067792, "novelty": 0.7600250794778074, "diversity": 0, "efficiency": 0.016102634910432484, "cost": 0.5248945483739661, "score": 0.43958118162065385}