{"quality": 0.8693605861150998, "novelty": 0.17304076408591193, "diversity": 0.33373694172676177, "efficiency": 0.2606933688685552, "cost": 0.14064676643743806, "score": 0.3958550838878998}