{"quality": 0.6343102069866863, "novelty": 0.6326203114141922, "diversity": 1, "efficiency": 0.48705941199103975, "cost": 0.21578902794609783, "score": 0.5999281489536001}