{"quality": 0.3340751283704515, "novelty": 0.932112698620401, "diversity": 0.40872926959945804, "efficiency": 0.21454733520550842, "cost": 0.7809100933797459, "score": 0.36908765802897897}