{"quality": 0.7350311815225214, "novelty": 0.14971144825479626, "diversity": 0.7847305897395391, "efficiency": 0.7897923203860073, "cost": 0.45724520424851284, "score": 0.48762766210141306}