{"quality": 0.7237812739441779, "novelty": 0.21615709363439567, "diversity": 0.9608972411659917, "efficiency": 0.2333324057249236, "cost": 0, "score": 0.4983529646837892}