{"quality": 0.3511865419565018, "novelty": 0.011075513822728172, "diversity": 0.34498337418564795, "efficiency": 0.1786005902030107, "cost": 0.362342907707483, "score": 0.16767731363946548}