{"quality": 0.6108701136408516, "novelty": 0.3387961427138718, "diversity": 0.18767099228203388, "efficiency": 0.6306700256762414, "cost": 0.764074950171668, "score": 0.3236872770613996}