{"quality": 0.2087906452849571, "novelty": 0.19239739595157299, "diversity": 0.6409517853218083, "efficiency": 0.3941755963724929, "cost": 0.7213078235242764, "score": 0.22592245674118833}