{"quality": 0.43074516182931755, "novelty": 0, "diversity": 0.5254929135282957, "efficiency": 0.7062313280444177, "cost": 0.14514574140542832, "score": 0.3257422563205742}