{"quality": 0.77189229751362, "novelty": 0.7860245464103341, "diversity": 0.5419055424473558, "efficiency": 0.4607493426015512, "cost": 0.3388709975422711, "score": 0.5716802359821462}