{"quality": 0.22051338455637412, "novelty": 0.34950094007939875, "diversity": 1, "efficiency": 1, "cost": 0.3300612120795484, "score": 0.47052312917880706}