{"quality": 0.4889333719437352, "novelty": 0.17416219091927432, "diversity": 0.49962001181340615, "efficiency": 0.37078544525815604, "cost": 0.10078654919168534, "score": 0.3356837235451752}