{"quality": 0.6068417246841175, "novelty": 0.6747374827575259, "diversity": 0.4182144549990988, "efficiency": 0.6564427165869064, "cost": 0.8131264229347994, "score": 0.45153354428899245}