{"quality": 0.29603208945301474, "novelty": 0.5824701224894897, "diversity": 0.3690541109439973, "efficiency": 0.8543381876420999, "cost": 0.31860023222882167, "score": 0.40452868457050917}