{"quality": 0.9272976158680786, "novelty": 0.1693559665747191, "diversity": 0.5614675108204845, "efficiency": 0.07994371943081513, "cost": 0.37339656860452464, "score": 0.40747367962236997}