{"quality": 1, "novelty": 0.1911574614810488, "diversity": 0, "efficiency": 0.13780692173864711, "cost": 0.4725415511152197, "score": 0.3212062485195373}