{"quality": 0.9840924735026758, "novelty": 0, "diversity": 0.13945673071503198, "efficiency": 0.8408253800297373, "cost": 0.9121123167494651, "score": 0.35803166352332316}