{"quality": 0.7339536324099687, "novelty": 0.9521259415722751, "diversity": 0.34008361977966933, "efficiency": 0.39772780246336287, "cost": 0.2529322795663829, "score": 0.5606002414848594}