{"quality": 0.8848443323611226, "novelty": 0.5711103238512403, "diversity": 0.8049186455858017, "efficiency": 0.27535278897896864, "cost": 0.8376580872584198, "score": 0.5267517194093105}