{"quality": 0.06997896032229009, "novelty": 0.6743517406020079, "diversity": 0.9618447655187087, "efficiency": 0.8558161296526233, "cost": 0.04243510453668636}