{"quality": 0, "novelty": 0.45737832470940337, "diversity": 0.9849550413978645, "efficiency": 0.20705483334101504, "cost": 0.8190810862462259, "score": 0.2604857058334534}