{"quality": 0.9429189233836308, "novelty": 0.26389057825935536, "diversity": 0.5636399664072639, "efficiency": 0, "cost": 0.5128927478727423, "score": 0.4102870400741066}