{"quality": 0.36123937941133955, "novelty": 0.9475776428418519, "diversity": 0.5786350451240536, "efficiency": 0.1874078175157789, "cost": 0.03619918476376033, "score": 0.4854844877096663}