{"quality": 0.4205132270814321, "novelty": 0.9772320216213624, "diversity": 1, "efficiency": 0.015290960964807504, "cost": 0.31655799149049274, "score": 0.5410998185254421}