{"quality": 0.2601287544312882, "novelty": 0.22619514111205313, "diversity": 0.5911454173116015, "efficiency": 0.7174238590812595, "cost": 0.6103721349460537, "score": 0.29939286043730357}