{"quality": 0.0547392429131458, "novelty": 0.44349027068611047, "diversity": 0.6751867906667386, "efficiency": 0.5341216241866685, "cost": 0.8585082177813801, "score": 0.2565991205286814}