{"quality": 0.39401383619247765, "novelty": 0.5451953991822224, "diversity": 0.5970440568858487, "efficiency": 0.5774435454096931, "cost": 0.15105610762032684, "score": 0.4454227330798899}