{"quality": 0.22204474439695934, "novelty": 0.03587664399987395, "diversity": 0.8831961970915537, "efficiency": 0.5566306635615103, "cost": 0.22933092157462043, "score": 0.31278333111413154}