{"quality": 0.44324940503636845, "novelty": 0.48557410558506897, "diversity": 0.6842241757244163, "efficiency": 0.27993533110395485, "cost": 0.2556020060447267, "score": 0.4076432821131816}