{"quality": 0.3412779992997007, "novelty": 0.3292998006676003, "diversity": 0.48931473175031637, "efficiency": 0.4469589212227755, "cost": 0.7845003270215346, "score": 0.2711651017881364}