{"quality": 0.7772935982171195, "novelty": 0.5331971164600428, "diversity": 0.7735960539134616, "efficiency": 0.24899186752456554, "cost": 0.2114980418444249, "score": 0.5374055453070813}