{"quality": 0.8287094750863458, "novelty": 0.6385763246756475, "diversity": 0.5925727647586939, "efficiency": 0.1509188668099571, "cost": 1, "score": 0.4494093066680479}