{"quality": 0, "novelty": 0.4599055491650721, "diversity": 0.6512781565945442, "efficiency": 0.7637814664117365, "cost": 0.9723913259074728, "score": 0.26256010598119006}