{"quality": 0.937894160327883, "novelty": 0.08861200302028553, "diversity": 0.6317787644761086, "efficiency": 0.8709695964159967, "cost": 0.009701087800235014, "score": 0.559552332431034}