{"quality": 0.4770216327536786, "novelty": 0.23110101607361969, "diversity": 0.9402040907651463, "efficiency": 0.6821675073376643, "cost": 0.5806096051455791, "score": 0.4331867275836295}