{"quality": 0.8388056163805788, "novelty": 0, "diversity": 0.8956482118773508, "efficiency": 0.36692895633788236, "cost": 0.8421448844723813, "score": 0.401596182293088}