{"quality": 0.5715032147835555, "novelty": 0.13534512302050816, "diversity": 0.12988038966214024, "efficiency": 0.7198801453769426, "cost": 0.7330865725466618, "score": 0.2659366876744969}