{"quality": 0.8704790845185773, "novelty": 0.22735559087346585, "diversity": 0.5246638692276107, "efficiency": 0.05192293194572373, "cost": 1, "score": 0.3307038367113203}