{"quality": 0.31850488665921595, "novelty": 0, "diversity": 0, "efficiency": 0.8272665557615844, "cost": 0.8574261273341718, "score": 0.13389883662858523}