{"quality": 0.45613714852035114, "novelty": 0.3663845830161099, "diversity": 0.40170467197367216, "efficiency": 0.8226233267138212, "cost": 1, "score": 0.3321717237119405}