{"quality": 0.23911251656905236, "novelty": 0, "diversity": 0.5834311939085104, "efficiency": 0.7919529359226098, "cost": 0.3538216554099107, "score": 0.27183076859981825}