{"quality": 0.2955984234038233, "novelty": 0.25889846106663406, "diversity": 0.5988375793435055, "efficiency": 0.3436464771523665, "cost": 0.36697498893082253, "score": 0.28802113083627934}