{"quality": 0.30472691179436495, "novelty": 0.9186520878912018, "diversity": 0.8905576179097201, "efficiency": 0.2458626818214226, "cost": 1.0}