{"quality": 1, "novelty": 0, "diversity": 0.6478094856645835, "efficiency": 0, "cost": 0.8833290037732542, "score": 0.34122899675559126}