{"quality": 0.14770186342649314, "novelty": 0.4689902427878495, "diversity": 0.3155619771234684, "efficiency": 0.2877741056139998, "cost": 0.8656138498370192, "score": 0.18127524600800204}