{"quality": 1, "novelty": 0.7088237579889674, "diversity": 0.19915739073347688, "efficiency": 0.3278456968433386, "cost": 0.6849695754458307, "score": 0.4977173146258549}