{"quality": 0.5007996099558445, "novelty": 0.8063064362813294, "diversity": 0.9512188234083777, "efficiency": 0.9138363223779782, "cost": 0.9049490001069258, "score": 0.5886408050847654}