{"quality": 0.13684496111713718, "novelty": 0.24633005311100442, "diversity": 0.6003956067024424, "efficiency": 0.255371763258714, "cost": 0.1804355701307199, "score": 0.2429773304291159}