{"quality": 0.09669321504909908, "novelty": 0.35030125052722166, "diversity": 0.36780775406572386, "efficiency": 0.9469736992065012, "cost": 0.6444267189134626, "score": 0.26774821094930884}