{"quality": 0.57590222766444, "novelty": 0.6920261211713119, "diversity": 0.4913940549419985, "efficiency": 0.48167238005788193, "cost": 0.38423039054831876, "score": 0.47788382753441006}