{"quality": 0.6346438780429161, "novelty": 0, "diversity": 0.324827316924064, "efficiency": 0.706197631974198, "cost": 0.9348707182305632, "score": 0.267801199770761}