{"quality": 0.7442481112535158, "novelty": 1, "diversity": 0.3093488414522041, "efficiency": 0.14582279922387703, "cost": 0.6915919875281236, "score": 0.4878584227972647}