{"quality": 0.5278367126113317, "novelty": 1, "diversity": 0.8587801544313517, "efficiency": 0.6022766634064393, "cost": 0.11111282334347655, "score": 0.6593372618462882}