{"quality": 0.7752379613837841, "novelty": 0.7890104624512133, "diversity": 0.15758959584197424, "efficiency": 0.363833511605882, "cost": 0.8946568789165215, "score": 0.42645126204556355}