{"quality": 0.27724293453153154, "novelty": 0.8304855475218841, "diversity": 0.24957648247752162, "efficiency": 0.9164028458727382, "cost": 0.6003539822919188, "score": 0.41813459238715367}