{"quality": 0.0849510606020257, "novelty": 0.6666974273459289, "diversity": 0.30058084535548424, "efficiency": 0, "cost": 0.7289719308745068, "score": 0.17937865100073608}