{"quality": 0.23484152680353648, "novelty": 0, "diversity": 0.10602527496160108, "efficiency": 0.023637298160280623, "cost": 0.7202690805315493, "score": 0.02317619970426832}