{"quality": 0.7679278122997979, "novelty": 0.7469545923866319, "diversity": 0, "efficiency": 0.4972585139475661, "cost": 0, "score": 0.49170576887873224}