{"quality": 0.9898988821836565, "novelty": 1, "diversity": 0.9081824253533941, "efficiency": 0.797136948937573, "cost": 0.362861279517439, "score": 0.8118905641146679}