{"quality": 0.37537539619047855, "novelty": 0.7212609431574446, "diversity": 0.1941221519669485, "efficiency": 0.22745190325253078, "cost": 0.8140560813266162, "score": 0.2844644623951124}