{"quality": 0.6384405732926236, "novelty": 0.1884699706348093, "diversity": 0.5228102702654911, "efficiency": 0.21889303474640812, "cost": 0.5240845846556701, "score": 0.3236372154459818}