{"quality": 0.4247341797040044, "novelty": 0.8904037960544369, "diversity": 0.8599449330083305, "efficiency": 0.4826800048001444, "cost": 0.31693777052300115, "score": 0.5627184131941981}