{"quality": 0.7442469299237191, "novelty": 0.7621260940067514, "diversity": 0.696577037594676, "efficiency": 0.6574058928138174, "cost": 0.2971142466305083, "score": 0.6220204692567606}