{"quality": 0.9636608871662719, "novelty": 0.20865711961065453, "diversity": 0.5332476533807144, "efficiency": 0.36672623021239836, "cost": 0.6181027320513327, "score": 0.4411107380554146}