{"quality": 0.0046009182215190625, "novelty": 0.5688070375900708, "diversity": 0.9176633133210588, "efficiency": 0.5476236702092074, "cost": 0.20423994809401957, "score": 0.38883425325016435}