{"quality": 0.8877770310251983, "novelty": 0.5985679982108632, "diversity": 0.710690139591187, "efficiency": 0.7532395826897667, "cost": 0.9427103152054208, "score": 0.5768280426614356}