{"quality": 0.827091442746396, "novelty": 0.11840775746367582, "diversity": 0.7891907205146811, "efficiency": 0.470785674936905, "cost": 0.3515899110113361, "score": 0.47102637643217604}