{"quality": 0.5167492444126407, "novelty": 0.5529395281564798, "diversity": 0.11171991700046907, "efficiency": 0.40600655501555516, "cost": 0.5913320142520576, "score": 0.31737142059013346}