{"quality": 1, "novelty": 0.7821734180590155, "diversity": 0.5352017149319688, "efficiency": 0.33881453245973736, "cost": 0.793897281322236, "score": 0.5740161492378846}