{"quality": 0.8389943442871832, "novelty": 0.03256834328803665, "diversity": 0.4530634695222877, "efficiency": 0.8355349798098507, "cost": 0.4695731786338635, "score": 0.42882601212071286}