{"quality": 0.09642731343629368, "novelty": 0.17010841158154072, "diversity": 0.3861758754330914, "efficiency": 0, "cost": 0.2298111660335651, "score": 0.12570935540953504}