{"quality": 0.7076533331719091, "novelty": 0.8206864646529511, "diversity": 0.24767654872671035, "efficiency": 0.9286457122765726, "cost": 0.6694273504340601}