{"quality": 0.9958496308996667, "novelty": 0.4823820878017955, "diversity": 1, "efficiency": 0.0468171160695743, "cost": 0.6552391711692898, "score": 0.5608490615138562}