{"quality": 0.06790146750865841, "novelty": 0.1371737395250569, "diversity": 0.0052982384322075304, "efficiency": 0.7106520071880403, "cost": 0.618965129401788, "score": 0.10042481095833047}