{"quality": 0.5510790232776153, "novelty": 0, "diversity": 0.15526046239000857, "efficiency": 0.8574779937202158, "cost": 0.5012615022752703, "score": 0.27487134829179166}