{"quality": 0.6033670324297271, "novelty": 1, "diversity": 0.015929451074894962, "efficiency": 0.20051950377934968, "cost": 0.26693755425293586, "score": 0.43758017008550604}