{"quality": 0.8860665090063339, "novelty": 1, "diversity": 0.7927448294559261, "efficiency": 0.4006931977981334, "cost": 0, "score": 0.7344728982628055}