{"quality": 0.7893274496211445, "novelty": 0.5542586218862875, "diversity": 0.4020672803264461, "efficiency": 0.24249006672709855, "cost": 0.6576698605447712, "score": 0.42638287037779216}