{"quality": 0.7924709439012663, "novelty": 0.703942639149221, "diversity": 0.381027654357078, "efficiency": 0.7774747411912024, "cost": 0.9148024589014709, "score": 0.5150734391176339}