{"quality": 0.7116900577027644, "novelty": 0.834322217040027, "diversity": 0.026053671989629282, "efficiency": 0.7516081214635881, "cost": 0.9629835166799365, "score": 0.4437411725203065}