{"quality": 0.6416065891161158, "novelty": 0.4848097538290947, "diversity": 0.7105343027602784, "efficiency": 0, "cost": 0, "score": 0.45579127574416406}