{"quality": 0.3382677749218707, "novelty": 0.45310774089051514, "diversity": 1, "efficiency": 0.40433116987253476, "cost": 1, "score": 0.3754069431800703}