{"quality": 0.30676870694761166, "novelty": 0.8332624318393896, "diversity": 0, "efficiency": 0.2556334180034202, "cost": 0.18883253948124812, "score": 0.3198079787965192}