{"quality": 0.5962731473826124, "novelty": 0.5608362983535597, "diversity": 0.9391160451424336, "efficiency": 0.3579813773769682, "cost": 0.23004465429079723, "score": 0.5376069690091259}