{"quality": 0.6370281089736833, "novelty": 0.7803669054540843, "diversity": 1, "efficiency": 0.7359109430588446, "cost": 0.8030366191762253, "score": 0.6162831385968303}