{"quality": 0.45117471723136654, "novelty": 0.14712365365743887, "diversity": 0.2162384960088917, "efficiency": 1, "cost": 0.14904793654444018, "score": 0.350476234131104}