{"quality": 0, "novelty": 0.6553962878875006, "diversity": 0, "efficiency": 0.8348709305153253, "cost": 0.7544374685249143, "score": 0.2136359646966825}