{"quality": 0.7712199839390517, "novelty": 0.152278567210602, "diversity": 0.33432650688379345, "efficiency": 0.06296954548963529, "cost": 0.7201659260058481, "score": 0.27372977758398526}