{"quality": 0.14256506188711815, "novelty": 1, "diversity": 0.637127362214807, "efficiency": 0.07783753919201397, "cost": 0.9585789206519715, "score": 0.3360127298227018}