{"quality": 0.28312418141926166, "novelty": 0, "diversity": 0.5351086865747177, "efficiency": 0.6737739281256079, "cost": 0.3442239615025188, "score": 0.2586026848093113}