{"quality": 0.6780111578975743, "novelty": 0.44096396447432545, "diversity": 0.5686426831875622, "efficiency": 0.8061973744658506, "cost": 0.2882331243536167, "score": 0.519479168859882}