{"quality": 0.865934085657763, "novelty": 0.16424973686134056, "diversity": 0.7929481398301128, "efficiency": 0.586720384478109, "cost": 0.6795737450871843, "score": 0.4794829710416846}