{"quality": 0, "novelty": 1, "diversity": 0.6715879934687408, "efficiency": 0.5490332430801275, "cost": 0.9188897802733151, "score": 0.3747836071284357}