{"quality": 0.9242396702145237, "novelty": 0.4991820337076943, "diversity": 0.8604388430419517, "efficiency": 0.3796781546150841, "cost": 0.2671818995051768}