{"quality": 0.2640540232606591, "novelty": 0.6362474768203572, "diversity": 0.03466208400365875, "efficiency": 0.6833990351496728, "cost": 0.7800961682259738, "score": 0.2697107314338723}