{"quality": 0.5827650325809842, "novelty": 0.3462366913047343, "diversity": 0.1853654479432211, "efficiency": 0.8583575662058505, "cost": 0.8142744899734957, "score": 0.34578795812265106}