{"quality": 0.0863894403844292, "novelty": 0.6021305056551665, "diversity": 0.8916600358503748, "efficiency": 0, "cost": 0.13993000848338785, "score": 0.34078846485085657}