{"quality": 0.37815521829821214, "novelty": 0.27151866844520206, "diversity": 1, "efficiency": 0.9637073059460473, "cost": 0.5997104621326876, "score": 0.4659112822794025}