{"quality": 1, "novelty": 0.2094653705070863, "diversity": 0.13695743225857654, "efficiency": 0.7084811966075242, "cost": 1, "score": 0.38603000856961545}