{"quality": 0.2516380399108336, "novelty": 0.24085376225996213, "diversity": 0.8250949481115918, "efficiency": 0.34672954243281673, "cost": 0.08552791130234727, "score": 0.3441804823952468}