{"quality": 0.6104325909423214, "novelty": 0.3651219017879916, "diversity": 0.4274196928668563, "efficiency": 0.2397500391690009, "cost": 1, "score": 0.2958566971784158}