{"quality": 0.6019816932161022, "novelty": 0.2270767247879568, "diversity": 0.7678035318769629, "efficiency": 0.03509107851443402, "cost": 0.2236411232864203, "score": 0.3738239449857355}