{"quality": 0.6934741738953952, "novelty": 0.0009768926219525242, "diversity": 0.6766676772478076, "efficiency": 0.48235209006449864, "cost": 0.05411965360082327, "score": 0.4105608589232607}