{"quality": 0.4914450579671273, "novelty": 0.48227659387399474, "diversity": 0.9491926122599115, "efficiency": 0.5717751539597238, "cost": 0.31117843860490135, "score": 0.5124896175440876}