{"quality": 0.24823903537058417, "novelty": 0.03691590151235524, "diversity": 0.8000342593748078, "efficiency": 0.7642369111734418, "cost": 0, "score": 0.3583430745402419}