{"quality": 0.6019105689797619, "novelty": 0.941326136133682, "diversity": 0.7441427761808753, "efficiency": 0.9637498763782416, "cost": 0.43973647524395143}