{"quality": 0.36597630210461957, "novelty": 1, "diversity": 0.0946459441055342, "efficiency": 0.8279785752964528, "cost": 0.9498000251396925, "score": 0.4079388632329914}