{"quality": 0.3292383470430918, "novelty": 0.7680322774193207, "diversity": 0.6891732761431645, "efficiency": 0.6581821515611446, "cost": 0.3594477432598883, "score": 0.4913967771045735}