{"quality": 0.2817272054314538, "novelty": 0.41887227733476906, "diversity": 0.7004848837838377, "efficiency": 0.26102224216910996, "cost": 0.9023195863057301, "score": 0.2782545854146894}