{"quality": 0.018477638167515964, "novelty": 0.159735320627871, "diversity": 0.03709387393564981, "efficiency": 0.7936363529948284, "cost": 0.4954953752302944, "score": 0.1223918118205473}