{"quality": 0.17616558300547766, "novelty": 0.1745185546727404, "diversity": 0.6942226459201541, "efficiency": 0.36360846312178374, "cost": 0.23964376186165476, "score": 0.2659007360359613}