{"quality": 0.04855948947652369, "novelty": 0, "diversity": 0.13510229072041374, "efficiency": 0.7280451015914782, "cost": 0.4226587078670654, "score": 0.10852919943905504}