{"quality": 0.5413110961330173, "novelty": 0.24892447920454844, "diversity": 0.6420219881938454, "efficiency": 0, "cost": 0.7898923754775552, "score": 0.2740396087320558}