{"quality": 0.8974655769360536, "novelty": 0.9335220543604792, "diversity": 0.18315450827514174, "efficiency": 0.6256458086983359, "cost": 0.21933137707210565, "score": 0.611164821923504}