{"quality": 0.6601999029134982, "novelty": 1, "diversity": 0, "efficiency": 0.5856280602380272, "cost": 0.9455337114992673, "score": 0.44135080875982685}