{"quality": 0.9882478001261975, "novelty": 0.9488739083572075, "diversity": 0.6853206030102283, "efficiency": 0.6379088979062906, "cost": 0.8300625860841949, "score": 0.6834370138067308}