{"quality": 0.08161233725687525, "novelty": 0.7302050618399087, "diversity": 0.9302038295282873, "efficiency": 0.2188155945458256, "cost": 0, "score": 0.42589807172457106}