{"quality": 0.20115916834306635, "novelty": 0.14146643476391227, "diversity": 0.6930762899676619, "efficiency": 0.08949469051356213, "cost": 0.4278031810315249, "score": 0.20497350266131217}