{"quality": 0.5312748853278242, "novelty": 0.09498600231845877, "diversity": 0, "efficiency": 0.8925842652576295, "cost": 0.04648401126997137, "score": 0.3123682048396092}