{"quality": 0.7206401746675554, "novelty": 0.7746263843927645, "diversity": 0.46933129479783087, "efficiency": 0.33282514394009355, "cost": 0.17289326806990754, "score": 0.536349352242047}