{"quality": 0.7446066184388747, "novelty": 0.48820329661713824, "diversity": 0.9368703545572846, "efficiency": 0.426439405583813, "cost": 0, "score": 0.5967727914349759}