{"quality": 0.04560504281049932, "novelty": 0.29090299053293867, "diversity": 0.6659922426930884, "efficiency": 0.2962103294915107, "cost": 0.909377673467105, "score": 0.17309949109201828}