{"quality": 0.12832103537579337, "novelty": 0.04403571938132739, "diversity": 0.824588144609274, "efficiency": 0.15507690960044926, "cost": 0.6772240214150793, "score": 0.16996200367848413}