{"quality": 1.0, "novelty": 0.38115361117977115, "diversity": 0.7883170102403008, "efficiency": 0.4878455487766744, "cost": 0.18265499591851456}