{"quality": 0.21635824370804568, "novelty": 0.09100491614932649, "diversity": 0.4213849393186315, "efficiency": 0.8952583651314254, "cost": 0.5944028491309894, "score": 0.2467841598700865}