{"quality": 0, "novelty": 0.07704235851560481, "diversity": 0.10127416269384512, "efficiency": 0.3053603976086912, "cost": 1, "score": -0.014680518191026087}