{"quality": 1, "novelty": 1, "diversity": 0.2710707412030578, "efficiency": 0.5247481257255644, "cost": 0.6668406865337136, "score": 0.6162422984460748}