{"quality": 0.7159087333713591, "novelty": 0.263447790349222, "diversity": 0.5866915440600906, "efficiency": 0.9176627269995763, "cost": 0.17287101650958284, "score": 0.5183351838097096}