{"quality": 0.7447888789435541, "novelty": 0.7622590887278942, "diversity": 0.6417737519397424, "efficiency": 0.9756475382712648, "cost": 0.9959585936096618, "score": 0.5891074576327119}