{"quality": 0.0059530873708043, "novelty": 0.6538207880359026, "diversity": 0.8965094256508616, "efficiency": 0.44835403396293266, "cost": 0.3617548637664404, "score": 0.3756206270681851}