{"quality": 0.541975116113615, "novelty": 0.48724814474551376, "diversity": 0.9392314391813054, "efficiency": 0.6241332912926771, "cost": 0.37109513484757295, "score": 0.5287613390658683}