{"quality": 0.555890077575221, "novelty": 0.8622727446080909, "diversity": 0.47117635826883913, "efficiency": 0.45805758548425335, "cost": 0.007572411161490544, "score": 0.5445218777848457}