{"quality": 0, "novelty": 0.8098350394603784, "diversity": 0.8026461680421038, "efficiency": 0.8068188471503474, "cost": 0.4957147514672824, "score": 0.43443934539933926}