{"quality": 1, "novelty": 0.3374126563725717, "diversity": 0.4273196082345941, "efficiency": 0.24189895410777068, "cost": 0.18657840301462014, "score": 0.4874440885547654}