{"quality": 0.39151823316831935, "novelty": 0.7224137356370978, "diversity": 1, "efficiency": 0.4319526789942263, "cost": 0.9870057532281922, "score": 0.464151230386085}