{"quality": 0.32718310415552326, "novelty": 0.6875173487067279, "diversity": 1, "efficiency": 0.4454579253530817, "cost": 0, "score": 0.5368529572263012}