{"quality": 0.4601331531461123, "novelty": 0.5165557137592462, "diversity": 0.5919861532394095, "efficiency": 0.5409309911199651, "cost": 1, "score": 0.3667157536995219}