{"quality": 0.9387179611748799, "novelty": 0.6478707169639768, "diversity": 0.3589267874264568, "efficiency": 0.2271811366568556, "cost": 0.3377343418862078, "score": 0.5156721613886571}