{"quality": 0, "novelty": 0.057387749023280754, "diversity": 0, "efficiency": 0, "cost": 0.21947283235471005, "score": -0.007600345979650817}