{"quality": 1, "novelty": 0.32963906276648264, "diversity": 0, "efficiency": 0.533611898576541, "cost": 0.5966143159121303, "score": 0.40279011888688876}