{"quality": 0.2535407669245121, "novelty": 0.8135566927019198, "diversity": 0.3379743972701814, "efficiency": 0.9673547385497739, "cost": 0.5816871076851379, "score": 0.4339807827208222}