{"quality": 0.19437442810362413, "novelty": 0.6386444091151311, "diversity": 0.8225494013698862, "efficiency": 0.26735561362761295, "cost": 0.6430969770403068, "score": 0.35827695532395853}