{"quality": 0.5372154491371495, "novelty": 0.13880577378161513, "diversity": 0.9075646595490156, "efficiency": 0.15053966487177367, "cost": 0.7007710830908349, "score": 0.3298828515180343}