{"quality": 1, "novelty": 0.6007874738276899, "diversity": 0.6724127604722604, "efficiency": 0.2880688096578296, "cost": 0.544795265529553, "score": 0.5734102154470937}