{"quality": 0.877834644475572, "novelty": 0.4446592887272752, "diversity": 0.25892523663435785, "efficiency": 0.7855139810778466, "cost": 0.5027261627429237}