{"quality": 0.7371575053798816, "novelty": 0.5243493437982262, "diversity": 0.32980561855809964, "efficiency": 0.8882377141541788, "cost": 0.40853203236289076, "score": 0.5105781651619787}