{"quality": 0.679632619876547, "novelty": 0.08045942053797187, "diversity": 0.2109203867706571, "efficiency": 0.7104306776907305, "cost": 1, "score": 0.27275332010519804}