{"quality": 0.39781387799645423, "novelty": 0.9425789474169413, "diversity": 0.43745426139891214, "efficiency": 0.36606886998225624, "cost": 0.5686973304382661, "score": 0.44052034998646583}