{"quality": 0.5063976931656795, "novelty": 0.20231335628403846, "diversity": 0.15698271348411258, "efficiency": 0.7463675675736496, "cost": 0.691327700491707, "score": 0.2767165548044127}