{"quality": 0.9437195693609357, "novelty": 0.5257091726012979, "diversity": 0.19646458396235553, "efficiency": 0.47155288450120747, "cost": 0, "score": 0.5245690134262574}