{"quality": 0.8230265421527835, "novelty": 0.5218451268073302, "diversity": 0.40712951036895445, "efficiency": 0, "cost": 0.6242547720153147, "score": 0.39636966921992706}