{"quality": 0.7893703400542849, "novelty": 0.16777789674421753, "diversity": 0.5265283175469752, "efficiency": 0.39954581236569264, "cost": 0.5442925928798767, "score": 0.389563852278601}