{"quality": 0.8813741743901337, "novelty": 0.2124791856530191, "diversity": 0.6161908382906494, "efficiency": 0.9093597014117167, "cost": 0.5305104848812296, "score": 0.5241231231120593}