{"quality": 0.4819105574809764, "novelty": 0.5518096193074016, "diversity": 0.048725500721713, "efficiency": 0.14944891486502337, "cost": 0.9750361873336688, "score": 0.21718439071187257}