{"quality": 0.4344919582310765, "novelty": 0.6207772900744056, "diversity": 0.5272607737285182, "efficiency": 0.26104811036085906, "cost": 0.5100421673497317, "score": 0.3791470645527837}