{"quality": 0.6788113183135285, "novelty": 0.5275793572656793, "diversity": 0.30998024381448386, "efficiency": 0.4362278398106201, "cost": 0.6701422816784022, "score": 0.39595423137712793}