{"quality": 0.8375745385682101, "novelty": 0.7823436735649931, "diversity": 0.16710325118669, "efficiency": 0.8341225287206286, "cost": 0.9743061324467978}