{"quality": 0.7095800540158395, "novelty": 0.061945559863655686, "diversity": 0.4478174577826757, "efficiency": 0.4310343967964536, "cost": 1, "score": 0.2825790572466689}