{"quality": 0.21920527329963818, "novelty": 0.21939414961729614, "diversity": 0.6620428019992683, "efficiency": 0.4745578267291603, "cost": 0.24208342722214793, "score": 0.2999940110812284}