{"quality": 0.9543414071781015, "novelty": 0, "diversity": 0.6212870632045833, "efficiency": 0.4741292270483336, "cost": 0.08392919264723603, "score": 0.4732862995868735}