{"quality": 0.21043950153905716, "novelty": 0.3211523327195791, "diversity": 0.7784913593603344, "efficiency": 0.058713579400537175, "cost": 0.1638898736728409, "score": 0.2915362550564753}