{"quality": 0.07424815819304957, "novelty": 0.8133187186434514, "diversity": 1.0, "efficiency": 0.7480730756160104, "cost": 0.04465490549139092}