{"quality": 0.334443167348369, "novelty": 0.6852603251674956, "diversity": 0.13104990408944842, "efficiency": 0.586866679128716, "cost": 0.8141116400128334, "score": 0.3044768501822983}