{"quality": 0.9338476114469957, "novelty": 0.4935281491251914, "diversity": 0.09670614888904322, "efficiency": 0.8744315047656899, "cost": 0.10941161332277839}