{"quality": 0.859590205537957, "novelty": 0.016096902232014015, "diversity": 0, "efficiency": 0.24219381888178448, "cost": 0.502241138319389, "score": 0.24800624621971937}