{"quality": 0.4910724948080025, "novelty": 0.7505448902672549, "diversity": 0.30678908133113664, "efficiency": 0.19028891327706815, "cost": 0.9606882941516695, "score": 0.3287902948518351}