{"quality": 0.1944573258153855, "novelty": 0.4440009690665563, "diversity": 0.7985461222217204, "efficiency": 1, "cost": 0.30440925127649715, "score": 0.4486057393279491}