{"quality": 0.033726148449507276, "novelty": 0.8948689909356969, "diversity": 0.9763841416455389, "efficiency": 0.7887591300295291, "cost": 0, "score": 0.5474257901023135}