{"quality": 0.7313033759108429, "novelty": 0.26849492808048536, "diversity": 0.916087692397024, "efficiency": 0.3538122063645506, "cost": 0, "score": 0.5228041142274616}