{"quality": 0.26940439393380733, "novelty": 0.5285128429474804, "diversity": 0, "efficiency": 0, "cost": 0.6159771872281474, "score": 0.15135181019419755}