{"quality": 0.5495599739572223, "novelty": 0.38911815863164717, "diversity": 0.3469203168743075, "efficiency": 0.1061016854238328, "cost": 0.5074161817465715, "score": 0.2967052298588578}