{"quality": 0.35410179818879406, "novelty": 1, "diversity": 0.5126771980039584, "efficiency": 0.328695538321979, "cost": 0.5230986747723074, "score": 0.455760442328496}