{"quality": 0.35540679655675644, "novelty": 0.6605074636746139, "diversity": 0.32569626162768284, "efficiency": 0.8684968341693712, "cost": 0.5660890940729961, "score": 0.410553772929323}