{"quality": 0.9138579195314965, "novelty": 0.4302658834491565, "diversity": 0.18235263613868752, "efficiency": 0.7548406287184576, "cost": 0.4624103160838428}