{"quality": 0.5872582056199023, "novelty": 0.22971498449974215, "diversity": 0.6899160032824543, "efficiency": 0.624614730656423, "cost": 0.1614520913964304, "score": 0.44913640892621753}