{"quality": 0.45932683433335586, "novelty": 0, "diversity": 0.2913757289506229, "efficiency": 1, "cost": 0.49287800381539015, "score": 0.2967853957085923}