{"quality": 0.6983272707099666, "novelty": 0, "diversity": 0.4299964568866322, "efficiency": 0.8076225664261576, "cost": 0.1850827635712185, "score": 0.39813258119711814}