{"quality": 0.5441402475196939, "novelty": 0.39242382004790466, "diversity": 0, "efficiency": 1, "cost": 0, "score": 0.4113480292678844}