{"quality": 0, "novelty": 0.862025653981467, "diversity": 0.01691787886184154, "efficiency": 0.10117125232862473, "cost": 0.966201321455713, "score": 0.13744554497145747}