{"quality": 1, "novelty": 0.5012918837503929, "diversity": 0.7581673855013407, "efficiency": 0, "cost": 0.3278318344787198, "score": 0.5441732645899944}