{"quality": 0.9242200973737081, "novelty": 0.34376559570745086, "diversity": 0.6885141671598526, "efficiency": 0.6552468126303471, "cost": 0.028867103690526835, "score": 0.5963105730964451}