{"quality": 0.8012475550775421, "novelty": 0.39124361498648785, "diversity": 0.7278647109023111, "efficiency": 0.2158333036698375, "cost": 0.81890579862212, "score": 0.4342425281386105}