{"quality": 0.5311207345494162, "novelty": 0.961139809022086, "diversity": 0.1783726324775694, "efficiency": 0.2161700947131494, "cost": 0.36977089951762065, "score": 0.4307441233710706}