{"quality": 0.7902393136150523, "novelty": 0.541652545780434, "diversity": 0.7366514871200323, "efficiency": 0.22489733459569194, "cost": 0.2996257559070656, "score": 0.5235872525522779}