{"quality": 0.7069291830010667, "novelty": 0, "diversity": 0.5014838131810926, "efficiency": 0, "cost": 0.5202973463916014, "score": 0.26034578289737836}