{"quality": 0.4333987710865661, "novelty": 0.35630746683937975, "diversity": 0.14456320188410887, "efficiency": 0.9178299952497717, "cost": 0.6405063209230397, "score": 0.3216330056077983}