{"quality": 0.8363020201996715, "novelty": 0.025595342416964872, "diversity": 0.8999535400639498, "efficiency": 0, "cost": 0.6712093092205138, "score": 0.3701592187548812}