{"quality": 0.7498253113503666, "novelty": 0.8904603100244175, "diversity": 0.9372961728399047, "efficiency": 0.5781585720195945, "cost": 0.7988980820798286, "score": 0.6418558830741516}