{"quality": 1, "novelty": 0.3460824141121049, "diversity": 0.38344278008770827, "efficiency": 0, "cost": 0.13596814558415288, "score": 0.4496123449871526}