{"quality": 0.7463221074330426, "novelty": 0, "diversity": 0.8674348829683378, "efficiency": 0.24577928780678993, "cost": 0.48775110152461315, "score": 0.3854753918421375}