{"quality": 0.2576499541470703, "novelty": 0.23662096229277949, "diversity": 0.5622402783620892, "efficiency": 0.1692876866927886, "cost": 0.17424840825578772, "score": 0.2568665946680734}