{"quality": 0.20008219629081944, "novelty": 0.9964970013513359, "diversity": 1, "efficiency": 0.5385551924377476, "cost": 0.5531091004295423, "score": 0.5346212780477878}