{"quality": 0.10022058586787458, "novelty": 0.5040132735332727, "diversity": 0.6614851480782, "efficiency": 0.19523967303659148, "cost": 1, "score": 0.21765247471480928}