{"quality": 0.3752997628828218, "novelty": 0.1933594350466435, "diversity": 0.111983911315576, "efficiency": 0.21334289740530094, "cost": 0.4440849806367628, "score": 0.17091950643674145}