{"quality": 0, "novelty": 0.9346431159937949, "diversity": 0.936890668382621, "efficiency": 0.03938825236802429, "cost": 0.11020262945390055, "score": 0.4159268875847866}