{"quality": 0.9639850650974623, "novelty": 0.26782304931195217, "diversity": 0.36937508549476195, "efficiency": 0.8362411744111558, "cost": 0.46581166989577105, "score": 0.5088813081282754}