{"quality": 0.09276299253019518, "novelty": 0.3942510495342145, "diversity": 0, "efficiency": 0.5477807889718976, "cost": 0.22433729367357474, "score": 0.18612504912103933}