{"quality": 1, "novelty": 0.49481377118456615, "diversity": 0.5791791800386829, "efficiency": 0.31068242649677547, "cost": 0.7804002397693903, "score": 0.5081016188014553}