{"quality": 0.055512721603011406, "novelty": 0.5918389206121161, "diversity": 0.21188338476285873, "efficiency": 0.6467118782399398, "cost": 0.004851759280870671, "score": 0.3035118293944081}