{"quality": 0.7187150415752419, "novelty": 0.6183995830755409, "diversity": 0.2783646004529801, "efficiency": 0.7978115350558167, "cost": 0.2254086491102787, "score": 0.5230181936793984}