{"quality": 0.9268313234353788, "novelty": 0, "diversity": 0, "efficiency": 0.18013333927084962, "cost": 0.8711635131069185, "score": 0.2179530466105492}