{"quality": 0.7711795061042801, "novelty": 0.7193760750547419, "diversity": 0.4309007623293535, "efficiency": 0.33593613472051354, "cost": 0.572510205077365, "score": 0.49051742276118065}