{"quality": 0.6583646125779457, "novelty": 1, "diversity": 0.8516458312263465, "efficiency": 0.6126111746492231, "cost": 0.01936579995983645, "score": 0.7077936462200528}