{"quality": 0.7506854378657447, "novelty": 0.8254754193996242, "diversity": 0.0992712137073305, "efficiency": 0.7759123607021761, "cost": 0.7417670313657594, "score": 0.49363887991984606}