{"quality": 0.2734361151352365, "novelty": 0.9565662744727187, "diversity": 0.4033495441098509, "efficiency": 0.780588843446921, "cost": 0.29782320781775334, "score": 0.48914831771598366}