{"quality": 0.37938226553714566, "novelty": 0.6683020582322476, "diversity": 0, "efficiency": 0.8803119387086602, "cost": 0.017878432559785162, "score": 0.41114914176952605}