{"quality": 0.8220698414661991, "novelty": 0.548184417533557, "diversity": 0.9089725468140042, "efficiency": 0.549224773137905, "cost": 0.5248258158446287, "score": 0.5953627005722727}