{"quality": 0.38586497864811675, "novelty": 0.06403086274922681, "diversity": 0.2437190625059486, "efficiency": 0.9990975294515326, "cost": 0.5846704761496, "score": 0.27190860358570135}