{"quality": 0.5313999278823032, "novelty": 0.8357885038109192, "diversity": 0.8393291131263781, "efficiency": 0.8419299432100943, "cost": 0.3768896312555008, "score": 0.6248334552986604}