{"quality": 0.11973744175155138, "novelty": 0.7985735422007874, "diversity": 1.0, "efficiency": 0.8475182510325686, "cost": 0.0}