{"quality": 0.41877263616024185, "novelty": 1, "diversity": 0.6790327783711856, "efficiency": 0, "cost": 0.2022522622798208, "score": 0.4912131202943276}