{"quality": 0.18962777732755953, "novelty": 0.432946152595333, "diversity": 0.6716692201722461, "efficiency": 0.08352034638903522, "cost": 0.7055990479408185, "score": 0.24142686254582374}