{"quality": 0.1621465626152555, "novelty": 0.6256495933541468, "diversity": 0.7054874394344635, "efficiency": 0.7547315003902016, "cost": 0.11383126712466046, "score": 0.44798045335607023}