{"quality": 0.4352630297933318, "novelty": 0.19299897132725552, "diversity": 0.511033196490037, "efficiency": 0.8429603272355299, "cost": 0.8462982288844463, "score": 0.32284951726470573}