{"quality": 0.9824170924787293, "novelty": 0.42199474550172533, "diversity": 0.33574425966541005, "efficiency": 0.9282473706561208, "cost": 0, "score": 0.6066097716505503}