{"quality": 0.9920056033920481, "novelty": 0, "diversity": 0.6346251718027863, "efficiency": 0.7701845113612857, "cost": 0.7049970844451137, "score": 0.46955468363785313}