{"quality": 0.1720184659166854, "novelty": 0.38594854004470386, "diversity": 0.37859941047521967, "efficiency": 0.05594189419481144, "cost": 0, "score": 0.23220384101044725}