{"quality": 0.5642872091512967, "novelty": 0.47265931841042175, "diversity": 0.3107488749424767, "efficiency": 0.22835881096674138, "cost": 0.6957821688647131, "score": 0.3142763720950297}