{"quality": 0.8994326024077446, "novelty": 0, "diversity": 0.623981508895273, "efficiency": 0.16955503891576712, "cost": 0.6193095123393365, "score": 0.3581283871048094}