{"quality": 0.2514735037676241, "novelty": 0.7429825119657721, "diversity": 0.6464116277994554, "efficiency": 0.621847345574326, "cost": 0.3379177730916339, "score": 0.4499553292086068}