{"quality": 0.2721029500712448, "novelty": 0.09332064694371425, "diversity": 0.8766956951059311, "efficiency": 0.2658405357926904, "cost": 0.4653652439665952, "score": 0.2736397417507323}