{"quality": 0.7496027464195498, "novelty": 0.33919537945054523, "diversity": 0.16453693243960843, "efficiency": 0.6583644996367475, "cost": 0.45370855722306147, "score": 0.3959708744996289}