{"quality": 0.9642462463947473, "novelty": 0.7331981957312828, "diversity": 0.6907256488029504, "efficiency": 0.8328558644994538, "cost": 0.9265592966361113}