{"quality": 0.23571426141109209, "novelty": 0.7279478442881542, "diversity": 0.3728808221320719, "efficiency": 0.6862828112045826, "cost": 0.7344128666740704, "score": 0.35677853893506095}