{"quality": 0.2744437205549327, "novelty": 0.5869677126999467, "diversity": 0.9928512775887551, "efficiency": 0.9042883379254223, "cost": 0.0}