{"quality": 0.1683638647650591, "novelty": 0.8932165089546709, "diversity": 0.5489199981298398, "efficiency": 0.4436664434845793, "cost": 0.9619500521920947, "score": 0.35395224759763083}