{"quality": 0.4380380568649613, "novelty": 0.7646775542161224, "diversity": 0.4148641463021646, "efficiency": 0.17614832000323014, "cost": 0.25049839190693346, "score": 0.4069260436837431}