{"quality": 0.11647364645770295, "novelty": 0.6396479451588082, "diversity": 0.8127190854678829, "efficiency": 0.5269730064549925, "cost": 0, "score": 0.4364438482888383}