{"quality": 0.6799903539882981, "novelty": 0, "diversity": 0.5753138683210306, "efficiency": 0.810903364395595, "cost": 0, "score": 0.4406953845200348}