{"quality": 0.6595017179152369, "novelty": 0.4392758976271848, "diversity": 0.5219523965280322, "efficiency": 0.18724098853381646, "cost": 0.29850257048718926, "score": 0.41029586031832727}