{"quality": 0.9738125296236205, "novelty": 0.09322281628118045, "diversity": 1, "efficiency": 0.10626158203694455, "cost": 0.5979833659133295, "score": 0.47159036367159013}