{"quality": 0.7419314551687732, "novelty": 0.8136333338308477, "diversity": 0.2975907711941386, "efficiency": 0.5124030997171436, "cost": 1, "score": 0.46236638920474316}