{"quality": 0.6213194322831272, "novelty": 0.3249772982204008, "diversity": 0.37194547117211074, "efficiency": 0.849952850782365, "cost": 0.2969554551257325, "score": 0.43982663057924204}