{"quality": 0.7091116402705674, "novelty": 0.6123864527330988, "diversity": 0.3597847220852142, "efficiency": 0.5775179268391115, "cost": 0.7527009395940361, "score": 0.44914464474795096}