{"quality": 0.43387254685915844, "novelty": 0.026291894556257328, "diversity": 0.3212821294736963, "efficiency": 0.746158249033694, "cost": 0.8258010747093327, "score": 0.23033479347567196}