{"quality": 0.23569929400802958, "novelty": 0.6137314095081203, "diversity": 0.45266358833948833, "efficiency": 0.19285872176767863, "cost": 0.6704158568314795, "score": 0.2765625808293405}