{"quality": 0.5044624621323751, "novelty": 0.5201188663039791, "diversity": 0.8313087691948232, "efficiency": 0.37700720544397315, "cost": 0.7061431519028525, "score": 0.4335669746809827}