{"quality": 0.339513803782609, "novelty": 0.0487794815153276, "diversity": 0.20553540087834982, "efficiency": 0.7392342810293111, "cost": 0.9463977512556769, "score": 0.17140145871811352}