{"quality": 0.5247996748875132, "novelty": 0.5481852615728977, "diversity": 0.7605543731744666, "efficiency": 0.9016949894850927, "cost": 0.9135651807948069, "score": 0.49049482283765494}