{"quality": 0.9318963540876206, "novelty": 0.3961715264468738, "diversity": 0.888475884972092, "efficiency": 0.21798896588634614, "cost": 0.44292179918678687, "score": 0.5447131297966962}