{"quality": 0.9508244275948465, "novelty": 0.2640487444408446, "diversity": 0.19479257825092589, "efficiency": 0, "cost": 0.5912525612477924, "score": 0.331092773914071}