{"quality": 0.4771922463980454, "novelty": 0.10583214204138053, "diversity": 0, "efficiency": 0.7116265241745747, "cost": 0.31203150516125366, "score": 0.24515653753981953}