{"quality": 0.8875768011244014, "novelty": 0.9419093422296653, "diversity": 0, "efficiency": 0.8212667251331793, "cost": 0.5801675748604762, "score": 0.566923627178666}