{"quality": 0.6378252331662042, "novelty": 0.5193628440267484, "diversity": 0.3521874036057452, "efficiency": 0.7572263413254379, "cost": 0.18683088433674955, "score": 0.4865266244428381}