{"quality": 0.8076431309206633, "novelty": 0.575932691429442, "diversity": 0.7651409576527565, "efficiency": 0.6275377591580702, "cost": 0.20633496807531587, "score": 0.6128014707302897}