{"quality": 0.8207599924995985, "novelty": 0.02092814126596307, "diversity": 0.0459935521313113, "efficiency": 0.5524397690825937, "cost": 0.04937539202827204, "score": 0.33858716965219443}