{"quality": 0.34136641367977527, "novelty": 1, "diversity": 0.2754614453220755, "efficiency": 0.5512786947426953, "cost": 0, "score": 0.490194017379752}