{"quality": 0.40125881140929404, "novelty": 0.7183273886688202, "diversity": 0.29317318595716524, "efficiency": 0.7133109843914851, "cost": 0.6165510596896098, "score": 0.4039356694711881}