{"quality": 0.12684455132863787, "novelty": 0.49964000892505006, "diversity": 0.20674224215317663, "efficiency": 0.6886752879314815, "cost": 0.9417131655069306, "score": 0.21344179269951835}