{"quality": 0, "novelty": 0.8809148178474295, "diversity": 1, "efficiency": 0.7927502428195589, "cost": 0.0645024606142311, "score": 0.5326909948233681}