{"quality": 0.8040015342361337, "novelty": 0.23120154741755827, "diversity": 0.6073255421903645, "efficiency": 0.6924142155980693, "cost": 0.07238289464377448, "score": 0.5170897984386356}