{"quality": 0.6318455430240968, "novelty": 0.8200556705410806, "diversity": 0.4535784776309307, "efficiency": 0.32677380964743874, "cost": 0.15142333633003324, "score": 0.5191570138827978}