{"quality": 0.45361585771381974, "novelty": 0.9086651612748017, "diversity": 0.036610120000592605, "efficiency": 0.26604016551336346, "cost": 0, "score": 0.41047909645996933}