{"quality": 0.309149930152982, "novelty": 0.8278078323385087, "diversity": 0.37355812531093946, "efficiency": 0.8069473258138868, "cost": 0.6962115873055315, "score": 0.42582950233423955}