{"quality": 0.16539003624083853, "novelty": 0, "diversity": 0.8768619506569207, "efficiency": 0.858593654546635, "cost": 0.038426016946117844, "score": 0.3499358474910192}