{"quality": 0.8530975637986247, "novelty": 0.8463042970059315, "diversity": 0.5156588195569769, "efficiency": 0.9292991049973454, "cost": 0.7726900865258067, "score": 0.6327629643994868}