{"quality": 0.9491951090684668, "novelty": 0.7774730480667973, "diversity": 0, "efficiency": 1, "cost": 0.37363101567768386, "score": 0.591763693169471}