{"quality": 0.6730599666926884, "novelty": 0.17526834593573376, "diversity": 0.21599800319365706, "efficiency": 0.4162614526207999, "cost": 0.227622782714856, "score": 0.32861161675210576}