{"quality": 0.6826270482243728, "novelty": 0.2087903270678627, "diversity": 0.6850582937111138, "efficiency": 0.2973658555313205, "cost": 0.5657455220065468, "score": 0.38202768110554364}