{"quality": 0, "novelty": 0.41859265904215953, "diversity": 0.10308539559089389, "efficiency": 0.6763634968454308, "cost": 0.5898328524010671, "score": 0.16773648316542655}