{"quality": 0.46431873582585165, "novelty": 0.09670146069316005, "diversity": 0, "efficiency": 0.536533641108436, "cost": 0.8147693362161353, "score": 0.16247409846569735}