{"quality": 0.7221103491546084, "novelty": 0.7343725244562894, "diversity": 0.6028438845735489, "efficiency": 1.0, "cost": 1.0}