{"quality": 0.5841354350685684, "novelty": 0, "diversity": 0.24009105545017229, "efficiency": 0.11916950757785055, "cost": 0.4091034738064888, "score": 0.20022392036663367}