{"quality": 0.4842220613408474, "novelty": 0.7979892554361964, "diversity": 0.952475233109616, "efficiency": 0.45932411326875733, "cost": 0.4229415629579826, "score": 0.5618634395777419}