{"quality": 0.7250832638467932, "novelty": 0.26252490360813907, "diversity": 0.7882557295552506, "efficiency": 0.18030623517134886, "cost": 0.38764566013651985, "score": 0.4290887202291732}