{"quality": 0.11143077498582185, "novelty": 0.326516746695677, "diversity": 0.21810351855750337, "efficiency": 0.5228213139017066, "cost": 0.5822627956880403, "score": 0.17887604039761842}