{"quality": 1, "novelty": 0.3486136635458359, "diversity": 0.11084461352784503, "efficiency": 0.5309532460588864, "cost": 0.7955733803150553, "score": 0.40940798746935536}