{"quality": 0.23366905887531042, "novelty": 0.5954088965916594, "diversity": 0.45511178851869416, "efficiency": 0.07815122065608063, "cost": 0, "score": 0.3216979826126589}