{"quality": 0.1315711565063476, "novelty": 0.7271530191765121, "diversity": 0.13162802283043878, "efficiency": 0.1318856298549571, "cost": 0.5176564864333584, "score": 0.2156024021470278}