{"quality": 0.4935921368324784, "novelty": 0.27890646524687657, "diversity": 0.47370974506143626, "efficiency": 0.31100270137839403, "cost": 1, "score": 0.259196611580509}