{"quality": 0.9636787739437519, "novelty": 0.508224737825272, "diversity": 0.2214566843569624, "efficiency": 0.5943388933354803, "cost": 0.9919218897130706, "score": 0.450409798539851}