{"quality": 0.6090229907082608, "novelty": 0.149649214676494, "diversity": 0.09127025046857828, "efficiency": 1, "cost": 0.814196364956083, "score": 0.3069536144797091}