{"quality": 0.04082002075090993, "novelty": 0.35375037209944865, "diversity": 0.5861902591100752, "efficiency": 0.6490212847616679, "cost": 0.42996603474726036, "score": 0.2722782403116743}