{"quality": 0.42592123007646454, "novelty": 0.7438270680120903, "diversity": 0.43222889748450427, "efficiency": 0.8043624312055087, "cost": 0.8165661298383451, "score": 0.4391766672198545}