{"quality": 0.9129157994158715, "novelty": 0.6428511857318786, "diversity": 0.5310306502311948, "efficiency": 0.34426062400577634, "cost": 0.09984569580865274}