{"quality": 0.5852924013285177, "novelty": 0.13186227560371033, "diversity": 0.9580105680614261, "efficiency": 0.37156591279787426, "cost": 0.4505698819838609, "score": 0.41083330163306314}