{"quality": 0.954916025250456, "novelty": 0.548613541602786, "diversity": 0.256998331481351, "efficiency": 0.9141452138798467, "cost": 0.731268359288864, "score": 0.5390228054251942}