{"quality": 0.9458904801473322, "novelty": 0.8334447938901787, "diversity": 0.6515188130606999, "efficiency": 0.8672090249159792, "cost": 0.13064080548577492, "score": 0.7394493783177037}