{"quality": 0.02534875072832285, "novelty": 0.6937204367496224, "diversity": 0.476503132876777, "efficiency": 0.7720947761264685, "cost": 0.08284398889330251, "score": 0.3838651785108979}