{"quality": 0.6788003276917328, "novelty": 0.5108958080811054, "diversity": 0.6552177571669129, "efficiency": 0.6215554450923615, "cost": 0.1915344792837236, "score": 0.5364874705966606}