{"quality": 0.03680558551843999, "novelty": 0.3536111705728327, "diversity": 0.608091677409859, "efficiency": 0.9605417837304263, "cost": 0.07104801448835174, "score": 0.35803926989144075}