{"quality": 0, "novelty": 0.3464143223356125, "diversity": 0.0813180183208494, "efficiency": 0.6777198917180833, "cost": 0.7194369056052237, "score": 0.13258147744526316}