{"quality": 1, "novelty": 0.11290140173778997, "diversity": 0.13975463792883347, "efficiency": 0.827595631861779, "cost": 0.8884051081457645, "score": 0.3914751119849046}