{"quality": 0.3842131158768393, "novelty": 0.7908777314451527, "diversity": 0.4428181839961498, "efficiency": 0.5658503187189933, "cost": 1, "score": 0.3864245522314189}