{"quality": 0.8390301241819174, "novelty": 0.6688819472451701, "diversity": 0.696988894920579, "efficiency": 0, "cost": 0.44863653530568576, "score": 0.513463649519415}