{"quality": 0.3815839978212079, "novelty": 0.15739241628210626, "diversity": 0.6502640654956284, "efficiency": 0.692506175255523, "cost": 0.2004542993082018, "score": 0.36770661287352285}