{"quality": 1, "novelty": 1, "diversity": 0.8125341681545313, "efficiency": 0.31447384971318615, "cost": 0.7334662693762929, "score": 0.6863312841502549}