{"quality": 0.880593273300357, "novelty": 0.8867370991124474, "diversity": 0.7885513838104938, "efficiency": 0.4689483262679732, "cost": 0.8571042896820059, "score": 0.6282043535023132}