{"quality": 0.3402159046633077, "novelty": 0.2763539656750607, "diversity": 0.30416027372743915, "efficiency": 0.07521343833012994, "cost": 0.30058889378395187, "score": 0.21320844393436963}