{"quality": 0.640698647958617, "novelty": 0.25369911383950705, "diversity": 0.6121230583417407, "efficiency": 0.5454706711360215, "cost": 0.6856963893557164, "score": 0.3913099462506415}