{"quality": 0.6271288312845975, "novelty": 0.21631607354183974, "diversity": 0.6465390160918195, "efficiency": 0, "cost": 1, "score": 0.2715254709892031}