{"quality": 0.9519459039389633, "novelty": 0.560248420157607, "diversity": 0.5309074991218051, "efficiency": 0.24008122013090732, "cost": 0.3007556453538518, "score": 0.5377639945297026}