{"quality": 0, "novelty": 0.12623329474515238, "diversity": 0.7028969271004324, "efficiency": 0.17440291513050044, "cost": 0.5950981981657997, "score": 0.1387883265593697}