{"quality": 0, "novelty": 0.7370567382576784, "diversity": 0.5909042591269169, "efficiency": 0.5900978318585415, "cost": 0.7819645663459399, "score": 0.3127632545339902}