{"quality": 0.8680139801574753, "novelty": 0.8372172191533896, "diversity": 0.5883560025405343, "efficiency": 0.16269029085762177, "cost": 0.029605940212502707}