{"quality": 0.8776525063923839, "novelty": 0.8052226391436965, "diversity": 0.6089997301605165, "efficiency": 0.8661145252918541, "cost": 0.3772245636665952, "score": 0.6785960801628611}