{"quality": 0.2546625197200113, "novelty": 0, "diversity": 0.45295454797230034, "efficiency": 1, "cost": 0.15938023358880773, "score": 0.3010516421515827}