{"quality": 0.7402317183159702, "novelty": 0.604359610566247, "diversity": 0.7332834646147561, "efficiency": 0.02719227839226912, "cost": 0.09820066672110261}