{"quality": 0.5659206149953978, "novelty": 0.5875402115069152, "diversity": 0.5487682756758077, "efficiency": 0, "cost": 0.5542104537663649, "score": 0.3709938471338732}