{"quality": 0.8106433272995146, "novelty": 1, "diversity": 0.48098650087304073, "efficiency": 0.42916649340586777, "cost": 0.19687613615119492, "score": 0.6340776587602232}