{"quality": 0.30787849715893034, "novelty": 0.18280468766295652, "diversity": 0.6911890449310115, "efficiency": 0.7505382138206119, "cost": 0.5872741531342105, "score": 0.3301558468092912}