{"quality": 0.6026343812955859, "novelty": 0.8058305965973559, "diversity": 0.269302849994314, "efficiency": 0.8033078523360003, "cost": 0.21001039882059186, "score": 0.5356036715052184}