{"quality": 0, "novelty": 0.7799512291565742, "diversity": 0.6624973570280033, "efficiency": 0.47234033836970357, "cost": 0.7154320452820618, "score": 0.3267951249219936}