{"quality": 0.8027273765318482, "novelty": 0.39935940589169405, "diversity": 0.04689962914236856, "efficiency": 0.9773396708629021, "cost": 0.23514558348986025, "score": 0.47312438254140093}