{"quality": 0.41687338756898357, "novelty": 0.5962912433990106, "diversity": 0.08980003791798341, "efficiency": 0.2052284563741152, "cost": 0.3286264458552689, "score": 0.29001645857463476}