{"quality": 0.2871332897569418, "novelty": 0.7128672500483109, "diversity": 0.6593240212999547, "efficiency": 0.38486334424308666, "cost": 0.4444362554733499, "score": 0.40950747978827917}