{"quality": 0.42403392927565714, "novelty": 0.1665756880932439, "diversity": 0.36448508901181725, "efficiency": 0.6360310290357214, "cost": 0.16956283742311262, "score": 0.3201994892214185}