{"quality": 0.43665983634467215, "novelty": 0.5066063663196587, "diversity": 0.751523638102556, "efficiency": 0.04667097121569072, "cost": 0.3968534807110066, "score": 0.37526956771508035}