{"quality": 0.6836926999300473, "novelty": 0.588202965289814, "diversity": 0.11826567146165434, "efficiency": 0.9571594854958363, "cost": 0.32529713284840756, "score": 0.48685589513333316}