{"quality": 1, "novelty": 0.3195121019118675, "diversity": 0.4446801302305013, "efficiency": 0.4173187219708117, "cost": 0.8842681278246278, "score": 0.4429850470372262}