{"quality": 0.6467109864717544, "novelty": 0.17469328106748971, "diversity": 0.944204361740815, "efficiency": 0.789135240583784, "cost": 0.47462494794189614, "score": 0.49743527984993974}