{"quality": 0.9243863317655192, "novelty": 0.47395827123702855, "diversity": 0.8473099465312711, "efficiency": 0.2402498184284818, "cost": 0.8427898638076593, "score": 0.5170259430286734}