{"quality": 0.42738722276110663, "novelty": 0.27219719430691036, "diversity": 0.6856312707605452, "efficiency": 0.31552979498106104, "cost": 0.42839211071232025, "score": 0.33788197773309575}