{"quality": 0.4769924498005873, "novelty": 0.18827219290371877, "diversity": 0.49649161579730905, "efficiency": 0.4731998337959661, "cost": 0.5558295582499063, "score": 0.30486112556997197}