{"quality": 0.9950226603309504, "novelty": 0.5484190762244843, "diversity": 0.3055275125492879, "efficiency": 1.0, "cost": 0.24716766299949058}