{"quality": 0.17623513882505507, "novelty": 0.2997873032589143, "diversity": 0, "efficiency": 0.1841148882433181, "cost": 0.9179721029905791, "score": 0.06363739039968488}