{"quality": 0.1781299078439269, "novelty": 0.39431789974762466, "diversity": 0.45072548484563874, "efficiency": 0.08176359237110326, "cost": 0.2369652976311733, "score": 0.23073155335176013}