{"quality": 0.6505201491550623, "novelty": 0.09020669922544922, "diversity": 0.9252113307513106, "efficiency": 0.8501954917340755, "cost": 0.6703763388272519, "score": 0.4632416755805292}