{"quality": 0.46832581676787544, "novelty": 0.29751294647953713, "diversity": 0.5243023211160398, "efficiency": 0.42226710371042947, "cost": 0.29127402979166284, "score": 0.353949108450853}