{"quality": 0.7303950803254471, "novelty": 0.6778035563112215, "diversity": 0.8678537887813418, "efficiency": 0.41622542045845434, "cost": 0.7052297018181344, "score": 0.5540510138186626}