{"quality": 1, "novelty": 0.7420083082101223, "diversity": 0.6205211477053836, "efficiency": 0.026043936480863228, "cost": 0.3981710566019096, "score": 0.5736957914055458}