{"quality": 0.8435284575774111, "novelty": 0.48479228333885693, "diversity": 0.5731421434875683, "efficiency": 0, "cost": 0.8700398212532923, "score": 0.401881054680122}