{"quality": 0.7911383479670788, "novelty": 0.940391694196112, "diversity": 0.7830503105882559, "efficiency": 0.5011501276828348, "cost": 0.8502923796219986, "score": 0.6191927712470281}