{"quality": 0.12334190176799242, "novelty": 0.5946777104153763, "diversity": 0.6402021772981495, "efficiency": 0, "cost": 0.35110769185374324, "score": 0.2786016644084974}