{"quality": 0.4169247546611112, "novelty": 0.658119345659063, "diversity": 0.5811573628325002, "efficiency": 0.3725776339798387, "cost": 0.5453683279827487, "score": 0.4071885476783001}