{"quality": 1, "novelty": 0.4219544323058856, "diversity": 0.10474050095014692, "efficiency": 0.4564624601260016, "cost": 0.21462499445974498, "score": 0.47344357783942653}