{"quality": 0.667094949627738, "novelty": 0.7918436575082347, "diversity": 0.4738495324718176, "efficiency": 0.6288532238090563, "cost": 0.07606830124595501, "score": 0.5795804592065065}