{"quality": 0.862568727190532, "novelty": 0.630854540422318, "diversity": 0.7010681108208341, "efficiency": 0.5048414474773316, "cost": 0.41556704278316964, "score": 0.5908673882701887}