{"quality": 0.2915946505183593, "novelty": 0.6019539916878835, "diversity": 0.7961180592766022, "efficiency": 0.2698779994541076, "cost": 0.36460356342355393, "score": 0.40121184850855984}