{"quality": 0.9928279379374308, "novelty": 0.33642407627446824, "diversity": 0.6217686028709635, "efficiency": 0.7123629000963715, "cost": 0.4183848332912794, "score": 0.5713240727093667}