{"quality": 0.30292128851482836, "novelty": 0.6044356118341725, "diversity": 0.1017330959361421, "efficiency": 0.5886397096841528, "cost": 0.7513352194152383, "score": 0.2754943432113191}