{"quality": 0.170349262608248, "novelty": 0.9411806651419607, "diversity": 0, "efficiency": 0.9383271349778837, "cost": 0.6367834578730772, "score": 0.36347066952733936}