{"quality": 0.9263898360861392, "novelty": 0.19623104840014974, "diversity": 0.37911725617872116, "efficiency": 0.46081344029594284, "cost": 0.48999218749076395, "score": 0.42292096145693847}