{"quality": 0.01851986842945119, "novelty": 0.024980507591651213, "diversity": 0.22837234757325547, "efficiency": 0.31978208124531027, "cost": 0.6328961600753882, "score": 0.04215325312065697}