{"quality": 0.26871274092785863, "novelty": 0.30378123765834, "diversity": 0.7069594522409861, "efficiency": 0.5265184402974673, "cost": 0.25561119309230784, "score": 0.3513676688765291}