{"quality": 0.7662836658557693, "novelty": 0.5950790364659231, "diversity": 0.6645285418475667, "efficiency": 0.5255046149801712, "cost": 0.371531144975718, "score": 0.5532331449921789}