{"quality": 0.3746631041894725, "novelty": 0, "diversity": 0.24409575687198687, "efficiency": 0.9114648688527485, "cost": 0.0581687164688747, "score": 0.2921209413122639}