{"quality": 0.9094176300285857, "novelty": 0.08429418426930974, "diversity": 0.49868444548015395, "efficiency": 0.33538127912173793, "cost": 0.38412372227205993, "score": 0.40553054381298853}