{"quality": 0.8867373095144608, "novelty": 0.5848812142226796, "diversity": 0.14615124279719427, "efficiency": 0.7136085754742868, "cost": 0.21092942430223388, "score": 0.5274200888603665}