{"quality": 0.9326891042033522, "novelty": 0.3705103727059602, "diversity": 0.8878130264124219, "efficiency": 0.7817911690862537, "cost": 0.9429753263439381}