{"quality": 0.8727434383174583, "novelty": 0.933440595289788, "diversity": 0.5787103780895329, "efficiency": 0.7103158921239761, "cost": 0.37450062690550634, "score": 0.6800225770636368}