{"quality": 0, "novelty": 1, "diversity": 0.06658275697896301, "efficiency": 0.6767479046796606, "cost": 0.23795458592611535, "score": 0.3410332785051301}