{"quality": 0.1625448377803672, "novelty": 0.12926304858378415, "diversity": 0.9063074650673295, "efficiency": 0.36139743759620147, "cost": 0.13082448810192082, "score": 0.30346787332276026}