{"quality": 0.831423829528022, "novelty": 0.7823354889691699, "diversity": 0.7202601029106517, "efficiency": 1, "cost": 0.571429661435584, "score": 0.681920075539271}