{"quality": 0.11245772365151668, "novelty": 0.13341584549727126, "diversity": 0.3463787888501503, "efficiency": 0.6852551990527849, "cost": 0.14148549110455927, "score": 0.22500676698726468}