{"quality": 0.9503570060819326, "novelty": 0.5054619598030812, "diversity": 0.6410109825996633, "efficiency": 0.6355282646942522, "cost": 1, "score": 0.5350040279994206}