{"quality": 0.7032200137234599, "novelty": 0.5926902370141693, "diversity": 0.5480170116519871, "efficiency": 0.9675443973379528, "cost": 0.023302284747904647, "score": 0.6115433968268801}