{"quality": 0.13845365183632002, "novelty": 0.12375068513217921, "diversity": 0.8006782136221542, "efficiency": 0.6553973153644295, "cost": 0.11210514144367625, "score": 0.3197084927186684}