{"quality": 0.08221226774986345, "novelty": 0.33629175482153834, "diversity": 0, "efficiency": 0, "cost": 0, "score": 0.10873661903034362}