{"quality": 0.7652855586128611, "novelty": 0.4794624269440835, "diversity": 0.3236087077575445, "efficiency": 0.3734276301885424, "cost": 0.7323436441786007, "score": 0.3969527959818094}