{"quality": 0.6971086590875382, "novelty": 0.33049716172381377, "diversity": 0.3906954184291862, "efficiency": 0.6030856509565973, "cost": 0, "score": 0.4603588194865417}