{"quality": 0.6231610604206997, "novelty": 0.28067013826493026, "diversity": 0.0019958495249561004, "efficiency": 0.9848620911445916, "cost": 0.584699108719573, "score": 0.34677442539716513}