{"quality": 0.5444524480949443, "novelty": 0.9605876081149541, "diversity": 0.25569845845985734, "efficiency": 0.8006420754120002, "cost": 0.5763302417957661, "score": 0.5170856152814167}