{"quality": 0.6661226880876923, "novelty": 0.746531219931326, "diversity": 0.416846296741638, "efficiency": 0.09367299913833291, "cost": 0.1601488425752397, "score": 0.4678749363706928}