{"quality": 0.8104798037029046, "novelty": 0.4160938063449872, "diversity": 0.8540387965050631, "efficiency": 0.2674050914868519, "cost": 0.46876804335520234, "score": 0.5112091113856384}