{"quality": 0.5175753016223706, "novelty": 0.7896169818436007, "diversity": 0.25165650656033745, "efficiency": 0.8306092374747283, "cost": 0.1087701205230799, "score": 0.5167225108285801}