{"quality": 0.4551177251996963, "novelty": 0.24796308655336727, "diversity": 0.6437782758051629, "efficiency": 0.5948231242728734, "cost": 0.20072085398572131, "score": 0.3964331276016421}