{"quality": 1, "novelty": 0.8354750732672533, "diversity": 0.48123933502106314, "efficiency": 0.7142753128997936, "cost": 0.7076887965160457, "score": 0.6414890526043904}