{"quality": 0.6840369657813973, "novelty": 0.2962669718142812, "diversity": 0.6569268733195179, "efficiency": 0.85408985057682, "cost": 0.5867964908646078}