{"quality": 0.7399329801135811, "novelty": 0.06329710567249519, "diversity": 0.8587130917324093, "efficiency": 0.4906762803540278, "cost": 0.3821432252026516, "score": 0.444933908331519}