{"quality": 0.9140321435702214, "novelty": 0.7998401670876875, "diversity": 0.8627017399272292, "efficiency": 0.7930791076464951, "cost": 0.8709875202365542, "score": 0.6785731469517529}