{"quality": 0.8142226309578717, "novelty": 0.02671184358843748, "diversity": 0, "efficiency": 0.7179554061316096, "cost": 0, "score": 0.3586380611042123}