{"quality": 0.007190791219975484, "novelty": 0.2628082108693438, "diversity": 1, "efficiency": 0.4449509784708768, "cost": 0.475368193053543, "score": 0.2870651175486058}