{"quality": 0.8742551517584036, "novelty": 0.5615552023864816, "diversity": 0.7623907567276509, "efficiency": 0.49014633168008837, "cost": 0.2753423124714513, "score": 0.6011312159745397}