{"quality": 1, "novelty": 0.7335121451185418, "diversity": 0.4343166479672122, "efficiency": 0.4508495168600995, "cost": 0.28157691753967895, "score": 0.6097111016481249}