{"quality": 0.6907053214734796, "novelty": 0.921153713120274, "diversity": 0.37668457523500953, "efficiency": 0.06959029242850012, "cost": 0.2727022095417623, "score": 0.496005262679213}