{"quality": 0.7255111860666587, "novelty": 0.6687197587582712, "diversity": 0.6188495810723954, "efficiency": 0.6441497858814371, "cost": 0, "score": 0.6052256796062601}