{"quality": 0.8303154716751864, "novelty": 0.5442212216928635, "diversity": 0.025443587151119107, "efficiency": 0.33319636213879805, "cost": 0.2812251270180672, "score": 0.41209560597500855}