{"quality": 0.29938931419735765, "novelty": 0.7485023364448686, "diversity": 0.7878807954698259, "efficiency": 0.8462596541106151, "cost": 0.1941802731433597, "score": 0.5420394582666459}