{"quality": 0.7440013860174823, "novelty": 0.9506060477878757, "diversity": 0.8426608743669007, "efficiency": 0.4105118140618717, "cost": 0.9229827486049026, "score": 0.5986625998743843}