{"quality": 0.5743525004468699, "novelty": 0.7348900373052977, "diversity": 0.3280348580145647, "efficiency": 0.5144050013672856, "cost": 0.48906691895796456, "score": 0.44988928937259476}