{"quality": 0.37312305573603544, "novelty": 0.6421635586837033, "diversity": 0.5880050036867239, "efficiency": 0.5438255828792136, "cost": 0.16203770997395128, "score": 0.45544887356356817}