{"quality": 1, "novelty": 0.3661408317975128, "diversity": 0.5477847606493969, "efficiency": 0.5027835457414762, "cost": 0, "score": 0.576509691940479}