{"quality": 0.04321846929918299, "novelty": 0.5356229524292495, "diversity": 1, "efficiency": 0.21082332511436824, "cost": 0.07603070804669743, "score": 0.37089170685955275}