{"quality": 0.8742773515259712, "novelty": 0.20509013003108023, "diversity": 0.576222717651758, "efficiency": 0.7797153373672938, "cost": 0.9734965076703318, "score": 0.44840793133397383}