{"quality": 0, "novelty": 0.5017066078784302, "diversity": 0.39408925374057874, "efficiency": 0.45601470326696925, "cost": 0.2872093855793403, "score": 0.24392576964983467}