{"quality": 0.593896359616308, "novelty": 0.5060351537073176, "diversity": 0.16511669426394332, "efficiency": 0.2853445068959647, "cost": 0.7097572272121477, "score": 0.30952698847769045}