{"quality": 0.41955978693463014, "novelty": 0.7855457683296276, "diversity": 0.9341790505355634, "efficiency": 0, "cost": 0.23031482060861913, "score": 0.4860587062090467}