{"quality": 0.5395549837707142, "novelty": 0.9661913747497571, "diversity": 0.8031123706929613, "efficiency": 1, "cost": 0.19625027224434427, "score": 0.6944117857328114}