{"quality": 0.38111960902593545, "novelty": 0.28678235448444434, "diversity": 0.9423095174389178, "efficiency": 0.12408584571408138, "cost": 0.41839305036365887, "score": 0.3512669466374216}