{"quality": 0.2755008965436794, "novelty": 0.05049693627830054, "diversity": 0.546538390847001, "efficiency": 0, "cost": 0.5716095522439659, "score": 0.14742122597768254}