{"quality": 0.46128113169947993, "novelty": 0.43759175704376263, "diversity": 0.3916430207348452, "efficiency": 0.083841252279024, "cost": 0.5111351361252594, "score": 0.2875735571470813}