{"quality": 0.3507016122357135, "novelty": 1, "diversity": 1, "efficiency": 0.0328992454029563, "cost": 0.0572471218176184, "score": 0.5544206582993957}