{"quality": 0.8074567347456063, "novelty": 0.1249508430845169, "diversity": 0.1005839196113289, "efficiency": 0.6726663972924405, "cost": 0.9677204215367707, "score": 0.2977194325572659}