{"quality": 0.5295277086982264, "novelty": 0.15959928957114228, "diversity": 0.47033672118278896, "efficiency": 0.7409698758007601, "cost": 0.76094287326734, "score": 0.32787667328219133}