{"quality": 0.15194225406733072, "novelty": 0.14940239220265095, "diversity": 0.252924071938334, "efficiency": 0.9257294890450749, "cost": 0.5460230365858811, "score": 0.21777520835670186}