{"quality": 0.3842970323497547, "novelty": 0.8414663031791851, "diversity": 0.19468981343435116, "efficiency": 0.037543274918532515, "cost": 0.9072744728957898, "score": 0.2794976921347938}