{"quality": 0.24096400092502515, "novelty": 0.7767674162290483, "diversity": 0.6140942343814428, "efficiency": 0.5841067016114744, "cost": 0.8065419211988538, "score": 0.396261714332894}