{"quality": 0.5189007371391455, "novelty": 0.6369921767968454, "diversity": 0.0926137268704455, "efficiency": 0.4353687541702964, "cost": 0.18676154575346343, "score": 0.38007016926524223}