{"quality": 0.6994489064148821, "novelty": 0.07577901469116971, "diversity": 0.9307392463157041, "efficiency": 0.2755982607704076, "cost": 0.5284664972621285, "score": 0.40342036424974625}