{"quality": 0.987739341071364, "novelty": 0.6797304339295754, "diversity": 0.7306414311599365, "efficiency": 0.8018432813576675, "cost": 0, "score": 0.7326591892394405}