{"quality": 0.7818439864851521, "novelty": 0.1972718889856566, "diversity": 0.5835940254412821, "efficiency": 0.777095220438804, "cost": 0.7564022187165521, "score": 0.44151403447438153}