{"quality": 0.44260074307007347, "novelty": 0.08348448096480249, "diversity": 0.7448765409329534, "efficiency": 0.6594754690071487, "cost": 0.9187522792799933, "score": 0.30967274377188636}