{"quality": 0.8224281116575087, "novelty": 0.6414170300923641, "diversity": 0.21922753002980058, "efficiency": 0.09863639491770101, "cost": 0.1331827021478566, "score": 0.4524053860491732}