{"quality": 0.9340170617155364, "novelty": 0.030913658169069158, "diversity": 0.29608220946910185, "efficiency": 0.6439487038951512, "cost": 0.5389199200606878, "score": 0.3898502885289524}