{"quality": 0.762890084589448, "novelty": 0.28888760865770857, "diversity": 1, "efficiency": 0.9485982360560659, "cost": 0.19979591858780218, "score": 0.6233990710908912}