{"quality": 0.7284721306276793, "novelty": 0.5958986325670923, "diversity": 0.9955870611980815, "efficiency": 0.5274515081321963, "cost": 1, "score": 0.5457514357895227}