{"quality": 0.2762839618465727, "novelty": 0.02547346649490642, "diversity": 0.3095108329575667, "efficiency": 0.2974187796269143, "cost": 0.5757245880394524, "score": 0.1381960799093037}