{"quality": 0.43492832926733294, "novelty": 0.27663859871918745, "diversity": 0.2427213327953515, "efficiency": 0.4142183595086947, "cost": 0.38646664855963087, "score": 0.2716685040894081}