{"quality": 0.02490466408958396, "novelty": 1, "diversity": 0.37405424606788773, "efficiency": 0.7337029592260715, "cost": 1, "score": 0.3423376923243635}