{"quality": 0.3826351655400378, "novelty": 0.7653931262580469, "diversity": 0.3100683586469712, "efficiency": 0.7171131517714333, "cost": 1, "score": 0.37571947572163233}