{"quality": 0.4316006794235121, "novelty": 0.4673602268376604, "diversity": 0.7664008560679023, "efficiency": 0.14572312191125686, "cost": 0.1910329274290415, "score": 0.4023556072938336}