{"quality": 0.16135986005013642, "novelty": 0.907649651724447, "diversity": 0.7318999473847814, "efficiency": 0.18514217852359555, "cost": 0.24221422493897693, "score": 0.4252502647077506}