{"quality": 0.8856244836165232, "novelty": 0.5911764563313935, "diversity": 0.21271599925445472, "efficiency": 0.6387974396197698, "cost": 0, "score": 0.5518442749616618}