{"quality": 0.8787743871840052, "novelty": 0.5196266672478136, "diversity": 0.5164252449819589, "efficiency": 1, "cost": 0.5547616581564588, "score": 0.5913478661479009}