{"quality": 0.1298891801006773, "novelty": 0.19880508441694342, "diversity": 0, "efficiency": 0.44914870911097093, "cost": 0.9638167241988973, "score": 0.05965865908119494}