{"quality": 0.7526272523106732, "novelty": 0.6086915172884024, "diversity": 0.13721772650839442, "efficiency": 0.4630409378839202, "cost": 1, "score": 0.37486074099956945}