{"quality": 0.37739622785460275, "novelty": 0.7358753925505861, "diversity": 1, "efficiency": 0.45288970742239404, "cost": 0.7687730825991514, "score": 0.48824386434747125}