{"quality": 0.8284416912847461, "novelty": 0.41409958906435235, "diversity": 0, "efficiency": 0, "cost": 0.6615757005690996, "score": 0.28589983459460194}