{"quality": 0.8620610236224762, "novelty": 0.14740180119106283, "diversity": 0.2463512008682543, "efficiency": 0.7483035869377376, "cost": 0.7631951220429174, "score": 0.3806650233945283}