{"quality": 0.4768128365140344, "novelty": 0.4214339937577072, "diversity": 0.7059765645658541, "efficiency": 0.26512875928866514, "cost": 0.3701199196875939, "score": 0.3923549842313483}