{"quality": 1, "novelty": 0.6759879799040762, "diversity": 0.34094115376399936, "efficiency": 0.19404010460096544, "cost": 0.04612955664845941, "score": 0.5616782857541177}