{"quality": 0.5257664834540658, "novelty": 0.23655962201568012, "diversity": 0.4092488343810306, "efficiency": 0, "cost": 0.4795732050517013, "score": 0.25076229691117574}