{"quality": 0.4412465889673146, "novelty": 0.8950280047140076, "diversity": 0.31567656643903336, "efficiency": 0.9384328606509011, "cost": 0.011763145110968543, "score": 0.5588549057430413}