{"quality": 0.42505296029044576, "novelty": 0.7240948095820848, "diversity": 0.4603123849626774, "efficiency": 0.41625843038899785, "cost": 0, "score": 0.4630408320335401}