{"quality": 1, "novelty": 0, "diversity": 0.2687283666321687, "efficiency": 0.49657803824616925, "cost": 0.2863519049353568, "score": 0.39959718856982346}