{"quality": 0.579922836181223, "novelty": 0.9441531209747187, "diversity": 0.1546130102406752, "efficiency": 0.13190502919838393, "cost": 0.25636849132253825, "score": 0.43508663839368533}