{"quality": 0.4787836836006678, "novelty": 0.7996520003687002, "diversity": 0.9628658523474204, "efficiency": 0.9710498917571428, "cost": 0.6410133181636369, "score": 0.6176774275890672}