{"quality": 0.7053907204283112, "novelty": 0.9208147559015185, "diversity": 0.2649909752945309, "efficiency": 0.8962358351498667, "cost": 0.23299022666947866, "score": 0.6059554527683113}