{"quality": 0.808803264642356, "novelty": 0.691067569759042, "diversity": 0.19579227524861775, "efficiency": 0.5494120105444062, "cost": 0.6244001417438456, "score": 0.4745381142894672}