{"quality": 0.4813950277762583, "novelty": 0.18884211778527965, "diversity": 0.5933808847128333, "efficiency": 0.7812474878003062, "cost": 1, "score": 0.32749233789181}