{"quality": 0.6952205968217902, "novelty": 0.7573910254386198, "diversity": 0.21143902351387311, "efficiency": 0.8547459686082115, "cost": 0.44795892223656164, "score": 0.5236177431765421}