{"quality": 0.25993321662716856, "novelty": 0.7441820482492976, "diversity": 0.11986975943958031, "efficiency": 0.5439726282115125, "cost": 0.3436742757572438, "score": 0.33522789559439353}