{"quality": 0.6941041298906976, "novelty": 0.11547497289325315, "diversity": 0.16129214726264227, "efficiency": 0.8250962129063297, "cost": 0.29809699195171396, "score": 0.36331314438382906}