{"quality": 0.6278243524114695, "novelty": 0.9690633741069987, "diversity": 0.007186705137055799, "efficiency": 0.6569421183623682, "cost": 0.27444233770959897, "score": 0.503147574260997}