{"quality": 0.40972529438347777, "novelty": 0, "diversity": 0.8372603145213601, "efficiency": 0.24922936862799866, "cost": 0.8829290094828481, "score": 0.23946115556523032}