{"quality": 0.5162964933766647, "novelty": 0, "diversity": 0.7974568177716721, "efficiency": 0.48750880242695205, "cost": 0.03265026601896398, "score": 0.38424160532948026}