{"quality": 0.43021066073295805, "novelty": 0.11538951994842607, "diversity": 0.7602666439491045, "efficiency": 0.899154047581832, "cost": 0.8067605933447523, "score": 0.3641609547996144}