{"quality": 0.8297740074785093, "novelty": 1, "diversity": 0.35653652351339954, "efficiency": 0.5918269267564789, "cost": 0, "score": 0.6590135459597045}