{"quality": 0.11230534681658144, "novelty": 1, "diversity": 0.10454850391806245, "efficiency": 0.3021239313668428, "cost": 0.30195819411904123, "score": 0.31972407512170925}