{"quality": 0.502885511510146, "novelty": 0.23891357464792756, "diversity": 0.017891554170266305, "efficiency": 0.5102005628481071, "cost": 0.1964971190216376, "score": 0.2710527304741313}