{"quality": 0.4106083596400499, "novelty": 0.6814099453222591, "diversity": 0, "efficiency": 0.7964059498487688, "cost": 0.377770897623739, "score": 0.37521879693752114}