{"quality": 0.3277784578819196, "novelty": 0.5285455088814031, "diversity": 0.7220190080873293, "efficiency": 0.15080872182712868, "cost": 0.36161730261167796, "score": 0.361333294215294}