{"quality": 0.5182699742708812, "novelty": 0.7656504283889372, "diversity": 0.3870483348345689, "efficiency": 0.18666089799170457, "cost": 0.11817089294717484, "score": 0.4404853117494506}