{"quality": 0.1113663459518568, "novelty": 0.5649904823069865, "diversity": 0.4134162611528933, "efficiency": 0.07425104419359552, "cost": 0.6008735329947659, "score": 0.20839107992244502}