{"quality": 0.06287772632688621, "novelty": 0.6304923382520948, "diversity": 0.46174578884742146, "efficiency": 0.6266139316981088, "cost": 0.13476007284201208, "score": 0.3493516427010889}