{"quality": 0.633929516710281, "novelty": 0.6678792727466486, "diversity": 0.4101305768760608, "efficiency": 0.3201884736743358, "cost": 0.9463672472837938, "score": 0.3925663348977295}