{"quality": 0.017313818833958466, "novelty": 0.8589517282974768, "diversity": 0.43079934466816683, "efficiency": 0.6666698821162719, "cost": 0.03735250847386723, "score": 0.4023571781282442}