{"quality": 0.6894211104548083, "novelty": 0.6981998147403196, "diversity": 0.7129942003020171, "efficiency": 0.7102399594806084, "cost": 0.6173748815105375, "score": 0.5687736326529633}