{"quality": 0.0370262536477006, "novelty": 0.573147650471293, "diversity": 0.02746982245385493, "efficiency": 0.230657019708096, "cost": 0.3353087253434347, "score": 0.16095643362477535}