{"quality": 0.4380212190189362, "novelty": 0.45417628463707943, "diversity": 0.5567213243975793, "efficiency": 0.08366309273122294, "cost": 0.6532341200655206, "score": 0.30352075364759795}