{"quality": 0.2874164087751886, "novelty": 0.6411033101670931, "diversity": 0.9441675791649984, "efficiency": 0.1778650158754961, "cost": 0.0}