{"quality": 0.579922088874514, "novelty": 0.6785139856964474, "diversity": 0.7042978583408525, "efficiency": 0.46049656059518757, "cost": 0.5263168983691613}