{"quality": 0.3276955196266964, "novelty": 0.6183360268686022, "diversity": 0.058076963634964535, "efficiency": 0.6968424072848914, "cost": 0.5941354798352778, "score": 0.30962086844135833}