{"quality": 0.6067923596540614, "novelty": 1, "diversity": 0.47067203550941017, "efficiency": 0.24931729893925345, "cost": 0.2358290028578371, "score": 0.5399868095532048}