{"quality": 0.6171235941760217, "novelty": 0.4303684554835267, "diversity": 0.9097212293895663, "efficiency": 0, "cost": 0.35850246770065675, "score": 0.4388231912315358}