{"quality": 0.24078247350678655, "novelty": 0.6058686319566594, "diversity": 1, "efficiency": 0.13356827490675596, "cost": 0.24919490467814323, "score": 0.4188176508093999}