{"quality": 0.43465528185712415, "novelty": 0.3386437664638231, "diversity": 0.6787427465657275, "efficiency": 0.22057368648200987, "cost": 0.9115176894481991, "score": 0.2927403595137201}