{"quality": 0.4442715945470823, "novelty": 0.4292361898308685, "diversity": 0.9442005660412005, "efficiency": 0.47828817973891247, "cost": 0.22952729674054206, "score": 0.47822113631686464}