{"quality": 0.38335029243504326, "novelty": 0.6505129152801192, "diversity": 0.7342162153539755, "efficiency": 0.8332078930122371, "cost": 0.04217705190650983, "score": 0.5452400383825224}