{"quality": 0, "novelty": 0.4000208627541169, "diversity": 0.9007431625719322, "efficiency": 0.15063553153395004, "cost": 0.7778077381637474, "score": 0.2249684041166334}