{"quality": 0.019809209112575443, "novelty": 0.24500847857378472, "diversity": 1, "efficiency": 0.18025178640218528, "cost": 0.8163596533460908, "score": 0.21259668500293755}