{"quality": 0.6186002305922632, "novelty": 0.3813138541079343, "diversity": 0.7467393440945505, "efficiency": 0.6627726740534732, "cost": 0.3575063303813153, "score": 0.49392166959346206}