{"quality": 0.3049870451666467, "novelty": 0.7609203253924968, "diversity": 0.28527895885786086, "efficiency": 0.13459365153601835, "cost": 1, "score": 0.25897103440009317}