{"quality": 0.54290009621572, "novelty": 0.2144682824147297, "diversity": 0.8123780181929299, "efficiency": 0.3239335447294332, "cost": 0.6013797716168108, "score": 0.36741475765471837}