{"quality": 0.43137725773571645, "novelty": 0.3012180465330191, "diversity": 0.6419369425576774, "efficiency": 0.16464613708216108, "cost": 1.0}