{"quality": 1, "novelty": 0.34500783289492276, "diversity": 0.529204879871421, "efficiency": 0.540373007541612, "cost": 0.5690433951575096, "score": 0.5162445458135058}