{"quality": 0.5008467678257855, "novelty": 0.6569010256794994, "diversity": 0.533542592157423, "efficiency": 0.6207394009191363, "cost": 0.8044489636433303, "score": 0.43385381897263253}