{"quality": 0.7451894855685427, "novelty": 0.4689489616079736, "diversity": 0.5379847550281138, "efficiency": 0.8553412745553772, "cost": 0.9014577251562862, "score": 0.486546455745857}