{"quality": 0.04368383236453546, "novelty": 0.401707950185179, "diversity": 0.8267242017801597, "efficiency": 0.606911465024686, "cost": 0.5517476139424433, "score": 0.31473893597114594}