{"quality": 0.7952876550166325, "novelty": 0.002750526520653468, "diversity": 0.33169102186930227, "efficiency": 0.10904794199742153, "cost": 0.3629822209245271, "score": 0.28567110171617405}