{"quality": 0.6056968284972286, "novelty": 0, "diversity": 0, "efficiency": 0.05377680170815463, "cost": 0.9283797104753153, "score": 0.09693759775786025}