{"quality": 0.8111410679177746, "novelty": 0.6427634356183607, "diversity": 0.6646844310959503, "efficiency": 0.3988297978240634, "cost": 0.6000787051287177}