{"quality": 0.4514499633477637, "novelty": 0.28028512620288726, "diversity": 0.7702300862355129, "efficiency": 0.6477460884310822, "cost": 0.7613745324220823, "score": 0.38057674782460765}