{"quality": 0.5091414702944542, "novelty": 0.4470262871651287, "diversity": 0.9346967917059668, "efficiency": 0.426490824775679, "cost": 0.4632577200108217, "score": 0.46908622293608143}