{"quality": 0.561340372780571, "novelty": 0.23039306108965535, "diversity": 0.511566672297747, "efficiency": 0.48407481431505694, "cost": 0.8865578294725038, "score": 0.3122691507661427}