{"quality": 0, "novelty": 1, "diversity": 0.5293316314059111, "efficiency": 0.3920648152968266, "cost": 0.8105691344884463, "score": 0.33361913512686153}