{"quality": 0.9422320230617807, "novelty": 0.5684810001578713, "diversity": 0.6171536383205434, "efficiency": 0.35912614800294396, "cost": 0.2040937634961696, "score": 0.5816801304729353}