{"quality": 0.8583902876590319, "novelty": 0.46701373661217754, "diversity": 0.5242268804549695, "efficiency": 0.15121112254955893, "cost": 0.5310464045488078, "score": 0.4486929244693009}