{"quality": 0.45046896820021354, "novelty": 1, "diversity": 0.5919511036704013, "efficiency": 0.39611762970517017, "cost": 0.3907215137797995, "score": 0.5238764042719399}