{"quality": 0, "novelty": 0.19464653873822546, "diversity": 0.5220569865103315, "efficiency": 0.5137820738882867, "cost": 0.31245332485066585, "score": 0.19889501058479908}