{"quality": 0, "novelty": 0.26758282788091714, "diversity": 0.8366027904851887, "efficiency": 0.4819285982652498, "cost": 0.4784573879380428, "score": 0.2586598160132502}