{"quality": 0.759860720666437, "novelty": 0.4015446511132751, "diversity": 1, "efficiency": 0.41373675353186573, "cost": 0.9433669502298491, "score": 0.4960681969850448}