{"quality": 1, "novelty": 0.9184421157239225, "diversity": 0.867432186451893, "efficiency": 0.5655549211609843, "cost": 0.27976347870138235, "score": 0.7599538565253686}