{"quality": 0.21238938697316168, "novelty": 0.7664608370672219, "diversity": 0.12256572751346129, "efficiency": 1, "cost": 0.5343672978531262, "score": 0.37640844107613364}