{"quality": 0.23607792152362034, "novelty": 0.7145685299617301, "diversity": 0.27635678480828785, "efficiency": 1, "cost": 0.6910177504971519, "score": 0.38563509085946096}