{"quality": 0.7677744973616266, "novelty": 0.06731282772500947, "diversity": 0.7537776589376137, "efficiency": 0.6656688648400951, "cost": 0.0977719889950488, "score": 0.48798921875377244}