{"quality": 0.2732820787918009, "novelty": 0.485200054623813, "diversity": 0.6657657197185844, "efficiency": 0.7239721774745644, "cost": 0.7989647710691209, "score": 0.3651371307514829}