{"quality": 0.4084743957701698, "novelty": 0.8534732279574099, "diversity": 0.01776951073986882, "efficiency": 0.6558559021691972, "cost": 0.6401660414275901, "score": 0.37382630905099773}