{"quality": 0.7908308054467305, "novelty": 0.4424895005835834, "diversity": 0.31435270213187466, "efficiency": 0, "cost": 0.2819997727089821, "score": 0.38254217993539175}