{"quality": 0.06074982151836873, "novelty": 0.6606920135402621, "diversity": 0.822159255753931, "efficiency": 1, "cost": 0.3611774952681016, "score": 0.46171205146455213}