{"quality": 0.6413584766364293, "novelty": 0.3378738227887299, "diversity": 0.674887582164269, "efficiency": 1, "cost": 0.1663729915573609, "score": 0.5452162159652291}