{"quality": 0.9374751529129313, "novelty": 0.7935330128855154, "diversity": 0.6902215057932777, "efficiency": 0.7380401124157512, "cost": 0.7303989051802666, "score": 0.6553362265982499}