{"quality": 0.21278730597035728, "novelty": 0.18612107427002283, "diversity": 0.19814823140862248, "efficiency": 0.7389147147151263, "cost": 0.3864441617734313, "score": 0.2221888976702632}