{"quality": 0.6888513281755442, "novelty": 0.4982214016153273, "diversity": 0.8951086261364448, "efficiency": 0.4058426844417532, "cost": 0.6416924113602442, "score": 0.5069396356140226}