{"quality": 0.37952496998299196, "novelty": 0.06709273353131866, "diversity": 0.3186216782300406, "efficiency": 1, "cost": 0.8424300258057774, "score": 0.2601120074431576}