{"quality": 1, "novelty": 0.8168900217338417, "diversity": 0.3486608224604762, "efficiency": 0.8748150496095595, "cost": 0.3326529251628527, "score": 0.6719116348507042}