{"quality": 0, "novelty": 0.5275416204513868, "diversity": 0, "efficiency": 0.5001819873262432, "cost": 0.58156311694557, "score": 0.1487563915172262}