{"quality": 0.678198589684339, "novelty": 0.8454944589674277, "diversity": 0.6906970885523757, "efficiency": 0.31676875723285347, "cost": 1, "score": 0.5004879229425617}