{"quality": 0.6735459667131858, "novelty": 0.6691158634987184, "diversity": 0.48157248559394855, "efficiency": 0.8009477311251738, "cost": 0.9709441483155201, "score": 0.48870499784464905}