{"quality": 0.30199242023842066, "novelty": 0.4006451386647697, "diversity": 0.3313553386310454, "efficiency": 0.5513136351596444, "cost": 0.8547940545115895, "score": 0.2542477182867154}