{"quality": 0.35716390347405647, "novelty": 0.37258737379744533, "diversity": 0.39734383960925335, "efficiency": 0.5969724736548577, "cost": 0.40618357408493944, "score": 0.32869229605316364}