{"quality": 0.7117587938480254, "novelty": 0.4561151115223801, "diversity": 0.3412009108458084, "efficiency": 0.4996068680569279, "cost": 1, "score": 0.3707376284127035}