{"quality": 0.9266641468222993, "novelty": 0.7560837838981397, "diversity": 0.04866573411046987, "efficiency": 0.7355908780836173, "cost": 0.12830901829309227, "score": 0.574261066726552}