{"quality": 0.37633047796507574, "novelty": 0.6669097480446674, "diversity": 0.3208552198454816, "efficiency": 0.7551573401371232, "cost": 0, "score": 0.4570712253903544}