{"quality": 0.44593627621224385, "novelty": 0.7052200559573312, "diversity": 0.22644112700666025, "efficiency": 0.3704148903605734, "cost": 0.3836075423948774, "score": 0.3725756015689362}