{"quality": 0, "novelty": 0.6211578691607013, "diversity": 0.865801007363986, "efficiency": 0.9306454102526469, "cost": 0.6129301089310151, "score": 0.4067534694077681}