{"quality": 0.39493487612171585, "novelty": 0.7051341478644113, "diversity": 0.7579585894755734, "efficiency": 0.4803843960432256, "cost": 0.4181317972132222, "score": 0.4766001973828939}