{"quality": 0.2842391156930514, "novelty": 0.16976668077432966, "diversity": 0.7243321807818562, "efficiency": 0.8537330970738369, "cost": 0.03806699020068528, "score": 0.3968331065988761}