{"quality": 0.8053237432099559, "novelty": 0.8670709500477283, "diversity": 0.5840494713245523, "efficiency": 0.5502640488442376, "cost": 0.6852963165596352, "score": 0.5891847304105016}