{"quality": 0.4724053222964499, "novelty": 0.40158841142291124, "diversity": 0.15123874624930325, "efficiency": 0.016451711131472146, "cost": 0.3141101531637044, "score": 0.2434231901478738}