{"quality": 0.07361991937584075, "novelty": 0.49710812350002087, "diversity": 0.23378361483546378, "efficiency": 0.30127881495604425, "cost": 0, "score": 0.23831155189825687}