{"quality": 0.7536752861821784, "novelty": 1, "diversity": 0.9004328756628279, "efficiency": 0.42418268133785864, "cost": 0.7182937636585295, "score": 0.6479871868220448}