{"quality": 0.46172190450109135, "novelty": 0.19773050131428677, "diversity": 0.8610123234278831, "efficiency": 0.30369859467981747, "cost": 0.7568438929340693, "score": 0.33002206127304146}