{"quality": 0.8678527764860194, "novelty": 0.4627206920870478, "diversity": 0, "efficiency": 0.15755678148371965, "cost": 0.47440383167822475, "score": 0.3522291400223033}