{"quality": 0.1866221375726106, "novelty": 0.7961889786693281, "diversity": 0.09141725166277703, "efficiency": 0.24781561016291626, "cost": 0.3025143096879735, "score": 0.2802382468273107}