{"quality": 0.6022704695274134, "novelty": 0.5584811979159642, "diversity": 0.8760003587172078, "efficiency": 0.09121635476902631, "cost": 0.4978323722013354}