{"quality": 0.32605709830346224, "novelty": 0.3191130541833602, "diversity": 0.2991575947438436, "efficiency": 0.1078890128247681, "cost": 0.8151603367139324, "score": 0.17209423023796938}