{"quality": 0.3884083606781659, "novelty": 0.47009042050977196, "diversity": 0.04177445937536653, "efficiency": 0.36256521929737157, "cost": 0.9178898660769832, "score": 0.20499580149287347}