{"quality": 0.9054235274659495, "novelty": 0.7058021187793889, "diversity": 0.8144858731823565, "efficiency": 0.5516745694349274, "cost": 0.40937415559159784, "score": 0.6527885324271827}