{"quality": 0.7528951227255479, "novelty": 0.847233189944086, "diversity": 0.06722284200644102, "efficiency": 1, "cost": 0.0010138446333938789, "score": 0.6010200182416346}