{"quality": 0, "novelty": 0.45438364298586464, "diversity": 1, "efficiency": 0.9550863361010662, "cost": 0.3873228231565458, "score": 0.41812657884597154}