{"quality": 0, "novelty": 0.4851445376117492, "diversity": 0.5771991448193188, "efficiency": 0.584337951716279, "cost": 0.6547182679888851, "score": 0.2589048293253544}