{"quality": 0.16617410369433072, "novelty": 0.14098014778244694, "diversity": 0.5271634057675292, "efficiency": 0.6108756566128412, "cost": 0.805711598308055, "score": 0.20159013786853744}