{"quality": 0.2424518623136247, "novelty": 0.9177261705319483, "diversity": 0.4551924541003728, "efficiency": 0.9932638229713262, "cost": 0.08192758560547617, "score": 0.5340024070323004}