{"quality": 1, "novelty": 0.6407895870135631, "diversity": 0.7326443018600008, "efficiency": 0.40460861262561626, "cost": 0.13784048710946045, "score": 0.6536335003082874}