{"quality": 0.789609307999543, "novelty": 0, "diversity": 0.44663992116464274, "efficiency": 0.8543713132532255, "cost": 0.3020567779763417, "score": 0.42416079582314103}