{"quality": 0.5382214750553689, "novelty": 0.23048425031073375, "diversity": 0.6556829429000003, "efficiency": 0.5780840683205202, "cost": 0.6234921518889553, "score": 0.3745874887334767}