{"quality": 0.21041733433782484, "novelty": 0.23644039808805867, "diversity": 0.6650036113444371, "efficiency": 0.04714120308604283, "cost": 0.31083599111278004, "score": 0.231223603443878}