{"quality": 0.7439261385186977, "novelty": 0.39099217209671167, "diversity": 0.8888185204562888, "efficiency": 0.4673698801075679, "cost": 0.6531104894078144, "score": 0.5034840217463987}