{"quality": 0.5859782847691151, "novelty": 0.5460634977234771, "diversity": 0.7103175874075254, "efficiency": 0.605721833826206, "cost": 0.2942213168378238, "score": 0.5158090207332574}