{"quality": 0.14114403966951428, "novelty": 0.09672532649099636, "diversity": 0.11701977295349547, "efficiency": 0.8290704475168169, "cost": 0.1821598141807243, "score": 0.19607308382375258}