{"quality": 0.24524178302318633, "novelty": 0.23706333486525205, "diversity": 0.8394550734906285, "efficiency": 0.23101908965541887, "cost": 0.6717854571049892, "score": 0.26820370105920854}