{"quality": 0.41214795465229537, "novelty": 0.6567604818688674, "diversity": 0.785779884544008, "efficiency": 1.0, "cost": 0.8806896975893314}