{"quality": 0.765017709505553, "novelty": 0.6917384234808843, "diversity": 0.2136949895085623, "efficiency": 0.1148655953856319, "cost": 0.773670071956669, "score": 0.38504174873577734}