{"quality": 0.1105318110201408, "novelty": 0.6672308363415757, "diversity": 0.6164796811482058, "efficiency": 0, "cost": 0.30288988122729354, "score": 0.292974200498348}