{"quality": 0.302843473502582, "novelty": 0.5098957433472395, "diversity": 0.0026190242445054968, "efficiency": 0.08146356053200038, "cost": 0.7842787287118524, "score": 0.1526424439451004}