{"quality": 0.6708354190667408, "novelty": 0.5263660959865888, "diversity": 0.15477491784718153, "efficiency": 0.9506497574011545, "cost": 0.47420040601692137, "score": 0.45897455629458683}