{"quality": 0.39437051630593367, "novelty": 0.19995591684773656, "diversity": 0, "efficiency": 0.43490410885764536, "cost": 0.2760662863070729, "score": 0.20592912180165376}