{"quality": 0, "novelty": 0.2124077902446071, "diversity": 0.3159806502846727, "efficiency": 0.22836045468912697, "cost": 0.4596716679395209, "score": 0.10458497902750327}