{"quality": 0.9316330508569668, "novelty": 0.6090516776579207, "diversity": 0.5676427736676279, "efficiency": 0.7950908797453151, "cost": 0.06444612619791495, "score": 0.6581004087471016}