{"quality": 0.6369495456818324, "novelty": 1, "diversity": 0.534353139696033, "efficiency": 0.5635309850914627, "cost": 0.572376705172623, "score": 0.5752474688902135}