{"quality": 0.35686137493216163, "novelty": 0.7941364028149853, "diversity": 0.3539099328446503, "efficiency": 0.8454284227710106, "cost": 0.9167769402335844, "score": 0.411511069144618}