{"quality": 0.7416362316460441, "novelty": 1, "diversity": 0.0625972363693649, "efficiency": 0.2319222719770508, "cost": 0.9414880472686527, "score": 0.42564985283737855}