{"quality": 0.40786794116288727, "novelty": 0.9259812785670735, "diversity": 0.9429251186189012, "efficiency": 0.36547210955730236, "cost": 0.8061142674406112, "score": 0.5166501154039491}