{"quality": 0.8395602394505846, "novelty": 0.36077544090560304, "diversity": 0.3613348645542606, "efficiency": 0.2583232653370288, "cost": 0.8442905113663917, "score": 0.3686483436363434}