{"quality": 0.5007814577496607, "novelty": 0, "diversity": 0.28743287335612105, "efficiency": 0.9951914663571313, "cost": 0, "score": 0.35699973194969215}