{"quality": 0.04405296628916333, "novelty": 0.6285416855868253, "diversity": 0.22650090060326997, "efficiency": 0.18131575125415983, "cost": 0.15323452609284166, "score": 0.22752540148294914}