{"quality": 0.9040123553003889, "novelty": 0.9321189824121106, "diversity": 0.2996516761653337, "efficiency": 0.06912310211129302, "cost": 0, "score": 0.5745322527429051}