{"quality": 0, "novelty": 0.48961101657851314, "diversity": 0.6775420945230908, "efficiency": 0.14463181952314294, "cost": 0.2080731250890855, "score": 0.2587986334688093}