{"quality": 0.5407229244881734, "novelty": 0.5892414501098779, "diversity": 0.6000903229072816, "efficiency": 0.8913608501296866, "cost": 0.6006969602438982, "score": 0.503179735950441}