{"quality": 0.9272129361240553, "novelty": 0.04560315389934952, "diversity": 0.8330233355543227, "efficiency": 0.21010966693124106, "cost": 0.49213877658438987}