{"quality": 0.11843261608778499, "novelty": 0.32442367488135343, "diversity": 0.7662743622556925, "efficiency": 0.359627321679731, "cost": 0.40958951617565753, "score": 0.2828757226322063}