{"quality": 0.44301420982644407, "novelty": 0.5151736869114565, "diversity": 0.9966956327642292, "efficiency": 0.6433933458042824, "cost": 0.7955925851579907, "score": 0.47798655458348643}