{"quality": 0.08425360252691177, "novelty": 0.8842144678977721, "diversity": 1, "efficiency": 0.25140917781962097, "cost": 0.3598435787656622, "score": 0.4480567165288935}