{"quality": 0.3737060283947471, "novelty": 0.25476289180620065, "diversity": 0.6136993372459406, "efficiency": 0.7682730571607913, "cost": 0.3058237190269024, "score": 0.3832009855905909}