{"quality": 0.5359194900674651, "novelty": 0.7341613983745273, "diversity": 0, "efficiency": 0.21936613740412275, "cost": 0.42452641082856585, "score": 0.3347684761416332}