{"quality": 0.944104195467128, "novelty": 0.573551933986469, "diversity": 1, "efficiency": 0.9392773724252034, "cost": 0.035256301251394284, "score": 0.7639852178753966}