{"quality": 0.8668420084671948, "novelty": 0.6538622053372054, "diversity": 0.493421958270931, "efficiency": 0.9751532255878442, "cost": 0.8960023573127573, "score": 0.5788752936355469}