{"quality": 0.5754417696111915, "novelty": 0.962241086766527, "diversity": 0.34709350238675435, "efficiency": 0.5720112156449753, "cost": 0.39905553973005686}