{"quality": 0.5815862861282513, "novelty": 0.5083283792116753, "diversity": 0.4017903363132328, "efficiency": 0.26162881348681, "cost": 0.5531458431026011, "score": 0.3658457856168021}