{"quality": 1, "novelty": 0.33646475942733234, "diversity": 0.9262500021749493, "efficiency": 0.26527650714777484, "cost": 0.7556142796872718, "score": 0.5335962383952619}