{"quality": 0.17955269149196468, "novelty": 0.6132487360494833, "diversity": 0, "efficiency": 0.6113717791701779, "cost": 0.15380096613695618, "score": 0.2835036617217913}