{"quality": 0.060001462910429765, "novelty": 0.5281448061069793, "diversity": 1, "efficiency": 0.22798988320210517, "cost": 0.5163313204386109, "score": 0.33260199083632846}