{"quality": 0.0626597519311066, "novelty": 0.6128541692776788, "diversity": 0.18766587603272875, "efficiency": 0.16641305743594287, "cost": 0.5092993317050655, "score": 0.1835766685501823}