{"quality": 0.679302217649707, "novelty": 1, "diversity": 0.7808534715048056, "efficiency": 0.2713948736472283, "cost": 0.2180924491418619, "score": 0.6288613457287712}