{"quality": 0.6584207946221086, "novelty": 0.3608400406419904, "diversity": 0.6566813181214192, "efficiency": 0.6791089302776501, "cost": 0.22338513730741058}