{"quality": 0.5086742743033525, "novelty": 0.3713697122506162, "diversity": 0.7528388893294484, "efficiency": 0, "cost": 0.38654178958086705, "score": 0.3573583092614628}