{"quality": 0.7571326976038658, "novelty": 0.3555391315191114, "diversity": 1, "efficiency": 0.486705430136361, "cost": 0.7485091929237838, "score": 0.5141794873890134}