{"quality": 0.7963300122734686, "novelty": 0.5078094608976778, "diversity": 0.8710632796578459, "efficiency": 0.7797953884858297, "cost": 0.6960399132141559, "score": 0.587429341789488}