{"quality": 0.2020203814114867, "novelty": 0.5484838962901374, "diversity": 0.969989139780661, "efficiency": 0.7971896203816986, "cost": 0.9617796825053182, "score": 0.41512539125883563}