{"quality": 0.3174238562825619, "novelty": 0.47125072558258274, "diversity": 0.8246929945583171, "efficiency": 1, "cost": 0.3441597730579576, "score": 0.49356245988628195}