{"quality": 0.6848174727778742, "novelty": 0.717289818642861, "diversity": 0.7607480811772532, "efficiency": 0.557387258380011, "cost": 0.7881383797605855, "score": 0.5417115635104712}