{"quality": 0.9526755028277482, "novelty": 0.9037670649037999, "diversity": 0, "efficiency": 0.5140134908745224, "cost": 0.5039764233905577, "score": 0.538448798366397}