{"quality": 0.9252718802718114, "novelty": 0.8118749269841407, "diversity": 0.5308952830757145, "efficiency": 0.2922660719699051, "cost": 0.07602813842951674}