{"quality": 0.014556906833322059, "novelty": 1, "diversity": 0.4692003483573122, "efficiency": 0.4044335465431938, "cost": 0.2608715080721703, "score": 0.38278502289572114}