{"quality": 0.5431882336310315, "novelty": 0.6141427477658207, "diversity": 0.22835168674956807, "efficiency": 0.808243159822402, "cost": 0.9381326547606859, "score": 0.3895857028779699}