{"quality": 0.2670305333252183, "novelty": 0.32315240166258385, "diversity": 0.7471349164527963, "efficiency": 0.7218208503693441, "cost": 0.2586582991669282, "score": 0.39273154134247945}