{"quality": 0.6327662846352952, "novelty": 0.5037764106362912, "diversity": 0.6054163217202032, "efficiency": 0.30836909916286387, "cost": 0.3880766304620945, "score": 0.4443049542219221}