{"quality": 1, "novelty": 0.2086436226931795, "diversity": 0.6801867845911231, "efficiency": 0.788899038465147, "cost": 0.6590607355004261, "score": 0.5406270448112488}