{"quality": 0.05356602499399765, "novelty": 0.2563081399436018, "diversity": 0.5079180979892617, "efficiency": 0.1532760916065002, "cost": 0.9376953518831124, "score": 0.11095234063461587}