{"quality": 0.09423601787795627, "novelty": 0.8165516144868992, "diversity": 0.15795104913668168, "efficiency": 0.980310415810842, "cost": 0.26250543983613517, "score": 0.3847949372004608}