{"quality": 0.8621949154238949, "novelty": 0.5496448418872145, "diversity": 0.4460172172078184, "efficiency": 0.1780234994072809, "cost": 0.04324835838902058, "score": 0.5076518176127258}