{"quality": 0.5238908772128434, "novelty": 0.4180904570886151, "diversity": 0.47059806422849837, "efficiency": 1, "cost": 0.0667718870564904, "score": 0.4991323015760575}