{"quality": 0.5819811608667436, "novelty": 0.2919966513198521, "diversity": 0.6044754713190084, "efficiency": 0.5494783495286422, "cost": 0.8693259879368945, "score": 0.36397775898939466}