{"quality": 0.28340093928747284, "novelty": 0.3775273308284757, "diversity": 0, "efficiency": 0.26654268907602185, "cost": 1, "score": 0.11938351785476406}