{"quality": 0.47804133597414783, "novelty": 0.6086641492097296, "diversity": 0.22060197851622787, "efficiency": 0.657041932920152, "cost": 0.7724297268506375, "score": 0.36101215105088136}