{"quality": 0.17170042615297043, "novelty": 0.4562925643395426, "diversity": 0.739231404514615, "efficiency": 0.8747103710768662, "cost": 0.619289915571686, "score": 0.3827071139380611}