{"quality": 0.6412104385236179, "novelty": 0.36074238115160245, "diversity": 0.836914782102876, "efficiency": 0.44205227709722716, "cost": 0.6795447586970518, "score": 0.4482850489604401}