{"quality": 0.9892724678153915, "novelty": 0.8607398922808877, "diversity": 0.01380518362035954, "efficiency": 0.0025245458527972386, "cost": 0.7020011524332201, "score": 0.4449063167735088}