{"quality": 1, "novelty": 0.27683697712964755, "diversity": 0.2681455141089285, "efficiency": 0.3727122496180758, "cost": 0.28799457957130103, "score": 0.44994572658977877}