{"quality": 0.2764794577671514, "novelty": 1, "diversity": 0.4578405086524979, "efficiency": 0.8070817552933301, "cost": 0.22063266694801714, "score": 0.5235109356598427}