{"quality": 0.31665054926484715, "novelty": 0.11674425855577814, "diversity": 0.2880755831690814, "efficiency": 0.4485472191036829, "cost": 0.34967406142748164, "score": 0.2141110227750192}