{"quality": 0.08399687230496183, "novelty": 0, "diversity": 0.83584802038082, "efficiency": 0.2595478931784569, "cost": 0.732960417749668, "score": 0.15800480796945426}