{"quality": 0.5222090540524973, "novelty": 0.9066851968697227, "diversity": 0.6815381195358798, "efficiency": 0.41411954593563377, "cost": 0.10461233215035597, "score": 0.5712983380156653}