{"quality": 0.9230217254464668, "novelty": 0.6364452419110221, "diversity": 0.8392283051977798, "efficiency": 0.5607847199920921, "cost": 0.853866786197795, "score": 0.6025945185302859}