{"quality": 0.544869434560342, "novelty": 0.5468176276461165, "diversity": 0.8196395380750194, "efficiency": 0, "cost": 0.24736316385148102, "score": 0.4393568285094875}