{"quality": 0.4232029926303644, "novelty": 0.9537762676924008, "diversity": 0.12678766655214913, "efficiency": 0.7754329210487574, "cost": 0.5563554345182338, "score": 0.45144189272812957}