{"quality": 0.1619088734566798, "novelty": 0.2513238438120435, "diversity": 0.7375030241224569, "efficiency": 0.9431408997831906, "cost": 1, "score": 0.30037536278198484}