{"quality": 0.32412011287554326, "novelty": 0.2648041876255925, "diversity": 0.8050957091403236, "efficiency": 0.15966969140472062, "cost": 0.11524935330534439, "score": 0.33688174097729945}