{"quality": 0.4048376708781356, "novelty": 0.8022817481329363, "diversity": 0.10350525583252362, "efficiency": 1, "cost": 0.7980240962022258, "score": 0.41292037984295693}