{"quality": 0.7157476804804952, "novelty": 0.3616546237693012, "diversity": 0.8443687059212261, "efficiency": 0.4238667892328302, "cost": 0, "score": 0.5375917196556437}