{"quality": 0.6672913943228149, "novelty": 0.26192758329201354, "diversity": 0.2628932229640096, "efficiency": 0.13112680220943776, "cost": 0.9694319395105122, "score": 0.2409737850930142}