{"quality": 0, "novelty": 0.03330375974266403, "diversity": 0.540394514618137, "efficiency": 0.10231443100528897, "cost": 0.6681863312517425, "score": 0.06493337438491249}