{"quality": 0, "novelty": 0.769737566845899, "diversity": 0.22328259981621978, "efficiency": 0.924753379642623, "cost": 0.5026870123184923, "score": 0.32553521738926294}