{"quality": 0.7272551299942547, "novelty": 0.5422731894908209, "diversity": 0.8191368343645022, "efficiency": 0.7975263868244566, "cost": 0.8009857168843229, "score": 0.5571025895791183}