{"quality": 0.8324274812387812, "novelty": 0.05687023177437833, "diversity": 0.3944407553416529, "efficiency": 0.18434462220643139, "cost": 0.7150324210562656, "score": 0.29898240460889763}