{"quality": 0.290028709929586, "novelty": 0.7287036548260303, "diversity": 0.04710394532806056, "efficiency": 1, "cost": 1, "score": 0.3286053157509955}