{"quality": 0.8061128421577032, "novelty": 0.4266928797762357, "diversity": 0.7353209516176773, "efficiency": 0.1418284426303288, "cost": 0.286535025729769, "score": 0.4881920267364777}