{"quality": 0.23028839366210993, "novelty": 0.6442226936321144, "diversity": 0.4820296862842086, "efficiency": 0.9369443067938463, "cost": 0.11463208140357697, "score": 0.4556265666422226}