{"quality": 0.5625429652668277, "novelty": 0.26481410039125286, "diversity": 0.6023138652795994, "efficiency": 0, "cost": 0.6344357624315577, "score": 0.29198561149062563}