{"quality": 0.5757825510305354, "novelty": 0.015625548508515733, "diversity": 0.913389891955243, "efficiency": 0.014493092780399591, "cost": 0.13896485716889434, "score": 0.3475966090275086}