{"quality": 0.16582118642941163, "novelty": 0.7370360835460883, "diversity": 0.5379366094961835, "efficiency": 0.5353266797637968, "cost": 0.7338067270777109, "score": 0.34851102797138067}