{"quality": 0.30142762799633027, "novelty": 0.21621148009009927, "diversity": 1, "efficiency": 0, "cost": 0.22914873746573283, "score": 0.3215662846748506}