{"quality": 0, "novelty": 0.6581395322967627, "diversity": 0.7840177062239968, "efficiency": 0.6106778683335716, "cost": 0.8900778451965323, "score": 0.32393232004937256}