{"quality": 0.5752631298255503, "novelty": 0.8633341273082721, "diversity": 0.8088924179268333, "efficiency": 0.2979835590609399, "cost": 0.7756124143219472, "score": 0.517327246787046}