{"quality": 1, "novelty": 0.15752632592389, "diversity": 0.35894938983879043, "efficiency": 0.7787468661657455, "cost": 0.18805597142536584, "score": 0.5091778922310558}