{"quality": 0.7608523363790876, "novelty": 0.9262540913419186, "diversity": 0.3178427325583376, "efficiency": 0.1263292443970179, "cost": 0.8935809694360939, "score": 0.45297905997681676}