{"quality": 1, "novelty": 0.8674390837946708, "diversity": 0.5262162797947874, "efficiency": 0, "cost": 0.6408577257253627, "score": 0.558017254335089}