{"quality": 0.059151221687819666, "novelty": 0.21663385027350696, "diversity": 0.07990027782850381, "efficiency": 0.5488340595102092, "cost": 0.6850292936578526, "score": 0.10170606420116952}