{"quality": 0.37814655950780324, "novelty": 0.7470005617520474, "diversity": 0, "efficiency": 0.6671221521410047, "cost": 0.6921699674578655, "score": 0.33104543436571693}