{"quality": 0.49397242866920926, "novelty": 0.3840469349299312, "diversity": 0, "efficiency": 0.5627406036570908, "cost": 0.33359433231628016, "score": 0.29525511965018114}