{"quality": 0.6144422385883618, "novelty": 0.7298524429245437, "diversity": 1, "efficiency": 0.71070875704482, "cost": 0.29787851262639914, "score": 0.6436142446017274}