{"quality": 0.5601855046305464, "novelty": 0.38197254141055437, "diversity": 0.20718554434641576, "efficiency": 0.5124932289166703, "cost": 0.3980785913396986, "score": 0.3420520208146163}