{"quality": 0.4590688545498436, "novelty": 0.12584194524659048, "diversity": 0.407718318333077, "efficiency": 0.7819819220064127, "cost": 1, "score": 0.26802209464417803}