{"quality": 0.794370248215049, "novelty": 0.4489261057023018, "diversity": 0.1965543910460199, "efficiency": 0.820910157853757, "cost": 0.9114890635829852, "score": 0.4218410964190592}