{"quality": 0.2810973565809408, "novelty": 0, "diversity": 0.26756145349545996, "efficiency": 0, "cost": 0.7151889829367126, "score": 0.06632259937970296}