{"quality": 0.08184264560944765, "novelty": 0.3765401336299874, "diversity": 0.5161228250475143, "efficiency": 0.7602189437397073, "cost": 1, "score": 0.2359452336607901}