{"quality": 0.7799088333475024, "novelty": 0.37105436758407007, "diversity": 0.3679443415190161, "efficiency": 0.6840028198504093, "cost": 0.911036598587263, "score": 0.4118218733229066}