{"quality": 0.7266792977585551, "novelty": 1, "diversity": 0.5707193929843122, "efficiency": 0, "cost": 0.32818035309738086, "score": 0.5493296326146909}