{"quality": 0.8732344734069215, "novelty": 0.4979174032851015, "diversity": 0.5464803695225025, "efficiency": 0.949052230149825, "cost": 0.7350379561384579, "score": 0.5645998056564803}