{"quality": 0.4699363316623052, "novelty": 0.03727306989703946, "diversity": 0, "efficiency": 0.8155803268704163, "cost": 0.20545493791013658, "score": 0.2520907222125002}