{"quality": 0.4571038157905748, "novelty": 0.4972116904340974, "diversity": 0.5660250916768328, "efficiency": 0.003925895415485353, "cost": 0, "score": 0.37522796999338615}