{"quality": 0.1520232835914231, "novelty": 0.39881131985477447, "diversity": 0.25995092674186665, "efficiency": 0.9043499267307606, "cost": 0.31513896685023024, "score": 0.3014385927140849}