{"quality": 0.3874949574117569, "novelty": 0.6478369645573135, "diversity": 0, "efficiency": 1, "cost": 0.7180347683350392, "score": 0.35640425152935157}