{"quality": 1, "novelty": 0.5883060272753043, "diversity": 0.7927057564372197, "efficiency": 0.08918593330530039, "cost": 0.1470149182527524, "score": 0.6042940562767898}