{"quality": 0.455481781565952, "novelty": 0.3559911698815381, "diversity": 0.2793693058002674, "efficiency": 0.6006117638776758, "cost": 0.7014721358202395, "score": 0.301460739099851}