{"quality": 0.5780189703859204, "novelty": 0.5903744994941282, "diversity": 0.7875642965589916, "efficiency": 0.6616701075689618, "cost": 1, "score": 0.4777626914364509}