{"quality": 0.433941404033993, "novelty": 0.7999360374914793, "diversity": 0.787399559007212, "efficiency": 0.12327276627372125, "cost": 0.7677230022101307, "score": 0.4293649571045552}