{"quality": 0.299011334549219, "novelty": 0.12308350910532928, "diversity": 0.19203551437548408, "efficiency": 0.058433979458709776, "cost": 0.46327830669472136, "score": 0.1213186467655292}