{"quality": 0.2506047103981516, "novelty": 0.531878732442776, "diversity": 0.5860531695873725, "efficiency": 0.29894957591680527, "cost": 0.49420187235123153, "score": 0.32078397930001157}