{"quality": 0.19189900259331677, "novelty": 0, "diversity": 0.27146538551429583, "efficiency": 0.3960114843034329, "cost": 0.39624259921538446, "score": 0.13164024060483068}