{"quality": 0.4764568268850817, "novelty": 0.7779870308542836, "diversity": 0.3690769351186415, "efficiency": 0.10947748175214819, "cost": 0.8906134687248597, "score": 0.33860946819315996}