{"quality": 0.8810918827623394, "novelty": 0.44661164754437277, "diversity": 0.19086747397386566, "efficiency": 1, "cost": 0.5005214464545504, "score": 0.5141018268641131}