{"quality": 0.9914713070673049, "novelty": 0.3794565297190236, "diversity": 0.33516478411419054, "efficiency": 0.44362261030743033, "cost": 0.2631058524570564, "score": 0.49957128767319436}