{"quality": 0.5581741263075097, "novelty": 0.5113877980244526, "diversity": 1, "efficiency": 0.5466788883815361, "cost": 0.5055356157855959, "score": 0.5267474590770368}