{"quality": 0.4573110279235559, "novelty": 0.3815387471854669, "diversity": 1, "efficiency": 0.6484645916966844, "cost": 0.13835061928728853, "score": 0.5160126219992073}