{"quality": 0.23977921174588687, "novelty": 0.8012575471556588, "diversity": 0.7203010795291975, "efficiency": 0.8688446439977554, "cost": 0.36909117767906996, "score": 0.5097259450502766}