{"quality": 0.1905658667803699, "novelty": 0, "diversity": 0.5487363051753874, "efficiency": 0.27152708233390227, "cost": 0, "score": 0.2076460834192738}