{"quality": 0.8207236120233891, "novelty": 0.7454339484216947, "diversity": 0.4058693351080759, "efficiency": 0.06520944537343101, "cost": 0.13553555069136658, "score": 0.5099772994709335}