{"quality": 0.8303973185552854, "novelty": 0.15470904911427238, "diversity": 0.48769198915666373, "efficiency": 0.16700033876173892, "cost": 0.929837292006105, "score": 0.31740117729013684}