{"quality": 0.4540830315965555, "novelty": 0, "diversity": 0.47654388130418934, "efficiency": 0.6438176226375242, "cost": 0.8730275889748239, "score": 0.24080357023795074}