{"quality": 0.5702477920166032, "novelty": 0, "diversity": 0.3876269499271785, "efficiency": 0.7836929795414747, "cost": 0.4698956082372659, "score": 0.3191641136979113}