{"quality": 0.43236235399689804, "novelty": 0.47084094561363543, "diversity": 0.37239391596313853, "efficiency": 1, "cost": 0.9531085543814174, "score": 0.37658687035696425}