{"quality": 0.53092375136393, "novelty": 1, "diversity": 0.4078404251350738, "efficiency": 0.26661715536146047, "cost": 1, "score": 0.4308377837404128}