{"quality": 0.7614124684889102, "novelty": 0.19553472634585628, "diversity": 0.35137491862538484, "efficiency": 0.19251283502029198, "cost": 0.826056033500927, "score": 0.2938537277611652}