{"quality": 0.265038670126274, "novelty": 0.6142006181443685, "diversity": 0.20377666106866188, "efficiency": 0.6230141554007196, "cost": 0.5259413590110826, "score": 0.3146750751967064}