{"quality": 0.808529382075707, "novelty": 0.6991814144806063, "diversity": 0.6629457689256113, "efficiency": 0.7660767999487137, "cost": 0.8961766493181313}