{"quality": 0.0880881585744413, "novelty": 0, "diversity": 0.6415261857927046, "efficiency": 0.16361238697095848, "cost": 0.5614164049861853, "score": 0.12313190227789855}