{"quality": 0.2466188955038517, "novelty": 0.15490591428950343, "diversity": 0.5239515017320231, "efficiency": 0.016310263429252486, "cost": 0.21562851499600852, "score": 0.198386135584723}