{"quality": 0.4304064714886878, "novelty": 0.7362291524175414, "diversity": 0.6486134746397461, "efficiency": 0.7801160464363333, "cost": 0, "score": 0.5599193314443909}