{"quality": 0.8913730844030305, "novelty": 0.5121824584204118, "diversity": 0.6675749285812561, "efficiency": 0.6288161640165639, "cost": 0.7131141817906643}