{"quality": 0.7294668383994554, "novelty": 0.3726970017173642, "diversity": 0.9598762227163099, "efficiency": 0.7748424289315035, "cost": 0.6122664733155155}