{"quality": 0.5035156317546599, "novelty": 0.30697242140552544, "diversity": 0.6926658609060465, "efficiency": 0.9926319386753238, "cost": 0.9238248447421793, "score": 0.4228432733860693}