{"quality": 1, "novelty": 0.0023660152599694617, "diversity": 0.3374995076256795, "efficiency": 0.8424632518916929, "cost": 0.5184980819189262, "score": 0.4426110849319896}