{"quality": 0.7898789398048667, "novelty": 0.9848519114299943, "diversity": 0.871026871807168, "efficiency": 0.8944378681507474, "cost": 0.30749844821359806, "score": 0.7607978695616445}