{"quality": 0.157275751498109, "novelty": 0.4839566154229134, "diversity": 0.5293071212739043, "efficiency": 0.24901781756258984, "cost": 0.7813256410346815, "score": 0.23325341209086226}