{"quality": 0.7015708876332327, "novelty": 0.8711051624579887, "diversity": 0.19357564106783895, "efficiency": 0.18635957908352646, "cost": 0.32426367672907663, "score": 0.4624902543076561}