{"quality": 0.3039832603832054, "novelty": 0.07257433927360757, "diversity": 1, "efficiency": 0.08202788660862714, "cost": 0, "score": 0.3216427459246576}