{"quality": 1, "novelty": 0.2944708668546802, "diversity": 0.5753245017963977, "efficiency": 0.8212962178892456, "cost": 0, "score": 0.6118770497563364}