{"quality": 0.47520145791790613, "novelty": 1, "diversity": 0.17016735186361098, "efficiency": 0.2808349850914494, "cost": 0.22999296754986664, "score": 0.44571985875682474}