{"quality": 0.4744147873657802, "novelty": 0.35133157365093376, "diversity": 0.4829556257966433, "efficiency": 0.38019323147390505, "cost": 0.3154899884911344, "score": 0.35222844065376846}