{"quality": 0.8659033208885266, "novelty": 0.9695260323267898, "diversity": 0.9194347041506566, "efficiency": 0.4156832200560647, "cost": 0.7597619119105274, "score": 0.6724157369957438}