{"quality": 0.8606466824184456, "novelty": 0.811325952761462, "diversity": 0.35796779871633333, "efficiency": 0.8459603661022876, "cost": 0.47061379052897667, "score": 0.6124517285216113}