{"quality": 0.5738725706975362, "novelty": 0.7470586907504457, "diversity": 0.21409415095338058, "efficiency": 0.6279210657450259, "cost": 0.10266019459739778, "score": 0.4856674144895625}