{"quality": 0.49944598877871416, "novelty": 0.703389830819173, "diversity": 0.7128504517745871, "efficiency": 0.5161486238255208, "cost": 0.7556036969839416, "score": 0.4701132685687588}