{"quality": 0.9704848562853983, "novelty": 0.951971389738514, "diversity": 0.7638952590864925, "efficiency": 0.1905617424989498, "cost": 0.23254506109730555, "score": 0.6872471114026584}