{"quality": 0.48392422268537555, "novelty": 0.5620661458890788, "diversity": 0.5851334330945033, "efficiency": 0.2995298014788161, "cost": 0.5555450813236942, "score": 0.39209545198623597}