{"quality": 0.38134864181860273, "novelty": 0.6746913843639284, "diversity": 0.3121996705654957, "efficiency": 0.8162162805118267, "cost": 0.5138460993459295, "score": 0.4165652048918431}