{"quality": 0, "novelty": 0.8761928106435055, "diversity": 0.38319847786022637, "efficiency": 0.13690633388083479, "cost": 0.8999073086473133, "score": 0.22623311745031552}