{"quality": 0.4480221937051471, "novelty": 0, "diversity": 0.6780452591055804, "efficiency": 0.16082173592145171, "cost": 0.8880435579588938, "score": 0.2053346145249886}