{"quality": 0.9336894257483876, "novelty": 0.6144632504747214, "diversity": 0.7059833327822275, "efficiency": 0.5089212408626187, "cost": 0.9070087499246876, "score": 0.5605566180365662}