{"quality": 0.6883944727416759, "novelty": 0.519013847362086, "diversity": 0.7255101413543401, "efficiency": 0.3039592422317604, "cost": 0.7453201831108112, "score": 0.45243569995757515}