{"quality": 0.9646886317194805, "novelty": 0.732542610574324, "diversity": 0.9440827179793722, "efficiency": 0.34027160017485664, "cost": 0.32028740653789406, "score": 0.6803707851277387}