{"quality": 0.9030807323607138, "novelty": 0.2292029497260646, "diversity": 0.2697596417476393, "efficiency": 0.2765205992398265, "cost": 0.5958286068315315, "score": 0.3640721146920789}