{"quality": 1, "novelty": 0.7465395497629539, "diversity": 0.08103799336347965, "efficiency": 0.34059271405909897, "cost": 0.3135640316682227, "score": 0.5225749900554769}