{"quality": 0.6615908042051903, "novelty": 0.3709538729222299, "diversity": 0.8960422847416957, "efficiency": 0.45972129564970615, "cost": 0.566605224166345, "score": 0.4827218383712752}