{"quality": 0.07779104736070509, "novelty": 0.9018407832706611, "diversity": 0.6995592261318162, "efficiency": 0.5630423365701756, "cost": 0.42701424523076126, "score": 0.43046428121469027}