{"quality": 0.2763106037283267, "novelty": 0.7421395866083004, "diversity": 0.5753467264016358, "efficiency": 0.6112807192370104, "cost": 0.40093762969165886, "score": 0.4350957679672859}