{"quality": 1, "novelty": 0.40600471330136567, "diversity": 0.06177296407193833, "efficiency": 0.09971461629310313, "cost": 0.75285836638463, "score": 0.35352712694523153}