{"quality": 0.5990733445954022, "novelty": 0.8885986480636694, "diversity": 0.825541825061866, "efficiency": 0.6089770178228423, "cost": 0.4596497523257305, "score": 0.6123616078477645}