{"quality": 0.5300542261112957, "novelty": 0.6855265309111077, "diversity": 0.003305575020243867, "efficiency": 0.526282475028806, "cost": 0.6363477373897173, "score": 0.34636661308056355}