{"quality": 0.48021728983645634, "novelty": 0.4078237210275288, "diversity": 0.658769324807693, "efficiency": 1, "cost": 1, "score": 0.4277749821693577}