{"quality": 0.28010305908479655, "novelty": 0.6748229160073238, "diversity": 0.5419449204714508, "efficiency": 0.5418436733337322, "cost": 0.18311853193144034, "score": 0.42409032862847584}