{"quality": 1.0, "novelty": 0.7261286180063928, "diversity": 0.8340119940537618, "efficiency": 1.0, "cost": 0.2914750790487124}