{"quality": 0.7237985282352026, "novelty": 0.6732637030173612, "diversity": 0.8778855132319083, "efficiency": 0.4693043618254917, "cost": 0.3568184454490633, "score": 0.5957463966002002}