{"quality": 0.41977503814818307, "novelty": 0.6030816659572971, "diversity": 0.8658845033689095, "efficiency": 0.4877181163327888, "cost": 0.8647915138138706, "score": 0.43655839467609225}