{"quality": 0.9602694007602007, "novelty": 0.21308318916470265, "diversity": 0.1973324787348784, "efficiency": 0.6091098611758191, "cost": 0.05257190593072003, "score": 0.4669274018495124}