{"quality": 0.22377315967807704, "novelty": 0.6567056291228068, "diversity": 0.7082029720726992, "efficiency": 0.14709713813170133, "cost": 0.5427136328060034, "score": 0.3407421570378195}