{"quality": 0.30280806115127057, "novelty": 0.8046086794094429, "diversity": 0.21955903377082236, "efficiency": 0.27768796178311606, "cost": 0.810625474041594, "score": 0.2964970418152143}