{"quality": 0.6539654370476908, "novelty": 0.37684380237074155, "diversity": 0.4883587557046589, "efficiency": 0.5830073548348126, "cost": 0.4630699030699694, "score": 0.42921644576614937}