{"quality": 0.09450518875256109, "novelty": 0.6441203901587724, "diversity": 1, "efficiency": 0.7002724226120642, "cost": 0.6500053123670152, "score": 0.42942198632056955}