{"quality": 0.03997040603944019, "novelty": 0.15128114488064104, "diversity": 0.3037094887708901, "efficiency": 0.9718043157432366, "cost": 0.77084631471583, "score": 0.17923932167607282}