{"quality": 0.575699278380313, "novelty": 0.023702063251453534, "diversity": 0.355667308387534, "efficiency": 0.19516120555471, "cost": 0.8001187920141855, "score": 0.19903106263625203}