{"quality": 0.3924200837526479, "novelty": 0.6529783769538469, "diversity": 0.46377924352946975, "efficiency": 0.6070125645944675, "cost": 0.597487330416866, "score": 0.4050296197176336}