{"quality": 0.06822417218602628, "novelty": 0.5393185170097748, "diversity": 0.467099738125896, "efficiency": 0.52861998633929, "cost": 0.44122853717069377, "score": 0.28388697276725494}