{"quality": 0.3636079327113441, "novelty": 0.24448137991160546, "diversity": 0.7815334550959968, "efficiency": 0.8941041746692936, "cost": 0.9861054345071064, "score": 0.36201449856018736}