{"quality": 0.7393318317792948, "novelty": 0.23614360603960835, "diversity": 1, "efficiency": 0.9710730069402667, "cost": 0.9170948463570616, "score": 0.5347869174490244}