{"quality": 0.6157248089291233, "novelty": 0.13557175291847337, "diversity": 0.7658456793914175, "efficiency": 0.99593147668265, "cost": 0.9457713345850765, "score": 0.4265921048305286}