{"quality": 0.6389884139424646, "novelty": 0.7619545872046912, "diversity": 0.4365681032261297, "efficiency": 0.31288540906304385, "cost": 0.9949463817204787, "score": 0.41693696481654685}