{"quality": 0.8094246107729977, "novelty": 0.08038838012393071, "diversity": 0.8659206431700609, "efficiency": 0.9273477056939087, "cost": 0.6155508075104679, "score": 0.5136556819999336}