{"quality": 0.6293385645233491, "novelty": 0.3905299986712, "diversity": 0.809950229535959, "efficiency": 0.8910644045908789, "cost": 0, "score": 0.5820837756206283}