{"quality": 0.514379738556243, "novelty": 1, "diversity": 0.8646642709688424, "efficiency": 0.533045509597309, "cost": 0.6671895224705999, "score": 0.5904846499531776}