{"quality": 0.0819320900074195, "novelty": 0.7700978415384325, "diversity": 0.15133148422143883, "efficiency": 0.7820391939314856, "cost": 0.13948257949123316, "score": 0.3507280053717213}