{"quality": 0.56317706405269, "novelty": 0.6581175901936303, "diversity": 0.09417816305416421, "efficiency": 0.12258446714114019, "cost": 0.43317976772537803, "score": 0.32738784267368065}