{"quality": 0.6210962539991471, "novelty": 0.8814585799938597, "diversity": 0.4616340123313072, "efficiency": 0.418233289074758, "cost": 0.4302991097901333, "score": 0.518725406046671}