{"quality": 0.6640311502840286, "novelty": 0.9197478182739666, "diversity": 0.8704145636429059, "efficiency": 0.36656159647146186, "cost": 0.15771903512256835, "score": 0.6424415483407439}