{"quality": 0.7856846366223177, "novelty": 0.705008641037166, "diversity": 0.04908124641416203, "efficiency": 0.6916293686661057, "cost": 0.744596070078955, "score": 0.4510585988208396}