{"quality": 0.913227595177349, "novelty": 0.36136128334534934, "diversity": 0.30483740654546665, "efficiency": 0.5249044562958477, "cost": 0.4211436891276357, "score": 0.46189738023024896}