{"quality": 0.7491826282349738, "novelty": 0.396604802826072, "diversity": 0.6792597359581081, "efficiency": 0.8918239520528244, "cost": 0.7804908478052406, "score": 0.5154824443960314}