{"quality": 0.533947549998165, "novelty": 0.5295838185573936, "diversity": 0.43952637084028473, "efficiency": 0.4709365216901915, "cost": 0.4695121613867299, "score": 0.40417475592171054}