{"quality": 0.3521824683813779, "novelty": 0.7497794225379588, "diversity": 0.5477424175916888, "efficiency": 0.2523961049756753, "cost": 0.1974887129831014, "score": 0.420758624115282}