{"quality": 0.2689557865517346, "novelty": 0.08456907901626487, "diversity": 0.6868675387731535, "efficiency": 0.694701678097907, "cost": 0.07803900995245722, "score": 0.3356038641936576}