{"quality": 0.6799638385222296, "novelty": 0.5779507041611011, "diversity": 0.2174060797699673, "efficiency": 0.15163041947050326, "cost": 0.203639269733848, "score": 0.3943386794981283}