{"quality": 0.8065061106968412, "novelty": 0.9480917089749331, "diversity": 0.6350553272024342, "efficiency": 0.4145204186260374, "cost": 0.8088637076766106}