{"quality": 0.10538188859783787, "novelty": 0.4838723414221904, "diversity": 0.22273968650123754, "efficiency": 0.1509594534513714, "cost": 0.1420903188831437, "score": 0.2055654753645378}