{"quality": 0.523632857803758, "novelty": 0.8054274427138355, "diversity": 0.7329768036113251, "efficiency": 0.3054015765910503, "cost": 0.8357972480291379, "score": 0.467272590427595}