{"quality": 0.31960231636154923, "novelty": 0.16063141118021057, "diversity": 0.6684471080219474, "efficiency": 0.7218196859159105, "cost": 0, "score": 0.37800092219529347}