{"quality": 0.8790554900329098, "novelty": 0.9721528679403979, "diversity": 0.3237129930125062, "efficiency": 0.5975177127956088, "cost": 0.31408033935014007, "score": 0.6297170855818008}