{"quality": 0.6086233000684169, "novelty": 0.6557950311896468, "diversity": 0.8000892312629246, "efficiency": 0.21912369210835256, "cost": 0.9631965709991301, "score": 0.44310249078686154}