{"quality": 0.8892581862168822, "novelty": 1, "diversity": 0.5807092698543541, "efficiency": 1, "cost": 0.28225588176923677, "score": 0.7546937216590118}