{"quality": 0.28017195374411513, "novelty": 0.2801558581689214, "diversity": 0.7540656005229335, "efficiency": 0.6691794120686094, "cost": 0, "score": 0.405280582580343}