{"quality": 0.7941578337550314, "novelty": 0.21345261461890228, "diversity": 0.3268400272221336, "efficiency": 0.08336640911709527, "cost": 0.5590989263806039, "score": 0.31357357795516555}