{"quality": 0.2923873002543363, "novelty": 0.9100869522669432, "diversity": 0.9222865085674733, "efficiency": 0, "cost": 0.3522351786292895, "score": 0.46447171199360243}