{"quality": 0.1759519455943399, "novelty": 0.43617115803192497, "diversity": 0.6977387883287997, "efficiency": 0.6400652984916915, "cost": 0.5370065400195121, "score": 0.34368527162384566}