{"quality": 0.7056101597416728, "novelty": 0.7135652074886193, "diversity": 0.21381071724257206, "efficiency": 0.9127115438204845, "cost": 0.15657640658769412, "score": 0.5540855841574743}