{"quality": 0.015011937336191938, "novelty": 0.8159584376320734, "diversity": 0.5280186171432787, "efficiency": 0.20781893421718173, "cost": 0.8434787333042519, "score": 0.26092188083968376}