{"quality": 0.8482446069443201, "novelty": 0.7429241311993523, "diversity": 0.20933024605218226, "efficiency": 0.9831373428692359, "cost": 0.11923470483901666, "score": 0.6176175950400543}