{"quality": 0.9355999273490048, "novelty": 0.8127487590156761, "diversity": 0.8178100792662683, "efficiency": 0.4991800997641602, "cost": 0.8973505404225989, "score": 0.6325711447342383}