{"quality": 0.4182076137978399, "novelty": 0.19192179394633876, "diversity": 0.38702713135912054, "efficiency": 0.6526400101997466, "cost": 0.7387575354247934, "score": 0.27486840688524344}