{"quality": 0.41838332755166635, "novelty": 0.5829512335397377, "diversity": 0.7846646307726617, "efficiency": 0.5658247694561731, "cost": 0.22122627282493557, "score": 0.490936820940899}