{"quality": 0.27212985735917694, "novelty": 0.6705521751502986, "diversity": 0.1612384937834479, "efficiency": 0.35651482614557767, "cost": 0.6296098592218449, "score": 0.2720409377516695}