{"quality": 0.4406638136265011, "novelty": 0.447538976085628, "diversity": 0.589232850944294, "efficiency": 0.7782318391380162, "cost": 0.6609371435459457, "score": 0.41257151981432394}