{"quality": 0.6607467221565433, "novelty": 1, "diversity": 0.3045629226320318, "efficiency": 0.527391954660937, "cost": 0.5562369454033822, "score": 0.5326216998321717}