{"quality": 0.6392632666608558, "novelty": 0.4146049031851088, "diversity": 0.7685307335166076, "efficiency": 0.4061677194703438, "cost": 0.28683391781036016, "score": 0.48137811863737096}