{"quality": 0.1542335068151222, "novelty": 0.9799423305874801, "diversity": 0.5381314924790959, "efficiency": 0, "cost": 0.41537764698235724, "score": 0.35734416848899014}