{"quality": 0.5687113042026318, "novelty": 0.4255388226693954, "diversity": 0, "efficiency": 0.9296077069919735, "cost": 0.273988499185043, "score": 0.38904040305843013}