{"quality": 0.6633958848454743, "novelty": 0.41548457997082466, "diversity": 0.2760238464159818, "efficiency": 0.7435463871451303, "cost": 0.7339650578099154, "score": 0.39623013202032276}