{"quality": 0.7786336354231758, "novelty": 0.6014771799243677, "diversity": 0.07647085893813121, "efficiency": 0.7462486991888981, "cost": 0.0638082236873515, "score": 0.5048100399052705}