{"quality": 0.15166500616349798, "novelty": 0.2013130781833995, "diversity": 0.1311605066269116, "efficiency": 0.6666886767325897, "cost": 0.33119792191342134, "score": 0.18894338203882788}