{"quality": 0.3399006787641698, "novelty": 0.8664193837141667, "diversity": 0.6476969656062095, "efficiency": 0.21980533803438906, "cost": 1, "score": 0.3810852433841928}