{"quality": 0.9733219355057114, "novelty": 0.7118599940001986, "diversity": 0.8186276504183023, "efficiency": 0.6957840864057583, "cost": 1, "score": 0.6380547221962872}