{"quality": 0.6275020566258538, "novelty": 0.818477236655865, "diversity": 0.3676184758181786, "efficiency": 0.8455909325216575, "cost": 1, "score": 0.49323226119360675}