{"quality": 0.18170617828669255, "novelty": 0.29696485322635535, "diversity": 0.9110201915945508, "efficiency": 0.17059390267398955, "cost": 0.9017001491653867, "score": 0.24637617559606653}