{"quality": 0, "novelty": 0.5276458011169919, "diversity": 0.2118495015615895, "efficiency": 0.8807648470985974, "cost": 0.5525319708747919, "score": 0.25114288056887624}