{"quality": 0.6153154234754554, "novelty": 0.7338675123972787, "diversity": 0.074433646295612, "efficiency": 0.32447034086700827, "cost": 0.1830512226813817, "score": 0.41331366326299174}