{"quality": 0.9056515852247768, "novelty": 0.382868298731869, "diversity": 0.544409639782414, "efficiency": 0.1483022014096443, "cost": 0.7800731106586811, "score": 0.4205324973524616}