{"quality": 0.3717253245878324, "novelty": 0.48618428716077394, "diversity": 0.9251887018680193, "efficiency": 0.1246664216118184, "cost": 0.36852082774455003, "score": 0.3999492900074648}