{"quality": 0.11800486966803958, "novelty": 0.5133071886958558, "diversity": 0.9736653262149225, "efficiency": 0.6715328906694509, "cost": 0, "score": 0.45919125691777796}