{"quality": 0.6856219923546767, "novelty": 0.6324704145766491, "diversity": 0.4132736651178064, "efficiency": 0.7620851388618942, "cost": 0.8355975950278969, "score": 0.477211945700621}