{"quality": 0.8566483567549861, "novelty": 0.25727410261529116, "diversity": 0.2584259741849502, "efficiency": 0.4991098709547841, "cost": 1, "score": 0.34786470816052617}