{"quality": 0.7413917897838571, "novelty": 0.43228668300587525, "diversity": 0.2948148209290552, "efficiency": 0.6292884192052459, "cost": 0.4414723446514338, "score": 0.43969820028808043}