{"quality": 0.1874282384397285, "novelty": 0.608598896651062, "diversity": 1, "efficiency": 0.44028227515949103, "cost": 0.94710955971353, "score": 0.3797095809972547}