{"quality": 0.9621030116261013, "novelty": 0.5456265504484392, "diversity": 0.43890546502704114, "efficiency": 0.3181151252230005, "cost": 0.7472663202459447, "score": 0.485809270864204}