{"quality": 0.28492141992087566, "novelty": 0.30103599274503073, "diversity": 1, "efficiency": 0.6150685400724258, "cost": 0.6877383256074474, "score": 0.38422187261263946}