{"quality": 0, "novelty": 0.7112635906346274, "diversity": 0.41839321138947433, "efficiency": 0.8888929003698669, "cost": 1, "score": 0.2948284749920317}