{"quality": 0.8237099743195666, "novelty": 0.363948808746343, "diversity": 0.24277496576376567, "efficiency": 0.8804577706723277, "cost": 1, "score": 0.418723853236058}