{"quality": 0.9856709598031057, "novelty": 0, "diversity": 0.22566600415817017, "efficiency": 0.48266516237644186, "cost": 0.26580619016529106, "score": 0.3866536441125029}