{"quality": 0.44600516430592657, "novelty": 0.6529761579103838, "diversity": 0.44404209180463233, "efficiency": 0.6333364299814984, "cost": 1, "score": 0.38085447162752517}