{"quality": 0.5162587233192283, "novelty": 0.7988975106571828, "diversity": 0.5548463386483874, "efficiency": 0.49352337415364694, "cost": 0.7902221015695293, "score": 0.46057755835583575}