{"quality": 0.6457038851386749, "novelty": 0.8691561124689684, "diversity": 0.4203425402457243, "efficiency": 0.5702367856116435, "cost": 0.978546308271715, "score": 0.48274958872256446}