{"quality": 0.6779721630424607, "novelty": 0.4600425962149307, "diversity": 0.7680481725823824, "efficiency": 0.49447774178384635, "cost": 0.4851273369269862}