{"quality": 0.42782488484652104, "novelty": 0.42553892223569595, "diversity": 0.9149450929758032, "efficiency": 0.7644228873320498, "cost": 0.6230172294979004, "score": 0.4700829247580584}