{"quality": 1, "novelty": 0.45705437755904565, "diversity": 0.759426053517475, "efficiency": 0, "cost": 0.7218312940511592, "score": 0.4939656756881404}