{"quality": 0.2664035746503459, "novelty": 0.8054732210033996, "diversity": 0.49629919754378404, "efficiency": 0.4339516053698158, "cost": 0.2188073154033142, "score": 0.4237612264198515}