{"quality": 0.24753758695463335, "novelty": 0.2523537153805836, "diversity": 0.39223387203452675, "efficiency": 0.40798364511972657, "cost": 0.8813937705650718, "score": 0.18885464904989302}