{"quality": 0.4832511943664055, "novelty": 0.731251516727393, "diversity": 0.2747810491766048, "efficiency": 0.2824122555524677, "cost": 0.7491866967685867, "score": 0.35018761598310233}