{"quality": 0.07688089420006636, "novelty": 0.30023952618462835, "diversity": 0.336126580757009, "efficiency": 0.28227218633518714, "cost": 0.59832415534712, "score": 0.14785787837314487}