{"quality": 0.23449802625561178, "novelty": 0.7699463271214843, "diversity": 0.34965635353874275, "efficiency": 0.4102498531426146, "cost": 0.6276570979981786, "score": 0.33153902853637746}