{"quality": 0.2989116260437174, "novelty": 0.950176071223684, "diversity": 0.8400582577300889, "efficiency": 0.14778724366222887, "cost": 1.0}