{"quality": 0.48062188697624264, "novelty": 0.2039787284710914, "diversity": 0.09826631754699303, "efficiency": 1, "cost": 0.3163021804205738, "score": 0.3332042936779868}