{"quality": 0.38079977855441555, "novelty": 0.6883922665014339, "diversity": 0.6671801164281537, "efficiency": 0.49113684686281944, "cost": 0.7805371821073013, "score": 0.4153908322960066}