{"quality": 0.6800294086259153, "novelty": 1, "diversity": 0.19505841304305843, "efficiency": 1, "cost": 0.42706396762428006, "score": 0.6003141084339583}