{"quality": 0.0196442280217326, "novelty": 0.4806980130949196, "diversity": 0.2205803895708413, "efficiency": 0, "cost": 0.6578821911015719, "score": 0.10439563048426077}