{"quality": 0.6998921022061774, "novelty": 0.20884644653435597, "diversity": 0.932381331546889, "efficiency": 0.7797072290809592, "cost": 0.784112995876366, "score": 0.48720029337932724}