{"quality": 0.5075576534504506, "novelty": 0.901126079730344, "diversity": 0.8498459151347968, "efficiency": 0.5200798634591006, "cost": 0.4863620821817929, "score": 0.5768937702953664}