{"quality": 1, "novelty": 0.36303021238433486, "diversity": 0.8338394780181579, "efficiency": 0.7146890322369421, "cost": 0.8148988704357969, "score": 0.5832389164916769}