{"quality": 0.2433678462404752, "novelty": 0.7048958335059133, "diversity": 1.0, "efficiency": 0.26469998114364596, "cost": 0.05655499503308341}