{"quality": 0.36186919202539847, "novelty": 0, "diversity": 0.6158071888583851, "efficiency": 0.3017259419225466, "cost": 0.8063163910827946, "score": 0.1963494475593991}