{"quality": 0.2614265481400967, "novelty": 0.7664334863203137, "diversity": 1, "efficiency": 0.5490215018743988, "cost": 0.7168014450358711, "score": 0.4807094167996801}