{"quality": 0.43446318763807085, "novelty": 0.7747723618727436, "diversity": 0.3244379940523071, "efficiency": 0.1915110816047005, "cost": 0.5362030857992824, "score": 0.36402599923084544}