{"quality": 0.5941773100445005, "novelty": 0.38076568370891184, "diversity": 0.7377052179371064, "efficiency": 0.7030722848863136, "cost": 0.20962862990778208, "score": 0.5054836372701682}