{"quality": 0.5474934576329374, "novelty": 0.5439459137529838, "diversity": 0.828164089058568, "efficiency": 0.8862851873793757, "cost": 0.5795779763798234}