{"quality": 0.8860329454169443, "novelty": 0.4608211470596072, "diversity": 0.855815186035157, "efficiency": 0.15385923586196798, "cost": 1, "score": 0.4752570929763117}