{"quality": 0.2980252866122468, "novelty": 0.16665903144133998, "diversity": 0.9139341733872698, "efficiency": 0.09943311089898281, "cost": 0.309133320912575, "score": 0.2978608130650529}