{"quality": 0.4097555764744307, "novelty": 0.07843073680807777, "diversity": 0.8085357094203858, "efficiency": 0.5987780447041218, "cost": 0.6483613585223398, "score": 0.3292220698818101}