{"quality": 0.4230444515747663, "novelty": 0.8632081563283494, "diversity": 0.3406393342197451, "efficiency": 0.469427283003062, "cost": 0.561927010217973, "score": 0.4250646328271283}