{"quality": 0.23072036548242508, "novelty": 0.8001313548851723, "diversity": 0.6724661229751911, "efficiency": 0.02451415258753392, "cost": 0.7916419005778144, "score": 0.3282551057914075}