{"quality": 0.8820546594986349, "novelty": 0.641395088088448, "diversity": 0.9925370990353585, "efficiency": 0.05499106138324528, "cost": 0.47587331278289213, "score": 0.5841339176079717}