{"quality": 0.6243509469617613, "novelty": 0.6118694086392984, "diversity": 0.9641339598484399, "efficiency": 0.6374484345301703, "cost": 0.49479049134261655, "score": 0.5792376442633049}