{"quality": 0.4312693312065816, "novelty": 0.46786241766009057, "diversity": 0.5901682564524451, "efficiency": 0, "cost": 0.9660462746113985, "score": 0.2677754276063463}