{"quality": 0.6978679939806701, "novelty": 0, "diversity": 0.638054146056611, "efficiency": 0.26718918499049443, "cost": 0.14603207611407443, "score": 0.3624463975426899}