{"quality": 1, "novelty": 0.3101583681036268, "diversity": 0.5078425735889316, "efficiency": 0.4177038087078262, "cost": 1, "score": 0.44176367804986694}