{"quality": 0.6531363286148408, "novelty": 1, "diversity": 0.5935540570628721, "efficiency": 0, "cost": 0.633325072382068, "score": 0.5013192027588198}