{"quality": 0.23712250013566835, "novelty": 0.5141287808404222, "diversity": 0.512608201961987, "efficiency": 0.43744825124385495, "cost": 0.7079661678093594, "score": 0.2970112065488457}