{"quality": 0.42206924305942156, "novelty": 0, "diversity": 0.5890486791504357, "efficiency": 0.9125593437972852, "cost": 0.6408688860150518, "score": 0.31722752171600116}