{"quality": 0.23176914995174855, "novelty": 0.6918654842992906, "diversity": 0.9498578531208135, "efficiency": 0.873953760105057, "cost": 0.4396939549566529, "score": 0.5195923552046031}