{"quality": 0.4137908265923957, "novelty": 0.853157359931807, "diversity": 0.6467444327806244, "efficiency": 0.4837829519267838, "cost": 0.021253580389283835, "score": 0.5372175592668845}