{"quality": 0, "novelty": 0.43013595875708976, "diversity": 0.750622099998969, "efficiency": 0.6700051439907716, "cost": 1, "score": 0.258159181287682}