{"quality": 0.4869920575991341, "novelty": 0.6019350565699754, "diversity": 0.17837309054753486, "efficiency": 0.45324182857224277, "cost": 0.3307406779337841, "score": 0.36716820602419903}