{"quality": 0.12781248526965389, "novelty": 0.5426910662263791, "diversity": 0, "efficiency": 0.770685345430292, "cost": 0.7782209194371337, "score": 0.21179722200832135}