{"quality": 0.42997215668205835, "novelty": 0.8680864889451454, "diversity": 0.44657377699967005, "efficiency": 0.3721223359912755, "cost": 0.0840144371702033, "score": 0.4827449313225088}