{"quality": 0.2625667066518461, "novelty": 0.9395554426074639, "diversity": 0.780510670202728, "efficiency": 0.831483331359127, "cost": 0.4129281894885566, "score": 0.5531906874429788}