{"quality": 0.6542827862083515, "novelty": 0.5250163460265663, "diversity": 0.4514762161508776, "efficiency": 0.19082842533292743, "cost": 1, "score": 0.34645842939926164}