{"quality": 0.6330246347799126, "novelty": 0.9069303870610272, "diversity": 0.7563006692115566, "efficiency": 0.3625708894426103, "cost": 0.26861644310982713, "score": 0.5954241101469507}