{"quality": 0.8555622608448412, "novelty": 0.3995813641064931, "diversity": 0.5124231923112694, "efficiency": 0.4555453776772107, "cost": 0, "score": 0.5273804643939111}