{"quality": 0.5604322941642836, "novelty": 0, "diversity": 0, "efficiency": 0.2966357771783933, "cost": 0.8778838128832012, "score": 0.12483667353772396}