{"quality": 0.8669676466744053, "novelty": 0.19661172639740648, "diversity": 1, "efficiency": 0.3844130314831014, "cost": 0.054658720126059934, "score": 0.5614393083115324}