{"quality": 0.36209301050909615, "novelty": 0.38675401906337037, "diversity": 0.5194424171829619, "efficiency": 0.731592668674491, "cost": 0.21917223280780596, "score": 0.3970265683755569}