{"quality": 0.1764844540816426, "novelty": 0.5333346046258658, "diversity": 0.18552276985460442, "efficiency": 0.3754935783512722, "cost": 0.1755489878617441, "score": 0.26215267931839653}