{"quality": 0, "novelty": 0.29128820179098514, "diversity": 0.4216922342029513, "efficiency": 0.9850975498929689, "cost": 1, "score": 0.20492512977228192}