{"quality": 0.6249355735731046, "novelty": 0.24358931421256041, "diversity": 0.6579351087905059, "efficiency": 0.491421618853006, "cost": 0.5499401159885635, "score": 0.39868425361226717}