{"quality": 0.6821647484712227, "novelty": 0.7947175617161395, "diversity": 0.6036365729402146, "efficiency": 0.9322779128104535, "cost": 0.44007771382198185, "score": 0.6198900450978142}