{"quality": 0.738218579527607, "novelty": 0.9110508410966679, "diversity": 0.19047492179385261, "efficiency": 0.4307972647742707, "cost": 0.21025242783675363, "score": 0.5309176154236849}