{"quality": 0.6424727354850046, "novelty": 0.25339924666100855, "diversity": 0.6377822707797653, "efficiency": 0.3203485099422024, "cost": 0.6273585445200683, "score": 0.3689645085060301}