{"quality": 0.4745680969566517, "novelty": 0.10493106370725944, "diversity": 0.4142626681675451, "efficiency": 0.6309564033421924, "cost": 0.19926146132395461, "score": 0.3261730430162528}