{"quality": 0.7939871704600521, "novelty": 0.18384480071553205, "diversity": 0.5898118325022664, "efficiency": 1, "cost": 0.06401516833752442, "score": 0.5457182009835995}