{"quality": 0.20140208138443066, "novelty": 0.01189910644833364, "diversity": 0.4563308550851212, "efficiency": 0.7927797548059389, "cost": 0.354891844580857, "score": 0.23808935080724203}