{"quality": 0.19749000400008615, "novelty": 0.6298800715606798, "diversity": 0.30508831227808036, "efficiency": 0.45234873770538964, "cost": 0.21425714856708428, "score": 0.3241612773449119}