{"quality": 1, "novelty": 0, "diversity": 0.18054830702921912, "efficiency": 0.9075254332851985, "cost": 0.8374427706716819, "score": 0.3884941993314554}