{"quality": 0.7817087169051042, "novelty": 0.9491150792907681, "diversity": 0.3213531862744668, "efficiency": 0.1487334015728619, "cost": 0.7758874323288576, "score": 0.4807832891521602}