{"quality": 0.5119671078757659, "novelty": 0.4141718391555148, "diversity": 0.5758988883087293, "efficiency": 0.7445332758585381, "cost": 0.7020446833518076, "score": 0.41378839285695435}