{"quality": 0.7231549992082096, "novelty": 0.7583377638292221, "diversity": 0.18198828203885634, "efficiency": 0.3199973201414615, "cost": 0.43598708900482713, "score": 0.4473294862482761}