{"quality": 0.09151347329194404, "novelty": 0.871087277014748, "diversity": 0.37639566160881416, "efficiency": 0.6004675430272735, "cost": 0.3884787510175453, "score": 0.3717272499153696}