{"quality": 0.622342632977745, "novelty": 0.36488958423061824, "diversity": 0, "efficiency": 0.2860414624916388, "cost": 0.7211274071557106, "score": 0.24871866460915282}