{"quality": 0.291189004193627, "novelty": 0.8227182941108682, "diversity": 0.8739489587111984, "efficiency": 0.46925880404968345, "cost": 0.42070452774598965, "score": 0.4961444343608984}