{"quality": 0.7603418951860363, "novelty": 0, "diversity": 0.9745656016519734, "efficiency": 0.8972158854528162, "cost": 0.8942300751527694, "score": 0.4681750641888511}