{"quality": 0.9110642305979869, "novelty": 0.27017790112005463, "diversity": 0.5077092016654143, "efficiency": 0.9693372852367178, "cost": 0.5435731645195692, "score": 0.5334488611260434}