{"quality": 0.8953954017035666, "novelty": 0.6387249599735162, "diversity": 0.6467840366358834, "efficiency": 0.6812449836926469, "cost": 0.773012692816108, "score": 0.582542146103912}