{"quality": 1, "novelty": 0.693155904618145, "diversity": 0.6308019109130494, "efficiency": 0, "cost": 0.5729543498370666, "score": 0.5421539233534394}