{"quality": 0.9900645744575431, "novelty": 0.6136692306575373, "diversity": 0.09351787813284596, "efficiency": 0.3983165347111407, "cost": 0.9207791672623928, "score": 0.4368098191086483}