{"quality": 0.1514997070009103, "novelty": 0.2708811699198729, "diversity": 0.715224307822097, "efficiency": 0.4024325170080087, "cost": 0.5045616098359846, "score": 0.26612378271226356}