{"quality": 0.6225402159411257, "novelty": 0.7232103326139375, "diversity": 0.9462503646446323, "efficiency": 0.29562896280209483, "cost": 0.5810167308460855}