{"quality": 0.13623690139162065, "novelty": 0.5706162557482312, "diversity": 0.9680870602095965, "efficiency": 0.09989453527984837, "cost": 0.3920813879706492, "score": 0.3529185878913756}