{"quality": 0.33629163567389136, "novelty": 0.2933593069221299, "diversity": 0.24821233417028615, "efficiency": 1, "cost": 0.21829051089956625, "score": 0.35204073317680046}