{"quality": 0.9050639761209021, "novelty": 0.25253317147760695, "diversity": 0.4052487493637424, "efficiency": 0.2054982938898306, "cost": 0.39496316351319116, "score": 0.4070306633105763}