{"quality": 0.25766276674937916, "novelty": 0.9708605875723434, "diversity": 0.43788483845777604, "efficiency": 0.8935712383447587, "cost": 0.5373669616651431, "score": 0.4878899341946542}