{"quality": 0.5655329244979885, "novelty": 0.18369218594464942, "diversity": 0.10017920608885034, "efficiency": 0.6247594862832557, "cost": 0.6180150084518055, "score": 0.2675311871506368}