{"quality": 0.5291383211225404, "novelty": 0.5460365261721161, "diversity": 0.5038803669500691, "efficiency": 0.7351170592385011, "cost": 0.37508755645742325, "score": 0.4687855045098379}