{"quality": 0.922337642389205, "novelty": 0.5926224571426715, "diversity": 0.8033078975553051, "efficiency": 0.0, "cost": 1.0}