{"quality": 0.3993917068833762, "novelty": 0.7049489117425498, "diversity": 0.4326811570234655, "efficiency": 0.7231652935403039, "cost": 1, "score": 0.39106576543638893}