{"quality": 0.9463192909638487, "novelty": 0.21211946298795753, "diversity": 0.7201064224333007, "efficiency": 0.5095782252479, "cost": 0.41203823384334115, "score": 0.516179847925655}