{"quality": 0.30557634049849275, "novelty": 0.048193777056664666, "diversity": 0.9398101736540501, "efficiency": 0.6600463481205168, "cost": 0.004088263458387836, "score": 0.39028150701676273}