{"quality": 0.21534622989853447, "novelty": 0.1491090551698901, "diversity": 0, "efficiency": 1, "cost": 0.8788762842531517, "score": 0.16399350433671767}