{"quality": 0.6033926934612951, "novelty": 0.08689297416284608, "diversity": 0.3668102713175791, "efficiency": 0.6742096546110193, "cost": 0.2859457221747504, "score": 0.34863998181679373}