{"quality": 0.7108660137288516, "novelty": 0.4862419377697177, "diversity": 0.753973894937092, "efficiency": 0.2774358358449646, "cost": 0.5051302812718339, "score": 0.4767174147980646}