{"quality": 0.6858780197256589, "novelty": 1, "diversity": 0.16816723445932968, "efficiency": 0.2903014931017702, "cost": 0.8113530232908128, "score": 0.4518067744457478}