{"quality": 0.5328002013123269, "novelty": 0.3026226254448008, "diversity": 0.7080802453748978, "efficiency": 0.5147516909211223, "cost": 0, "score": 0.45432451946804614}