{"quality": 0.9901396478341234, "novelty": 0.46925914147929526, "diversity": 0.4694210722527277, "efficiency": 0.569842525192463, "cost": 0.24022630402538953}