{"quality": 0.35260744540115174, "novelty": 0.13863680813006812, "diversity": 0.2771452718702093, "efficiency": 0.7922171503034807, "cost": 0.060055217321141996, "score": 0.3086975408403123}