{"quality": 0.6474302357178477, "novelty": 0.4034359829142959, "diversity": 0.5135887053276161, "efficiency": 0.46913096001305893, "cost": 0.9299945724858623, "score": 0.3751759942628241}