{"quality": 0.528325313793456, "novelty": 1, "diversity": 0.6311462258755003, "efficiency": 0.5470388211298127, "cost": 0, "score": 0.6167826624826087}