{"quality": 0.9092561027220701, "novelty": 0.9840666632288119, "diversity": 0.3430729988232237, "efficiency": 0.49539733470082065, "cost": 0, "score": 0.6617176965935918}