{"quality": 0.3250803510610896, "novelty": 0.1597254022364724, "diversity": 0.7598468919997439, "efficiency": 0.3974871154316155, "cost": 0.11973299564205517, "score": 0.33707460202793055}