{"quality": 0.3933611357300863, "novelty": 0.41911766072637163, "diversity": 0, "efficiency": 0.21260409985207152, "cost": 0.34888218071728877, "score": 0.2197901528067006}