{"quality": 1, "novelty": 0.06386710918011859, "diversity": 0, "efficiency": 0.8743913240872212, "cost": 0.6702778145498219, "score": 0.3800976944531306}