{"quality": 0.45408775376769467, "novelty": 0.47229796194515716, "diversity": 0.5639666261753277, "efficiency": 0.8402730355375159, "cost": 0.46567108615742325, "score": 0.4465679885665482}