{"quality": 0, "novelty": 0.5319436935458715, "diversity": 0.7885651040002123, "efficiency": 0.8072391012479379, "cost": 0.11174089131037299, "score": 0.4006107202426637}