{"quality": 0.4828392681591661, "novelty": 0.873458672297802, "diversity": 0.043683228034351346, "efficiency": 0.5291041296505026, "cost": 0.9260475799107439, "score": 0.3587139555855716}