{"quality": 1, "novelty": 0, "diversity": 0, "efficiency": 0.9532488848636144, "cost": 0.6861873198441637, "score": 0.3743686007451258}