{"quality": 0.6925772423543248, "novelty": 0.557181185054296, "diversity": 0.9388552144034125, "efficiency": 0.7547720005085417, "cost": 0.5431494560339364, "score": 0.5937403663234414}