{"quality": 0, "novelty": 1, "diversity": 0.27735077875255726, "efficiency": 0.005591817097094276, "cost": 0.14089756573723994, "score": 0.2922191717413516}