{"quality": 0.2908112144035606, "novelty": 0.9130473479342458, "diversity": 0.5310771580069236, "efficiency": 0.742980132638524, "cost": 1, "score": 0.43316765280179303}