{"quality": 0.8218828325814036, "novelty": 0.382556140577997, "diversity": 0.5165487986413868, "efficiency": 0.4481740974873696, "cost": 0.539278455609359, "score": 0.45881191370936725}