{"quality": 0.28722051944774374, "novelty": 0.2735251372367413, "diversity": 0, "efficiency": 0.6660050747153855, "cost": 0.7264625043486356, "score": 0.18180195091595275}