{"quality": 0.23523075045705708, "novelty": 0.44752085940900094, "diversity": 0.4610962568876499, "efficiency": 0.6923165312510409, "cost": 0.6558557240485299, "score": 0.3129305986497004}