{"quality": 0.7439866659177186, "novelty": 0.6745745529969932, "diversity": 0.02962422942527712, "efficiency": 1.0, "cost": 0.7369511230156283}