{"quality": 0.23303861104513796, "novelty": 0.5407605099907844, "diversity": 0.2692728593162008, "efficiency": 0.18074461499193312, "cost": 0.7725194080208199, "score": 0.20881603412118566}