{"quality": 0.6419409563811829, "novelty": 0.4810034736633527, "diversity": 0.7344072275612722, "efficiency": 0.344332657792354, "cost": 1, "score": 0.4113644995113006}