{"quality": 0.8607365196664476, "novelty": 0.4087190311730225, "diversity": 0.4832855612279534, "efficiency": 1, "cost": 0.8201336525626338, "score": 0.5250444606825172}