{"quality": 1, "novelty": 0.1870774374820784, "diversity": 0.5594508873976012, "efficiency": 0, "cost": 0.769074473630117, "score": 0.3817520894870281}