{"quality": 0.06230131277146958, "novelty": 0.6820308763836395, "diversity": 0.39040843849969514, "efficiency": 0.6805608616763923, "cost": 0.5105378876835616, "score": 0.3183101411103924}