{"quality": 0, "novelty": 0.04214392122660557, "diversity": 0.5176107890375801, "efficiency": 0.48456087740609544, "cost": 0.5561275811463242, "score": 0.1311295116104493}