{"quality": 0.30970038939470806, "novelty": 0.5421538509545553, "diversity": 0.23631969624776245, "efficiency": 0.25782236348322274, "cost": 0.1518152111312667, "score": 0.29920435221596053}