{"quality": 1, "novelty": 0, "diversity": 1, "efficiency": 0.2817042072422555, "cost": 0.8739849786513443, "score": 0.4548571332212039}