{"quality": 0.44887796084711634, "novelty": 0.29664313587338265, "diversity": 0.9715063887657258, "efficiency": 0, "cost": 0.1298247292087854, "score": 0.39014297705474715}