{"quality": 0.8856974478906425, "novelty": 0.5847705194453585, "diversity": 0.6468353738952012, "efficiency": 0.499913473071638, "cost": 0.7237074831787491, "score": 0.5438852116504435}