{"quality": 0.1850220940331101, "novelty": 0.7245838017595101, "diversity": 0.8648879608787073, "efficiency": 0.8175205718388299, "cost": 0.5124642294061263, "score": 0.48101183366076383}