{"quality": 0.41663615739857174, "novelty": 0.4225527270949672, "diversity": 0.207822046643053, "efficiency": 0.08447291997584436, "cost": 0.551890262848614, "score": 0.2296753500334392}