{"quality": 0.17881906826136917, "novelty": 0.6631784156260937, "diversity": 1, "efficiency": 0, "cost": 0.9527935544594417, "score": 0.32416096893899}