{"quality": 0.44074510990783977, "novelty": 0.5914125793609283, "diversity": 0.5967809167517917, "efficiency": 0.35510061371503815, "cost": 0.36606096092183105, "score": 0.41609185712801494}