{"quality": 0.4692702616374904, "novelty": 0.44553010699446166, "diversity": 0, "efficiency": 0.8178092916387126, "cost": 0.5284600772031633, "score": 0.3219889912653531}