{"quality": 0.18558170635468557, "novelty": 0.2160778369603718, "diversity": 0.2302260663542303, "efficiency": 0.16306598683525525, "cost": 1, "score": 0.08019908244263296}