{"quality": 0.9008230488255599, "novelty": 0.04920512116067069, "diversity": 0.49354787608662803, "efficiency": 0.9730007551290929, "cost": 0.62103787299123, "score": 0.46510409612540216}