{"quality": 0.7444883590690146, "novelty": 1.0, "diversity": 0.948062585973052, "efficiency": 0.2134194303455039, "cost": 0.6776000094478255}