{"quality": 0, "novelty": 0.9904979555897276, "diversity": 0.4561354434912844, "efficiency": 0.5295310941364895, "cost": 0.0741877551900069, "score": 0.41086246619716155}