{"quality": 0, "novelty": 0.9164049751602692, "diversity": 0.7229861580540478, "efficiency": 1, "cost": 0.05036264755233166, "score": 0.5186622106456438}