{"quality": 0.8736996784510591, "novelty": 0.3535079749263364, "diversity": 0.5605984814656855, "efficiency": 0.5942643338357406, "cost": 0.4940014999997181, "score": 0.5023460936354283}