{"quality": 0.5103273599947892, "novelty": 0.2590904985114308, "diversity": 0.3453124033820602, "efficiency": 0.2454852725121386, "cost": 0.3369597694192134, "score": 0.2900601272376059}