{"quality": 1, "novelty": 0.8515240320132298, "diversity": 0.7412989043285012, "efficiency": 0.07493566535893847, "cost": 0.5775895201403811, "score": 0.6146221866588104}