{"quality": 0.02307818917589327, "novelty": 0.41859355796617087, "diversity": 0.4260756720693175, "efficiency": 0.6304497096874634, "cost": 0.5060113783195253, "score": 0.2407532992793412}