{"quality": 0.5657868174670563, "novelty": 0.8520762658453522, "diversity": 0.5100236207424572, "efficiency": 0.42908008896093675, "cost": 0.868036791569658, "score": 0.4623181700371211}