{"quality": 0.19356411723588146, "novelty": 0.17625123697611295, "diversity": 0.3370048582693736, "efficiency": 1, "cost": 0.5720505011150404, "score": 0.2623279659571633}