{"quality": 0.3802981375469288, "novelty": 0.7225819789783332, "diversity": 0.3036738428457176, "efficiency": 0.29512069236059796, "cost": 0.6115754014937492, "score": 0.33858026828252025}