{"quality": 0.7459218768278552, "novelty": 0.5660384198181495, "diversity": 0.19391204356020803, "efficiency": 1, "cost": 0.1290976328561089, "score": 0.5411588134293247}