{"quality": 0.5607853433081825, "novelty": 0.29360741117143885, "diversity": 0.023974861772651346, "efficiency": 0.18225439022907214, "cost": 0.60322102042209, "score": 0.21344848463199656}