{"quality": 0.2770148400638388, "novelty": 0.5986010773401589, "diversity": 0.7487083427027208, "efficiency": 0.6974244934575893, "cost": 0.7159674824657581, "score": 0.41551331566679806}