{"quality": 0.6923822647228968, "novelty": 0.9708399364475223, "diversity": 0.15850778097566406, "efficiency": 0.7873340915084597, "cost": 0.34553657127206355, "score": 0.565672676322945}