{"quality": 0.6850407973296974, "novelty": 0.18703233507052103, "diversity": 0.6000411193783429, "efficiency": 0.8403429898169004, "cost": 0.34594920993730677, "score": 0.4637350743210124}