{"quality": 0.12269313519183325, "novelty": 0.6299464748577446, "diversity": 0.4047276734371666, "efficiency": 0.08002442343297211, "cost": 1, "score": 0.18724375747436525}