{"quality": 0.09723396518967165, "novelty": 0.6710488360194571, "diversity": 0.49839805699738454, "efficiency": 0.7864459680172424, "cost": 0.23616970651001234, "score": 0.3909619345128278}