{"quality": 1, "novelty": 0.33815159255140154, "diversity": 0.6509974086937216, "efficiency": 0.08120621935723715, "cost": 0.6509451917302999, "score": 0.4618237936071503}