{"quality": 0, "novelty": 1, "diversity": 0.6766212197575909, "efficiency": 0.2920757153440089, "cost": 1, "score": 0.3291356012531196}