{"quality": 0.7851006050304297, "novelty": 0.25953703464694294, "diversity": 0.38597667420991916, "efficiency": 0.6050740567044537, "cost": 0.22383921657350292, "score": 0.44598696186116615}