{"quality": 0.762028361500315, "novelty": 0.3329758418241075, "diversity": 0.018186244757276704, "efficiency": 0.8085359129643062, "cost": 0.7961974669917709, "score": 0.3571503581030456}