{"quality": 0.3284764924781721, "novelty": 0.4262577344742987, "diversity": 0.8799439276579742, "efficiency": 0.24544331410085857, "cost": 0.22167492599735578, "score": 0.39574517140901444}