{"quality": 0.11028858617401527, "novelty": 0.37723535834896316, "diversity": 0.7470440273706291, "efficiency": 0.24743144684345245, "cost": 0.47843668667444916, "score": 0.26607526927264413}