{"quality": 0.7628834939264675, "novelty": 0.24239445447758912, "diversity": 0.732893977116934, "efficiency": 0.6783434267853273, "cost": 0.7434459984131031, "score": 0.46344937139721315}