{"quality": 0.9076365444915415, "novelty": 0.12557925980756787, "diversity": 0.47612494259421606, "efficiency": 0.34950642648703134, "cost": 1, "score": 0.35133673079125227}