{"quality": 0.5727598131252178, "novelty": 0.6671868068365733, "diversity": 0.33998229318872797, "efficiency": 0.24582369290570438, "cost": 0, "score": 0.44349465822031}