{"quality": 0.6805493060218124, "novelty": 1, "diversity": 1, "efficiency": 0.812622273608087, "cost": 0.715736893783157, "score": 0.7044844434694411}