{"quality": 0.8612788813434995, "novelty": 0.5549072623278248, "diversity": 0.872393334666375, "efficiency": 0, "cost": 1, "score": 0.471589146918281}