{"quality": 0.15196447028241505, "novelty": 0.38947264904945955, "diversity": 1, "efficiency": 0.10934064416063687, "cost": 0.35547153923093827, "score": 0.3238114460480911}