{"quality": 0.8743707684929621, "novelty": 0.48182123585907843, "diversity": 0.5826774858853423, "efficiency": 0.471516072891164, "cost": 0.04274014404833262, "score": 0.5657554332185681}