{"quality": 0.24759716204617316, "novelty": 0.49680148825304893, "diversity": 0.428004717161084, "efficiency": 0.37872762791185605, "cost": 0.09396801275234479, "score": 0.3314928070208749}