{"quality": 0.40265212848564025, "novelty": 0.4668162963805841, "diversity": 0.516923815682762, "efficiency": 1, "cost": 0.7404292675532701, "score": 0.41684154902206344}