{"quality": 0, "novelty": 0.3028431153760234, "diversity": 0.8214243724226685, "efficiency": 0.8961423066973468, "cost": 0.2095460873544142, "score": 0.3534623905977001}