{"quality": 0.4694213649384755, "novelty": 0.9768552271428144, "diversity": 0, "efficiency": 0.4139889290601609, "cost": 0.6811875352297572, "score": 0.37901980210329467}