{"quality": 0.7496723543670477, "novelty": 0.406873559247975, "diversity": 0.03402338972640437, "efficiency": 1, "cost": 0.02855925278885757, "score": 0.48056884878850314}