{"quality": 0, "novelty": 0, "diversity": 0.7093805875789704, "efficiency": 0.3016813649975661, "cost": 0.4625808104889726, "score": 0.14087024121653172}