{"quality": 0, "novelty": 0.2642586792509429, "diversity": 0.9407609057370957, "efficiency": 0, "cost": 0.2496551900340271, "score": 0.22925133195675218}