{"quality": 1.0, "novelty": 0.33794783829032393, "diversity": 0.6072264948512068, "efficiency": 0.4044817471785279, "cost": 0.10662779447601588}