{"quality": 0.5305812722988894, "novelty": 0.7908059694594711, "diversity": 0.7296297349999094, "efficiency": 0.15924761701950016, "cost": 0.3036917238310787}