{"quality": 0.18413424586560628, "novelty": 0.67462422746701, "diversity": 0.46732758418153575, "efficiency": 0.12730222477229142, "cost": 0.6380603978389998, "score": 0.27265114139468527}