{"quality": 0.8823230409622078, "novelty": 0.9084353970350179, "diversity": 0.7195745221033218, "efficiency": 0.2160827401155367, "cost": 0.32781741015475147, "score": 0.6353513359699365}