{"quality": 0.19471484024454072, "novelty": 0.6443531048622905, "diversity": 0.7795957014997466, "efficiency": 0.21630946166293935, "cost": 0.9110786664651802, "score": 0.31676042119180703}