{"quality": 0.7915215610836208, "novelty": 0.03843196541778349, "diversity": 0.2536251336880603, "efficiency": 0.5286676078604071, "cost": 0.3900620990631686, "score": 0.33808341768988837}