{"quality": 0.18094504724464103, "novelty": 0.7107419152689962, "diversity": 0.20036411055556144, "efficiency": 0.8314840261226726, "cost": 0.2004975036982199, "score": 0.37671466865033254}