{"quality": 0.6399798642283927, "novelty": 0.52358702850849, "diversity": 0.3092203819737851, "efficiency": 0.9512191115547803, "cost": 0.9784702751421452, "score": 0.4295706320093999}