{"quality": 0.8167926259995315, "novelty": 0.3784915672573685, "diversity": 0.8560814835397863, "efficiency": 0, "cost": 0.8031827213013569, "score": 0.4305587041920231}