{"quality": 0.4140575903590375, "novelty": 0.4317801708033139, "diversity": 0.2552623606208522, "efficiency": 0.8530793490009924, "cost": 0.3902228485517161, "score": 0.37215440942768735}