{"quality": 0.5134639756668095, "novelty": 0.9853007086556343, "diversity": 0.7237039349575493, "efficiency": 0.4554837477910754, "cost": 0.7332478985104228}