{"quality": 0.6156351107348775, "novelty": 0.6390052742926668, "diversity": 0.6172438104711662, "efficiency": 0.3614335028327745, "cost": 0.9029395939850685, "score": 0.43181167991427244}