{"quality": 0.5940493890156054, "novelty": 0, "diversity": 0.10916746491859133, "efficiency": 0.6787817336593392, "cost": 0.3855789721844534, "score": 0.26330767251885545}