{"quality": 0.4195628197601381, "novelty": 0.36532838371248294, "diversity": 0.530740791653207, "efficiency": 0.6850871696887699, "cost": 0.4924412898233932, "score": 0.37686804665777973}