{"quality": 0.24681525138240779, "novelty": 0.1309750248420521, "diversity": 0.5049332679677494, "efficiency": 0.17274133783515072, "cost": 0.7228501932949345, "score": 0.16140116656456438}