{"quality": 0.6743186749805348, "novelty": 0.5324976528441745, "diversity": 0.49286819080526, "efficiency": 0.9432144107641856, "cost": 0.6014247458869685}