{"quality": 1, "novelty": 0.303872530461672, "diversity": 0.230414267435067, "efficiency": 0.5542226345468666, "cost": 0.8366674069933838, "score": 0.42151764058512303}