{"quality": 0.39829725416750733, "novelty": 0.5031179527192863, "diversity": 0.2501702480739872, "efficiency": 0.3342476334674187, "cost": 0.17040639835329402, "score": 0.32839921922965465}