{"quality": 0.9027713827544237, "novelty": 0.3437432501438286, "diversity": 0.3008839641150475, "efficiency": 1, "cost": 0.8401698863100266, "score": 0.4829270315542911}