{"quality": 0.7464638191449822, "novelty": 0.8000211768576367, "diversity": 0, "efficiency": 0.4562278224605892, "cost": 0.8157952958050723, "score": 0.41079908374648494}