{"quality": 0, "novelty": 0, "diversity": 0.22475913639848477, "efficiency": 0, "cost": 1, "score": -0.055048172720303046}