{"quality": 0.4371106625666606, "novelty": 0.2659341809299023, "diversity": 0.01046406962874058, "efficiency": 1, "cost": 0.5067971834304892, "score": 0.299029839585173}