{"quality": 0.7621953669981842, "novelty": 1.0, "diversity": 0.8788768010700417, "efficiency": 0.7471648364339832, "cost": 0.06165089297955868}