{"quality": 0.4645094047513878, "novelty": 0.5467004071275541, "diversity": 0.6006097776663416, "efficiency": 0.26042098109436773, "cost": 1, "score": 0.33521302590472835}