{"quality": 0.33389647074074985, "novelty": 0.4948440075200088, "diversity": 0.8246651645717046, "efficiency": 0.5483411992600653, "cost": 0.4031607650220422, "score": 0.4307480794033736}