{"quality": 0.5780767681147054, "novelty": 0.21524647006433145, "diversity": 0.06954697663693307, "efficiency": 0, "cost": 0.4806479107348069, "score": 0.1930792522044004}