{"quality": 0.26542239222856784, "novelty": 0.07741649045846175, "diversity": 0.8524690779754788, "efficiency": 0.27951219671650024, "cost": 0.9622675425743996, "score": 0.21517473112831664}