{"quality": 0.8148682409158947, "novelty": 0.7309120657042443, "diversity": 0.5028228621719921, "efficiency": 0.5294986458154827, "cost": 0.1643378339890713, "score": 0.5907440746086432}