{"quality": 0.6922636630970675, "novelty": 0.34173422716635987, "diversity": 0.28385343800338925, "efficiency": 0.5336148682611437, "cost": 0.7385804908055438, "score": 0.3560675244800052}