{"quality": 0.4179642273583951, "novelty": 0.3304519874692976, "diversity": 0.31889580856319294, "efficiency": 0.24456832401499878, "cost": 0.006282356509935749, "score": 0.30783843973873776}