{"quality": 0.14334128121106054, "novelty": 0, "diversity": 0.7040643768420947, "efficiency": 0.6046199332195477, "cost": 0.3184027625940216, "score": 0.24266797345526708}