{"quality": 0.44856440307880985, "novelty": 0.9723601328064435, "diversity": 0.08797900444889456, "efficiency": 0.9565864506614863, "cost": 0.09325780212179463, "score": 0.5294173424020763}