{"quality": 0.5792367136780722, "novelty": 1, "diversity": 0.051951081447280695, "efficiency": 1, "cost": 0.3901676625043511, "score": 0.5451444641424427}