{"quality": 0.8015120681490138, "novelty": 1, "diversity": 0.731435484069524, "efficiency": 0.06531840346823989, "cost": 0.5541585209943998, "score": 0.5911226256794049}