{"quality": 0.721943697980326, "novelty": 0.3411366706434519, "diversity": 0.5426623382116984, "efficiency": 0.34825123722413526, "cost": 0.6929448240606371, "score": 0.393342947874857}