{"quality": 0.41830927678669316, "novelty": 0.30503248176411074, "diversity": 0.23217967028940942, "efficiency": 0.6377152065197011, "cost": 0.504065781080125, "score": 0.29343754040486014}