{"quality": 0.48489091822397556, "novelty": 0.288503953800884, "diversity": 0.24159990108087145, "efficiency": 0.6743840415111146, "cost": 0.7338626658316973, "score": 0.2936845837770854}