{"quality": 0.4266827464402681, "novelty": 0.023734545191928802, "diversity": 0, "efficiency": 0.9060156174892942, "cost": 0.3168894615384791, "score": 0.23815185669960884}