{"quality": 0.3351750018150584, "novelty": 0.4540618893164472, "diversity": 0.9043947349423985, "efficiency": 0.9572824017598953, "cost": 0.6050687638442709, "score": 0.4780324037416662}