{"quality": 0.4694245676787117, "novelty": 0.8980454170260763, "diversity": 0.42059642516152695, "efficiency": 0.3415192204666583, "cost": 0.3244002905029414, "score": 0.46824586361214254}