{"quality": 0.35400824475687254, "novelty": 0, "diversity": 0.9675881140303534, "efficiency": 0.26839189203820957, "cost": 0.772409562619758, "score": 0.2627379237768881}