{"quality": 0.17575532265272348, "novelty": 0.21700080811696273, "diversity": 0.04959096486510167, "efficiency": 0.0048304349751945586, "cost": 0.14041367635058297, "score": 0.10357818940929896}