{"quality": 0.6398889325284448, "novelty": 0.23712321158594798, "diversity": 0, "efficiency": 0.6949510594890869, "cost": 1, "score": 0.25549014157838346}