{"quality": 0.01660517402783887, "novelty": 0.7133805244365503, "diversity": 0.044012143508551024, "efficiency": 1, "cost": 0.5275554494556187, "score": 0.2893735670736376}