{"quality": 0.8372070477569609, "novelty": 0.19239491788334456, "diversity": 0.22369196150135487, "efficiency": 0.8658626972260797, "cost": 0.596153332167964, "score": 0.4142633074653109}