{"quality": 0.12235638962529496, "novelty": 0.39347189643430547, "diversity": 0.5636939189975974, "efficiency": 0.6237101713608644, "cost": 0.7706578719043916, "score": 0.2643044133093748}