{"quality": 0.10500899555715816, "novelty": 0.5171089335835795, "diversity": 0.3101738554546479, "efficiency": 0.5982027122663041, "cost": 0.5038288555975567, "score": 0.2621622244341618}