{"quality": 0.062309401325160024, "novelty": 0.4903424430503061, "diversity": 0.6068749889276144, "efficiency": 0.17111675222141226, "cost": 0.1434002424991803, "score": 0.2739809175289412}