{"quality": 0.8801799860265057, "novelty": 0.47738210387863467, "diversity": 1, "efficiency": 0.3364646836977154, "cost": 0.7331486435579031, "score": 0.5605543599764775}