{"quality": 0.3634258672463289, "novelty": 0.09583740193702212, "diversity": 0.33566354609645355, "efficiency": 0.352618153079892, "cost": 0.5513537926043777, "score": 0.197877163578991}