{"quality": 0.387973877494244, "novelty": 0.5437103905413948, "diversity": 0.25745423205095735, "efficiency": 0.305293385827696, "cost": 0, "score": 0.34960461516796776}