{"quality": 0.5647786942865495, "novelty": 0.8205583442285442, "diversity": 0.8063384309995617, "efficiency": 0.27326627851354657, "cost": 0.05661730005580434, "score": 0.5711690923144648}