{"quality": 0.7214421870592056, "novelty": 0.4943290828628402, "diversity": 0.14451476687552856, "efficiency": 0.9196696650757914, "cost": 0.9608052813035315, "score": 0.41078780183959296}