{"quality": 0.31843112944596635, "novelty": 0.7891629548326049, "diversity": 0.1959433471721161, "efficiency": 0.7013059910579954, "cost": 0.8775715393885191, "score": 0.34944749169621175}