{"quality": 0.6303289837873873, "novelty": 0.960716263310497, "diversity": 0.42611717085601525, "efficiency": 0.6321626373677111, "cost": 0.5007016214775688}