{"quality": 0, "novelty": 0.6498963544856734, "diversity": 0.5742395332516306, "efficiency": 0.041929249555553355, "cost": 0.5949745911558986, "score": 0.22411392358948767}