{"quality": 0.7131750489397624, "novelty": 0.8085275786463428, "diversity": 0.38382288021112526, "efficiency": 0.5751267504316531, "cost": 0.21370949785190257, "score": 0.5577470481652972}