{"quality": 0, "novelty": 0.4722131180302184, "diversity": 1, "efficiency": 0.5733147708386472, "cost": 0.5408379799299817, "score": 0.34996669714035356}