{"quality": 0.7891862287092826, "novelty": 0.5097141827606221, "diversity": 1, "efficiency": 0.7461581940434098, "cost": 0.3823421084118385, "score": 0.6378739325682679}