{"quality": 0.9069629183389981, "novelty": 0.14912226417897517, "diversity": 0.41872729264275066, "efficiency": 0.6397037720880616, "cost": 0.6003866973635343, "score": 0.42903179615184917}