{"quality": 0, "novelty": 0.39009574015991666, "diversity": 0.3644172156480319, "efficiency": 0.22680751189349357, "cost": 0.8590251789753159, "score": 0.11852598705607799}