{"quality": 0.8926902781914039, "novelty": 0.5664865445691708, "diversity": 0.46277601112989114, "efficiency": 0.5979343825505112, "cost": 0.3909859556969966, "score": 0.5525754836385691}