{"quality": 0.6124994994805265, "novelty": 0.8792155285136395, "diversity": 1, "efficiency": 0.8937041551695679, "cost": 0.8021126038111213, "score": 0.6573980948668909}