{"quality": 1, "novelty": 0.8110225849587347, "diversity": 0.8711825183722984, "efficiency": 0.7805189341848495, "cost": 0.5472369569226458, "score": 0.7393462943496063}