{"quality": 0.963499326309289, "novelty": 0, "diversity": 0.7621378438960236, "efficiency": 0.30456436926555974, "cost": 0.6565423812446913, "score": 0.4215077839373562}