{"quality": 0.7059951355482653, "novelty": 0.338105336019428, "diversity": 0.875478396109039, "efficiency": 0.5313421589453073, "cost": 0.9661773440022923, "score": 0.4545041433327113}