{"quality": 0.5240138549652241, "novelty": 0.18290954880695537, "diversity": 0.3185989118311321, "efficiency": 0.5092947260711872, "cost": 0.3523370285267747, "score": 0.3078118321155331}