{"quality": 0.6887827781219418, "novelty": 0.3515913964549486, "diversity": 0.6901741687119216, "efficiency": 0.7162511115278323, "cost": 0.6980559858423936, "score": 0.4701995844376395}