{"quality": 0.6380772591615111, "novelty": 0.47359070603379944, "diversity": 0.4537397535574855, "efficiency": 0.9961883913865235, "cost": 0.9068130779090647, "score": 0.4593157558854723}