{"quality": 0.243775845178341, "novelty": 0.9846435392394484, "diversity": 0.42345636449691565, "efficiency": 0.6902064973196296, "cost": 0.7037076751094382, "score": 0.4371451183497481}