{"quality": 0.7824553691955374, "novelty": 0.8715788670606195, "diversity": 0.9179505606587244, "efficiency": 0.023631623741833946, "cost": 1.0}