{"quality": 0.14170785843091233, "novelty": 0.6308379090876276, "diversity": 1, "efficiency": 0.6931708592291508, "cost": 0.9385265097947575, "score": 0.41034481270607753}