{"quality": 0.17751478847609797, "novelty": 0.35204330924604327, "diversity": 0.32178801156461656, "efficiency": 0.6015256447959897, "cost": 0.21826258248156533, "score": 0.2740254546385054}