{"quality": 0.11266200455878089, "novelty": 0.2750037669581694, "diversity": 0.08491636915832709, "efficiency": 0.4034740865705918, "cost": 0.5603600383527442, "score": 0.12401792608915639}