{"quality": 0.644156884378206, "novelty": 0.38107359204184693, "diversity": 0.4277471512360925, "efficiency": 0.018309200437396866, "cost": 0.0486818095301802, "score": 0.37194309268373354}