{"quality": 0.36838026839066534, "novelty": 0.6649532454718374, "diversity": 0.3637332091721611, "efficiency": 0.7906797098032856, "cost": 0.4716393699578323, "score": 0.4209370531943008}