{"quality": 0.407040667709457, "novelty": 0.12510852546521345, "diversity": 0.3438007207320143, "efficiency": 0.6956406041906813, "cost": 0.3751135469259853, "score": 0.288984211761547}