{"quality": 0.6775306740704924, "novelty": 0.18162848341911766, "diversity": 0.3358802549759619, "efficiency": 0.4054270440643499, "cost": 0.9496690744661047, "score": 0.2816895232341615}