{"quality": 0.6098179072926755, "novelty": 0.40576325237009336, "diversity": 0.35264260973263895, "efficiency": 0.47268496203940086, "cost": 0.11320693966532475, "score": 0.4144967575662315}