{"quality": 0.47360937749039556, "novelty": 0.0803516384419952, "diversity": 0.19041802154021442, "efficiency": 0.7243980803799257, "cost": 0.03081197192698848, "score": 0.30583284202995037}