{"quality": 0.6485211408236145, "novelty": 0.3722183038578823, "diversity": 0.2787504295390149, "efficiency": 0.2434099557856613, "cost": 0.3413693206840008, "score": 0.345735565418807}