{"quality": 0.590538043620372, "novelty": 0.6428463032778798, "diversity": 0.6424622605668577, "efficiency": 0.17412970542883122, "cost": 0.023369721780903602, "score": 0.49014792465518736}