{"quality": 0.585207057730309, "novelty": 0.6398045943829997, "diversity": 0.8004639305776696, "efficiency": 0.5069967426666062, "cost": 0.7874611442752901, "score": 0.4929094490028385}