{"quality": 0.574491054812356, "novelty": 0.4627409883417691, "diversity": 0.2417215934025438, "efficiency": 0.3414957342427521, "cost": 0.2533345018160647, "score": 0.36226779216446414}