{"quality": 0.37032629088808844, "novelty": 0.46406279217276625, "diversity": 0.09631844975423307, "efficiency": 0.7954707146080262, "cost": 0.198837249517194, "score": 0.3458141574999492}