{"quality": 0.6719417342371783, "novelty": 0.796469332611918, "diversity": 0.4594648262816366, "efficiency": 0.5494631866304369, "cost": 0.6928590875873822, "score": 0.5057263879162877}