{"quality": 0.8139898485374348, "novelty": 0.40805857759672515, "diversity": 0.18754421345435873, "efficiency": 0.6577117273631076, "cost": 0.7514742021903307, "score": 0.40722978053671655}