{"quality": 0.31729773213300283, "novelty": 0.6343922229860494, "diversity": 0.4215211523756391, "efficiency": 0.9735611943759055, "cost": 0.7286815399518045, "score": 0.4112576310227464}