{"quality": 0.18663293592242527, "novelty": 0.23616138497697986, "diversity": 0.15611339564704385, "efficiency": 0.33792993753036477, "cost": 0.3759318096652237, "score": 0.15934921581341366}