{"quality": 0, "novelty": 0, "diversity": 0.44385126342578063, "efficiency": 0.4794620218911254, "cost": 0.21948961310340037, "score": 0.1387405946584849}