{"quality": 0.3059522619505307, "novelty": 0.07331129186275848, "diversity": 0.7166930345932647, "efficiency": 0.02549399377016895, "cost": 0.43684389070987606, "score": 0.21359181846403952}