{"quality": 0.462877192056731, "novelty": 0.6127141580997368, "diversity": 0, "efficiency": 0.2708789909844763, "cost": 1, "score": 0.23267354578962493}