{"quality": 0.40268181810018117, "novelty": 0.48509944869840793, "diversity": 0, "efficiency": 0.23526027938932187, "cost": 0.7776176443303705, "score": 0.19960668508001755}