{"quality": 0.5778738264268976, "novelty": 0.6748217157378298, "diversity": 0.9078700063750043, "efficiency": 0.3015862649813829, "cost": 0.8419574683012955, "score": 0.4846837710546055}