{"quality": 0.4302974942216785, "novelty": 0.33030883767004493, "diversity": 0.4415579144545548, "efficiency": 0.42039335339292844, "cost": 0.6818220837675231, "score": 0.2948548352071127}