{"quality": 0.7683933027089473, "novelty": 0.544521698495701, "diversity": 0.13182299190286753, "efficiency": 0.6623335631483849, "cost": 0.291998898450494}