{"quality": 0.3158215408222167, "novelty": 0.2608464771666431, "diversity": 0.5528571958917929, "efficiency": 0.40328567909859514, "cost": 0, "score": 0.33102237258147366}