{"quality": 1, "novelty": 0.37907526484297815, "diversity": 0.19095387229095906, "efficiency": 0.8586027824257669, "cost": 0.022448942200633842, "score": 0.559505113812738}