{"quality": 0.40952067624091626, "novelty": 0.5843810985448286, "diversity": 0.40040197266693917, "efficiency": 0.9543542970683758, "cost": 0.2972333310625507, "score": 0.46246168349587113}