{"quality": 0.8495213314552315, "novelty": 0.9977582401893867, "diversity": 0.15905694621216707, "efficiency": 0.1812421839248649, "cost": 0.9070100624692958, "score": 0.47259267006814965}