{"quality": 0.7042995956909477, "novelty": 0.3398194258197974, "diversity": 0.7065421807377235, "efficiency": 0.9933205918678889, "cost": 0.9708654820054072, "score": 0.48946471188942087}