{"quality": 1, "novelty": 0.5597644039512528, "diversity": 0.7030925568029864, "efficiency": 0.847245076881167, "cost": 0.28522991756227595, "score": 0.6791233821243579}