{"quality": 0.10944289950567646, "novelty": 0.1381620352463208, "diversity": 0.09496656768931766, "efficiency": 0.32867407192424175, "cost": 0.866436679887191, "score": 0.049024135001063826}