{"quality": 0.24224540301173758, "novelty": 0.2607053513416169, "diversity": 0.8182070127228459, "efficiency": 1, "cost": 0.4471859472652456, "score": 0.4067727665569701}