{"quality": 0.6751023663493579, "novelty": 0.3715081047489431, "diversity": 0.4270222364507072, "efficiency": 0.2805999134269802, "cost": 0.7884317700121386, "score": 0.3440589933950178}