{"quality": 0.40821130768196234, "novelty": 0.12112021663122198, "diversity": 1, "efficiency": 0.23495834971655644, "cost": 0.7687955938313212, "score": 0.31110763953674553}