{"quality": 0.6019816571270195, "novelty": 0.32975538474172555, "diversity": 0.798183801962373, "efficiency": 0.3265529080957049, "cost": 0.49465728344298987, "score": 0.4221873115860686}