{"quality": 0.7961559170586313, "novelty": 0.8371256413264568, "diversity": 0.34202758204811806, "efficiency": 0.11517649824075848, "cost": 1, "score": 0.43381017659494103}