{"quality": 0.7124296915276638, "novelty": 0.3235242973633857, "diversity": 0.5158673015973045, "efficiency": 0, "cost": 0.35697794224358126, "score": 0.3620856478942483}