{"quality": 0.21860231890541731, "novelty": 1, "diversity": 0.525841292310169, "efficiency": 0.7685394334036059, "cost": 1, "score": 0.43602986914419983}