{"quality": 0, "novelty": 0.04727592920222329, "diversity": 0.30905672235357673, "efficiency": 0.14513424375911724, "cost": 0.8449389335488198, "score": 0.01090656998025677}