{"quality": 1, "novelty": 0, "diversity": 0.4197860991414277, "efficiency": 0.8874861007290757, "cost": 0.08455124256483137, "score": 0.5086250106811638}