{"quality": 0.5508455065768668, "novelty": 0.6397519107045988, "diversity": 1, "efficiency": 0.36430514178257517, "cost": 1, "score": 0.4798374009165961}