{"quality": 0.8551914943024028, "novelty": 0.531300353667578, "diversity": 0.033170240083122804, "efficiency": 0.8412305679441223, "cost": 0.514677154417297}