{"quality": 0.2902700617381699, "novelty": 0.5819599650464731, "diversity": 0.6867526997325706, "efficiency": 0.1366798814231033, "cost": 0.23619144714972967, "score": 0.3668043872280759}