{"quality": 0.7882975459211928, "novelty": 0.4265572219939192, "diversity": 0.6744968019641455, "efficiency": 0.9720538209448362, "cost": 0.836155915492526, "score": 0.5402204112601395}