{"quality": 0, "novelty": 0.9859504458023817, "diversity": 0.4724330882681427, "efficiency": 0.38940650568770663, "cost": 0.2940859843845041, "score": 0.36997660651892955}