{"quality": 0.051846791339986625, "novelty": 0, "diversity": 0.5510632722076327, "efficiency": 0.13657160045645322, "cost": 0.24531489849825372, "score": 0.12172094206216516}