{"quality": 0.3435321602294367, "novelty": 0.031589360216946694, "diversity": 0.8898807368236286, "efficiency": 0.41164821729090584, "cost": 0.5630949807405196, "score": 0.2943708700073774}