{"quality": 0.44295435891258245, "novelty": 0.9326634509352649, "diversity": 0.2869522338269351, "efficiency": 0.30150072085945795, "cost": 0.3126670331654955, "score": 0.4374010219853471}