{"quality": 0.30860728359385486, "novelty": 0.5047231020380656, "diversity": 0.7821735606460827, "efficiency": 1, "cost": 0.20755073423419204, "score": 0.5044425992934702}