{"quality": 0.7610292552957152, "novelty": 0.6211241538238863, "diversity": 0.3635174764982318, "efficiency": 0.08881605993987757, "cost": 0.36566408771690906, "score": 0.4330493105636232}