{"quality": 0.8664282768259617, "novelty": 0.13690599693005007, "diversity": 0.5360714414667352, "efficiency": 0.06939328316130239, "cost": 0.7738154850015814, "score": 0.33439671454768527}