{"quality": 0.6483484712990945, "novelty": 0.7987906749372595, "diversity": 0.2622743225228393, "efficiency": 0.04594902259225439, "cost": 0.15085063543023858, "score": 0.4384643644744254}