{"quality": 0.26815224632058593, "novelty": 0.24069949699879525, "diversity": 0.6418836626828797, "efficiency": 0.06611920517744918, "cost": 0, "score": 0.2789151614590679}