{"quality": 0.11222622380118236, "novelty": 0.2814391335734542, "diversity": 0.6043024466584382, "efficiency": 0.5602320286020968, "cost": 0.22508374904340286, "score": 0.28641456925138015}