{"quality": 0.6126387538703495, "novelty": 0.6629975234100458, "diversity": 0.6948801331949145, "efficiency": 0.44277492680964886, "cost": 0.24395788510535826, "score": 0.5305374841635108}