{"quality": 0.01901635524476361, "novelty": 0.8222430224999151, "diversity": 0.46236055418243577, "efficiency": 0.28875034869748656, "cost": 1, "score": 0.247050325339518}