{"quality": 0.8190155178436934, "novelty": 0.0, "diversity": 0.6363417408733522, "efficiency": 0.9266030978804073, "cost": 0.8514198121972999}