{"quality": 0.7256352911262799, "novelty": 0.43534654494849795, "diversity": 0.633719906053951, "efficiency": 0.49146937638547855, "cost": 0.761009471807205, "score": 0.45089066406289985}