{"quality": 0.43145781790905113, "novelty": 0.9888820989481676, "diversity": 0.37956447860555914, "efficiency": 0.2506770604316263, "cost": 0.3012463282366048, "score": 0.46004769207195256}