{"quality": 0.4894152577888909, "novelty": 0.4695364670914154, "diversity": 0.9287307953879942, "efficiency": 0.08575137217421186, "cost": 0.7017279419526306, "score": 0.39264476481798866}