{"quality": 0.14956067126670736, "novelty": 1, "diversity": 0.250076546836879, "efficiency": 0.4313798148117114, "cost": 0.7043708787496258, "score": 0.3391533950941821}