{"quality": 0.9274268640647537, "novelty": 0.415509233339908, "diversity": 0, "efficiency": 0.18938121571637978, "cost": 0.32811629093203754, "score": 0.37770092081865636}