{"quality": 0.8644429733731913, "novelty": 0.5191104002692355, "diversity": 0.3847581946078574, "efficiency": 0.9627741586741245, "cost": 0.6806549604272754, "score": 0.5424127587592289}