{"quality": 0.47631745768695966, "novelty": 1, "diversity": 0.5490625488817562, "efficiency": 0.2262109114140307, "cost": 0.17251787755838455, "score": 0.5193875960387053}