{"quality": 0.44956127206911467, "novelty": 0.5534378328900589, "diversity": 0.43748822511052754, "efficiency": 0.5336915093942683, "cost": 0.902262327671635, "score": 0.35055297850733136}