{"quality": 0.5581153776957708, "novelty": 0.5903835893583174, "diversity": 0.14454747400117224, "efficiency": 0.8922497426715152, "cost": 0.302891449508128, "score": 0.4474883218984595}