{"quality": 0, "novelty": 0.8144206608367341, "diversity": 0.3305558958343639, "efficiency": 0.5993322214565684, "cost": 0.8647302236048244, "score": 0.27314315523405913}