{"quality": 0.20876150821858785, "novelty": 0.6417062320237674, "diversity": 0.1587875129854212, "efficiency": 0.4818756441607309, "cost": 0.7198282400971495, "score": 0.25511103568299714}