{"quality": 0.9024760094689186, "novelty": 0.4551506145827767, "diversity": 1, "efficiency": 0.20030332017887537, "cost": 0.5779345380006076, "score": 0.5567825007131404}