{"quality": 0.3381635291751338, "novelty": 0.9342330280981062, "diversity": 0.8492334232519319, "efficiency": 1, "cost": 0.6737589515239646, "score": 0.5874781052750566}