{"quality": 0.4714326990568657, "novelty": 0.3983246190673679, "diversity": 0.6834746945718309, "efficiency": 0.687964498922554, "cost": 0.9651839736243493, "score": 0.384382180874216}