{"quality": 0, "novelty": 0.8564793206509603, "diversity": 0.9300371852967972, "efficiency": 0.2230642975140803, "cost": 0.4265803532933846, "score": 0.3909288765198731}