{"quality": 0.580728832721505, "novelty": 0.22809255370321999, "diversity": 0.42664793968036585, "efficiency": 0.22793527456464946, "cost": 0.5410743046876874, "score": 0.2966542368942583}