{"quality": 0.45096971447588474, "novelty": 0.2913910290233484, "diversity": 0.2687014019118796, "efficiency": 0.8167814120402508, "cost": 0.020442830476418872, "score": 0.38235188073937415}