{"quality": 0.9307402348860279, "novelty": 0.3086785030064368, "diversity": 0.4972080431343795, "efficiency": 0.35732083819576954, "cost": 0.577106134574823, "score": 0.4517208171161765}