{"quality": 0.67966647942911, "novelty": 0.4683910476558905, "diversity": 0.3527466206652975, "efficiency": 0.2582305621126834, "cost": 0.48294421878556903, "score": 0.38198719231411066}