{"quality": 0.1423483988386699, "novelty": 0, "diversity": 0.6523951320656682, "efficiency": 1, "cost": 0.5286386025676082, "score": 0.27031968580797383}