{"quality": 1.0, "novelty": 0.6815204738231496, "diversity": 0.4065502288127406, "efficiency": 0.4657678720186772, "cost": 0.9735819845053281}