{"quality": 0.12131261580803378, "novelty": 0.4191939723876233, "diversity": 0.7084369165702731, "efficiency": 0.8041216360254991, "cost": 0.8717985655362124, "score": 0.3163180500035742}