{"quality": 0.4048645329082202, "novelty": 0.5875854410405346, "diversity": 0.29047847517737563, "efficiency": 0.15329944276130686, "cost": 0.8954448602148039, "score": 0.25990184556079043}