{"quality": 0.5295494356960246, "novelty": 0, "diversity": 0.6319849116855336, "efficiency": 0.18945156193957619, "cost": 0.9467410795123663, "score": 0.2190054393856139}