{"quality": 0.8892119215712347, "novelty": 0.8434988720331079, "diversity": 1, "efficiency": 0.8242903118778385, "cost": 0.760687785975791, "score": 0.725213062663744}