{"quality": 0.6872999061457685, "novelty": 0.964525415058422, "diversity": 0.9618421355576131, "efficiency": 0.793158250671001, "cost": 0.01833984664720143}