{"quality": 0.5211407726940712, "novelty": 0, "diversity": 0.6891584084532489, "efficiency": 0.039311259742610904, "cost": 0.19825777822673352, "score": 0.2802448246375894}