{"quality": 0.3969459388829645, "novelty": 0.18936675846461598, "diversity": 0.7053760007351328, "efficiency": 0.8604492301689817, "cost": 0.6331484707197117, "score": 0.37325320888144603}