{"quality": 0.7231277720652233, "novelty": 0.5679187168115594, "diversity": 1, "efficiency": 0.8195286970058178, "cost": 0.24873015175313046, "score": 0.6569743001980164}