{"quality": 0.29363542110194557, "novelty": 0.3365910144850959, "diversity": 0.257206183852162, "efficiency": 0.8244502424599987, "cost": 0.8553401224529648, "score": 0.26181314084599333}