{"quality": 0.11008760078767083, "novelty": 0, "diversity": 0.7448952892323637, "efficiency": 0.7577149590901859, "cost": 0.8430400359292399, "score": 0.2113585783533779}