{"quality": 0.7628957777099902, "novelty": 0.6404749688796978, "diversity": 0.16524536380845561, "efficiency": 0.45684448765874575, "cost": 0.3900006692229652, "score": 0.45156315452112794}