{"quality": 0.5193097117755955, "novelty": 0.5628901426965978, "diversity": 0.8191982298920965, "efficiency": 0.9070103718881544, "cost": 0.7392999287368314, "score": 0.5224766580947873}