{"quality": 0.15249960639598933, "novelty": 0.3250604406937903, "diversity": 1, "efficiency": 0.015103982981375608, "cost": 0.3088832877854445, "score": 0.29839226076090625}