{"quality": 0.7975620671566674, "novelty": 0.10838727098625522, "diversity": 0.16313028255224687, "efficiency": 0.3047339540937406, "cost": 0.17353967519941338, "score": 0.32734761999813317}