{"quality": 0.4089587556880814, "novelty": 0.3544270706008755, "diversity": 0.46536689545882953, "efficiency": 0.13661737147281494, "cost": 0.575994650929728, "score": 0.26726091407635866}