{"quality": 0.6978398268032345, "novelty": 0, "diversity": 0.40150862916578095, "efficiency": 1, "cost": 0.22512011548317842, "score": 0.41714166232580874}