{"quality": 0.18674805211041093, "novelty": 0.37616842249618265, "diversity": 0.1917613479035281, "efficiency": 0.0652355681560903, "cost": 0.7501775328405584, "score": 0.12318637277723224}