{"quality": 0.605515100312324, "novelty": 0.37526901411081504, "diversity": 0.22401066259392372, "efficiency": 1, "cost": 1, "score": 0.3702739161401857}