{"quality": 0.3800312597343962, "novelty": 0.12619646851203478, "diversity": 0.2227253181008016, "efficiency": 0.009959795422316231, "cost": 0.5684098798899127, "score": 0.13475653999284407}