{"quality": 0.7122688405840593, "novelty": 0.3452743570701645, "diversity": 0.25317933283783434, "efficiency": 0.4368729368390948, "cost": 0.11943369036534313, "score": 0.4042226794996557}