{"quality": 0.5573011908949763, "novelty": 0.1530698452678817, "diversity": 0.8444585343491435, "efficiency": 0.447913142407182, "cost": 0.8849347861079664, "score": 0.35304301820557266}