{"quality": 0.5897298516534897, "novelty": 0.8235590850164878, "diversity": 0.6678882374737821, "efficiency": 1, "cost": 0.38582950402481064, "score": 0.6278034238424443}