{"quality": 0.1425802214571067, "novelty": 0.5948070279299138, "diversity": 0.7356578181207587, "efficiency": 0.1896756983911652, "cost": 0.31659658421125236, "score": 0.33539908338131175}