{"quality": 0, "novelty": 0.558680911788561, "diversity": 0.8053625774551396, "efficiency": 0.4564063999033498, "cost": 0.42006271525473066, "score": 0.3271974318981976}