{"quality": 0.8995918692191662, "novelty": 0.9508999212680487, "diversity": 0.44566237554848315, "efficiency": 0.3890514209214821, "cost": 0.8325429230942611, "score": 0.5718384370212549}