{"quality": 0.04436157979488406, "novelty": 0.8751007408155661, "diversity": 0.3895456055970171, "efficiency": 0.33431448627210336, "cost": 1, "score": 0.26013995320257566}