{"quality": 1, "novelty": 0.7356569871658533, "diversity": 1, "efficiency": 0.14726613573537456, "cost": 0.7062803211817363, "score": 0.635376135033596}