{"quality": 0.4293847668529463, "novelty": 0, "diversity": 0.5076262911529951, "efficiency": 0.2375752346462391, "cost": 0, "score": 0.26597697348341875}