{"quality": 0.6557247488593074, "novelty": 0.6693624623229278, "diversity": 0.5522191501280467, "efficiency": 0.9301349995857034, "cost": 0.5782319759684034, "score": 0.5561989226051487}