{"quality": 0.5955668413357469, "novelty": 0.6859843812438509, "diversity": 0.9078820543635044, "efficiency": 0.839310849399392, "cost": 0.17159685699305083, "score": 0.6404795002949915}