{"quality": 0.7064834057438748, "novelty": 0.5405941734594559, "diversity": 0.8369174362070055, "efficiency": 0, "cost": 1, "score": 0.41447705232942755}