{"quality": 0.5921034727001977, "novelty": 0.8273016729070201, "diversity": 0.5194213026991359, "efficiency": 0.8594306485333977, "cost": 0.68759378122005, "score": 0.548495939734646}