{"quality": 0.5551157695356046, "novelty": 0.4920119087074169, "diversity": 0.6285888684078402, "efficiency": 1, "cost": 0.4864562088508538, "score": 0.5166098608340183}