{"quality": 0.14818221846570367, "novelty": 0.18862832549477035, "diversity": 0.518805946992189, "efficiency": 0.586701810092877, "cost": 0, "score": 0.28337820782577305}