{"quality": 0.46547061465442174, "novelty": 0.2653564941388194, "diversity": 0.6681117069559319, "efficiency": 0.4364249280441178, "cost": 1, "score": 0.3050663885288355}