{"quality": 0.5555956045734538, "novelty": 0.1468360386757998, "diversity": 0.7001368151642675, "efficiency": 0.01508915422923282, "cost": 0.629868427543649, "score": 0.2826915844538596}