{"quality": 0.7668665827853579, "novelty": 0.9536319588287598, "diversity": 0.7341122669386599, "efficiency": 0.577484215605481, "cost": 0.5807584474385057, "score": 0.6438372055275009}