{"quality": 0.271739221156173, "novelty": 1, "diversity": 0.5824401304357921, "efficiency": 0.6521009509716339, "cost": 0.5014457430180081, "score": 0.4956803607779546}