{"quality": 0.7314874799832416, "novelty": 0.09251468355427186, "diversity": 0.5835802320990385, "efficiency": 0.3204135145317429, "cost": 0.9226789255416251, "score": 0.31508509592894707}