{"quality": 0.5366951304184724, "novelty": 0.4665771378563238, "diversity": 0.9720291899502735, "efficiency": 1, "cost": 0.4601509721795452, "score": 0.5760435643617229}