{"quality": 0.6113290920038278, "novelty": 0.948895442584113, "diversity": 0.5069248351436331, "efficiency": 0.9597585166197004, "cost": 0.4172743624606505}