{"quality": 0.7143167613404466, "novelty": 0.7793262917943016, "diversity": 0.23395288983962415, "efficiency": 0.4196647925231278, "cost": 0.5381442864702902, "score": 0.4650524695500744}