{"quality": 0.9174046572346652, "novelty": 0.2647597977781244, "diversity": 0.7379622129003223, "efficiency": 0.4396803781600332, "cost": 1, "score": 0.45495584591900007}