{"quality": 0.7380087753906222, "novelty": 0.20931744306400896, "diversity": 0.1047842378110706, "efficiency": 0.08393713069393444, "cost": 0.780215814898763, "score": 0.22925782905961684}