{"quality": 0.9690990311972989, "novelty": 0.8725019362859072, "diversity": 0.58422761835849, "efficiency": 0.5203227776139889, "cost": 0.11589208053300701, "score": 0.6921599256911621}