{"quality": 0.8798266314716463, "novelty": 0.25939157482900344, "diversity": 0.3410729445806893, "efficiency": 0.9312125198685812, "cost": 0.5926862258144369, "score": 0.4774237274637261}