{"quality": 0.6802526776350819, "novelty": 0.849125251704804, "diversity": 0.8006455475830778, "efficiency": 0.7490394346773228, "cost": 0.19482677383955, "score": 0.6693594635509845}