{"quality": 0.6031142075819986, "novelty": 0.4914792230566182, "diversity": 0.3592160139586955, "efficiency": 0.7951247534601775, "cost": 0.6580205991908633, "score": 0.42911392393043357}