{"quality": 0.026289022947493926, "novelty": 0.7267340819429383, "diversity": 0.5986260423397827, "efficiency": 0.5970674109826793, "cost": 0.2918136721528035, "score": 0.3696741802700608}