{"quality": 0.21661272457509517, "novelty": 0.14211160051301597, "diversity": 0.09113938449291606, "efficiency": 1, "cost": 0.3263703831658185, "score": 0.23610255608278388}