{"quality": 0.48077235357615344, "novelty": 0.1922422740079819, "diversity": 0.8389476373017372, "efficiency": 0.15028684333944914, "cost": 0.6133367271058383, "score": 0.3212911558255225}