{"quality": 0.8852550413883524, "novelty": 0.7223415882853208, "diversity": 0.49849862834139075, "efficiency": 0.10923462959846723, "cost": 0.6067851490039601, "score": 0.5015683146954881}