{"quality": 0.8677293084524647, "novelty": 0.5633007542361124, "diversity": 1, "efficiency": 0.8396218979905813, "cost": 0.808997936708306, "score": 0.646187472122524}