{"quality": 0.4012219144668464, "novelty": 0.29046634680831046, "diversity": 0.5657923090211427, "efficiency": 0.6816366152316446, "cost": 0.21093792275518797, "score": 0.38729332285558804}