{"quality": 0.514792130370334, "novelty": 0.3673595122700004, "diversity": 0.1718770267110177, "efficiency": 0.4499143117468898, "cost": 0.5220284580068606, "score": 0.2959372234821513}