{"quality": 0.26203932909163546, "novelty": 0.3806408434796481, "diversity": 0.7467153380281828, "efficiency": 0.3403189019096129, "cost": 0.8109701454569953, "score": 0.2930658979437816}