{"quality": 0.5615228728004513, "novelty": 0.17628386460144801, "diversity": 0.36515845445785733, "efficiency": 0.32293481573800753, "cost": 0, "score": 0.33399974124277}