{"quality": 0.41633509204044455, "novelty": 0.6047121731672489, "diversity": 0.3737249352736299, "efficiency": 0.20562409071732912, "cost": 0.36689552883453463, "score": 0.3449776186828175}