{"quality": 0.30567053434544283, "novelty": 0.9695899673702947, "diversity": 1, "efficiency": 0.6824895692309918, "cost": 0.5028897043708912, "score": 0.5861831170937662}