{"quality": 0.23795000913108383, "novelty": 0.6143841533443326, "diversity": 0.8732828081998871, "efficiency": 0.30093857952270897, "cost": 0.7350321868318446, "score": 0.3712751709606076}