{"quality": 0.7497498129727846, "novelty": 0.06452588536382022, "diversity": 0.25513115177259943, "efficiency": 0.38230265449457035, "cost": 0.22938740296153062, "score": 0.32648930346534283}