{"quality": 1, "novelty": 0.6597358785493828, "diversity": 0.014481025802064618, "efficiency": 0.087841919807334, "cost": 0.4701735988845972, "score": 0.433989102880399}