{"quality": 0.2257422259316067, "novelty": 0.19663545640438856, "diversity": 0.9137320624569316, "efficiency": 0.10962797739604341, "cost": 0, "score": 0.316072140981372}