{"quality": 0.30026470270756245, "novelty": 0.08949460166102882, "diversity": 0.3072035918045168, "efficiency": 0.15489141687439006, "cost": 0.22111145962101636, "score": 0.17501634615748615}