{"quality": 0.988697457744633, "novelty": 0.7919120516882392, "diversity": 0.7250732423342385, "efficiency": 0.1201803859164361, "cost": 0.382527651222559, "score": 0.6193761914775069}