{"quality": 0.9497737041291223, "novelty": 0.6070740212298231, "diversity": 0.7761156810369482, "efficiency": 0.7225446746328402, "cost": 0.8890557439364744, "score": 0.6113998795548607}