{"quality": 0.3847644755736572, "novelty": 1, "diversity": 0.5463722055153882, "efficiency": 0.5762924372968817, "cost": 0.7746575225547223, "score": 0.4836818971142348}