{"quality": 1, "novelty": 0.654068628306119, "diversity": 0.23685127984603563, "efficiency": 0.8426563421331728, "cost": 0.17523327572006678, "score": 0.619762536793706}