{"quality": 0.7245609372976219, "novelty": 0.7535813274630403, "diversity": 0.6707583170033262, "efficiency": 0.12522982027296198, "cost": 0.24905253239229969, "score": 0.5337944962574263}