{"quality": 0.40570774949385086, "novelty": 0.08613409383269671, "diversity": 1, "efficiency": 0.5845687066656604, "cost": 0.65845447907123, "score": 0.36508570639905547}