{"quality": 0.5041300307203361, "novelty": 0.4730338905653109, "diversity": 0.45244473784668343, "efficiency": 0, "cost": 0.45088862160003995, "score": 0.3148975672667612}