{"quality": 0.43044570701280915, "novelty": 0.7944468337967252, "diversity": 0.24658441693849376, "efficiency": 1, "cost": 0.6866840336810363, "score": 0.4583939005726191}