{"quality": 0.7700076475004631, "novelty": 0.7090174417122995, "diversity": 1, "efficiency": 0.7234859110991744, "cost": 0.4360259874218219, "score": 0.6731769426009078}