{"quality": 0.17709295219925691, "novelty": 0.8072404240485554, "diversity": 0.43273643421221786, "efficiency": 0.6056524577642001, "cost": 0.654733643571922, "score": 0.3668597828217973}