{"quality": 1, "novelty": 0.4755732644558837, "diversity": 0.5409136421288261, "efficiency": 0.34595100810398066, "cost": 0.6998732684612297, "score": 0.5089813689092102}