{"quality": 0, "novelty": 0.4589504441980262, "diversity": 0.7407924317727218, "efficiency": 0.1554866864078352, "cost": 0.5960073861604792, "score": 0.22661836174917832}