{"quality": 0.6712112142154782, "novelty": 0, "diversity": 0.6958057530770028, "efficiency": 0.7013100228491674, "cost": 0.5053295565172891, "score": 0.3951880626556902}