{"quality": 0.2249803237159095, "novelty": 0.19347728999798264, "diversity": 0.9188302129384356, "efficiency": 1, "cost": 0.9414099561507197, "score": 0.3554884665868837}