{"quality": 0.8581088671102846, "novelty": 0.6037533605066268, "diversity": 0.5416031114505734, "efficiency": 0.2777100042231888, "cost": 0.775848723772737, "score": 0.48076325080606147}