{"quality": 0.04756374913153655, "novelty": 0.10038251081952211, "diversity": 0.5399513061738821, "efficiency": 0.432067800867038, "cost": 0.3239750708683005, "score": 0.17976767672234353}