{"quality": 0.7574371054675864, "novelty": 0.7516385870851601, "diversity": 0.9598320310748408, "efficiency": 0.23710782148860213, "cost": 0.9077676311888103, "score": 0.5518965947309434}