{"quality": 0.06346639644119834, "novelty": 0.5718458957965682, "diversity": 0.009252734021453685, "efficiency": 0.5208807461871889, "cost": 0.8128368971910505, "score": 0.16070036189476558}