{"quality": 0.7147168587036087, "novelty": 0.2209744229073673, "diversity": 0.32510134866022655, "efficiency": 0, "cost": 0.1530085342499437, "score": 0.3193780796449754}