{"quality": 0.06425780461904693, "novelty": 0.47757537400365085, "diversity": 0.29596128643008923, "efficiency": 0.0014879422666586595, "cost": 0, "score": 0.19808663351264344}