{"quality": 0.1870412199149038, "novelty": 0.5284000848728768, "diversity": 0.6567895625440361, "efficiency": 0.5482411279665835, "cost": 0.18947413955615705, "score": 0.38285905494086936}