{"quality": 0.5693662383535121, "novelty": 0.2829997633824331, "diversity": 0.6282921999419533, "efficiency": 0.5069324154491984, "cost": 0.5027946680508737, "score": 0.39297864785234493}