{"quality": 0.9982509398331627, "novelty": 0.6280265459465659, "diversity": 0.7384616059540579, "efficiency": 0.4698871923850018, "cost": 0, "score": 0.6746573184851522}