{"quality": 0.6413625417227388, "novelty": 0.9425586118251206, "diversity": 0.6152921009633824, "efficiency": 0.9844074793151147, "cost": 0.7113624331545475, "score": 0.6276317142475907}