{"quality": 0.49761740425428813, "novelty": 0.24528586733282637, "diversity": 0.4698264764865955, "efficiency": 0.09891822250613373, "cost": 0.812686459540193, "score": 0.23814107082871286}