{"quality": 0.1424912542337844, "novelty": 0.8985807522023017, "diversity": 0.7694097605330039, "efficiency": 0.34345802243703405, "cost": 0.2056432876515284, "score": 0.45222889102771374}