{"quality": 0.3806541089184367, "novelty": 0.7524617064143342, "diversity": 0.6111883779139846, "efficiency": 0.8737611512538795, "cost": 0.6944522610757642, "score": 0.48616828144241697}