{"quality": 0.2862985051392247, "novelty": 0.3128422777537846, "diversity": 0, "efficiency": 0.20559360138810512, "cost": 0.6569852128510071, "score": 0.12924063990332862}