{"quality": 0.5927045566362938, "novelty": 0.7727694171768944, "diversity": 0.9128779619632524, "efficiency": 0.6965295387622245, "cost": 0.9261147213771437, "score": 0.5654472723543815}