{"quality": 0.5538781935779031, "novelty": 0.5552086792277076, "diversity": 0.9245980410113368, "efficiency": 0.0, "cost": 0.4239983312310284}