{"quality": 0.9290374906410419, "novelty": 0.7090577063450971, "diversity": 0.625808632803978, "efficiency": 0.6025172450996125, "cost": 0.1469799793517127}