{"quality": 0.35921836680180885, "novelty": 0.5371989730216331, "diversity": 0.7875234614530351, "efficiency": 0.08939866708249358, "cost": 0.698156609860073, "score": 0.3431640846629247}