{"quality": 0.7424574276011764, "novelty": 0.07930138220251831, "diversity": 0.27184313532513504, "efficiency": 0.2905129672210078, "cost": 0.15073079860073485, "score": 0.32543506611908724}