{"quality": 0.22773806070241304, "novelty": 0.42799630653026555, "diversity": 0.4358672883270943, "efficiency": 0.2772312921790012, "cost": 0.37291071315763, "score": 0.2667875750197964}