{"quality": 0.5011513359745841, "novelty": 0.41706511910843236, "diversity": 0.18488454696908146, "efficiency": 0.1664735568616602, "cost": 0.26154299900939904, "score": 0.2904053235916087}