{"quality": 0.48058674034285287, "novelty": 0.5536152387662854, "diversity": 0.7003181093284156, "efficiency": 0.921754998578554, "cost": 0.5521226841012769, "score": 0.5056944350367657}