{"quality": 0.12333874336911743, "novelty": 0.18760547515039158, "diversity": 0.42953464519804163, "efficiency": 0.3388944381875243, "cost": 0.9197173222480537, "score": 0.12867235434126473}