{"quality": 0.35666433575334505, "novelty": 0.2509452270653495, "diversity": 0.11846529197423042, "efficiency": 0.8484933516239515, "cost": 0.9257193969000873, "score": 0.22813072894077094}