{"quality": 0.6530298607857532, "novelty": 0, "diversity": 0.13628273224792528, "efficiency": 0.33853132842021516, "cost": 0.26299919097065794, "score": 0.24764528485127751}