{"quality": 0.49461543361699606, "novelty": 0.8270861254316632, "diversity": 1.0, "efficiency": 0.24728365114411355, "cost": 0.3721427557380887}