{"quality": 0.457360709088708, "novelty": 1, "diversity": 0.44029752086687296, "efficiency": 0.08295586128642907, "cost": 0.7322872253083457, "score": 0.4144823735621168}