{"quality": 0.13977811193384354, "novelty": 0.36254672488732675, "diversity": 0.30421460045239923, "efficiency": 0.35704872838387425, "cost": 0.5667137600070365, "score": 0.19029896814934205}