{"quality": 0.831649842285259, "novelty": 0.35108087998133886, "diversity": 0.6737582913856608, "efficiency": 0.9029851105451098, "cost": 0.2896474877579139, "score": 0.5784998487640197}