{"quality": 0.674220426293114, "novelty": 0.34362753632027365, "diversity": 0.5272679107980517, "efficiency": 0.7294098469557246, "cost": 0.7432901972000888, "score": 0.4287090514509628}