{"quality": 0.4981798908300574, "novelty": 0.5097974357713696, "diversity": 0.602382234517125, "efficiency": 0.8892990413795844, "cost": 0.9371542698091685, "score": 0.43705920232130546}