{"quality": 0.09947084936105033, "novelty": 0.3330864784015253, "diversity": 0.5418666007513276, "efficiency": 0.7842377129357905, "cost": 0.40653541839925045, "score": 0.29846830965940546}