{"quality": 0.602720811632273, "novelty": 0.45861717729304907, "diversity": 0.8429603710339559, "efficiency": 0.15309075136313105, "cost": 0.3252861853239397, "score": 0.4544976061918111}