{"quality": 0.8300327298203796, "novelty": 0.3322536654717879, "diversity": 0.26298984952203913, "efficiency": 0.03206550816993364, "cost": 0.6290923895216064, "score": 0.3265717924917981}