{"quality": 0.7464183221251698, "novelty": 0.9692998223815086, "diversity": 0.755126206781227, "efficiency": 0.6087011616291602, "cost": 0.7983943975867673, "score": 0.6287414280748707}