{"quality": 0.4380805048834778, "novelty": 0.9694665429328662, "diversity": 0.261304376070001, "efficiency": 0.22543520986803564, "cost": 0.14551654925247914, "score": 0.4453152889672175}