{"quality": 0.28001385583483385, "novelty": 0.22006794904152027, "diversity": 0.4822175347122939, "efficiency": 0.8210823085941461, "cost": 0.9254470467670324, "score": 0.2660822925657077}