{"quality": 0.8133233287286383, "novelty": 0.6953084767793687, "diversity": 0.7031746797244307, "efficiency": 0, "cost": 0.04655959986359756, "score": 0.5538030937719601}