{"quality": 0.7986733754523374, "novelty": 0.7675888643372601, "diversity": 0.6816613808637453, "efficiency": 0.7148679320530396, "cost": 0.5547340783039094, "score": 0.6195882868703304}