{"quality": 0.9683875752492294, "novelty": 0.33086927838620894, "diversity": 0.8819511828077723, "efficiency": 0.2793290141699596, "cost": 0.19104204893347845}