{"quality": 0.20869185927041572, "novelty": 0.41089966082292867, "diversity": 0.5416931528999489, "efficiency": 0.39899395594201104, "cost": 0.8908148875974207, "score": 0.24443870819840618}