{"quality": 0.04613965934301306, "novelty": 0.6257795522757055, "diversity": 0.5665812306734437, "efficiency": 0.191268981690265, "cost": 0.7874598976562097, "score": 0.23354738949443782}