{"quality": 0.381768948099037, "novelty": 0.10001870416544478, "diversity": 0.8015905192913385, "efficiency": 0.5076559637392013, "cost": 0.40831601215469426, "score": 0.3351702576747508}