{"quality": 0.8961703177166322, "novelty": 0.8174793133473711, "diversity": 0.0821761275259641, "efficiency": 0, "cost": 0.33029015827711133, "score": 0.45662713332931415}