{"quality": 0.5684226769208288, "novelty": 0.13410373182638768, "diversity": 0.17121013791474196, "efficiency": 0, "cost": 0.22637365385003222, "score": 0.21565739823079075}