{"quality": 0.38911250053158464, "novelty": 0.34221919347209945, "diversity": 0.9315068447066361, "efficiency": 0.03670794150136886, "cost": 1, "score": 0.2940961086940328}