{"quality": 0.5076677566320011, "novelty": 0.08505004913671171, "diversity": 0.23878841968675554, "efficiency": 0.4675635864331381, "cost": 0.712390478659537, "score": 0.2202160133101464}