{"quality": 0.30386167401741315, "novelty": 0.43228816630170613, "diversity": 0.9569593044435113, "efficiency": 0.48834802391496596, "cost": 0.6335624491699219, "score": 0.4005183633396054}