{"quality": 0.6049469218398393, "novelty": 0.6681678246919436, "diversity": 0.05572109080817589, "efficiency": 0.3347254090766663, "cost": 0.1859124239541481, "score": 0.391287819852658}