{"quality": 0.229628295852016, "novelty": 0.3825259060009285, "diversity": 0.20876479506623233, "efficiency": 0.7021403441852567, "cost": 0.9901603094364153, "score": 0.21257794495323035}