{"quality": 0.7806866239872199, "novelty": 0.84586668913415, "diversity": 0.2892346254423802, "efficiency": 0.09033689268237481, "cost": 0.8537938894209233, "score": 0.4316907295284434}