{"quality": 0.18119738009328057, "novelty": 0.12798479978702393, "diversity": 0.3145619637862755, "efficiency": 0.8344944038953164, "cost": 1, "score": 0.17444196731629266}