{"quality": 0.42285932718978514, "novelty": 0.6687078953348451, "diversity": 0.8132100951067354, "efficiency": 0.4034907879634915, "cost": 0.7540181895058613, "score": 0.44179859025593143}