{"quality": 0.9813182775053435, "novelty": 0.606132317867041, "diversity": 0.7051973291042786, "efficiency": 0.5169316945234718, "cost": 0.6992896930175612, "score": 0.5945788134159837}