{"quality": 0.9073082787218854, "novelty": 0.7799250853476032, "diversity": 0.8557623477068864, "efficiency": 0.39797845899970813, "cost": 0.27241009269488753, "score": 0.6707819840753112}