{"quality": 0.9609224567947565, "novelty": 0.8074392359358993, "diversity": 0, "efficiency": 0.32327756011596115, "cost": 0.7905365550480719, "score": 0.45957452453498876}