{"quality": 0.9405508735016994, "novelty": 0.2199966025059475, "diversity": 0.22334271674466427, "efficiency": 0.18172049767865778, "cost": 0.3099477092154109, "score": 0.3780962597561871}