{"quality": 0, "novelty": 0.19880087829319937, "diversity": 0.07582195976739303, "efficiency": 0.7534484669370575, "cost": 0, "score": 0.17788188156733706}