{"quality": 0.32367447217322143, "novelty": 0.15426997662893752, "diversity": 0.46318864542466154, "efficiency": 0.19577274124271898, "cost": 0.49771534998378447, "score": 0.20790194108216253}