{"quality": 0.760979204679908, "novelty": 0.389612699216546, "diversity": 0.24930602728424006, "efficiency": 0.8898421699282602, "cost": 0.17863399516321055, "score": 0.49117106763787494}