{"quality": 0.02208758857537174, "novelty": 0.6303669254616824, "diversity": 0.01481971024212378, "efficiency": 0.9431532606715796, "cost": 0.8064513739229677, "score": 0.22800980169489704}