{"quality": 0.5908705010585104, "novelty": 0.665928493077473, "diversity": 0.2535581007036427, "efficiency": 1.0, "cost": 0.4503115872126975}