{"quality": 0.5120439184301815, "novelty": 0.680927684485933, "diversity": 0.6132324587289133, "efficiency": 0.9682204310922369, "cost": 0.22452827023139738, "score": 0.5692718260370161}