{"quality": 0.384371039405902, "novelty": 0.9669255530041013, "diversity": 0.09719129676809446, "efficiency": 0.5246390526768863, "cost": 0.45838919757361996, "score": 0.40933789757058575}