{"quality": 1, "novelty": 0.2653564793687945, "diversity": 0.9202739812062652, "efficiency": 0.22264689338299515, "cost": 0.549915644442664, "score": 0.5287993856466345}