{"quality": 1, "novelty": 0.7727169446049462, "diversity": 0.5492606350325543, "efficiency": 0.34915015064365573, "cost": 0.0482558464500423, "score": 0.6505783011092915}