{"quality": 0.31962851149935123, "novelty": 0.27730568294596497, "diversity": 0.6693459753357681, "efficiency": 0.853749085199549, "cost": 0.6171161808509347, "score": 0.36543491394828914}