{"quality": 0.20083788635413, "novelty": 0.0035705684658244863, "diversity": 0.9176586189935665, "efficiency": 0.6069120373065257, "cost": 0.10255857313875089, "score": 0.3254566801035122}