{"quality": 0.3424086297552648, "novelty": 0.6229634712124319, "diversity": 1.0, "efficiency": 0.9692478018339573, "cost": 0.6957589999424234}