{"quality": 0.40290327291582295, "novelty": 0.6867488209104158, "diversity": 0.8196999793738966, "efficiency": 0.7901102372306357, "cost": 0.6541311127198828, "score": 0.5096016072897374}