{"quality": 0.6049458525590932, "novelty": 0.7909948615415288, "diversity": 0.1277798584593433, "efficiency": 0.8207303523453127, "cost": 0.5953768071545201, "score": 0.46836031498132363}