{"quality": 0.3813427850833253, "novelty": 0.22702670349919943, "diversity": 0.020209443584957326, "efficiency": 0.8401548760327077, "cost": 0.31464303666704396, "score": 0.26976032785499066}