{"quality": 0.679565970417191, "novelty": 0.232555790931472, "diversity": 0.6655991589723823, "efficiency": 0.4038640559045725, "cost": 0.3224944294123794, "score": 0.4234587360969497}