{"quality": 0.7465357127281242, "novelty": 0.2914795582152923, "diversity": 0.7801522209873941, "efficiency": 0.4303306422500104, "cost": 0.13689272104779676, "score": 0.5037213718024611}