{"quality": 0.6170094641319481, "novelty": 0.21045580136655834, "diversity": 0, "efficiency": 0.723547710427659, "cost": 0.8880456490996089, "score": 0.2574443812354119}