{"quality": 0.010213905947317525, "novelty": 0.6042095029396579, "diversity": 0.48172275016499033, "efficiency": 0.498981391377221, "cost": 0.20307887908085365, "score": 0.3050004183506056}