{"quality": 0.11866323639432394, "novelty": 0.6579096969326905, "diversity": 0.6457743167806588, "efficiency": 0.531689124022229, "cost": 0.1840659068319025, "score": 0.39057803642774575}