{"quality": 0.8931741438230768, "novelty": 0.40728082742093674, "diversity": 0.5307220328183887, "efficiency": 0.6026933869386043, "cost": 0.17357464554840893}