{"quality": 0, "novelty": 0.24739560211812073, "diversity": 0.26441198217165185, "efficiency": 0.1746526762156056, "cost": 0.10735907144698043, "score": 0.13019329125150333}