{"quality": 0, "novelty": 0.4231790968331778, "diversity": 0.4936031618588119, "efficiency": 0.637778279888823, "cost": 0.055592883237987764, "score": 0.2946228602395815}