{"quality": 0.9138431887409832, "novelty": 0.5418065393707452, "diversity": 0.909982544171809, "efficiency": 0.6457465144499512, "cost": 0.6899167913844545, "score": 0.6194713983283904}