{"quality": 0.325053867390359, "novelty": 0.6069043015942226, "diversity": 0.06499498951508714, "efficiency": 0.8633869887555738, "cost": 0.26203469822154746, "score": 0.3655458120098621}