{"quality": 0.9798182122435428, "novelty": 0.5652254567620028, "diversity": 0.794699841802829, "efficiency": 0.5968382240554746, "cost": 0.3991040606586954, "score": 0.643807123766581}