{"quality": 0.2836451713961598, "novelty": 0.4542646560566067, "diversity": 0.8830066069451248, "efficiency": 0.25135754690734724, "cost": 0.27831433530222427, "score": 0.3851332353279042}