{"quality": 0.889335802388145, "novelty": 0.2498230518157952, "diversity": 0.5403667669700973, "efficiency": 1, "cost": 0.6580753790035548, "score": 0.5215223191640563}