{"quality": 0, "novelty": 0.8076193422180576, "diversity": 0.936927931502067, "efficiency": 0.31275243060839236, "cost": 0.2943325555612752, "score": 0.40677003089005914}