{"quality": 0.05539100466029098, "novelty": 0.08993116477633098, "diversity": 0.20504888027898105, "efficiency": 0.17126169654128948, "cost": 0.8631132536553976, "score": 0.01948779776361992}