{"quality": 0.4584881069358764, "novelty": 0.6158260087891805, "diversity": 0.5564067550563446, "efficiency": 0.1664941103533554, "cost": 0.5307014932816498, "score": 0.37468825251416527}