{"quality": 0.4593079315120786, "novelty": 0.7428896191184237, "diversity": 0.5146070805037365, "efficiency": 0.7587332561239071, "cost": 0.2066666622677703, "score": 0.5195795225257858}