{"quality": 0.5407775152994035, "novelty": 0.37967736972039345, "diversity": 1, "efficiency": 0.17996187093016325, "cost": 0.9390771250932953, "score": 0.39023916515011436}