{"quality": 0.953856059898841, "novelty": 0.9268483713616902, "diversity": 0.6632300283351861, "efficiency": 0.7138880632326017, "cost": 0.14226572211422522, "score": 0.7433715537505798}