{"quality": 0.3468252946594147, "novelty": 0.4452376624732604, "diversity": 0.6141011965386226, "efficiency": 0.6687002064013188, "cost": 0.9935159074741302, "score": 0.3391306835366488}