{"quality": 0.15181072114261623, "novelty": 0.652259055776098, "diversity": 1, "efficiency": 0.811725668714404, "cost": 0.2852819889977882, "score": 0.5018386316941911}