{"quality": 0.21320572866192344, "novelty": 0.8602873422015419, "diversity": 0.246404448779537, "efficiency": 0.39090147868973685, "cost": 0.234213951190399, "score": 0.36352827058929055}