{"quality": 0, "novelty": 0.5468600149254872, "diversity": 0.5158088244193699, "efficiency": 0.3199193361142153, "cost": 0.36166755557432273, "score": 0.2516979134749458}