{"quality": 0.08215666708608835, "novelty": 0.6056534066492829, "diversity": 0.47187614322052956, "efficiency": 0, "cost": 0.46524015697846755, "score": 0.22391156473440638}