{"quality": 0.674565209901428, "novelty": 0.328948869149131, "diversity": 0.5183392895491328, "efficiency": 0.25107845887777597, "cost": 0.09594809950442468, "score": 0.4163415970487616}