{"quality": 0.26085078051651145, "novelty": 0.684396617758275, "diversity": 0.6328454155099772, "efficiency": 0.017367994046217805, "cost": 0.6066789993557843, "score": 0.3178607708678719}