{"quality": 0.11543674950158433, "novelty": 0.23444358625111547, "diversity": 0.5578100692498498, "efficiency": 0.6501135263552393, "cost": 0.8672795306610499, "score": 0.21559301115040502}