{"quality": 0.8456889339833809, "novelty": 0.43022802485815326, "diversity": 0.6478307234129133, "efficiency": 0.701833388790568, "cost": 0.14263579783244157, "score": 0.5818412596274762}