{"quality": 0.8922142734699141, "novelty": 0.7215121269168376, "diversity": 0.9782401859367401, "efficiency": 0.9287218047230459, "cost": 0.4056068050708783, "score": 0.7424379411589006}