{"quality": 0.27270200777713677, "novelty": 0.24890822150592684, "diversity": 0.5932554272240562, "efficiency": 0.3897843199301379, "cost": 0.25447401386229196, "score": 0.29570898975772547}