{"quality": 0.5502202372683074, "novelty": 0.29868689037502955, "diversity": 0.37453134295831303, "efficiency": 0.7743203638360663, "cost": 0.35014187402219826, "score": 0.3957779295391023}