{"quality": 0.331537220711019, "novelty": 0.4848539719646864, "diversity": 0.3028304167130884, "efficiency": 0.5056127576604778, "cost": 0.5753127358859417, "score": 0.29955138260757247}