{"quality": 0.766690924486233, "novelty": 0.7908747460517074, "diversity": 0.8903834698305751, "efficiency": 0.7262302920681255, "cost": 0.39461072247478424, "score": 0.6752761293876522}