{"quality": 0.9399199532433948, "novelty": 0.9635609246168848, "diversity": 0.3688390096223273, "efficiency": 0.2288475270744232, "cost": 0.208824715420798, "score": 0.6100786765707887}