{"quality": 0.8514366661916385, "novelty": 0.05008223754034, "diversity": 0.8857612054725105, "efficiency": 0.9416684374149622, "cost": 0.7747586199824625}