{"quality": 0.07619263843658408, "novelty": 0.3761978657161223, "diversity": 1, "efficiency": 1, "cost": 0, "score": 0.46690725796000576}