{"quality": 0.7803073464423503, "novelty": 0.7234839418728203, "diversity": 0.18971154255228467, "efficiency": 0.6297489989915219, "cost": 0.7127060220168303, "score": 0.4760972455584124}