{"quality": 0, "novelty": 0.16266581978559952, "diversity": 0.10047810375136743, "efficiency": 0.24155860910449822, "cost": 0.7001572521815277, "score": 0.026980141844195338}