{"quality": 0.6450108861702049, "novelty": 0.8937636250926309, "diversity": 0.5452552568599176, "efficiency": 0.004544008525162346, "cost": 0, "score": 0.5266768247749771}