{"quality": 0.7301610008683611, "novelty": 0.17620178630507652, "diversity": 0.29701887580416264, "efficiency": 0.7773392655617197, "cost": 0.9700223432239106, "score": 0.3421011775094769}