{"quality": 0.23992818327471696, "novelty": 0.7529377105596935, "diversity": 1.0, "efficiency": 0.6034456712256117, "cost": 0.9450943032141832}