{"quality": 0.5302979195112711, "novelty": 0.6834133604591743, "diversity": 0.28112349542516457, "efficiency": 0.6678615276679252, "cost": 0.9611013925040588, "score": 0.3902365049529907}