{"quality": 0.14429447533810355, "novelty": 0.7630251108104545, "diversity": 1, "efficiency": 0.6189589125167414, "cost": 0.15250070745455796, "score": 0.5116383864361002}