{"quality": 0.6882078695455027, "novelty": 0.8962988884005335, "diversity": 0, "efficiency": 1, "cost": 0.43643503853255006, "score": 0.5368935791105292}