{"quality": 0.8516124059946012, "novelty": 0.09943078131733624, "diversity": 0.0, "efficiency": 1.0, "cost": 0.21969964632452138}