{"quality": 0.4908524066695294, "novelty": 0.25534830119312324, "diversity": 0.20620069689873066, "efficiency": 0.13418652268953196, "cost": 0.2798689932282603, "score": 0.24447401575948954}