{"quality": 0.43857162134935795, "novelty": 0.5011354202356757, "diversity": 0.8108302178459245, "efficiency": 0.040259287708861835, "cost": 0.06143802545690813, "score": 0.41891647564354967}