{"quality": 0.1372890369769389, "novelty": 0.40349166636490025, "diversity": 0.04048588016228724, "efficiency": 0.14403051038481818, "cost": 0.21209857650587705, "score": 0.1505515226238992}