{"quality": 0.5420461564168755, "novelty": 0.15337035548606429, "diversity": 0.720176038300361, "efficiency": 0.5276708143463921, "cost": 0.4980421679241862, "score": 0.37433804881619104}