{"quality": 0.853249617448446, "novelty": 0.605452354651681, "diversity": 0.661938456006771, "efficiency": 0.7372644863750091, "cost": 0.22205565506940647, "score": 0.628109772548119}