{"quality": 0.21569319529451386, "novelty": 0.3235328712293451, "diversity": 0.9505944982903001, "efficiency": 0.21439262484938754, "cost": 0.9372365876834985, "score": 0.2741453110128087}