{"quality": 0.4700832593809565, "novelty": 0.18517956825347706, "diversity": 0.033801672394495746, "efficiency": 0.705427838784574, "cost": 0.38459281240003207, "score": 0.2614350989342383}