{"quality": 0.5397698434973348, "novelty": 0.29753838244202524, "diversity": 0.12222016616811131, "efficiency": 0.637584594262709, "cost": 0.2776340275015377, "score": 0.3286338682825816}