{"quality": 0.8323729103330969, "novelty": 0.5812319203531153, "diversity": 0.2142114066866629, "efficiency": 0.8526530257105082, "cost": 0.8141324192774858, "score": 0.4843468464543681}