{"quality": 0.18407678573075492, "novelty": 0.9526588003313393, "diversity": 0.4181748445615219, "efficiency": 0.8477442623951118, "cost": 0.42803890759298285, "score": 0.46138045331433414}