{"quality": 0.8756458406304467, "novelty": 0.8403240586683998, "diversity": 0.727959059176966, "efficiency": 0.6193731018424925, "cost": 0.0}