{"quality": 0.25344725222368625, "novelty": 0.4027722622752504, "diversity": 0.2921662151506962, "efficiency": 0.8672846521242197, "cost": 0.8608760482326607, "score": 0.27916557726142466}