{"quality": 0.5789154115861589, "novelty": 0.5100181817771783, "diversity": 0.2323074857114622, "efficiency": 0, "cost": 0.579359783664807, "score": 0.28970468769595403}