{"quality": 1, "novelty": 0.34327769523727625, "diversity": 0.7575390394448717, "efficiency": 0.5488173422483938, "cost": 0.7510308739356211, "score": 0.5445467456419903}