{"quality": 0.4843250745499925, "novelty": 0.41079426771557914, "diversity": 0.13863791804727754, "efficiency": 0.8714219012050042, "cost": 0.10216665121189095, "score": 0.39622029296290956}