{"quality": 0, "novelty": 0.7642563125014963, "diversity": 0.1442637420690453, "efficiency": 0.34809777648226803, "cost": 1, "score": 0.17213149301152333}