{"quality": 0.30589305207865675, "novelty": 0.07788746149495221, "diversity": 0, "efficiency": 0.3655199279109119, "cost": 1, "score": 0.06606777018397186}