{"quality": 0.4205772239761343, "novelty": 0, "diversity": 0.3526949418416357, "efficiency": 0.7602015419109184, "cost": 0.6598798652292517, "score": 0.24475440032488002}