{"quality": 0.648240375629462, "novelty": 0.730048310373488, "diversity": 0, "efficiency": 0.23772331381768852, "cost": 0.4881849219872852, "score": 0.3638241951561354}