{"quality": 0.06342876389533053, "novelty": 0.6851759209375001, "diversity": 0.038408680457702904, "efficiency": 0.8858518312814694, "cost": 1, "score": 0.23088212018673512}