{"quality": 0.2634751954650206, "novelty": 0.1594956674601719, "diversity": 0.27273404049479266, "efficiency": 0.7119230542879371, "cost": 0.863448928122973, "score": 0.19390684893440097}