{"quality": 0.039554257234300116, "novelty": 0.6516259478032811, "diversity": 1, "efficiency": 0.6920723522880998, "cost": 0.30364055768271847, "score": 0.44821956119605344}