{"quality": 0.733701029816759, "novelty": 0.22019523705808502, "diversity": 0.5235543065888457, "efficiency": 0.7784740182638292, "cost": 0.7724793972499211, "score": 0.41939314254190035}