{"quality": 0.1652989183871756, "novelty": 0.8357126917858105, "diversity": 1, "efficiency": 0.60032436691733, "cost": 0.8584001762785092, "score": 0.4627264858723538}