{"quality": 0.7758942940447349, "novelty": 0, "diversity": 0.9621156505662141, "efficiency": 1, "cost": 0.7908947439182861, "score": 0.4961019439348347}