{"quality": 1.0, "novelty": 0.44772065054676036, "diversity": 0.7151935848627395, "efficiency": 0.24788160793716674, "cost": 0.485625519375399}