{"quality": 0.5778407897401412, "novelty": 0.2960899199836756, "diversity": 0.5206198760417788, "efficiency": 0.3735990691031005, "cost": 0.29973114961466374, "score": 0.3775654375303157}