{"quality": 0.4170354704852272, "novelty": 0.1768959612541809, "diversity": 0.9229563502735365, "efficiency": 1, "cost": 0, "score": 0.5039259015138207}