{"quality": 0.8045717673254589, "novelty": 0.9843230336891468, "diversity": 0.2524632036346171, "efficiency": 0.8798715654610609, "cost": 0, "score": 0.669925664166007}