{"quality": 0.12936783114717992, "novelty": 0.6235359583511625, "diversity": 0.5032402425590641, "efficiency": 0, "cost": 0.6400662978435423, "score": 0.23133575765940317}