{"quality": 0.062000142752288795, "novelty": 0.04164159382416238, "diversity": 0.6968651074572453, "efficiency": 0.2435125171107078, "cost": 0.49498832158136263, "score": 0.15541150818164617}