{"quality": 1.0, "novelty": 0.4565787398749358, "diversity": 0.8479272867441341, "efficiency": 0.3851860150636373, "cost": 0.3014408310464677}