{"quality": 0.19180716343583576, "novelty": 0, "diversity": 0.7348044972706607, "efficiency": 0.18576844418799282, "cost": 1, "score": 0.13236831511308175}