{"quality": 0.7374870222224724, "novelty": 0.007465468918631035, "diversity": 0.7688517571503797, "efficiency": 0.2668539011198036, "cost": 1, "score": 0.316910910494446}