{"quality": 0.67447753340886, "novelty": 0.2584702362287849, "diversity": 0.06894267483452629, "efficiency": 0.7003004819316734, "cost": 0.2866654710836279, "score": 0.35712787922814765}