{"quality": 0.12837439331591666, "novelty": 0.5625910369120921, "diversity": 0.7871116462817338, "efficiency": 0.7796556268778407, "cost": 0.8655211132031569, "score": 0.3669786391905052}