{"quality": 0.11732725365885838, "novelty": 1, "diversity": 0.720728583149803, "efficiency": 0.6487961641257594, "cost": 0.7669407323425994, "score": 0.44996924411222217}