{"quality": 0.8540812083451907, "novelty": 0.7521349957966917, "diversity": 0.15941595183599405, "efficiency": 0.30634744475322984, "cost": 0.8515084176581418, "score": 0.4369425767670993}