{"quality": 0.4258445274699606, "novelty": 0.397806069204955, "diversity": 0.3720310049211849, "efficiency": 0.6083127568151216, "cost": 0.8311369765815626, "score": 0.3097442923905759}