{"quality": 0.34625899987428654, "novelty": 0.605217850782649, "diversity": 0.22176621630247778, "efficiency": 0.2489192425835044, "cost": 0.4811106722109842, "score": 0.28876222508487104}