{"quality": 0.6933132505579696, "novelty": 0.6406538695486155, "diversity": 0.6701737400490623, "efficiency": 0.4854901368073243, "cost": 0.7365578603186056, "score": 0.5013599250535953}