{"quality": 0.8265386952788903, "novelty": 0.6851664189436679, "diversity": 0.6005245365003231, "efficiency": 0.25434176852926416, "cost": 0.3374761524513329, "score": 0.5437617706539051}