{"quality": 0, "novelty": 0.4516140620484153, "diversity": 0.6765846734740029, "efficiency": 0.5888123510257992, "cost": 0.6796811032900041, "score": 0.2685741925317739}