{"quality": 0.20828502884551164, "novelty": 0.7566404010055139, "diversity": 0.730989053952888, "efficiency": 0.22551140483132884, "cost": 0.8092959505754935, "score": 0.3507405353627595}