{"quality": 0.7775237763655007, "novelty": 0.6990702585762973, "diversity": 0.6594920136579707, "efficiency": 0.9772494964922234, "cost": 0.6890235824416742, "score": 0.6176081665149846}