{"quality": 1, "novelty": 0.7579455181355371, "diversity": 0.6939600038695589, "efficiency": 0.6508678554343964, "cost": 0.46626799537845476, "score": 0.67928175908511}