{"quality": 0.9623706182800574, "novelty": 1, "diversity": 1, "efficiency": 0.28299464629118676, "cost": 0.8566978927920513, "score": 0.69549059314849}