{"quality": 0.2732492795757936, "novelty": 0, "diversity": 0.5586056191376574, "efficiency": 0.6172499803604516, "cost": 0.8479937449489954, "score": 0.20148403025943779}