{"quality": 0.2008096565396398, "novelty": 0.5783582054855758, "diversity": 0.5804965192558099, "efficiency": 0.6721108396645747, "cost": 0.4848218684988209, "score": 0.37326619128425204}