{"quality": 0.5819917976375946, "novelty": 0.8891425557701065, "diversity": 0.6366242703668026, "efficiency": 0.812917427429193, "cost": 0.6051994667790468, "score": 0.5856256997436398}