{"quality": 0.7577625620129671, "novelty": 0.2932791484935097, "diversity": 0.5547864948809285, "efficiency": 0, "cost": 0.8759191000281615, "score": 0.32401394470063705}