{"quality": 0.7769804263152079, "novelty": 0.4292149804497116, "diversity": 0.42308771588746313, "efficiency": 0.8366311562204648, "cost": 0.9900453738592504, "score": 0.4515055522316276}