{"quality": 0.3900544068494199, "novelty": 0.8019522887356338, "diversity": 0.19922726195405754, "efficiency": 1, "cost": 0.9632883760359651, "score": 0.41102100902594946}