{"quality": 0.9901858719804966, "novelty": 0, "diversity": 0.5572058902818853, "efficiency": 0.20135418405538302, "cost": 0.06650074717462545, "score": 0.43204999254137094}