{"quality": 0.06930500829413583, "novelty": 0.6481562335116926, "diversity": 0.40272337510767087, "efficiency": 0.46939007687879425, "cost": 0.49302689548113765, "score": 0.28448105787140343}