{"quality": 0.4051743184826229, "novelty": 0.618548381361564, "diversity": 0.788404385429843, "efficiency": 0.3579540965048964, "cost": 0.10456568734251187, "score": 0.47710681371262975}