{"quality": 0.21348233941088485, "novelty": 0.7886723189742396, "diversity": 0.17768525763286314, "efficiency": 0.6891126710718144, "cost": 0.5004750064543753, "score": 0.3500692331087326}