{"quality": 0.8613521468512717, "novelty": 0.39839068067491734, "diversity": 0.4260661889903488, "efficiency": 0.8980919845822453, "cost": 1, "score": 0.4779303497095174}