{"quality": 0.5059840502615607, "novelty": 0.7883286819396722, "diversity": 0.6190008372193057, "efficiency": 0.326833098073798, "cost": 0.011642290381580683, "score": 0.520538288680159}