{"quality": 0.1180242322868966, "novelty": 0.384120707094327, "diversity": 0.711162230630064, "efficiency": 0.27783620595625214, "cost": 0.8778974356529906, "score": 0.22755557991380232}