{"quality": 0.6419586014535261, "novelty": 0.7357129755816791, "diversity": 0.29233144844416087, "efficiency": 0.3935894466629252, "cost": 0.6612751664754215, "score": 0.4278930143722064}