{"quality": 0.03877800665113719, "novelty": 0.2572808053032465, "diversity": 0.2200478152887446, "efficiency": 0.00936003775075675, "cost": 0.5113304028470661, "score": 0.0702341317568086}