{"quality": 0.6872407979965006, "novelty": 0.7124673532574779, "diversity": 0.4902720996210451, "efficiency": 0.3396286389616638, "cost": 0.19038934031660865}