{"quality": 0.14968843817128208, "novelty": 0.46425285037124975, "diversity": 0.8346246381678655, "efficiency": 0.8456762488676047, "cost": 0.8714802750744711, "score": 0.3675980815004638}