{"quality": 0.6936692101405196, "novelty": 0.677179033428533, "diversity": 0.7662986827141974, "efficiency": 0.4359389469613555, "cost": 0.2706107944117439, "score": 0.5689850205451575}