{"quality": 0.0045503307473913485, "novelty": 0.9381797460180736, "diversity": 0.513094559937416, "efficiency": 0.22831388597325006, "cost": 0.7955350793564695, "score": 0.2932225226765595}