{"quality": 0.38605633237360826, "novelty": 0.2894613897698135, "diversity": 0.30241093498162425, "efficiency": 0.7110182120379973, "cost": 0.1089990217405403, "score": 0.34441726378250626}