{"quality": 0.7740936815747712, "novelty": 0.08533734093590997, "diversity": 1, "efficiency": 0.2696627162646405, "cost": 0.16820534532995984, "score": 0.47719131261310893}