{"quality": 0.6973142848729758, "novelty": 0.2999780993465803, "diversity": 0.4836859669165888, "efficiency": 0.41779591201569916, "cost": 0.13342667186445928, "score": 0.43025272329776454}