{"quality": 0.41545217454138483, "novelty": 0.9201370178944286, "diversity": 0.05276374370652703, "efficiency": 0.06810408199074773, "cost": 0.3682661933326326, "score": 0.33861164854267695}