{"quality": 0.3458270074134232, "novelty": 0.2441117675274165, "diversity": 0.9731279625157389, "efficiency": 0.06141753169749506, "cost": 0.5939460269526524, "score": 0.30921966366838793}