{"quality": 0.6664319668462, "novelty": 0.8579505076827323, "diversity": 0.49000577535106543, "efficiency": 0.17883906429417407, "cost": 0.40785238373761945, "score": 0.4984589933151203}