{"quality": 0.759560584228963, "novelty": 0.9586392388671647, "diversity": 0.39246564253842564, "efficiency": 0.5265306112724152, "cost": 0.6448177385503908, "score": 0.5605189313289883}