{"quality": 0.822292835179622, "novelty": 0.1810880759456414, "diversity": 0.3732812430224763, "efficiency": 1, "cost": 0.4749206466377936, "score": 0.4691240534810129}