{"quality": 0.4071253630316783, "novelty": 0.5647187912210306, "diversity": 0.3797727068372275, "efficiency": 0.6635463679022731, "cost": 0.35805977880571976, "score": 0.40299782538697565}