{"quality": 0.914246982532527, "novelty": 0.7003609309038814, "diversity": 0.3873827688794881, "efficiency": 0.059789218692336235, "cost": 0.24455635122355224, "score": 0.5113536289431213}