{"quality": 0, "novelty": 0.568378153446141, "diversity": 0.06595597572356715, "efficiency": 0.6365722146073831, "cost": 0.4948203086409657, "score": 0.20128953483325956}