{"quality": 0.7297603001849835, "novelty": 0.13241535022807122, "diversity": 0.7194175880656518, "efficiency": 0.5245819896451486, "cost": 0.37221886831547174, "score": 0.43738085684086836}