{"quality": 0.3788107766218679, "novelty": 0.6928483288883307, "diversity": 0.5741927776591038, "efficiency": 0.3042033529894905, "cost": 0.6534655940501783, "score": 0.38197781428386957}