{"quality": 0.3486160828580369, "novelty": 0.8205308175736838, "diversity": 0.4595628097213629, "efficiency": 0.5623504868680183, "cost": 0.4940216246303729, "score": 0.43658050176227003}