{"quality": 0.17306390149005652, "novelty": 0.27889032425406535, "diversity": 0.05887281378775766, "efficiency": 0.9096574390487638, "cost": 0.04084977359798882, "score": 0.26577995276560046}