{"quality": 0.35610042348568083, "novelty": 0.49037419242260755, "diversity": 0.5129855409293267, "efficiency": 0.5891748396618, "cost": 0.4287124439757804, "score": 0.37752576488891343}