{"quality": 0.9454329912887567, "novelty": 0.07160036087560778, "diversity": 0.8698133270872626, "efficiency": 0.027514222669007063, "cost": 0.40399306010263236, "score": 0.4392204804130692}