{"quality": 0.4922470511484305, "novelty": 0.11470534757292394, "diversity": 0.10513399163679446, "efficiency": 0.8235426953983898, "cost": 0.631829589663631, "score": 0.2577256959085144}