{"quality": 0.3236148102448122, "novelty": 0.8563678717393912, "diversity": 0.19999625920267056, "efficiency": 0.6191286248722808, "cost": 0.9127443709443748, "score": 0.3527705194852302}