{"quality": 0.30290015574936563, "novelty": 0.3669081057347904, "diversity": 0.6532414993971337, "efficiency": 0.03771993081433957, "cost": 0.5741676295528093, "score": 0.261486599704804}