{"quality": 0.4168012588115615, "novelty": 0.39523137947414894, "diversity": 0.4056426679120061, "efficiency": 0.5737582300142383, "cost": 0.508760851852734, "score": 0.34016440541126924}