{"quality": 0.8469396992151739, "novelty": 0.24550818434519306, "diversity": 0.856861649956381, "efficiency": 0.27723625402825003, "cost": 0.724117229142767, "score": 0.45600500103208735}