{"quality": 0.48908361402510936, "novelty": 0.3584100121925933, "diversity": 0.48693402949772946, "efficiency": 1, "cost": 0.6472827629785032, "score": 0.4189861168573767}