{"quality": 0.16239424196613478, "novelty": 0.48366861697265734, "diversity": 0.5768913537477456, "efficiency": 0.29754009392488584, "cost": 0.217748179188918, "score": 0.307869893752395}