{"quality": 0.051316684362829934, "novelty": 0.21297256241515825, "diversity": 0.8057343000152524, "efficiency": 0.10862488952762239, "cost": 0.4213949783100472, "score": 0.20393924151382764}