{"quality": 0.14165650021598217, "novelty": 1, "diversity": 0.8672194018086753, "efficiency": 0.09570308633326224, "cost": 0.3539391037188295, "score": 0.44490238300463614}