{"quality": 0.39202209599280274, "novelty": 0.4593184207094641, "diversity": 0.8099620456290049, "efficiency": 0, "cost": 0, "score": 0.39442864310100784}