{"quality": 0.8247455162693398, "novelty": 0.5315624580864751, "diversity": 0.5560711012667499, "efficiency": 0.6309731722367313, "cost": 0.1265226047525351}