{"quality": 0.10438634904072908, "novelty": 0.035306103816476364, "diversity": 0.23812489227871575, "efficiency": 0, "cost": 0.4170113731532364, "score": 0.04606627180675732}