{"quality": 0.9588972045511593, "novelty": 0.5528400535079759, "diversity": 0.7486046590265881, "efficiency": 0.5715848314218865, "cost": 0.6900651140881803, "score": 0.5923313198521245}