{"quality": 0.7334648291774488, "novelty": 0.9094356013158422, "diversity": 0.672270473659125, "efficiency": 0.006486675661963676, "cost": 0.234896657754986, "score": 0.5593357793878162}