{"quality": 0.09167172810266316, "novelty": 0.5458848376249041, "diversity": 0.205793833752776, "efficiency": 0.42709380907129985, "cost": 0.42735542263710474, "score": 0.22646002368456467}