{"quality": 0.8543971196444972, "novelty": 0.40852896442973524, "diversity": 0.8629828297772459, "efficiency": 0.6993264278982416, "cost": 0.3046088642602721}