{"quality": 0.6226812987132561, "novelty": 0.5673029919477158, "diversity": 0.6129108155559364, "efficiency": 0.661827290849421, "cost": 0.2626059436347834, "score": 0.5242257999760278}