{"quality": 0.7344297801095976, "novelty": 0.7254617814811932, "diversity": 0.9835248027597857, "efficiency": 0.09800813980129405, "cost": 0.32715226482613446}