{"quality": 0, "novelty": 0.5397932740989093, "diversity": 0.8164083477925574, "efficiency": 0.13452328379370895, "cost": 0.46928182745640296, "score": 0.2714802979066549}