{"quality": 0.22808303728335722, "novelty": 0, "diversity": 0.4660144439616949, "efficiency": 1, "cost": 0.8056540164968775, "score": 0.23106239832765837}