{"quality": 0.706279955762806, "novelty": 0.4003527825464378, "diversity": 0.24752464701097487, "efficiency": 1, "cost": 0.3614904442848633, "score": 0.4753280673391599}