{"quality": 0.5956721028015972, "novelty": 0.37761917979676446, "diversity": 0.4854503216126256, "efficiency": 0.8119565976515195, "cost": 0.3079605000276505, "score": 0.4611939297571582}