{"quality": 0.4025176115161802, "novelty": 0.1866412969079633, "diversity": 0.8081137925609261, "efficiency": 0.28747666677749373, "cost": 0.41391796374220013, "score": 0.33076806983643414}