{"quality": 1, "novelty": 0.7328169373679609, "diversity": 0.17736544156855835, "efficiency": 1, "cost": 0, "score": 0.6686773226557019}