{"quality": 0.9239621484313711, "novelty": 0.6779323868053514, "diversity": 0.1717888265694898, "efficiency": 0.05385150541127842, "cost": 0.6327124348185247, "score": 0.42583598887448637}