{"quality": 0.6361611772240932, "novelty": 0.7238498291869433, "diversity": 0.4194237410747987, "efficiency": 0.19483590059100647, "cost": 0.9809774487649452, "score": 0.38682319889107997}