{"quality": 0.28760627434557445, "novelty": 0.23409131250146814, "diversity": 0.2243494130481063, "efficiency": 0, "cost": 0.6471195793218933, "score": 0.12496263510647129}