{"quality": 0.8991200076786802, "novelty": 0.24340950196554967, "diversity": 0.2517198364801968, "efficiency": 0.495723147011042, "cost": 0.8510610788321226, "score": 0.3701847092594749}