{"quality": 0.6221762587921218, "novelty": 0.27504546895700077, "diversity": 0.556985861659042, "efficiency": 0, "cost": 1, "score": 0.26681141720869506}