{"quality": 0.1390529998607563, "novelty": 0.7937863385059953, "diversity": 0.8247592693312222, "efficiency": 0.0003140854213387889, "cost": 0.4194764683113492, "score": 0.363213804433036}