{"quality": 0.7658061101969784, "novelty": 0.5438420837515632, "diversity": 0.639018468063985, "efficiency": 0.6403115803209504, "cost": 0.19356809178998222}