{"quality": 0.05261680573161792, "novelty": 0.7014508872623473, "diversity": 0.19721367855054783, "efficiency": 0.24517473046027977, "cost": 0.8186301084006053, "score": 0.18550369797416322}