{"quality": 0.5305042750597782, "novelty": 0.19929961609864366, "diversity": 0.4864031325358374, "efficiency": 0.22063079110272377, "cost": 0.14203588916337845, "score": 0.3251478427988326}