{"quality": 0.3572204528719745, "novelty": 1, "diversity": 0.2932727046401227, "efficiency": 0.8593509990017627, "cost": 0.5301020768853295, "score": 0.4917131189513483}