{"quality": 0.6091198175306167, "novelty": 0.613856759047244, "diversity": 0.17219016588170633, "efficiency": 0.8765586158846663, "cost": 0.45652968922322246}