{"quality": 0.9152966464768504, "novelty": 0.23482874622650862, "diversity": 0.014310624553802165, "efficiency": 0.30398794984969413, "cost": 0.4923520434824003, "score": 0.33252129353965676}