{"quality": 1, "novelty": 0.9122100537110815, "diversity": 0.8811663922033515, "efficiency": 0.40897509902768225, "cost": 0.3866658994518101, "score": 0.7269654667774119}