{"quality": 0.12110044217465205, "novelty": 0.16617698479749915, "diversity": 0.49964448687208884, "efficiency": 0.3853493419441202, "cost": 0.43232003041185113, "score": 0.19237367447662107}