{"quality": 0.269875821537786, "novelty": 0.6244077714691663, "diversity": 0.8912476154955224, "efficiency": 0.05952481334550276, "cost": 0.11598104808940168, "score": 0.41264482962061705}