{"quality": 0.7653549084557106, "novelty": 0.9578750458436127, "diversity": 0, "efficiency": 0.9196511808278387, "cost": 0.22358363143296972, "score": 0.5846645479784952}