{"quality": 0.13869619928637972, "novelty": 0.5057474054737785, "diversity": 0.8304839362256162, "efficiency": 0.1980627827504437, "cost": 0.12866772143608393, "score": 0.35098514366843997}