{"quality": 0.5613231446950527, "novelty": 0.7177324621594787, "diversity": 0.9339245416155513, "efficiency": 0.9582206400281471, "cost": 0.07079591598115839}