{"quality": 0.30248774646684895, "novelty": 0.2941639830379049, "diversity": 0.7092283845002383, "efficiency": 0.15621064571746648, "cost": 0.92076253119105, "score": 0.23748834033809357}