{"quality": 0.5909650256355161, "novelty": 0.794196715713275, "diversity": 0.14140981281169562, "efficiency": 0.6332338043433026, "cost": 0.3518960082876561, "score": 0.46391611900404245}