{"quality": 0.8668872202745954, "novelty": 0.7624230678945336, "diversity": 0.5584246661704113, "efficiency": 0.2538132317686862, "cost": 0.27790628691833064, "score": 0.5726382223635642}