{"quality": 0.615082860958335, "novelty": 1, "diversity": 0.43543634045749724, "efficiency": 0.6209441878669553, "cost": 0.5128157133423419, "score": 0.563472183224809}