{"quality": 0.6196515156147072, "novelty": 0.8794551907004206, "diversity": 0.840354385153096, "efficiency": 1.0, "cost": 0.5485299246853844}