{"quality": 1, "novelty": 0.7815637575500469, "diversity": 0.27621364401914317, "efficiency": 0.4109187009554319, "cost": 0.22902882022661103, "score": 0.589368591311994}