{"quality": 0.04057295696801719, "novelty": 0.617832781466866, "diversity": 0.3337511021013478, "efficiency": 0.07321825108360108, "cost": 1, "score": 0.14436304053993135}