{"quality": 0.1281673414887651, "novelty": 0.6341871375501081, "diversity": 0.3615608407232369, "efficiency": 0.008137213508409319, "cost": 0.10167135969518457, "score": 0.26036260103554687}