{"quality": 0.26021099265237163, "novelty": 0.1670685032515238, "diversity": 0.3720450759736214, "efficiency": 0.687811609187057, "cost": 0.009021414302111619, "score": 0.2965090387511641}