{"quality": 0.9492527863192993, "novelty": 0.802776631726017, "diversity": 0.38333068728146635, "efficiency": 0.2208774643022766, "cost": 0.45103767562899255, "score": 0.5501639833660296}