{"quality": 0.37647033205966235, "novelty": 0.07939266927402833, "diversity": 0.99742463504971, "efficiency": 0.4792515457995694, "cost": 0.0819477081917508, "score": 0.39596715499710816}