{"quality": 0.24890266633400163, "novelty": 0.2885917172940443, "diversity": 0.7471853968727645, "efficiency": 0.3336679927140615, "cost": 0.6320402704141964, "score": 0.2831019804639541}