{"quality": 0.19511591175702864, "novelty": 0.47196261333221834, "diversity": 0.15123104214465388, "efficiency": 0.817322699062309, "cost": 0.4823350099755801, "score": 0.28113653915088227}