{"quality": 0.20887818140056336, "novelty": 0.6114280577565787, "diversity": 0, "efficiency": 0.6667369734438129, "cost": 0.02331097707431498, "score": 0.31319991716845413}