{"quality": 0.1027303634015505, "novelty": 0.8764279907056864, "diversity": 0, "efficiency": 0.1622608823007533, "cost": 0.9266709001162104, "score": 0.18159814903037869}