{"quality": 0.7713870044632483, "novelty": 0.3734720701824734, "diversity": 1, "efficiency": 0.10986746056323227, "cost": 0.7065149392790859, "score": 0.47061274404116904}