{"quality": 0.3277912120169829, "novelty": 0.5664263885262432, "diversity": 1, "efficiency": 0.3175651702818962, "cost": 0.7182945748302574, "score": 0.4157492787959143}