{"quality": 0.26593828965716826, "novelty": 0.3863106528878862, "diversity": 0.42179057655181174, "efficiency": 0.8289861038996247, "cost": 0.019660624403066124, "score": 0.38309911857412143}