{"quality": 0.9618056329972737, "novelty": 0.29353823113775335, "diversity": 0.9984655299871438, "efficiency": 1, "cost": 0.6315514684356134, "score": 0.6484642068374878}