{"quality": 0.290608303622851, "novelty": 0.49778182113710645, "diversity": 0.7882738278517825, "efficiency": 0.6500646032852397, "cost": 0.29020120553260625, "score": 0.43777228188101375}