{"quality": 0.9638948694076834, "novelty": 0.29914690412650646, "diversity": 1.0, "efficiency": 0.42163102868042857, "cost": 0.573584498481136}