{"quality": 0.23845437891780752, "novelty": 0.1428267963141589, "diversity": 1, "efficiency": 0.45368405729644434, "cost": 0.17260679685403657, "score": 0.35803494166294497}