{"quality": 0.6031131316206086, "novelty": 0.692269139795421, "diversity": 0.8845562616719518, "efficiency": 1, "cost": 0.14041669443537214, "score": 0.666870807325891}