{"quality": 0.6970387550693092, "novelty": 0.6625622811044303, "diversity": 0.842874821199186, "efficiency": 0.5761567803136581, "cost": 0.6184593632998912, "score": 0.5679047417537971}