{"quality": 0.7214578237491436, "novelty": 0.7501488039743902, "diversity": 0.7516946517932132, "efficiency": 0.7857601754440031, "cost": 0.8837823610742052, "score": 0.5837992686861633}