{"quality": 0.7071188512967257, "novelty": 0.8391149080574376, "diversity": 0, "efficiency": 0.41392544670007053, "cost": 0.8003681461399036, "score": 0.4039663847943973}