{"quality": 0.06703048865875433, "novelty": 0.6352817500003998, "diversity": 0.7553550508286552, "efficiency": 0.1010572106481433, "cost": 0.6822663407926166, "score": 0.27693254178141713}