{"quality": 0.11156889560894526, "novelty": 0.11528985357402793, "diversity": 0.24542209907838974, "efficiency": 0.6742872415677159, "cost": 0.40887246674381617, "score": 0.17163339145264428}