{"quality": 0.4126659654379989, "novelty": 0.8219078057529439, "diversity": 0, "efficiency": 0.6170516284276699, "cost": 0.8814446046713552, "score": 0.33369002486665056}