{"quality": 1, "novelty": 0.2846102051888151, "diversity": 0.16818339020796377, "efficiency": 0.7369832149152195, "cost": 0.10064901362973572, "score": 0.5052718102131059}