{"quality": 0.3736438287078313, "novelty": 0.9567025960182894, "diversity": 0.9728357544203596, "efficiency": 0.28424076552085364, "cost": 0.9733820654906848}