{"quality": 0.4029533945997482, "novelty": 0.5505730036120098, "diversity": 1, "efficiency": 0.36982543823826625, "cost": 0.7604112220454369, "score": 0.4379619628141232}