{"quality": 0.2701837023023427, "novelty": 0.6213527682042742, "diversity": 1.0, "efficiency": 0.12562563027460782, "cost": 0.11831983237088817}