{"quality": 0.3092416904596601, "novelty": 0.28247827449380675, "diversity": 0.7626646865990558, "efficiency": 0.6283160952891736, "cost": 1, "score": 0.310172427374537}