{"quality": 0.46375993641666985, "novelty": 0.7059684974492343, "diversity": 0.970940341363518, "efficiency": 0.6129816808506043, "cost": 0.7451207619504787, "score": 0.527243349492556}