{"quality": 0.22833792966219035, "novelty": 0.8609928435988056, "diversity": 0.6403092960130907, "efficiency": 0.24713981444558966, "cost": 0.5945951621828771, "score": 0.3894229049495274}