{"quality": 0.48860247522215167, "novelty": 0.5881992954858368, "diversity": 0.6902999164170892, "efficiency": 0, "cost": 1, "score": 0.33169054972152257}