{"quality": 0.9187143772031199, "novelty": 0.836817146967518, "diversity": 0.7360340141841215, "efficiency": 1.0, "cost": 1.0}