{"quality": 0.5109774227710122, "novelty": 0.4222307809855275, "diversity": 0, "efficiency": 0.7124924343351714, "cost": 0.23399433437115474, "score": 0.3423253537908458}