{"quality": 0, "novelty": 0.7214089697575714, "diversity": 0.7905241461199871, "efficiency": 0.1450037814369528, "cost": 0.6588628853459044, "score": 0.29432135034434276}