{"quality": 0.3275228341311676, "novelty": 0.8205663450198019, "diversity": 0.6711761517782442, "efficiency": 0.14272787434354303, "cost": 0.8449852513568099, "score": 0.3745443228658001}