{"quality": 0.7759545718614973, "novelty": 0.46946344792325845, "diversity": 0.9080416593434669, "efficiency": 0.36384783332150794, "cost": 0.5078292840136178}