{"quality": 0.38264297643882567, "novelty": 1, "diversity": 0.2745349044434529, "efficiency": 0.015579318724330021, "cost": 0.08443312205731979, "score": 0.41359345942325576}