{"quality": 0.6407370860038317, "novelty": 0.3307144008391727, "diversity": 0.15525592916940484, "efficiency": 0.13759959404327488, "cost": 0.4641934332746752, "score": 0.28017150762384735}