{"quality": 0.4069489820311181, "novelty": 0.06466374366783123, "diversity": 0.5130885768182535, "efficiency": 0.14185050212622952, "cost": 0.5754465692389807, "score": 0.2046012642849803}