{"quality": 0.9967606642515734, "novelty": 0.9868554189494714, "diversity": 0.24613084301339738, "efficiency": 0.460276602743071, "cost": 0.7047464432110612}