{"quality": 0.18727924925046147, "novelty": 0.5860105538042863, "diversity": 0.6114398922565188, "efficiency": 0.4653333930691977, "cost": 0.8078959650229243, "score": 0.313984804135601}