{"quality": 0.7306428918883381, "novelty": 0.46680246542555437, "diversity": 0.38211438663528474, "efficiency": 0.2257581023048632, "cost": 0.12028439988284084, "score": 0.4341516366073923}