{"quality": 0.403389853915636, "novelty": 0.8381991559284456, "diversity": 0.806672014988256, "efficiency": 0.5020729401855615, "cost": 1, "score": 0.4672120891822876}