{"quality": 1, "novelty": 0.7978014270465705, "diversity": 0.43134373702884243, "efficiency": 0.1957726013923991, "cost": 0.07976604173252069, "score": 0.6071083902030189}