{"quality": 0.5070738147940264, "novelty": 0.675289927042052, "diversity": 0.8603975678631537, "efficiency": 0.07861942113754264, "cost": 0.46568093661097315, "score": 0.45824895928088566}