{"quality": 0.37690928791227823, "novelty": 1, "diversity": 0.6774492335792391, "efficiency": 0.7655720255171106, "cost": 0.8752144077500081, "score": 0.5258769961420972}