{"quality": 0.9942328444296442, "novelty": 0.831035878197824, "diversity": 0.3763837404682173, "efficiency": 0.34898162471835875, "cost": 0.5045920071551279, "score": 0.5831936139642337}