{"quality": 0.8473057055450287, "novelty": 0.9711106476495801, "diversity": 0.42082888392783047, "efficiency": 0.1563423175274777, "cost": 0.5772337774173119}