{"quality": 0.506604884862811, "novelty": 0.33650244995695355, "diversity": 0.11580579824838125, "efficiency": 0.5652421835778103, "cost": 0.5826615183494122, "score": 0.28578841329948823}