{"quality": 0.30783701144522724, "novelty": 0.7490148904663376, "diversity": 0.34607101718086636, "efficiency": 0.13694488750004205, "cost": 0.9913626159022494, "score": 0.27022450102110723}