{"quality": 0.5944029383003382, "novelty": 0.9678666023462313, "diversity": 0.8780140909714667, "efficiency": 0.9543472924217282, "cost": 0.20227352566377413, "score": 0.7188150915678344}