{"quality": 0.8966893473449827, "novelty": 0.5908614781011259, "diversity": 0.14239232919502753, "efficiency": 0.5733975925105298, "cost": 1, "score": 0.4312102784443612}