{"quality": 0.4550656403051622, "novelty": 0.8226324480875089, "diversity": 0.5187889574117774, "efficiency": 0, "cost": 0.6526516680316421, "score": 0.38067042879261714}