{"quality": 0.4080322288440331, "novelty": 0.17208016180651584, "diversity": 0.6500952579844359, "efficiency": 0.20600047640205352, "cost": 0.8550009296844594, "score": 0.24084873919358818}