{"quality": 0, "novelty": 0.7410926868479755, "diversity": 0.3417313296247537, "efficiency": 0.07123528778685756, "cost": 0, "score": 0.26430473080497324}