{"quality": 0.6367754368994077, "novelty": 0.7787276819420246, "diversity": 0.7676866938895005, "efficiency": 0.9074467426622865, "cost": 1, "score": 0.5753689017325716}