{"quality": 0.3968635511270633, "novelty": 0.6952293964057121, "diversity": 0.2596317725034283, "efficiency": 0.31639249913703116, "cost": 0.19476121887755288, "score": 0.3727755219230321}