{"quality": 0.35483610218681383, "novelty": 1, "diversity": 0.5912659858277809, "efficiency": 0.6372627881749885, "cost": 0.22808387834320643, "score": 0.547485058213528}