{"quality": 1.0, "novelty": 0.6146736957272775, "diversity": 0.7074695237289919, "efficiency": 0.5451696275163275, "cost": 0.02551777329677471}