{"quality": 0.6681667475579207, "novelty": 0, "diversity": 0.5338316996223359, "efficiency": 1, "cost": 0.9435346258679771, "score": 0.3628629016050457}