{"quality": 0.8521752226628838, "novelty": 0.6549416819943145, "diversity": 0.34273829365400243, "efficiency": 0, "cost": 0.27035281841379105, "score": 0.46090036418686514}