{"quality": 0.9755593522456644, "novelty": 0.3062814115373462, "diversity": 0.5457585919254275, "efficiency": 0.5864701568612889, "cost": 0.013551877061240336, "score": 0.5650052127661906}