{"quality": 0.47449449392355364, "novelty": 0.45092816723987295, "diversity": 0, "efficiency": 0.7614386323327378, "cost": 0.14199134204025715, "score": 0.3550970506329193}