{"quality": 0.08935379529973245, "novelty": 0.1856442171144372, "diversity": 0.03912504494943811, "efficiency": 0.18271493233379285, "cost": 0.7058226900848005, "score": 0.037867172700005544}