{"quality": 0.2218254712316902, "novelty": 0.041503770348653546, "diversity": 0.8296900217470891, "efficiency": 0.6260514715194384, "cost": 0.752752126700059, "score": 0.2614940963639981}