{"quality": 0.2419386294178189, "novelty": 0.27391162197746505, "diversity": 0.7077636393295487, "efficiency": 0.8900245813954113, "cost": 0.29466487539716013, "score": 0.38664942185521733}