{"quality": 0.39002513168293435, "novelty": 0.32305825832187396, "diversity": 0.45497664180639874, "efficiency": 0.07266611870229392, "cost": 0.4578812680649518, "score": 0.2538792234454775}