{"quality": 0.986663017437603, "novelty": 0.8857687816426243, "diversity": 0.8669468497267845, "efficiency": 0.28391833589067506, "cost": 0.38102744141365325, "score": 0.6953154768295298}