{"quality": 0.16479658696755906, "novelty": 0, "diversity": 0.564984066297742, "efficiency": 0.26185050118181485, "cost": 0.7509602567829362, "score": 0.12661733884879472}