{"quality": 0.9604164401757578, "novelty": 0.2679342872144665, "diversity": 0.5465380434984848, "efficiency": 0.2253770734922295, "cost": 0.7104212695646615, "score": 0.4271805466234092}