{"quality": 0.8461270360107876, "novelty": 0.5098018397464472, "diversity": 0.8422382530820872, "efficiency": 0.455127080504511, "cost": 0.40161227572670233}