{"quality": 1, "novelty": 0.846388863386916, "diversity": 0.10162669426042259, "efficiency": 0.3008392201388491, "cost": 0.6791037713958049, "score": 0.5091380605800604}