{"quality": 1, "novelty": 0.7124731366095614, "diversity": 1, "efficiency": 0.4825506508497956, "cost": 0.20768300030937276, "score": 0.7297325817489223}