{"quality": 0.08476283122425277, "novelty": 0.7984629084251598, "diversity": 0.6089909989314909, "efficiency": 0.9309062339679526, "cost": 0.36270815671036427, "score": 0.4502078956840204}