{"quality": 0.9188786802980748, "novelty": 0.9501771006815749, "diversity": 0.09591615373214649, "efficiency": 0.5563570061186, "cost": 0.7489402650335182, "score": 0.5409506344206835}