{"quality": 0.7064094365545843, "novelty": 0.8827037538540263, "diversity": 0.030289347095209973, "efficiency": 0, "cost": 0.7743332653545658, "score": 0.36122331231346727}