{"quality": 0.9566442387079093, "novelty": 0.3329240619724874, "diversity": 0.38537604780963497, "efficiency": 0.21854436745583006, "cost": 0.5602146659160089, "score": 0.4240596851941952}