{"quality": 0.42336735962275607, "novelty": 0.08001484515468771, "diversity": 0.163878427907927, "efficiency": 0.2365337253010633, "cost": 0.9658943719636345, "score": 0.11868022635588021}