{"quality": 0.8097899171416332, "novelty": 0.7306966584054375, "diversity": 0.7605309921093096, "efficiency": 0.6498060876175418, "cost": 0.15532374500573565, "score": 0.6596558768077689}