{"quality": 0.48104140438269277, "novelty": 0.004982892762334934, "diversity": 0.81438490107464, "efficiency": 0.628129448298949, "cost": 0.541994853690875, "score": 0.34845505659607445}