{"quality": 0.8082432731484039, "novelty": 0.10624353713593931, "diversity": 0.47640000743297256, "efficiency": 0.5471548265356175, "cost": 0.8333556645330878, "score": 0.36305152524213435}