{"quality": 0.548933199657407, "novelty": 0.08754930221408838, "diversity": 0.23834422802756589, "efficiency": 0.4650963914303065, "cost": 0.7632405801070364, "score": 0.22767653176009972}