{"quality": 0.9574580502173172, "novelty": 0.515506923345168, "diversity": 0, "efficiency": 0, "cost": 0.32619751486742476, "score": 0.38349439441474475}