{"quality": 0.22534949626376105, "novelty": 0.7442300445337193, "diversity": 0.7239602275520182, "efficiency": 0.15029884494537663, "cost": 0.7540577486779927, "score": 0.345593457396969}