{"quality": 0.87341899675595, "novelty": 0.24330410940666503, "diversity": 0, "efficiency": 0.40801965496132736, "cost": 0.9135649477814947, "score": 0.29269817984450086}