{"quality": 0.7447931863514249, "novelty": 0.4706055552062798, "diversity": 0.8266283125839605, "efficiency": 0.7966803732935183, "cost": 0.6153816265453269}