{"quality": 0.3650741809231836, "novelty": 0.7485262017356265, "diversity": 0.4903064816558427, "efficiency": 0.14796522827498104, "cost": 1, "score": 0.31690988528327735}