{"quality": 1, "novelty": 0.08759765048465532, "diversity": 0.382607045771211, "efficiency": 0, "cost": 0.06366055307427043, "score": 0.392054766467979}