{"quality": 0.9615305696638745, "novelty": 0.49872626491961597, "diversity": 0.8033726903837555, "efficiency": 0, "cost": 0.6952157331294647, "score": 0.5042937018928709}