{"quality": 0.5773138422498012, "novelty": 0.8877045123174648, "diversity": 0.5248585552471486, "efficiency": 0.18150626283464835, "cost": 0.941161862248046, "score": 0.43320174500412895}