{"quality": 0.09267443000936385, "novelty": 0.7710420779204255, "diversity": 0.7768041508014952, "efficiency": 0.9287071632743594, "cost": 0, "score": 0.5152297531343685}