{"quality": 0.2601084991430738, "novelty": 0.69429511392409, "diversity": 0.6571838510116846, "efficiency": 0.5526953400938794, "cost": 0.362638520184171, "score": 0.4296835474219464}