{"quality": 0.6571939305437964, "novelty": 0.30315545128340254, "diversity": 0.3354043316260593, "efficiency": 0.14211328262624479, "cost": 0.1443389138062307, "score": 0.34691100932251506}