{"quality": 0.7519501990694011, "novelty": 0.6092837816578908, "diversity": 0.5810686147671886, "efficiency": 0.7621699428059758, "cost": 0.6451604813074938, "score": 0.5439291713788778}