{"quality": 0.19341142025433744, "novelty": 0.6316272206391726, "diversity": 0.47388031924113777, "efficiency": 0.13323362471416617, "cost": 0.19127160868803003, "score": 0.3115641779226439}