{"quality": 0.6278175386061368, "novelty": 0.8790071887334264, "diversity": 0.14671440541364877, "efficiency": 0.20652865222752953, "cost": 0.0305171953067728, "score": 0.46536751815137956}