{"quality": 0.6551996572599964, "novelty": 0.08383668789288104, "diversity": 0.44405008231547494, "efficiency": 0.6364956515524933, "cost": 0.08468790831938702, "score": 0.39333464251524947}