{"quality": 0.4193761282516448, "novelty": 0.39286209951444623, "diversity": 0.2852026360389495, "efficiency": 0.13546381305948269, "cost": 0.4203195952809001, "score": 0.2593565029927273}