{"quality": 0.18531022172659561, "novelty": 0.6634445552073336, "diversity": 0.977620522210227, "efficiency": 0.365617114614242, "cost": 0.5814710508864473, "score": 0.41367377186534904}