{"quality": 0.13183482221168727, "novelty": 0.4411381776902225, "diversity": 0.2788728199645114, "efficiency": 0.6601518714567262, "cost": 1, "score": 0.204632335797473}