{"quality": 0.7946481078931155, "novelty": 0.5802633721670296, "diversity": 0.7617945203080178, "efficiency": 1.0, "cost": 1.0}