{"quality": 0, "novelty": 0.28340573880545133, "diversity": 0.24460159312815508, "efficiency": 0.7481781136836808, "cost": 0.8200788734562516, "score": 0.1499905830339208}