{"quality": 1, "novelty": 0.02754297595588348, "diversity": 0.5293640831293709, "efficiency": 0.6612823312284378, "cost": 0.8441039563463166, "score": 0.427540514664479}