{"quality": 0.77173247755063, "novelty": 0.12396254919759836, "diversity": 0.7357522063628379, "efficiency": 0.8722366538950123, "cost": 0.002705844881312869, "score": 0.5402257354332766}