{"quality": 0.26064987833343195, "novelty": 0.05828410639611767, "diversity": 0.2471300764030107, "efficiency": 0.5518900263087985, "cost": 0.11584874095947198, "score": 0.21339063523003374}