{"quality": 0.033821411493365455, "novelty": 0.5008512083256358, "diversity": 0.5498518812930479, "efficiency": 0.540917431248682, "cost": 0.9522258751479986, "score": 0.23124462896053058}