{"quality": 1.0, "novelty": 0.6350794442532075, "diversity": 0.7588283309171469, "efficiency": 0.9926396182663567, "cost": 0.20888857061302857}