{"quality": 0.1821104591192734, "novelty": 0.7278694675643235, "diversity": 0.7882784749007516, "efficiency": 0.19236578356576334, "cost": 0.10019389284920097}