{"quality": 0.22232769252980186, "novelty": 0.709394617168271, "diversity": 0.8422886707326318, "efficiency": 0.2766226791870606, "cost": 0.9237836026087347, "score": 0.36161973781472034}