{"quality": 0.1222620615605938, "novelty": 0.6917679275110729, "diversity": 0.8865809029419935, "efficiency": 0.27370441972496834, "cost": 0.29456252122800847, "score": 0.3985361917702894}