{"quality": 0, "novelty": 0.8717462930586688, "diversity": 0.5273822487219216, "efficiency": 0.7754579824375404, "cost": 0.45833413528550837, "score": 0.3938983068461317}