{"quality": 0.16884228128932352, "novelty": 0.9090357631854495, "diversity": 0, "efficiency": 0.38740453236023215, "cost": 0.8395804170112324, "score": 0.252064263336071}