{"quality": 0.09294992017169534, "novelty": 0.3298965933268145, "diversity": 0.7533831498825122, "efficiency": 0.18866959390038285, "cost": 0.6360204761609203, "score": 0.22573414582868004}