{"quality": 0.2609294945055992, "novelty": 0, "diversity": 0.08820843922870414, "efficiency": 0.3684018817064044, "cost": 0.47816995628264297, "score": 0.10336382282511697}