{"quality": 0.37592727005109117, "novelty": 0.893802398925755, "diversity": 0.5114908470497227, "efficiency": 0, "cost": 0.6832745033003708, "score": 0.37019949982667355}