{"quality": 0, "novelty": 0.5326105497305091, "diversity": 0.2181190754060311, "efficiency": 0.6639301822531827, "cost": 0.7914270918042123, "score": 0.19722327067138964}