{"quality": 0.6082742604112965, "novelty": 0.4920520565604791, "diversity": 0.264726750553409, "efficiency": 0.0012745519112782877, "cost": 0.011666884456012244, "score": 0.35746513671528096}