{"quality": 0.3063425213496498, "novelty": 1, "diversity": 0.5309666058928351, "efficiency": 0.6965188298251217, "cost": 0.25327847148620825, "score": 0.5272460549086094}