{"quality": 0.3129771721330528, "novelty": 0.740758651076846, "diversity": 0.796373457295546, "efficiency": 0.4608420606944746, "cost": 0.1499030414431582, "score": 0.492493510828092}