{"quality": 0.1977788423859318, "novelty": 0.012361392059666604, "diversity": 0.5324229992842708, "efficiency": 0.8891822101710309, "cost": 0.9536225776136897, "score": 0.206923674351836}