{"quality": 0.6562767816577568, "novelty": 0.8728682944292986, "diversity": 0.3111738286493673, "efficiency": 0.7394935059625036, "cost": 0.2571561116934504, "score": 0.5625432885595556}