{"quality": 0.17059400275080316, "novelty": 0.7239272581377462, "diversity": 0.4431714021203569, "efficiency": 0.35931604146273527, "cost": 0.8567938417604941, "score": 0.28901231782710973}