{"quality": 0.5557714232646453, "novelty": 0.9116994295127018, "diversity": 0.7161156543291513, "efficiency": 0.35683777903429326, "cost": 0.8651143773210438, "score": 0.504893644346439}