{"quality": 0.6192795941950126, "novelty": 0.5185647533997604, "diversity": 0.14275350528834743, "efficiency": 0.14179779889959096, "cost": 0.8187406168689912, "score": 0.28337137581415284}