{"quality": 0.5649069626970852, "novelty": 0.3398459987026586, "diversity": 0.31224776968371937, "efficiency": 0.2077976071598883, "cost": 0.2150953310051959, "score": 0.32654325039499776}