{"quality": 0.726154168111367, "novelty": 0, "diversity": 0.03426765040719931, "efficiency": 0.7718043152252144, "cost": 0.5891104095122679, "score": 0.28155938684740534}