{"quality": 0.1745769120467335, "novelty": 0, "diversity": 0.7288590669602681, "efficiency": 0.3459376352129583, "cost": 0.5073936747637485, "score": 0.19929616481164258}