{"quality": 0.8786427950236251, "novelty": 0, "diversity": 0.7329495976468724, "efficiency": 0.6023968382106875, "cost": 0.24922420594773553, "score": 0.4756198631732915}