{"quality": 0.8148204442067877, "novelty": 0.9393551704893095, "diversity": 0.03318138575853283, "efficiency": 0.2497280648851053, "cost": 0.8324110755736904, "score": 0.44013930521146705}