{"quality": 0.4780808770481558, "novelty": 0.1486513351274666, "diversity": 0.4454898461695672, "efficiency": 0.5764663248037815, "cost": 0.24653997479334083, "score": 0.33150101737146}