{"quality": 0.5686046930115438, "novelty": 0.7536531081886729, "diversity": 0.29110957551217126, "efficiency": 1.0, "cost": 0.5211240994841252}