{"quality": 0.23372726127995608, "novelty": 0.38998814877775134, "diversity": 0.11992389548320728, "efficiency": 0.7186320901089411, "cost": 0.690599095120088, "score": 0.2303348986793985}