{"quality": 0.6208796629325377, "novelty": 0.5503974340524597, "diversity": 0.4905363899939975, "efficiency": 0.43374755650187063, "cost": 0.925837262346537}