{"quality": 0.8483476955366771, "novelty": 0.8817768460008394, "diversity": 0.9610964793128646, "efficiency": 0.10873652579026694, "cost": 0.9792471284721831, "score": 0.5855535820451077}