{"quality": 0.2506164698445487, "novelty": 0, "diversity": 0.7577565446188204, "efficiency": 0.7400624846498348, "cost": 0.5084770290194247, "score": 0.2868979196726615}