{"quality": 0.8524371251718503, "novelty": 0.17008342785161318, "diversity": 0.9189179676257327, "efficiency": 0.801077437724947, "cost": 0.9389212579338353, "score": 0.5083050779049634}