{"quality": 0.3737108452090613, "novelty": 0.8194476873190147, "diversity": 0.9029748995147452, "efficiency": 0.31961694414923725, "cost": 0.6542943723399115, "score": 0.48008325968381554}