{"quality": 0.3259527450349744, "novelty": 0, "diversity": 0, "efficiency": 0.2774222553418599, "cost": 0.32695814498385084, "score": 0.10670334731338622}