{"quality": 0.3901695167073015, "novelty": 0.9653490786632981, "diversity": 0.9785045389328317, "efficiency": 0.2991198376636438, "cost": 0.5380929361803004, "score": 0.5451477144960979}