{"quality": 0.6722421902099629, "novelty": 0.3098156012511364, "diversity": 0.6716383487380656, "efficiency": 0.08593289383022173, "cost": 0.590305976788348, "score": 0.36731356351908456}