{"quality": 0.6940239421189196, "novelty": 0.3227940788356668, "diversity": 0.25929275842662064, "efficiency": 0.31194696636656516, "cost": 1, "score": 0.28755629898490154}