{"quality": 1.0, "novelty": 0.19806896097149235, "diversity": 0.6685728277481052, "efficiency": 0.7223998875875113, "cost": 0.6428965970253083}