{"quality": 0.7833284324905447, "novelty": 0.01792942355649102, "diversity": 0.6237891228550343, "efficiency": 0.4850771946399147, "cost": 0.9817889243616533, "score": 0.3388213969671149}