{"quality": 0.32327476222686724, "novelty": 0.767803744559886, "diversity": 0.14864122226297485, "efficiency": 0.9134810463422418, "cost": 0, "score": 0.45568376621196294}