{"quality": 0.7253555833794625, "novelty": 0.42444314722942894, "diversity": 0.967613541596484, "efficiency": 0.15031477222580897, "cost": 0.9336777132964313, "score": 0.446419614644721}