{"quality": 0.2768468896428787, "novelty": 0.9348827928596168, "diversity": 0, "efficiency": 0.5492991256334904, "cost": 0.3967047123809846, "score": 0.3594991627146929}