{"quality": 0.6546724337273833, "novelty": 0.30813905584424994, "diversity": 0.8402893652734609, "efficiency": 0.9006479642621836, "cost": 0.1773263928235737, "score": 0.5588589224909398}