{"quality": 1, "novelty": 0.5227658397684415, "diversity": 0.5703182891717704, "efficiency": 0.6786279255836013, "cost": 0.922878409313791, "score": 0.5542614656826256}