{"quality": 0.364113589092917, "novelty": 1, "diversity": 0.8805939460498242, "efficiency": 0.18951773974560998, "cost": 0.6713711171266876, "score": 0.4966434151870126}