{"quality": 0.5717514628969714, "novelty": 0, "diversity": 0.4173119982282629, "efficiency": 0.18804511803034468, "cost": 0, "score": 0.2831946062192957}