{"quality": 0.617707716447252, "novelty": 0.33684605157616604, "diversity": 0.21676200389382128, "efficiency": 0.19392127917334545, "cost": 0.4468285747720083, "score": 0.29728156300578235}