{"quality": 0.9505402881675984, "novelty": 0.7312770586314052, "diversity": 0.8312240922054808, "efficiency": 0.3429535267859311, "cost": 0.07331049175502313}