{"quality": 0.47182827669194627, "novelty": 0.12394830145419411, "diversity": 0.7110285633781802, "efficiency": 0.8688517468139796, "cost": 0.7735901605477403, "score": 0.36771001701409134}