{"quality": 0.6765696046627236, "novelty": 0.23764824646515842, "diversity": 0.6649821606652545, "efficiency": 0.5195576950749963, "cost": 0.9161934576633673, "score": 0.38169368364307027}