{"quality": 0.5219208098704107, "novelty": 0.7962401687479151, "diversity": 0.32978965411056776, "efficiency": 0.7397687089551681, "cost": 0.5386554082277478, "score": 0.4786939814907159}