{"quality": 0.6870156944152543, "novelty": 0.3487094076930962, "diversity": 0.6782870775320995, "efficiency": 0.847777763356813, "cost": 0.06331734227662966, "score": 0.5497744060301293}