{"quality": 0.7224350695454183, "novelty": 0.4015834764966047, "diversity": 0.16958761965448688, "efficiency": 0, "cost": 0.1225665633559318, "score": 0.3387872575830808}