{"quality": 0.5752532940303343, "novelty": 0.5219165113903759, "diversity": 0.3662611072967, "efficiency": 1, "cost": 0.6230022894694354, "score": 0.46400710856909066}