{"quality": 0.28061663606207643, "novelty": 0.15039133373559915, "diversity": 0.625170406368924, "efficiency": 0.2189145257625757, "cost": 0.7469116515245229, "score": 0.20496291923824156}