{"quality": 0.6229984686274134, "novelty": 0.6646934498917453, "diversity": 0.7288259145148639, "efficiency": 0.6847649641906587, "cost": 0.08791117949885041, "score": 0.5927617126428468}