{"quality": 0.14703204474701836, "novelty": 0.17160190615146567, "diversity": 0.6726750625418665, "efficiency": 0.6524652860063024, "cost": 0.05795491275699531, "score": 0.3136194040955911}