{"quality": 0, "novelty": 0.6071689924568413, "diversity": 0.5537009706718163, "efficiency": 0.9908946557179119, "cost": 0.6799415343097555, "score": 0.34317248717528487}