{"quality": 0.7520777063190773, "novelty": 0.8371778828484666, "diversity": 0.2854087316392915, "efficiency": 0.9282225439189038, "cost": 0.16404576797630419, "score": 0.6148283337259033}