{"quality": 0.082771169734289, "novelty": 0.8250621312348823, "diversity": 0.1325664145517918, "efficiency": 0.9710266438632343, "cost": 0.8275210570752345, "score": 0.32051205751132733}