{"quality": 0.21121097233565256, "novelty": 0.33090570483626575, "diversity": 0.45163677965731214, "efficiency": 0.5287502170513687, "cost": 0.5935953144113519, "score": 0.25637007495779474}