{"quality": 0.9841533259772489, "novelty": 0.25945696850628186, "diversity": 0.8966351846227915, "efficiency": 0.3685357932746643, "cost": 0.26970618877555846}