{"quality": 0.3124450889520014, "novelty": 0.2680700838234992, "diversity": 0.9935160596921521, "efficiency": 0.8090208854873868, "cost": 0, "score": 0.4808073924030136}