{"quality": 0.7608328193294142, "novelty": 0.35902883953199505, "diversity": 0.457109023905245, "efficiency": 0.2064142944172052, "cost": 0.6041530214988844, "score": 0.37997570247556434}