{"quality": 1.0, "novelty": 0.25121783948358684, "diversity": 0.9089800990234078, "efficiency": 0.4229690957161182, "cost": 0.2968083067156426}