{"quality": 0.7603797115174178, "novelty": 0.4566473997670647, "diversity": 0.45128519187931737, "efficiency": 0.7968606250744317, "cost": 1, "score": 0.45206189553401976}