{"quality": 0.6375908174882436, "novelty": 0.7590839632352291, "diversity": 0.934797661051475, "efficiency": 0.29027353541559936, "cost": 0.4827366315176051}