{"quality": 0.2799027615447369, "novelty": 0.600277643146794, "diversity": 0.7852604980150929, "efficiency": 1, "cost": 0.5502898827515768, "score": 0.48606335057798045}