{"quality": 0.7770257889951997, "novelty": 0.7638120213773317, "diversity": 0.6611712572989745, "efficiency": 0.7628377912024054, "cost": 0.13303378598776666, "score": 0.657417283584272}