{"quality": 0.22983812098380213, "novelty": 0.7994231875917034, "diversity": 0.2802194341338403, "efficiency": 0.10596365051190085, "cost": 0.12076977868853511, "score": 0.32866868972776614}