{"quality": 0.5109317909695938, "novelty": 0.935987966319783, "diversity": 0.25909617153551534, "efficiency": 0.6828612821022156, "cost": 0.43413442141919656, "score": 0.49811151335133963}