{"quality": 0.7732061037293304, "novelty": 0.744319182860244, "diversity": 0.09093033905701459, "efficiency": 0.4713788034136066, "cost": 0.9105659776129937, "score": 0.41587791739600466}