{"quality": 0.49270608205348976, "novelty": 0.661454759693298, "diversity": 0.01838379619895289, "efficiency": 0.5529020257869126, "cost": 0.8979938268855776, "score": 0.30998819495864116}