{"quality": 0.44375605084440667, "novelty": 0.808256806020873, "diversity": 0.13631355462329503, "efficiency": 0.5800116316970882, "cost": 0.6460334225025204, "score": 0.3848521301875104}