{"quality": 0.2771576758143374, "novelty": 0.28260121343339195, "diversity": 0.4458292153875439, "efficiency": 0.3505632063617665, "cost": 0.028636581222247964, "score": 0.2926842720121982}