{"quality": 0.1510400131598623, "novelty": 0.9389538493970733, "diversity": 0.21655178171846434, "efficiency": 0.4966739436704977, "cost": 0.10138270210764178, "score": 0.3877236439807304}