{"quality": 0.12521308821807284, "novelty": 0.34976545549875315, "diversity": 0.8836047274841574, "efficiency": 0.33342325163319675, "cost": 0.9485937659807246, "score": 0.25688034698384865}