{"quality": 0.5166012580248908, "novelty": 0.5403458999788339, "diversity": 0.1695626186942395, "efficiency": 0.5404613759119712, "cost": 0.30692841419709804, "score": 0.37435574110810943}