{"quality": 0, "novelty": 0.6569553028493695, "diversity": 0, "efficiency": 0.8558995775250171, "cost": 0.8052979307303203, "score": 0.2120939692680629}