{"quality": 0.6842868249550054, "novelty": 0.2318441647759848, "diversity": 0.5974078024752307, "efficiency": 0.8135640304686436, "cost": 0.4517835732202219, "score": 0.45958489642381833}