{"quality": 0.05729698704901093, "novelty": 0.013053851633311409, "diversity": 0.6581524553059555, "efficiency": 0.24439648187581636, "cost": 1, "score": 0.08874252236559468}