{"quality": 0.6328268387508899, "novelty": 0.2731082572955754, "diversity": 0.25462011705040194, "efficiency": 0.8313664884622114, "cost": 0.12782020636975516, "score": 0.42097209199159735}