{"quality": 0.5860249773662378, "novelty": 0.589205932991687, "diversity": 1, "efficiency": 0.1704881650538173, "cost": 0.5055169264325556, "score": 0.4981305085726102}