{"quality": 1, "novelty": 0.7578111053246637, "diversity": 4.205116749805837e-05, "efficiency": 0.6476963510857033, "cost": 0.48077576238470876, "score": 0.5385380629890502}