{"quality": 0.8276217920606177, "novelty": 0.19673757205776982, "diversity": 0.7745203547242565, "efficiency": 0.39314649058629325, "cost": 0.10743199152004657, "score": 0.5006037760134184}