{"quality": 0.8291856473981604, "novelty": 0.4462817515703178, "diversity": 0, "efficiency": 0.18552161148632657, "cost": 0.13602870013521187, "score": 0.3745515038214554}