{"quality": 0.601818978682601, "novelty": 0.6696687192479464, "diversity": 0.4505682725990956, "efficiency": 0.5639545207375372, "cost": 0.2576995546838523, "score": 0.4968997505788314}