{"quality": 0, "novelty": 0.6802788386799155, "diversity": 0.4479666287177273, "efficiency": 0.9376387369755395, "cost": 1, "score": 0.3003088459598552}