{"quality": 0.6208066452720356, "novelty": 0.5060531066071758, "diversity": 0.025020411974255252, "efficiency": 0.8171005461235021, "cost": 0.26295948354079457, "score": 0.4140284861927016}