{"quality": 0.6067138950930253, "novelty": 0.8469088639745341, "diversity": 0.11521495362216838, "efficiency": 0.14968241834249846, "cost": 0.42438709249170203, "score": 0.3967980287481793}