{"quality": 0.13232132858056173, "novelty": 0.6321651358552283, "diversity": 1, "efficiency": 0.21932211967342863, "cost": 0.8305033876771534, "score": 0.34758566172127453}