{"quality": 0.5836441296078524, "novelty": 0.5285145514892124, "diversity": 0.6984366325192617, "efficiency": 0.052486700983877005, "cost": 0.8706244432291457, "score": 0.3677197640831782}