{"quality": 0.49124273708328825, "novelty": 0.7970186983849349, "diversity": 0, "efficiency": 0.7915545197876106, "cost": 0.7301410935439949, "score": 0.3923465643349623}