{"quality": 0.7202298667006165, "novelty": 0.9769317242497774, "diversity": 0.03306951219084292, "efficiency": 0.755608571509135, "cost": 0.4214953805638481, "score": 0.5381075411807833}