{"quality": 0.6456250913807493, "novelty": 0, "diversity": 0.5459870386339587, "efficiency": 0.37926758949355455, "cost": 0.9888367003187153, "score": 0.2608914035331782}