{"quality": 0.5301998852272769, "novelty": 0.07168329936335022, "diversity": 0.5738482423986662, "efficiency": 0, "cost": 0.7878188307137096, "score": 0.2129685558173829}