{"quality": 0.8354515698478354, "novelty": 0.30372765409787916, "diversity": 0.43992663910215546, "efficiency": 0.11552316848956418, "cost": 0.5150482950833349, "score": 0.3803763580643526}