{"quality": 0.7596602760555118, "novelty": 0.31663054013765174, "diversity": 0.576679708866221, "efficiency": 0.18538944387920464, "cost": 0.8347728557712637, "score": 0.366722790629065}