{"quality": 0.434443870087756, "novelty": 0.15911307340120276, "diversity": 0.14734415931444705, "efficiency": 0.24518364211046578, "cost": 0.17726044203002245, "score": 0.2186317633530845}