{"quality": 0.31913668614922336, "novelty": 0.8612578084446013, "diversity": 0.058312885989861396, "efficiency": 0.7214127054452316, "cost": 0.25447160771444965, "score": 0.40548278019922934}