{"quality": 0.30863365796652276, "novelty": 0.9436964499110028, "diversity": 0.495937879596786, "efficiency": 0, "cost": 0.145989581862838, "score": 0.41310282760078093}