{"quality": 0.42181600851437834, "novelty": 1, "diversity": 0.43589973127593024, "efficiency": 0.8334447459112904, "cost": 0.15791210457672758, "score": 0.5729502502385204}