{"quality": 0.4281061492889899, "novelty": 1, "diversity": 0.16046724662724365, "efficiency": 0.36662862819169784, "cost": 0.4674707345519775, "score": 0.4187725148857026}