{"quality": 0.20583771862694747, "novelty": 0.16030793081196312, "diversity": 0.04931035356234753, "efficiency": 0.6522029850901222, "cost": 0.7243909519743676, "score": 0.13708172156962609}