{"quality": 0.7720305453839289, "novelty": 0.1109539499030251, "diversity": 0.6684034842312436, "efficiency": 0.17583651053598665, "cost": 0.8869177626709217, "score": 0.3307120482504895}