{"quality": 0, "novelty": 0.26510142115778373, "diversity": 0.8415186065135034, "efficiency": 0.34924295838810016, "cost": 0.6554121445582977, "score": 0.22142430589453183}