{"quality": 0.48953677187015143, "novelty": 0.9097030897919665, "diversity": 0.06495048999756911, "efficiency": 0.41015022110527644, "cost": 0.18765342217507036, "score": 0.4300340929568353}