{"quality": 0.17891418569712902, "novelty": 0.22859973833268704, "diversity": 0.1373547362488725, "efficiency": 0.7876151125751131, "cost": 0.8501404509430275, "score": 0.17142335933404917}