{"quality": 0.613010138728884, "novelty": 0.579973221924435, "diversity": 1, "efficiency": 0.42004177963661693, "cost": 0.12453468182645921, "score": 0.5794491458626205}