{"quality": 0.46189980178561335, "novelty": 0.043972199705399645, "diversity": 0.04048229291532894, "efficiency": 0.4474783375471435, "cost": 0.6497636543708762, "score": 0.15980483424008363}