{"quality": 0.1895331222005856, "novelty": 0.7713483028992426, "diversity": 0.5570081253397889, "efficiency": 0.11907969154125042, "cost": 1, "score": 0.27896059118413163}