{"quality": 0.17283147630053164, "novelty": 0.03966374392085745, "diversity": 0, "efficiency": 0.14057395544013918, "cost": 0.7365444336077991, "score": 0.009197028825614822}