{"quality": 0.6758926115715851, "novelty": 0.8572576765073114, "diversity": 0.09480107746340252, "efficiency": 0.3504439707143804, "cost": 1, "score": 0.38860901369814094}