{"quality": 0.18771618378062688, "novelty": 0.16291963056724595, "diversity": 0.5612341571489923, "efficiency": 0.34718337789703574, "cost": 0, "score": 0.26136910089035337}