{"quality": 0.6205743564357121, "novelty": 0.1327373027936909, "diversity": 0.153288134363737, "efficiency": 0.7251072966499751, "cost": 0.2869388632676551, "score": 0.3300864676726145}