{"quality": 0.0602133434151004, "novelty": 1, "diversity": 0.5403903894159631, "efficiency": 0.16074970776969993, "cost": 0.8044492530671361, "score": 0.3198096117664641}