{"quality": 0.08726821481590906, "novelty": 0.8160708419762013, "diversity": 0.8024744550867922, "efficiency": 0.5762116824154732, "cost": 0.4824603771889893}