{"quality": 0.20817207493172332, "novelty": 0.6586308819265829, "diversity": 0.34730208800490137, "efficiency": 1, "cost": 0.5438083527862727, "score": 0.3921889252835158}