{"quality": 0.39679728050789176, "novelty": 0.31435961726444567, "diversity": 1, "efficiency": 0.6866463737250776, "cost": 0.5590042102058266, "score": 0.4447256235066579}