{"quality": 0.19245135824256893, "novelty": 0.17606913517377962, "diversity": 0.5440216775915484, "efficiency": 0.22399765240083702, "cost": 0.1133285512355292, "score": 0.23282381952109787}