{"quality": 0.5850204307427043, "novelty": 0, "diversity": 0.6149056314280172, "efficiency": 0.1598695128787343, "cost": 1, "score": 0.22246768244022483}