{"quality": 0.8780384265920546, "novelty": 0.8404386095289254, "diversity": 0.7511437679983772, "efficiency": 0, "cost": 0.6006845476896884, "score": 0.5636814791905543}