{"quality": 0.5092598695337198, "novelty": 0.7935832481148133, "diversity": 0.694524343684819, "efficiency": 0.8363650119399056, "cost": 0.33452186246702637, "score": 0.5820812071700663}