{"quality": 0.8125211315723867, "novelty": 0.24321423811583026, "diversity": 0.6114217742691748, "efficiency": 0.25657775034534297, "cost": 0.531199792995384, "score": 0.4122109371067716}