{"quality": 0.2734909890329249, "novelty": 0.5148244211361538, "diversity": 0.3573511623461814, "efficiency": 0.763458315995656, "cost": 0.14306982707953103, "score": 0.38243539915454744}