{"quality": 0.0769952189645479, "novelty": 0.7615365626521409, "diversity": 0.05650094799998917, "efficiency": 0.22886535841884148, "cost": 0.4273917272490746, "score": 0.2163735269903162}