{"quality": 0.6886839408814474, "novelty": 0.3540017418532777, "diversity": 0.8858236053822122, "efficiency": 0.2696259845856526, "cost": 0.9369855003461787, "score": 0.4190156864574261}