{"quality": 0.3947039552186004, "novelty": 0.9115770433855628, "diversity": 0.6664193262540934, "efficiency": 0.5395901699905006, "cost": 0.3494217292932653, "score": 0.525585665232038}