{"quality": 0.3169699877223717, "novelty": 0.4650641135971688, "diversity": 0.19680407363230912, "efficiency": 0.27449702948863725, "cost": 0.1553533297350333, "score": 0.27635706089225776}