{"quality": 0.33053210629546936, "novelty": 0.6337023333091153, "diversity": 0.7864939592703363, "efficiency": 0.17631134660087425, "cost": 1, "score": 0.3413307090601181}