{"quality": 0.5145234943366909, "novelty": 0.5985340402451927, "diversity": 0.9111134145170876, "efficiency": 0.46153740917910857, "cost": 0.4908022214530591, "score": 0.5063636304972833}