{"quality": 0.8261569940928367, "novelty": 0.7302506058696507, "diversity": 0.8159227321941237, "efficiency": 0, "cost": 0.7244785213724885, "score": 0.5211464439968396}