{"quality": 0.6664737189232132, "novelty": 0.19641613543193354, "diversity": 0.8354042064526168, "efficiency": 1, "cost": 0.32360861609714164, "score": 0.5337661292157565}